X,Y,bin_1,bin_2,bin_3,bin_4,bin_5,bin_6,bin_7,bin_8,bin_9,bin_10,bin_11,cont_1,cont_2,cont_3,cont_4,cont_5,cont_6,cont_7,cont_8,cont_9
1,0.176406249728568,0,1,0,0,0,0,1,0,0,0,0,-1.38472727991746,-2.67526135708,0.224266158143024,-0.199834683699754,0.950433011119315,-0.114766148588223,1.6296663075173,0.342644296254993,1.99740620131231
1,0.160620314109524,1,1,1,0,1,0,1,0,1,0,0,1.22956773356819,0.218901292351623,0.172979356179657,-0.408659629837359,0.318110245651441,0.195612168509598,0.96275059622071,0.774310861390361,0.705555237638106
1,1.8278014399449,1,1,0,1,1,1,1,0,1,0,0,0.0999237469112658,-0.217295797210014,-0.349776446160566,0.681022138385213,-1.81716148488512,2.23556017112564,0.559678708640036,-0.209021977090733,2.63759225412723
0,-2.21186626842857,1,0,1,1,1,1,0,1,0,1,1,-0.587848139037605,0.556573688953252,-1.38313155997457,0.226701755447861,-0.827060266651919,-0.437447772488712,-0.0425866104580513,-1.19034426173481,1.06333324430589
1,-0.0159187914084117,1,1,1,1,1,0,0,1,0,1,0,0.759343848708566,0.21895298769234,1.63569375631366,-0.99851026679631,0.683149880519606,-0.0930011032905846,0.127169140854877,1.81429827474373,0.141300418080153
1,0.786885937621057,0,1,0,1,1,1,1,0,1,0,0,3.25806851425167,-0.568075917688766,0.354418819048431,-1.12717103471014,-0.487957528263327,1.16119402395067,2.16091718047098,-0.439785953349086,1.15844931164083
1,0.952985424771728,0,0,0,0,0,0,0,1,0,1,1,-0.54551298129764,1.87751729000378,2.43298015266256,-0.309907721277907,0.814906497898085,-0.644375110363042,-1.46888028499311,1.63291177656004,1.93270313955973
0,-0.601602033077738,1,1,1,1,0,0,1,1,0,1,0,0.379024683970208,-0.90685847944871,-1.3215228146083,-0.582876995878621,1.43613481619857,1.77822521989398,-0.00578065523510726,1.58705363683749,-0.637588039683945
0,0.384878566944237,0,0,1,1,0,0,1,1,0,1,0,0.850493839299286,-0.286736842684498,0.644771304273125,1.19393084062199,-0.0788306002998167,1.57225843545415,-0.186485156451444,-1.13913366916166,0.629032156170591
0,-0.303132135018113,1,0,0,1,0,0,1,0,0,0,0,0.108727092182539,0.862928706193784,-0.045722143962435,0.921267931954809,-0.16669129206973,-0.359008037641207,-1.14821644724349,0.545671324271601,0.551023619540446
1,-0.555987087842242,1,1,1,1,1,0,0,0,1,0,0,0.282102793470277,0.947484801857389,-1.96381767197075,-0.569514506431487,0.564698203428958,-1.3834961415512,-0.40565164156277,-1.3548531546132,0.906274077499472
1,-0.298008714783688,0,1,1,1,0,0,0,1,1,0,1,-1.12856542550155,1.03866812097905,0.957342411624665,-0.0949506843306424,1.39671103607506,-0.633277058700625,-0.790827621796149,-1.29758839410671,-0.647569842753639
0,-0.078717053411597,1,0,1,0,1,1,0,1,0,1,0,-0.847068589022236,-0.894433638867612,-0.0420513014866488,1.42838630255855,-2.23237147540411,0.320297707221304,0.074719701060681,-0.200608363341479,-0.0249501352983279
0,1.44129021190816,0,1,0,0,0,1,1,0,1,0,0,0.362760226588767,0.710331649818082,-0.0139989100884902,1.38592471791287,-1.51835892892279,1.24284379307017,-0.198786188847688,-0.900690807548924,-0.812977713411233
0,-1.62898260019123,1,0,0,0,1,1,0,0,1,1,1,2.36512948530087,0.134984835675748,-1.47373116328965,1.31475919524438,-0.267012925752703,-0.545740223847856,-0.92255601394583,-0.941876342133297,-0.287931583405142
0,-0.378011616725383,1,0,0,1,0,0,1,0,1,0,0,0.0211392344965347,1.28439927648429,0.95453161426538,0.162014693194376,0.702638621773496,0.673811125997764,-0.667775011536026,0.377512004529316,1.49069185528083
1,-0.780880851116865,0,0,1,1,0,1,1,0,1,0,0,1.83581052811073,1.50224810242524,1.2063561250234,-2.73736393289031,1.3523438666676,0.796545879451267,1.32966781703133,0.541870598693872,-0.0602818511284628
0,-0.795931250324117,0,1,0,1,0,1,0,0,1,0,0,-0.0427417487426251,-0.624316717812835,-0.650425191474733,1.96912977877276,1.20391650837303,0.634698057415613,1.8991765435368,1.57543664907925,-1.23492825332025
0,-0.249414253151266,1,0,1,0,0,1,1,0,1,0,1,1.00190074106475,1.41488621495681,1.41004933354229,-0.26858548979994,-0.773984608120597,1.00433633193602,0.391334613795595,0.0428319843207931,0.215660022844509
0,-0.0674681151195577,0,1,1,0,1,1,1,0,0,0,0,-0.96135928024181,0.444539858679187,0.304709496537269,0.04666204827988,0.155880178417407,-0.482632126267928,-1.41444991842891,-0.023636402697359,-0.426103975662921
1,-0.762274986527513,1,0,0,0,0,0,0,0,0,0,1,0.671995899743591,0.567618492869204,0.79256492545995,0.223644248038737,-1.67675564530505,-0.290496211536234,-1.62573301614769,1.76043894677917,-0.280567360045315
0,-1.22663622093267,0,0,1,0,1,1,0,1,0,1,1,0.444896615502993,-0.518575733284048,3.19058551576898,0.0389684814817142,-0.121031788135708,-0.0224651817963659,-1.15583477646409,0.514386924548971,-1.13302607320615
1,0.986923313654455,1,0,0,0,1,1,0,0,0,1,0,-1.42967103745284,0.49287291380021,0.172446748114293,-0.579599138647033,0.0572743276081794,-1.3787443755724,0.0483389865624484,0.203045149785638,1.04002474452772
1,-1.0812182036869,0,1,1,1,1,0,1,1,1,0,1,0.945106641467337,-1.01640640312403,-0.495791522060701,0.367715790580733,-0.373058451379728,-1.03143537947744,0.313459670715717,1.7038224178512,-1.81795201190517
1,0.909643431078359,0,1,0,1,0,0,1,0,1,1,0,0.0180256464006256,-0.429612443262242,1.12211610080336,-1.8163739096045,0.207481403209405,1.38028693048324,1.65287242312501,-1.00890048521427,-0.22725316030061
1,0.929940486084683,0,0,1,0,1,1,1,1,0,0,0,-0.408765953545542,1.52411465751681,1.26990312175716,1.25674189959519,-0.422634220012297,-0.383774362438807,0.491060331057705,1.62641158900643,-0.213690385498928
1,-0.745604949805627,1,1,0,0,1,0,0,0,0,1,1,-0.782132958701709,0.0917253333422187,-0.933337905622613,-0.300972464163379,-0.146959730233972,0.01264630615027,-0.231282910407766,1.04369479804472,-1.55057596384431
1,0.455766584252501,0,1,0,0,0,1,0,1,1,0,0,-0.754358994007365,0.620925728760613,1.71970929205811,-1.30199007627168,1.13319593824399,-0.613927933111102,-0.614524172428164,0.554753880454478,-1.07188961707066
0,-0.102498778051871,0,0,0,0,1,0,0,0,1,0,0,0.507206710802377,-1.74405422911002,-0.927554619002928,2.04691141872425,0.74543247843238,-0.403438164300444,-0.321499070891646,-0.628870669235346,0.131486575505897
0,-1.06655643605118,0,0,1,0,0,1,1,1,1,0,1,1.21117292601817,0.000858194810713072,0.886784943145639,0.638399648774248,-0.852521164515047,1.29120926814457,0.624028776638105,0.396560301325957,-1.39339176828627
1,-0.0916436675161253,0,1,0,1,1,1,0,0,0,0,1,-2.41451759648392,0.633001650649051,-0.274442230297283,-0.926903032338639,1.00440818127254,-0.773408337227988,0.670918767060897,0.33287318321921,1.08364315562815
1,1.64939409467528,0,0,1,0,1,0,1,1,1,0,1,-0.310207666042576,-0.539461702755691,1.59308373538164,0.11031745373686,-0.907759177761191,-0.88208434796165,0.384757605901769,-0.365704424849004,1.99447987494026
1,-1.41884837377777,0,0,0,1,0,1,1,0,1,1,1,-0.731378415535888,-0.120683408533767,-1.26888234283959,1.87261372508412,-2.18922751357036,0.674676737731537,1.04339711635577,0.258771416897829,-1.14818884923643
1,-0.206309848310349,1,1,1,1,1,1,1,1,1,0,0,0.422092449826297,0.309236196563194,-0.977430776749416,-1.12925125521247,-0.511298773390186,-1.14303219983408,-1.61296816683909,-0.579800309948042,0.760862312127598
1,0.331882326370914,1,0,0,0,1,0,0,1,0,0,1,-0.771407476907167,-1.11076160287085,0.754459994706708,0.401273388575949,0.356714211783443,-1.80589833290558,-0.716976989739485,0.634417253317516,0.306908906947497
1,-0.116188033543188,1,1,0,0,1,1,0,0,0,1,0,1.2825938720115,0.392659164995611,-0.368206143877308,-1.69545590277844,-0.194764607649351,0.841079636426202,-0.0716190367431136,1.31332293709754,0.579113672015741
0,0.251950635901919,0,0,0,0,1,0,0,1,1,1,1,-1.24694794484798,2.16541841448299,-0.349135341092893,-0.288049893992954,-0.304931373770078,-1.23077539168122,-0.848358020393473,0.217419082766415,0.776182794478253
0,-0.489785322064237,0,1,0,1,0,1,1,1,0,0,1,-1.62544455286975,0.643081701897561,0.617487048359349,1.0926165572785,-0.0104136521999634,-1.10428142953893,1.21240696687982,0.256821248592063,-1.85903493035111
1,-1.38049116843684,0,0,0,1,0,1,0,1,0,0,0,0.273295199850261,1.41740561820984,0.38235774953615,-2.3900331627876,1.8151113299396,0.465893185468223,2.19039332454456,0.501737916700461,1.10513147947694
1,-0.415399309153534,1,0,1,0,1,0,1,0,1,0,1,0.0486970624937595,-0.141529918813114,1.94108671313178,-0.382267430866073,0.683584272850749,0.299057882446032,0.302053924941693,1.77710291238829,-0.893468249492182
0,-0.387027823453653,1,0,1,0,1,0,0,1,1,1,1,-0.762071783337627,0.531819590844642,0.323799768087106,-0.58384724008412,-0.176177978165645,0.181311068087036,-0.181593080256358,1.84419430402692,-1.46004459915688
0,0.0683888609951244,1,1,0,0,0,1,1,0,1,0,0,-1.04922478834296,-0.291201670134594,-0.317824252108339,-1.36895607255321,0.130320367819138,-1.2504646381754,0.573436612637785,0.156451353993802,0.873904601437511
0,-1.02204821996319,1,0,1,0,1,0,0,0,0,0,0,-0.515749566459289,-0.565836851872145,-0.777366457664842,0.0196042737525731,0.583186754419245,-1.23235570117247,-0.29965658400871,0.447746663807709,-0.584881272757477
0,-0.426200536631573,0,1,0,0,1,0,0,0,0,1,0,-0.804246355196738,2.06909936442687,-0.533011100560321,0.0912366741998107,-1.19080183774567,0.208623179170496,0.310375234754124,0.600204335103864,-0.527943999825323
0,-0.697868798655702,0,1,0,1,1,1,1,0,0,1,0,-0.603145304836077,0.269516799515217,-0.230125686252299,0.463780881297584,-0.23529668835408,-0.748402690838248,-1.12554350612263,0.774249181820458,0.358982225133629
1,-1.45242511366198,0,1,0,0,0,1,1,1,1,1,1,-0.0310534332822173,-0.811042198728096,-0.00664724107113767,0.472254326915111,-0.298981040968485,-0.969472374864799,0.135181115127052,0.908399867413567,0.16163850318351
0,1.07503101060034,0,0,0,0,1,1,1,0,0,1,0,-0.0715753112377266,-0.759068475230427,0.100762013884473,-0.227981109248352,0.3943777544042,-0.168754882112897,-1.18612040570258,-0.837017532104662,0.489692611850217
1,0.023718858650961,1,0,0,1,0,1,0,0,1,1,1,-1.50188009736797,0.0487192390488614,-0.519575978117446,1.45070529084552,0.248060154579055,-2.18469670663292,0.584218071710778,-0.833924249953386,-0.258988886381153
1,0.918331681264511,1,0,0,1,0,0,1,0,1,1,1,-0.805898008838086,0.548976668487718,-1.08936325314461,-0.631504342994647,-1.66159823974088,0.447070531394899,-0.178504735617563,-0.123422026534101,-0.678083429641061
0,-0.734128706191339,1,0,0,0,0,1,1,1,1,1,0,-1.26759968828569,0.133780067500958,-0.853709617445896,-0.116609164698286,-0.188781782984975,-1.14719949443942,-0.217215792374414,1.04028291337113,0.18758324476726
1,-0.793758703438622,1,0,0,1,0,0,1,1,1,1,1,-1.23879853586124,-1.0498616064481,0.969628277723512,1.3176002562663,1.36768923358096,0.1555540366836,1.38913298584384,0.184606289233383,0.0122171346120069
0,-0.924193005654082,0,1,0,0,0,0,0,0,1,1,1,1.99574492045512,-0.311868713819821,-1.95276652329712,0.102644470453163,-0.264762992389642,-2.22370686742215,0.68076715958265,-1.51135286818977,0.00954757193513729
0,1.21426576876719,0,0,0,0,1,0,1,1,1,0,1,1.3888598886925,-0.0878533714481019,-1.53199681958089,1.34941174123203,-0.0146286912136501,-1.15706275281607,0.0858505860846761,0.672993380851008,-0.0985200692628966
1,0.628713399579655,1,1,0,0,0,1,1,1,0,1,1,-0.380325283851719,-0.901721286304127,0.102929045365294,0.737671915486998,-0.973610571135662,-0.0748933473265673,-0.830366325565446,0.615764568489718,0.00243960695275517
0,0.578027981292857,0,1,0,0,0,1,1,0,0,1,1,-0.379321376882111,-0.42416934979525,0.385852693479469,-0.310535707125277,-1.58819156350117,-1.25851669360072,0.134739258063407,-1.18417472128556,-0.589447817437567
0,0.931448240644632,1,0,1,1,0,0,1,0,1,0,0,0.0792874666467521,-0.0451244654023579,0.225769660433977,-0.615518704698539,0.148349224212892,-0.665679383748859,1.79704742208099,-0.915403441639674,0.590294221091494
0,-0.04904965416942,0,0,1,1,0,0,1,0,1,0,0,0.477433612709363,2.31554977847577,-0.380247094840935,1.46714607561604,1.01202199354724,0.288365466478488,-0.305276875587041,0.0179489576084439,-1.25012364804423
1,-0.169751179113556,1,0,0,0,0,1,0,1,1,1,0,2.20219187280948,1.19183826909417,0.0806140413174284,-2.60965707952074,1.14185735278919,0.968262318499316,-0.975194419214435,0.529822578438706,-2.21408370332637
0,-0.961539642389692,0,0,0,0,1,1,0,0,0,1,0,0.0480942962725534,-1.43897189099354,-1.16396896327002,0.133969455213469,-1.15937515594756,-0.379430067495301,-3.50293469661747,0.679829632295546,0.739510399177656
0,-0.366081012457347,0,1,1,0,1,1,1,1,1,0,0,-0.55211138904973,1.39826429526095,-0.347468452199549,-1.21673634849697,-0.609778210362313,-2.33725370497938,-0.327383727923234,-0.559064809343116,-0.649616061525955
1,-0.0644616699011153,0,1,1,1,1,1,0,1,0,1,1,1.63546605318172,0.925728637997322,-0.627165899702814,-0.115519678339254,-1.32275308425859,0.133557938664617,-0.830095794332599,-0.994848938934363,-0.0613026304819141
1,0.171475672884543,1,0,1,0,0,0,0,0,1,0,1,0.660119518124798,-1.49113883122741,0.321189029054694,-1.10773099565442,-0.475283409541452,-0.163457828381041,0.735377438357745,-1.76162958096845,-1.08630561961073
1,-0.209938173617175,1,1,0,1,1,0,1,0,0,1,0,0.852589282864046,-0.253124041543137,2.37668434530083,-0.606148900433956,1.34153981386356,-0.0305831050276742,0.498450241146824,1.65438996964145,-0.954649095775074
0,0.346638061925962,0,0,1,0,0,1,0,1,1,1,1,0.473216524285764,-0.833645059635887,-0.660036947888142,-0.77260837455733,0.896810638417845,1.71396839626895,0.586014386494301,0.751705913286957,1.84700709938519
0,0.533153190318782,1,1,1,0,0,1,1,1,0,0,0,-0.0872966759034224,1.16876084449793,0.588793251518698,-1.38118004509798,0.828885695645153,-0.0480981907295851,1.10514398448431,0.17695369121418,0.613834862203511
1,-0.203696131638688,0,1,1,0,0,1,1,1,1,0,1,0.34163051450842,0.798609670105358,-0.278038933230156,-0.107517921765531,-0.466930704431255,-1.24075868700529,-1.3810991443072,1.40676080968544,0.933405120763225
1,0.108418361955156,1,1,0,0,0,0,0,1,1,1,1,0.521883672422737,-1.12416675972096,-0.960140916823103,0.103409990807863,0.685596731860779,0.814952191766448,-0.937579718046871,0.172086129250941,1.25939194894648
0,-0.141097821323816,1,1,1,0,0,0,1,1,0,0,0,-0.0101329829656332,-0.704817302501789,0.150977783393487,2.02908579247247,1.04763241555726,1.01970237161351,-1.40667225768996,0.782869041958756,0.885484932714482
0,-1.05814321240926,1,1,1,0,0,0,1,1,0,1,0,0.742991946303423,-0.310852997367062,-0.446340371956746,0.705202255498309,-0.792222892802965,0.557625980607765,-0.357069738567768,0.590531793455892,1.46102409667713
0,-0.532474942684892,0,1,0,0,0,1,0,0,1,0,0,0.826555363319813,-0.423283859229078,1.56461250009803,0.633523738223211,-0.141186036278197,-1.91615308102398,1.12608657066586,0.787490174414595,-1.67137535002893
1,-0.23026121613502,0,1,1,0,1,1,1,0,1,1,0,0.553079116549286,-0.259624045872681,-0.170875230794695,-0.894415956407434,2.11585417877335,-2.0437738434672,0.0836416219910834,-1.55853760868177,-0.0257555316848538
1,-0.659028755927562,0,1,0,0,1,0,0,0,1,1,1,0.00864517616076735,-1.34249059329404,-0.690306945564315,-0.631619506967591,0.799901401228614,-0.81070938835551,0.0585630623935746,0.519167427646892,0.0147006248709668
1,-0.118738505053966,1,0,0,1,0,0,0,1,0,0,0,-0.881660945417892,1.85091199025194,0.359958694932774,-0.781466221599178,1.08888534938359,-1.23849231904133,-0.860380378992828,-2.31442785316139,0.22628062284802
1,-0.460488120252695,0,0,1,1,1,0,0,1,1,1,0,-1.06693161072103,1.3658948040904,0.311647087162561,-1.28680583830947,0.34002687143291,0.808156975276715,-1.01465836433425,1.25854732873812,0.511100842507933
0,0.700575830989805,1,1,1,1,0,0,0,0,0,1,0,1.13953282940252,0.0902873387479929,0.570175464806414,0.887681902091651,-1.17198745674089,1.15943557429061,-2.40248981077184,0.967660536244757,0.657488992712211
0,-1.22186418969986,1,0,1,0,0,1,0,1,0,0,0,-0.187439804580496,-0.831471124769127,-0.808588967787473,0.775195255477114,2.24460791562214,0.331471056656692,-0.0379418416018385,-0.0447896241419176,0.58898694499326
0,-0.934144575924723,0,0,1,1,1,0,1,1,0,1,0,1.2281910580883,1.65451017388546,1.64318315666395,1.20379294851509,-1.29198532108126,-1.16361124248869,-0.935733522838792,3.29185094526493,0.496487609583421
1,0.837105572680818,1,0,0,1,0,1,1,0,0,0,1,0.0892547008865892,0.207691662638115,-0.744815244459099,1.05117939898747,-0.996916245628115,0.564799910743506,-0.331855369887852,-0.526047585242091,-0.271012565764602
1,0.810796449224592,0,1,0,1,0,1,0,1,1,0,0,-0.206800021565705,-1.4135954782711,-0.278493030520765,0.383140809005469,0.454283355937453,-0.0148996554399678,0.305613908681024,0.328310253610603,0.243818742140527
1,-0.546585148442695,1,1,0,1,0,1,0,1,0,0,0,0.69524118917626,-1.16690314058173,0.793214924145609,0.476218670129244,-0.208666498739147,0.256336040450634,-0.305993433609682,-0.244971329619308,-0.136732654399053
0,-0.193887214609497,1,1,0,0,1,1,1,1,0,1,1,0.710288508947482,2.19783575990053,-0.385626236572584,-0.460939340543349,0.834246979570682,0.193877638871819,0.795968351124305,0.0716404129517462,-0.55517636056652
0,2.18853866590455,1,0,1,1,0,0,0,0,0,0,1,0.123595883875245,-0.0858136682589546,-1.92190470221679,-0.149530205247391,-0.539671228149505,1.48464820652854,0.139736723273363,0.206237504193053,0.17308115078277
1,2.21308481002437,1,1,1,1,0,1,0,0,1,1,1,-1.90232380065733,0.0463454856722509,1.1423353793055,1.42485584203293,-2.12688773029461,-0.816811113465783,0.366352120471282,0.0963985762728715,-0.562499177916198
0,0.181626052257161,0,1,0,0,1,1,0,1,0,1,1,1.87962846537806,2.14600712056584,-2.27683391407947,-0.0327751028703599,0.475678427005063,0.763689264180477,0.62291631530213,-0.389347536367574,0.219285776571649
0,-0.278339665270721,1,1,1,0,0,1,1,1,1,1,1,0.167799631834047,0.0426570808883526,-0.341135793118465,-1.48474060367848,0.796182769707917,-0.221820051657922,1.325885158379,0.307908558061732,1.10490682847525
1,-0.675130271278493,0,0,0,0,0,0,1,1,1,1,0,0.79888919226083,-0.798192249279885,0.525360945994589,-1.85512255352379,0.924106816213595,-0.889904973269656,-1.47600317065305,-0.423422799909325,1.40309755501174
1,0.162308168630759,1,0,1,1,1,1,0,1,1,0,1,0.988643809681562,-0.166870810487234,-0.918803470656058,-0.115448317645043,-0.397398142147976,-2.3199846232655,-0.47187582525494,-0.105665522256966,0.459820501904979
1,-0.460118105058341,1,0,1,0,1,0,1,1,1,0,0,-0.549183553907599,0.346991476749758,-0.681501260481472,1.35214054592176,0.893027623300414,-0.980318092438493,0.258097790425618,0.505925389399861,0.857144795975269
0,1.11738814823865,0,0,1,1,1,0,0,1,0,1,1,-1.57880359620571,0.625635669610998,0.641386348230838,-1.31324753539195,-0.0476085544110519,-0.158723711696839,1.35455114773184,-0.346078028761347,-1.97431883112153
0,2.43765349377217,0,0,1,0,1,0,0,1,1,1,1,-1.64917183047459,-0.626970984424465,-0.592118419308498,0.261374775774945,0.00449578203766502,2.07268513659585,-0.84343106139924,-1.87979820906627,0.840967724984892
1,0.228910216190891,0,0,1,1,0,0,0,1,0,0,0,-0.631565118176921,-1.76583799051889,-0.053031507249397,-0.548769498415827,-0.0542671192410297,-0.592137091493924,-0.0965844252478947,1.83421492301421,0.550133309771984
1,2.93487921620837,1,1,1,1,0,1,0,1,1,0,0,-0.159767521181062,-0.954622579137228,1.26328571242736,0.174369811789466,-0.572378130520473,1.21272697541945,-0.375425756597213,0.533654337414366,0.293839415143826
0,1.09522766475321,0,1,1,0,1,0,0,1,0,1,1,-1.0161851973885,-1.34372697514842,-1.03187291081526,0.544653016549791,0.268497614063455,0.671890067928311,-0.140632456929984,-0.895305025215146,0.389500744876067
1,-0.244382491374528,1,1,1,0,1,0,0,1,0,1,0,-0.546919386763015,-1.69789498939693,1.33634479475295,-1.33379913595408,1.5144637031585,-0.114362045306202,0.187416079558198,-1.36128725131344,0.32611576073545
1,-0.248953613298837,0,0,1,1,1,0,0,0,0,1,1,0.138482886863705,-0.718576866659007,0.627374708379912,0.522662177645147,-1.18957186476987,0.601272504076493,-0.318250923501645,1.28895362337741,0.819033813207717
0,2.35460358452974,1,0,0,1,0,0,1,1,0,0,1,-0.406319439400857,0.503312022201664,-0.0461246274544336,-1.1565332070867,-0.223484890189827,2.91944156650846,-1.5833892851074,2.26573980573678,-0.436379668448101
0,-0.183245165833066,1,0,0,0,0,1,0,1,0,1,0,0.157516436011306,0.271939639575785,-0.0506352018462926,0.276788349200963,-0.263287359192275,0.545791079927856,-0.126272774107042,1.8780021569716,-0.653496856073383
0,-1.12216527550793,1,1,0,1,0,1,1,1,1,0,0,0.699935297539304,-0.476726062244137,-1.6790633288761,1.03235031141954,-0.50778702462642,1.11255189705853,-0.277465891181018,1.65248982714039,0.506620505481707
1,0.557557892892701,1,0,0,0,0,1,0,1,0,1,0,-0.860254129526795,0.485864133482252,-1.29614227134947,0.788735911477387,1.72075646995848,-1.67012477144829,1.17374427952066,1.74770889739935,1.4573584889537
0,-1.52669621012475,1,0,1,0,0,1,1,1,1,1,0,-2.22283886277075,1.94080176246581,-0.343294489867581,0.171475487463348,-0.0717116468288593,0.163440730309712,-0.316723379954437,0.585302460097129,1.3311410082332
0,0.713832406740619,1,1,1,0,1,0,1,0,0,1,1,-1.48499080768033,0.193556486873861,-0.459340628297131,1.16897704405935,-1.30966169554546,-1.12423573617349,-0.795541299431265,1.22312950539941,1.23741518108751
1,0.895357923521592,1,1,0,0,1,1,1,0,1,1,1,1.16576759473854,-0.242751268607535,-0.348729980029197,0.609897075948959,-0.428759521402864,-0.0224343940238948,-0.73201214262825,1.08705271742742,0.474352709416832
0,-0.603266480098825,0,0,0,1,0,0,1,1,0,0,0,-1.45725322462078,0.692836202172967,-0.695113822818217,1.40209335326125,1.03875351870869,1.38855938643613,0.0875765472126173,1.10872915054979,1.17442679878189
1,-0.775075846554175,1,1,0,0,1,0,0,0,1,0,1,-0.964354230777213,-0.717031054126927,0.53509188686529,-0.0840346689099092,-0.521620582595028,1.14468479379157,0.446488143293454,0.895440804160339,0.566035290552787
1,0.622474207860281,0,1,0,0,0,1,1,1,0,0,1,0.943935196920956,0.625720204785922,-0.490941524480197,0.17666165809686,1.1917475666882,-0.723083403947123,0.732747586192569,-0.544970873009454,0.304178659634688
0,0.944646045659855,1,1,1,1,0,1,1,0,1,0,1,0.016334424471836,0.942179131187811,-1.03869563372171,2.86374815517573,-1.60520620369111,0.645645196119256,2.23928624327222,0.241451692471621,-0.786064456454331
0,-0.531923709549712,0,1,1,1,0,1,0,1,0,0,1,1.93709390511938,-0.0500474744030884,1.16281753481449,-0.849040000116642,-0.412664381933325,-0.758887001956702,-1.45744902983968,2.60502657991225,-1.00227346208478
1,-0.621853822960957,1,1,1,0,0,0,0,0,0,1,1,0.167102209333238,-0.84076583362336,1.20158769785375,-0.29166807061772,1.77772652364719,-0.096569313190432,-1.46533278986076,-0.608756456410122,-0.569453494069
1,1.33247074433046,1,1,0,0,1,0,1,0,1,0,0,0.814376101852917,-0.27712171676504,0.959794378597399,0.145362956037347,0.326527138503919,0.141807004147344,1.35210938593437,1.23752524252934,0.592599093132696
1,-1.37851653766289,0,0,0,1,0,1,0,0,1,1,0,-0.391738248497011,1.48155220566709,0.599673699465676,-2.07341902286941,0.196937787049157,-2.52842359207253,0.227341978375437,-0.064356191753713,0.527846564215632
0,-0.222371691506923,0,0,1,1,0,0,0,1,0,0,0,-0.306065542545574,0.259470481372244,1.48619318078163,-0.742848558625608,-1.21762806393719,0.317186906053136,-1.57221913562547,1.12364870399816,-0.0822492393206448
1,1.85632971177724,1,1,0,1,0,1,0,0,1,0,1,0.964374874169884,1.36729627247671,-3.16718343028951,0.825750572373086,-1.1511270630651,1.14111710670158,-1.21242065671527,0.329712199769331,0.154068807487098
1,-1.72462561395457,0,0,0,1,0,0,1,0,0,1,1,0.86641688418119,-0.271245507010662,-0.237970838285027,0.157161149022247,-0.0797072683772556,-2.29108773564362,0.194356370976461,0.715598733520651,0.36689142947803
0,-1.88817807523351,0,0,1,0,0,1,1,1,1,1,1,0.698453666245377,0.37121187369262,-1.40756737492342,0.225962567424441,-0.108678050464621,-0.225384664810295,-0.808099576792212,1.90776466202036,0.0940708613920748
0,0.137654371939805,1,0,0,0,1,1,1,1,1,1,0,-0.966356952785576,-0.549631552162153,0.831296049681754,0.857484876377881,-1.28789123200005,0.272413517750475,0.973218724761171,-0.0928003295464596,-0.635778139145687
0,-0.876062354415242,0,1,1,1,1,1,0,0,1,0,1,-0.125219576944445,0.987117546361798,-1.21321221278015,1.07128917562416,-0.143440409680401,0.553923272187286,0.307206138318456,0.93974543045118,1.6625834001865
0,-1.40582661611809,0,1,1,1,0,1,0,0,0,1,1,-1.47969324955775,-1.415630035601,0.906188419007582,-0.517481004153965,-0.017951307133221,-0.869038448170139,1.15147142659796,-1.46051726658018,-0.617977475314638
1,-0.200086385167242,1,1,0,1,1,0,0,1,0,1,0,-0.636407378519861,-1.64545687010351,-2.16986591978447,0.822999250125714,1.48838096011512,-1.04405378463805,0.0236365529897819,-0.0910671025920221,-1.30488066974313
0,0.466026842018516,0,1,1,0,0,1,1,0,1,0,0,1.30710449754322,-0.810350257239421,-0.691663968119631,-0.884401323496287,0.442468069236649,0.267081792511814,0.166760211203936,-0.994130871373729,-0.221089113781883
0,-1.68119933503293,0,0,1,1,0,1,0,1,1,0,0,-0.273539557305303,0.895779257439697,1.97887847275147,-1.52755240607156,0.617777550432327,-0.109148138900469,1.26052981210331,-0.161246516049835,0.679294308649484
0,0.080722063322969,0,0,0,0,1,0,0,1,1,1,0,1.86355742801649,-1.46797103061493,-1.18130325912972,-0.602527841952273,0.619018343884096,-0.436779117749235,0.501874039996088,0.983382650118941,-0.308354443705413
1,-1.84547254944181,0,1,1,0,0,1,1,0,1,0,1,0.547461722007181,1.60856599014557,-0.658132359306313,0.638655338508056,0.265988443356397,-0.39365048211219,0.347804775412776,-0.369655666656571,-0.239967146513015
0,-1.92331831282063,0,0,1,1,1,0,1,1,0,0,0,-0.105520241631069,1.32549029815807,0.21757853104898,1.29470232296198,0.271011020974973,-1.66236686733001,0.740271438519309,-0.960580516652841,-0.692624602984509
1,-1.25377849755893,1,0,1,0,0,1,0,1,1,0,1,-0.481996804922367,1.60311132966762,-0.429328215780352,0.661327741765318,0.808017576316489,-0.601210479156318,2.41227889259106,0.708187413575542,0.888774671908188
1,0.945947416960617,1,1,0,1,1,0,1,1,1,0,0,1.33308770521782,1.72865017951148,0.430658816593895,-1.52658586940882,1.47661555186435,-2.08338313086839,0.468596720558665,0.236813871811655,1.5440212530928
1,0.293489193399713,0,1,0,0,0,0,1,1,1,1,0,-0.236526925043944,-1.27948352951063,-1.22102062629172,-0.614077745540258,-0.0266759660660281,1.7562955245184,-1.52841315204751,1.50258915238574,-0.589490389630372
1,1.00795557093225,0,0,1,0,1,0,0,1,0,0,1,-1.03849854836875,-0.685933844964116,0.671018146727576,-0.597179754561617,-0.827500388826489,-0.926249252599811,-0.148266193318648,-0.0698557549910743,-1.53744664771289
0,0.558160729885736,1,1,1,0,0,0,0,1,1,1,0,-0.126368170019176,0.107936786010876,-0.52487539229134,-1.46562216800444,0.322229944311677,-0.703903468863738,-1.28223687327662,-0.517533237293835,0.705459887318486
0,0.780927081262126,0,0,1,0,1,0,0,0,1,0,0,-1.42142385796848,0.338094326423234,1.54810223617134,0.12261033410774,-1.01035853208058,-0.023401097650364,1.58601870809183,-1.52704760908789,-0.683738477897307
1,0.15232399789553,0,1,0,1,1,1,1,0,1,1,0,1.34116992945781,0.691820234299345,1.7461620992288,0.148862182902437,-1.22631286743935,-0.361381709559328,0.544657718335858,0.534136881501492,-0.167771930986627
0,-2.58814220023441,0,0,1,1,1,0,1,0,1,1,1,-2.04941808661339,0.966943790778502,-0.80298085187639,0.281501337919916,-0.640379835094784,0.46629165640947,-0.436917003380971,0.883118898488612,1.22420328302591
1,0.227301244206818,1,1,1,0,1,0,0,0,1,0,0,-1.76050301509254,0.519414518059845,0.00787545863743214,-0.939402741393336,0.370571317205942,-0.239045879689644,0.139270189631891,0.0387192844956593,0.404486137683082
0,0.297438063687521,1,1,1,0,1,0,1,0,0,0,0,0.849653495747826,-0.347873671848358,0.680913288648473,-1.53700434531366,0.213810928811832,1.24127183493845,0.950583197935457,-0.424096308766152,-0.097537349642056
0,0.992786325636208,0,1,0,1,0,0,0,1,0,0,0,0.0223908040987868,-1.28544458772668,-1.87044734806814,-1.28457537111466,-0.847049470436069,-0.413724930272868,0.982523269140006,0.328663346272924,-0.704029168554998
0,-2.09609696473882,0,1,1,0,1,0,0,1,1,0,1,0.879061059471338,-1.45825015666796,-0.274490936621639,0.466859870917013,-0.669789002214579,0.411326194298384,1.36357385686902,-0.183720623065075,0.418942383483768
0,0.072282909475113,0,1,1,1,0,0,1,0,1,1,0,0.222151692333416,0.966087382951884,-1.17468819088862,1.21686857359504,0.102646684751629,0.291767677092307,-0.745301512466305,0.41636627580908,-0.599183254468383
0,-0.589584903623763,0,1,1,0,0,0,1,0,0,1,1,0.766399749882235,-1.26804421516894,-0.299591072541385,-1.0295274365074,0.340894756426753,-0.69978940031468,-2.10079645975635,-0.018844288212581,1.3682247472081
1,-1.28028909461299,0,1,1,0,0,0,1,0,1,0,0,0.759679525206952,-1.73790226050996,0.541796211101025,0.0593432048555797,-0.528046201132587,-0.0105076500552011,0.148062745387507,0.244950439089619,1.31382729298717
0,-0.598676690232333,0,1,1,1,1,0,1,1,1,1,1,-0.897094532386479,1.69879843532268,-1.26597788318181,-1.6731897402469,0.114765093670453,0.743164615790106,0.508043903233258,-0.520280358714318,0.766002595676876
1,0.517251668370654,0,1,0,0,0,0,1,0,0,1,1,0.454842184513591,1.04248623293228,-1.14973799937399,-0.962929478617553,0.158200478687523,-0.171035301140398,-0.159800590319526,-0.626076078169454,0.223338692262493
0,-0.35118707341351,0,0,0,1,1,0,0,1,1,0,1,1.4833260838245,0.0935091088921164,-0.180594047045423,-0.314255434683143,0.0411592120610054,0.321864060522901,1.16117184071537,-0.4465128868475,1.0224888622821
1,0.628698973022804,1,1,1,0,1,0,1,1,0,1,0,0.445176395308557,-0.0706899065210449,-3.01001336150852,-1.37459545813922,-0.289491816837007,1.63047260605652,0.955543044306626,-1.02432750944306,0.563557556914559
1,-0.375802024542908,1,0,0,0,0,0,0,1,0,0,0,-0.348486937044955,-0.804764960815084,-0.314457885880867,1.61856707925418,-0.00397525250189855,1.0681780751106,0.352387850997852,-0.249310276825216,1.18731691545536
0,0.213749407909583,0,0,1,1,1,1,0,1,0,1,0,0.836584412328735,0.127882259777437,-1.06801476106178,0.214664222676535,-0.024961104302837,-1.94757174746218,-0.419999690511784,0.40080631801479,-1.18817135393972
0,0.378482819384632,1,0,1,1,1,1,0,1,0,0,1,1.16745275624777,-1.06892489208352,0.899339534509961,-1.06431064953044,-0.973519130167969,-0.471830108377393,0.212766362065366,-0.882325849972237,-2.05972264597822
0,0.727941143632173,1,1,0,1,0,1,1,1,1,0,1,0.016881424608306,0.571233604805979,-0.422358587296937,-1.45435904385306,-0.334885326471023,0.233148711385664,-0.362982688455602,2.28088719463088,-0.584475649827021
0,0.0647444560049759,0,0,0,0,1,0,0,1,0,1,1,-1.45551329229585,-1.08058338641596,-0.942740697639155,-0.240234700285226,0.0378202803010187,-0.334679171158988,0.280915008414026,-0.16467808653309,0.479563489194604
1,0.835286131506584,0,1,0,0,0,0,0,0,0,0,1,-0.829696833718462,-0.00366923375261845,0.0459351352946862,-1.10903030624927,-0.0727819016539516,0.397215793590831,1.76681203388838,0.724572536017485,0.0843027608097465
0,-1.13056865583111,0,0,1,0,0,1,0,0,0,1,1,-0.694684935695744,0.490393176247043,-0.553682140347647,-0.106340649632833,1.49530144649962,-0.276991249625771,-0.00757236987048249,0.240604636842419,0.569472177157263
1,-0.11387352028303,1,1,0,1,1,1,0,0,1,1,1,0.0457804805188461,-0.343258228053178,-1.20190031420168,1.25527039502686,1.42924131113706,-0.5327627590433,0.78444866309307,0.0847314313347981,0.390910753180389
1,2.42033655574816,0,1,0,0,0,1,1,1,1,1,0,-1.05996943673886,-1.11118436052876,-0.877075225207834,-2.12305670742836,1.81199217089748,2.52612317828646,-2.04271723933725,0.811574257011121,0.466783727280565
0,0.865967855040677,0,1,0,1,0,0,0,1,0,1,0,1.63228387954839,-1.25603339407235,1.47085920894417,-2.36999756196571,-0.360221103263841,0.455490373085272,0.00278930390385904,3.57936347825568,0.901231408110023
0,1.0346590156671,0,0,1,1,0,0,1,0,0,1,1,0.206937430051933,0.0623939075419081,-1.04759191373304,-1.94805870301961,-0.770994285206031,0.801189900029673,0.030372691948309,-0.687027572212293,-0.877187805402912
1,1.59383167226023,0,0,0,0,0,1,1,1,0,0,1,1.49169843464202,-0.750675164774617,-0.23418458943387,1.0813470294668,-0.373262177525712,-1.02778632525945,-0.485920391366007,-0.623160936368177,-0.0239043653827166
1,0.0564164520220896,1,0,0,0,1,0,0,1,0,0,0,-1.43726952757367,-1.04788083315703,0.068245808175884,0.732825559960961,-0.107897623566979,0.060241098289821,0.36344928638679,0.462381905056141,-0.0947591064791366
0,-1.2153835291635,1,1,0,1,1,1,1,1,0,1,1,0.362471566951272,-1.75957151767715,1.06956121026121,-0.86901429544383,0.352651921457558,0.886665571046158,1.61348298273011,-0.4739904626493,-0.017446588092039
0,-1.61718793784008,1,0,1,1,0,0,1,1,1,1,1,0.794844825398613,-0.538180967015926,-1.90882784295583,-0.342662885475105,2.60063332810662,-0.443056814088439,0.157941380941665,0.929339773771124,0.0370194917422665
1,0.0466800167544982,0,1,0,0,1,1,1,0,0,0,1,0.580044199473204,-0.908619268458061,-0.134363412583982,0.463367444384472,-1.53084472140927,0.756079588965444,2.02350945968781,1.93964253135231,0.11467889892291
1,-1.00698078830974,1,1,1,1,0,0,1,0,1,0,1,0.660060316128769,-0.363185129725792,0.0169034817074885,0.519944844475715,0.747004598719453,-1.34068180231869,-0.4205453734027,0.387191666476672,1.31213480519293
0,-0.638956091468146,1,1,1,1,1,0,1,0,1,1,0,0.447983898718353,-0.803403822755403,0.476127977164078,-0.412989510574641,-0.314844775424656,-1.66575125529004,-0.0410116158964754,1.77436827101499,-1.75232483962548
1,0.792403702455733,1,0,0,1,0,0,0,1,0,1,0,-0.731120329307032,-0.43896412354633,1.32327792524219,1.11524885971532,2.79894666748249,-0.389494174682033,-0.703002261275539,-1.42249539764306,-0.375767626381241
1,-0.0636868179292123,1,1,0,0,1,1,1,1,0,1,1,0.743737120822351,0.00831627929096091,-1.5657233007065,0.729500860879473,-1.03759120081325,0.964680748683348,-0.233540095325072,0.393371067140701,0.374154531621755
0,-0.890235126630443,1,1,1,1,1,1,0,0,0,1,0,-2.41208068427698,0.732639079155552,1.40392990827956,-1.5842806459824,-0.914165769912213,0.0143673182521446,0.58607880839643,1.8604378268289,1.17857869853718
1,0.436177902866096,0,1,0,0,0,0,1,1,0,0,0,-0.939962534542395,-1.20963117886605,0.827630696221546,-0.0822993532717091,1.19617053302608,-0.146675234178258,0.499241413300643,-0.528316105923235,-0.912704257119581
0,1.17140650267124,0,1,1,0,0,1,1,0,0,1,1,-0.477149309594664,0.43749763236716,-0.625610331273148,0.139851314690232,1.47509195525058,-1.16349234795954,1.27729847685557,-1.17478989412974,-1.60816244627027
1,-1.36636978555442,0,0,0,0,0,0,1,1,0,1,1,-1.67060007203785,0.941442901116085,0.424851369130672,0.0835699704475757,-1.02624914350978,0.076659486403464,0.245370677810234,0.404400223614774,-2.42972332677771
1,0.334499976608952,0,0,1,1,1,0,1,0,0,0,1,-0.0110271996343012,-1.33515054526765,-0.0356280354195294,1.96914635385714,-0.77503515303133,-1.31246483747848,1.18924278802016,1.49850309268914,-1.42701759289948
1,0.100666138518411,0,0,0,1,1,1,0,1,0,0,1,-0.173980487050532,-0.411652873331344,0.746613371090306,-0.764135823527146,0.77731738615204,1.27388276662579,-0.553812125211484,-0.396876118930545,0.401461337313278
1,-1.09454326279434,1,1,0,0,1,1,0,1,0,1,0,0.319507372180503,-0.780362753519883,0.791304204417641,0.935155954713354,0.879711570622031,-0.743543487559242,-0.784281061600869,0.140520346089389,-1.77221785413658
1,1.07212754408722,0,1,0,1,1,0,1,0,1,0,0,0.114516731764326,0.0269583397968203,-1.19555855304635,2.15321631401326,0.485153507193429,0.995107621259323,-0.219845721615662,-0.390857468457602,0.489912372711551
0,0.953447813565973,0,0,0,1,0,1,0,1,0,0,1,-1.12931704242627,-2.22047239432972,-0.861523528591729,-0.274587046977815,-0.777811566179776,-1.12653927865568,-1.07814693440238,0.496859162517294,-0.0812221373874067
1,-1.78496921441767,1,0,1,0,0,1,0,1,1,1,1,0.274705482840757,0.331142548172604,1.50887596696531,-1.01923005702096,0.288963547290972,-0.577187633928223,1.01854757388662,0.28649803594097,1.19159751320635
1,0.00657709040724085,1,1,0,1,0,1,1,0,0,0,1,0.409058746743654,0.442503758406585,0.450474655984951,-1.44122275108663,-0.423240108004815,-0.752067659293581,-0.280786153923034,-0.655966035050817,0.731767175420353
1,-0.256742754822716,1,0,0,0,1,0,1,1,0,1,1,-0.329647876571874,-0.4586765795172,-0.207567641440981,0.505715959603732,0.502775329411681,-0.603038671106417,0.346059247355581,-1.53254700598976,1.02194557072839
1,0.84379223360191,1,1,1,0,1,0,1,1,1,1,1,-0.0322437053948991,0.647162321502507,0.934205110918377,-1.37270697812987,-0.258532898294407,0.0711724070995393,0.368731064121018,-0.667849857495674,1.47421195210024
1,1.57728845009043,0,0,1,0,1,1,1,0,0,0,1,-1.87880773170201,-1.1357082111365,0.351730162743244,-0.753084798677035,1.50196287710411,-0.884409352002026,-0.681581674621726,1.68688972743952,-2.32852062274121
1,-0.384267672247127,1,0,1,1,0,0,0,1,0,1,1,-0.810102957093269,0.377080031690376,0.249684558049012,0.0197799463056817,1.34313713447535,-0.828570311376488,0.551274362515011,-0.193595066370815,1.51762378921577
1,-1.99814356844514,1,1,1,0,1,0,0,1,0,1,1,0.173058389762476,0.014809136922743,-0.652421312326451,1.63276375063953,-1.35934403076777,-0.909621817805067,-0.0990935838631736,0.950308459820535,0.570728542420307
1,-1.20633105588059,0,1,1,1,0,1,1,1,0,1,1,-1.52784132551761,-0.700281189640423,0.1057085404058,0.141014679673424,0.0651136720121094,0.0453451723640569,2.40472527289263,-1.3265748503354,0.780048950796641
1,1.26706577926003,0,0,0,0,1,1,1,0,1,1,1,0.0418272068206517,-1.42483466235537,-0.423981774337481,0.0878091555822942,-0.438555761276564,-2.15104042676241,0.673780676077335,-0.684685659875607,-0.536286571297118
1,-1.54527666367533,1,0,0,0,1,1,0,0,1,0,0,-0.466328459218773,0.494567893857208,-0.219772904409249,0.278203335456884,-0.141005175742912,-0.209105398083018,0.184093649561826,-0.637706844004453,-0.183582810596832
1,0.690399785375444,1,0,1,1,0,1,1,1,1,1,0,-1.96575637395269,-0.13036657556627,1.11361013146463,-0.365268257404966,-1.51652063981854,0.425980236123987,-0.939065423507797,0.963466144144178,-1.46221716770276
1,0.570378921799365,1,1,0,1,1,0,1,0,0,0,1,-0.827799049613025,0.975568198627918,-2.03850530584396,-1.33626110344791,1.40983177103904,0.454220439940934,0.606958048437066,0.533100639477326,0.718501499374561
1,1.93335341601017,0,1,1,0,0,1,1,0,1,1,1,-0.70060606244198,-0.357544462401182,0.106482211069202,-2.5366571527624,-0.779420163758937,-0.457752380210719,-0.379838065058515,0.41473859814008,-0.541982998064136
1,-0.423205703289975,0,0,0,0,0,0,1,1,0,0,1,0.0888323077076211,0.928101593963663,-1.6507742604397,0.482848561326151,-0.552165795938614,-1.16317851860567,0.454819596419514,-0.0822366925064438,0.542802263685242
0,1.87717189478616,0,0,0,0,0,0,1,1,0,0,1,0.654019337919402,0.0222507135080782,-0.996804404738898,-0.604641730631418,0.721051520444405,-0.135943090535002,0.0743275408651797,0.498427936651172,0.334727231521974
0,0.0556543275418826,1,0,1,1,0,1,0,0,1,1,1,-0.361125915540549,-0.264673941423613,-0.254122875251259,-0.034492351416785,1.43293602117536,0.0902667538977177,1.25530491924484,-1.01854053289699,0.303824898260422
1,0.715448376318325,1,0,0,1,0,1,1,1,0,1,1,0.760836439193755,-0.558383164582601,0.227175310796484,1.22630117084557,1.45345880693366,1.02637052070545,-2.43491744355866,-0.769294488452662,-0.743477377362312
0,1.78044790092157,0,0,0,0,1,0,1,1,1,0,1,-0.283249624232837,0.302500070460792,0.73391589785817,0.811621656124865,1.32024411714636,0.746479943654126,0.0283033139611682,-0.925481157375241,0.676662908584846
0,0.827977747374669,0,1,1,1,1,1,0,0,0,1,0,-0.193183499476935,-0.951817450205613,-0.0109245869287969,1.48901933624468,-0.44086307689209,-0.64633332658649,-2.23412301493837,0.421483013435392,0.401260328924847
0,1.67227769463286,1,0,0,1,0,0,0,1,0,0,1,1.22527143137657,-0.250715306299425,-0.496930612493064,0.53507743668415,0.957176313032265,0.616668641315491,-0.708402692573776,0.805949570409241,1.05490598732909
0,0.739969458007691,0,0,1,1,1,0,1,1,0,1,1,0.48125638240379,-0.578321085904834,-0.719412816169834,-1.15491532350428,0.400597501074314,0.0104693253178268,-0.331712661831952,-0.199859676683198,-0.241256326098704
1,-0.248234751365362,1,0,1,0,0,0,1,0,1,1,0,-0.00843958469676661,-1.32140684348414,0.4202197947872,-0.309955616284574,-0.653340487312646,1.08994101133921,-1.00404446296617,-2.52459776815088,1.12988463716588
0,-2.74078148748595,0,0,1,0,1,0,1,0,0,1,0,2.20127872136075,1.05739238923975,0.308209102956994,0.877732663071496,-0.453374041190325,-0.129452561891204,0.429321576576302,0.809144515890706,-0.0928949913403715
1,-0.0104709798547271,0,0,1,1,0,1,1,0,0,0,1,2.40277966600922,0.507248080401288,-1.7884982428952,-0.443610618556189,-0.379261641216603,0.453824136054777,-2.18036933808048,-0.966732190055415,0.74351456250685
0,-1.19177212421469,0,0,0,0,0,1,0,0,1,1,0,0.156136425432631,2.51373579924949,1.8160023854547,-0.861840710539017,-0.535222112216262,0.063650340920982,-0.208338091712655,-0.279716683042904,-0.450981800559362
1,-1.14863782793905,1,0,0,0,0,0,1,0,1,1,1,0.161174560208475,-1.47502265837399,0.107188744813441,-0.449780571548425,-1.2134455559181,1.572063959951,-0.318927902582439,-0.247943562089218,-0.187785836746911
0,0.50199432706938,1,0,1,1,1,0,0,1,0,1,1,0.728559416398323,0.0555391858892229,0.595283922608904,-1.7566667936964,0.643157187661637,0.49049243575702,1.23550286287262,-0.245868738981528,-0.624472043406422
1,0.350564937957176,1,1,1,0,1,0,0,1,1,0,1,1.3415791950989,-0.137796424921626,0.453707729700522,-0.206671466621447,-0.702739050967152,-1.42407398979313,-2.2924533196401,0.245684559863362,-0.769769946999645
1,2.22703721298272,0,0,0,1,0,1,1,0,0,0,0,0.597805071207102,1.12820053479995,0.35006075945514,1.80537875516772,0.163118308238653,0.48740346090178,-1.24790584043601,0.668951785550665,-1.15924833284123
1,-1.27359107710812,1,0,1,1,0,0,1,0,1,0,1,0.627781716646353,-1.26200921171725,0.627469832710482,0.889074232191857,-0.112120248668154,1.05555428161127,-0.514158096033987,-1.10893527023993,-0.679665773831583
1,0.975370392371806,1,1,1,0,1,1,0,1,1,0,0,-0.530642835367291,-1.98749003574854,-0.748563256982219,-0.430108003869652,-0.180231364483472,2.15753844185326,-1.38262711351364,0.117597549928568,-1.12773530736118
1,1.00201417873224,0,0,1,1,1,1,1,0,1,0,1,-1.51757296699937,0.953475325317576,-1.29903094294454,-0.136182695329888,0.602106305199314,0.138454066913891,-0.392946829230241,0.813056230748587,0.106701865494995
0,1.57082030163935,1,1,0,0,1,0,1,0,1,1,1,0.812539821244716,0.0520648786231797,1.15013854802399,0.246105323428029,0.115667367813112,2.36137986665362,-0.212035740376425,-0.213583711450469,-0.217199088772953
0,-0.217654934978852,0,0,0,1,1,1,0,1,1,0,0,1.35596736916285,0.552538881031455,0.496621813900264,0.200309752471793,0.895093794660085,-1.34012059755227,-0.782966773138019,-0.0738404809815533,0.221857120211974
0,0.959611394087488,1,0,0,1,0,0,1,0,1,1,1,0.945770904981438,-0.741970316814941,0.355450180222621,1.54034825620916,-0.513313677914595,0.715153485606368,-1.04427769959091,-0.546342623894005,-0.374314473786336
1,1.30471049139163,1,0,1,1,1,0,1,0,1,0,0,-0.542561662931248,1.04420519205792,-0.841964557193868,-1.15904926194085,0.591958459493166,0.553447499978282,-0.475199004118885,-1.18947394225484,-1.7452887412588
0,-1.92047848394642,0,1,1,1,1,1,1,0,0,1,1,1.1207102590377,-1.21893621387,-0.0806354663542756,-0.110016781683569,0.847639843592513,-1.39210094982401,1.29921739827625,0.423146127894284,1.40840556114688
0,0.575207800615028,0,1,1,0,1,0,0,1,0,0,0,0.371345631579784,-0.133188403566914,0.269854617744357,0.87937286079609,-1.43405311446709,2.19611038239978,-1.49826692403092,-1.31179806701647,0.655361322762008
0,1.23518694963171,0,1,0,1,1,0,1,1,0,0,1,-0.229581617026593,0.0552736359437294,-0.762711315851818,0.715700615490165,-1.1574774724427,-0.631091497281017,0.0420855447817387,-0.311083706716704,1.45256770174297
1,0.138630954123011,1,0,1,1,0,1,1,1,0,1,0,0.483168384616625,0.0787772822275482,-0.144147275788872,0.545886371649758,-0.271189680322585,-0.66248090993232,0.953677222145782,1.03895290831962,0.0548003704382136
0,0.719995695274789,1,0,1,0,0,1,0,0,0,0,0,0.766101190183064,-0.905544634250746,-0.322516640204439,0.856620336553361,-0.238674179091459,0.446584617196758,0.118567652257585,1.19884729226868,-0.159898120030542
1,-0.573147071421585,1,0,0,0,1,0,1,1,1,1,0,0.318831175072615,1.21682579777047,-0.461101535207175,0.586824552468525,-0.53893114966708,-0.6677144463842,1.04912511258395,0.412754774837977,-0.32038624394678
1,0.379892708442784,0,1,0,0,0,0,1,0,1,0,0,-0.477135991732321,-0.229080572375266,0.553096121087464,1.41502926092333,-0.486047419443463,0.48135874687153,0.435715898125282,-0.634546699441653,-0.235250415964996
1,-0.870520102802944,0,1,0,1,1,1,0,0,1,0,0,0.986519761839635,-0.0885883538393699,1.22403053775439,1.38862518895968,0.593325386216863,0.631651416905366,0.915087940138328,-0.260129735218235,-0.688878189582716
0,-0.837602862588896,0,1,0,1,1,0,0,1,0,1,0,1.18590934874307,-0.79939340063658,0.0413299750938698,1.12517723295305,-0.130787877058659,-0.344304065688565,-0.261804421231927,0.436684589718512,2.23107252729184
1,1.23672366103892,0,0,0,0,1,0,0,0,1,0,1,-1.57946053069346,-0.576238370801365,0.463720467705864,-1.6221026865855,-0.728997147893207,1.38441569641223,0.125088403437045,-0.282428802775186,0.0155935560907025
1,0.994644313587679,0,1,1,0,0,0,0,1,0,1,1,-0.364642540265291,0.44743250458157,0.584091005317608,-0.886458611821758,-1.58034980525117,0.105902991230653,-0.514471524929293,0.349853083146595,0.12866118619773
0,0.561639828078848,1,0,0,1,1,0,0,0,1,1,1,-1.16283142141983,-0.0376941125549727,0.59396942493791,-1.19754612735701,1.34180107694332,0.563410240893765,0.914111189554051,-0.421600799825779,-1.17038457972211
1,-0.262888840746076,0,1,0,1,1,0,1,0,0,0,1,0.171316058520923,-0.147465501678003,0.939432080963488,1.28586691690699,-0.642044442373451,-0.274193843304424,-0.798091922430318,0.149476883974322,-0.769136821660147
0,-1.43038912744349,1,0,1,1,0,1,0,1,1,1,1,0.385806458382416,0.933793539576666,-0.11521383403528,0.0700386917636988,-0.190620677112539,0.832435803275867,0.358617973669069,0.146109532615512,-0.49625526597363
0,0.77503975720729,0,0,0,1,0,1,1,0,1,1,0,1.18694612067107,0.361272210898144,-1.25547835386664,1.09010315134073,0.524881294183809,-1.16674396821556,0.275633125667695,1.05951385603513,0.593364229979781
1,0.910351634398978,1,1,0,0,1,1,0,0,0,1,1,-0.48319918763743,0.501724800831717,-1.60453953677351,0.684531172047458,-0.247582853624997,-1.00546350839939,-0.229721532302474,0.106210718420262,0.771309118260678
0,-0.446808064096393,1,0,0,0,1,0,0,1,1,1,0,-1.54267739324733,1.77404847673371,-0.726537227238649,1.60325278857407,0.506672907531847,0.651251764128814,-1.48854643262473,-1.87128146964112,-0.788266504692132
1,0.384164295941184,1,0,0,0,0,1,0,1,1,1,1,-0.315141884545273,-1.53453050368619,0.714533158457459,-1.33685401067004,0.219565604956758,0.189678862392801,0.380803694642547,-0.555342507500029,-0.254002029151707
1,-0.499613505443893,0,1,0,1,1,0,1,0,1,1,0,0.101160215892698,-0.74022582514143,0.961884554532142,-0.894728563165853,-1.60532424002787,-1.19044229670215,-1.15104887818158,-0.0162443702425156,-0.0180893294268604
1,0.375781242310573,1,0,0,0,1,1,0,1,1,0,1,0.320034748460935,-0.87032551454807,0.430682531141395,1.95790152399321,-0.905513179930246,-0.104053281257165,0.0355994923920221,1.18919983250278,0.494899436642098
0,-1.1230516340463,1,1,0,1,0,0,1,1,0,0,1,-0.491938558429826,-1.35588025093014,2.04859242116844,0.987538646512187,2.09927152029909,0.60130841500098,-0.10517079831767,-0.791655835508373,-0.0149526191684022
0,0.67914702145603,0,1,0,1,0,1,1,1,0,0,0,0.240870747777647,0.470345643914049,-1.71429447982521,-0.471497905170431,0.298304414658758,-0.0683150659093144,-0.466215912312809,1.08676996674845,-0.104038671608727
1,1.9064487069043,0,1,0,1,1,1,1,1,1,1,1,-0.469802863828319,-2.19450825398769,-0.165826044222801,-0.669267506228517,-1.55776493346011,-0.665811554040223,-1.12557752727701,-0.162628049426733,0.535992818264487
1,-0.535242632130704,0,1,1,1,1,1,1,0,0,1,1,1.33504290996371,-0.0478166203749585,0.46869284945004,-2.42855662868955,0.916010794702821,2.21832811084272,-2.02550212843744,-0.796532600906596,-1.01300558644442
0,-1.36794529832456,0,1,1,0,0,1,0,0,1,0,0,-0.332153249145488,-0.531975834905316,0.821828089608171,-0.38812206374703,1.11867064648904,-0.56887583535233,0.250841501302077,0.283867487003004,-0.46161784087537
1,1.550527905739,0,0,1,0,1,0,1,1,1,0,0,-0.877805339400123,-2.16635635707345,-0.424864475368214,0.572102354840563,1.82846224792782,0.324954584654016,-2.16767130627186,0.519757977043595,-0.0248619779162284
1,0.913499215632863,0,1,0,0,0,1,1,0,0,1,0,-1.26078738105335,-1.00662394683475,1.22225718502482,-0.589939830318888,0.951339097312253,-0.285512708231006,-0.176018977784741,-1.02004351610773,-0.776378243479003
0,0.246467390409027,0,1,1,1,0,1,1,1,1,0,1,-0.459484961410591,-1.06398037808527,-0.135179575978067,-0.473493214953928,-1.84968422109644,0.424786261105323,1.85550152639284,1.25513515506907,-2.38237611163141
0,0.843230866267691,0,0,1,0,0,1,0,0,0,1,0,0.193328959717209,1.70067438053898,-0.156452885715399,-1.4434585717379,-1.02512532842945,0.504930612075444,-1.7284308822884,0.516602064416684,0.720051041598048
0,0.734726602330386,1,1,0,1,0,0,0,0,0,1,0,0.640969282232347,-0.261853051367658,0.121434359698906,-0.766333349349047,-1.16521056587232,-0.122363303521913,-2.39000749778671,-1.59468062986362,-0.571103199214482
0,1.27648277659166,0,1,1,0,1,0,1,1,0,1,1,-1.92825418598801,1.05535335678027,-1.03854638250329,2.32449510949933,0.983439701429526,0.364675950098555,0.0205515828805816,1.12711199600847,0.537336028588049
0,-0.621641955807468,1,1,1,0,1,0,1,1,1,1,0,-0.798555473445563,0.379865653400494,-1.76340598183415,0.221938517436643,1.54089825860105,0.0465905199097453,0.34152022779745,-0.95469857657192,0.42909314177208
0,0.689652322443356,0,0,0,1,1,1,0,1,0,0,0,0.644653708038426,-1.16317959593662,0.142126460662246,1.52297784657912,-1.1711314524849,0.107140447241242,-1.17228382446975,-0.461402145130089,-0.98230501166569
1,-0.631370032814143,0,1,1,1,0,0,0,1,1,1,0,0.658047556466917,-0.386447389937758,-0.00512514252009712,1.60872738880674,-0.209173916253776,-0.904091210202884,0.322487909087363,0.907609235040144,-0.240485139281806
1,0.42374405379084,0,1,0,0,1,0,1,0,1,1,1,-1.06167636253684,-1.37523234038663,-0.557190378132807,-0.123659281783175,0.167296389860045,0.477926250582155,-0.00118415844392631,0.692316253872633,0.671734135677732
0,0.943458493435422,0,1,1,1,0,0,1,0,0,1,1,-0.862780714869356,-1.71008551495514,0.868102950250773,0.994703187813088,0.0276357158932055,-1.27775972379386,1.16367786024372,0.907734698594134,-1.09370915294948
0,-0.873900696557974,0,1,0,0,0,0,1,1,0,0,0,1.2008287609871,0.261797388650835,-0.697414826578298,-0.312515281780826,0.131638496215336,0.904038559405067,0.816407424865476,0.00472832648351561,-1.21427772297018
0,0.798578905291747,0,1,1,1,1,1,0,1,1,0,1,-0.531747188642079,0.599389068632608,0.829355399809067,-0.863954269332103,-0.419334831107004,-1.71408758666893,2.23050720158856,-0.255656752024821,-1.90925708441652
1,-1.19127997086226,0,0,0,0,0,0,1,0,0,1,0,1.04814000684433,-0.107479512393278,0.750821359331537,-0.709887250433856,-0.846005569406088,0.315325703091075,1.12442597726687,1.1841496095266,-0.611648190346898
1,0.521960073556991,1,0,1,1,1,1,1,0,0,0,1,1.58410886543476,0.860727817036322,1.48682295527691,-0.603363738231722,0.455851398036629,-0.433199144343393,0.461630655094275,1.6490968290898,-0.25629068127612
0,1.04320349231467,0,0,1,0,0,0,0,1,0,0,0,-1.14855894736725,2.11771297004182,0.354387128133489,0.739664584234115,-2.56386287846221,0.990304816429345,0.561197476876872,1.14064214899588,0.426571689788295
1,1.70753557964712,1,1,1,0,1,0,0,1,1,0,0,-0.399198286066257,2.63218442193116,0.58024825223434,0.176441517598831,-0.747895697738282,1.63473397891246,-1.10757682956637,-0.333334248130133,0.344668085170581
1,0.251203591375633,0,1,1,1,1,1,1,1,0,0,0,1.78092769400357,-0.722795159943151,-0.644558883107201,0.233204241800628,0.833184044469296,0.928488786792434,-0.693867154569235,-1.21231914867833,-0.25269829052412
0,-0.439601479742124,0,0,0,0,1,1,1,0,1,1,1,-1.13055109624462,0.329987341281118,0.724256272343311,-0.854190626232475,0.585562362400812,-0.257125251795933,1.43174000408915,-1.82084847861869,0.313573351450233
1,-0.875088858244243,1,1,1,0,1,0,0,0,1,1,1,0.736642485376746,1.01997733567491,-1.81699576683515,0.465361604627145,-0.168662926189832,1.42069381633629,0.0483671705715907,-0.262827734121577,-0.589235834418165
1,-0.500723028392245,0,1,0,0,0,0,1,0,0,0,1,0.747232227464558,-0.95249216860989,0.29115039618342,1.2307987498691,-0.267717193158883,-0.162453971541114,-0.500096388791317,1.03901470795975,-0.0431564181897743
0,0.555189397385618,0,0,0,1,1,1,0,0,0,0,1,-0.785313365839543,1.28068686944773,-2.02314429656423,-0.506574477362172,-1.3948664898604,1.68292378082188,-1.19333626176266,-0.398841953256203,0.771775090671807
0,-0.280029099142029,0,0,0,1,0,0,0,1,1,1,0,0.0715216938139428,1.06213884430377,-0.902636197896687,1.53682980608464,-0.94473390432053,0.126094663660737,0.300600225234272,1.2850116934546,1.49687989732875
1,0.102844242976137,0,1,1,0,1,0,0,0,0,0,1,2.26522764811508,-0.936976387823373,0.93757849147798,0.195601984028727,-0.771779268717602,-0.562991174592889,0.586581928384685,-0.622825960487695,-1.84767566009779
0,0.132820205020732,0,1,1,1,1,0,1,1,1,1,1,-1.69978530177283,-0.393750985981362,-2.40963591005369,-0.187176530212132,0.164667716925388,1.57926304874213,-0.998545652162749,-0.930905200116784,0.262545397048875
1,-0.107158787758472,1,0,0,0,0,0,0,1,1,0,1,0.159021435704729,-0.311326831585939,-0.923500490584552,-1.6784765061909,-0.267766487682654,-0.853733826082371,-1.37935310840538,-0.815921604100759,0.528439429173622
0,0.974120427241567,0,0,0,0,1,1,0,0,1,0,1,-0.342151661421709,-0.655196972599561,1.50218012622817,0.536533383674429,-1.11793230398184,2.60329584166528,1.19661143246248,1.43805702370702,-1.91319042621975
0,0.39872087092819,0,0,0,0,0,1,1,1,0,0,1,-1.96230215786228,-0.0244265257800557,-3.56529639802312,0.349245266425735,0.0784570460792675,-0.245364083380072,0.0110890559471573,-1.28449646462034,0.61313304507389
0,-0.398925934630824,0,1,1,1,0,0,1,0,1,1,1,-0.328558494408698,-1.18334785100856,-0.406263169332518,0.371764021808897,-0.161696502326687,0.334748901921766,-1.59157303615497,0.79216230335399,-1.3065419829638
0,-0.546169606711235,1,0,0,0,0,0,1,1,0,0,0,-1.27623585823922,0.922764502864749,-0.877527269746392,1.28898120281596,1.14565766398724,0.135627886311243,-0.945125963383551,0.85736401787876,-0.227197513533026
1,1.79267551375845,1,1,0,0,0,0,0,1,1,1,1,1.78418137108089,-0.0804343152252239,0.677742577833566,-0.223776713674056,0.672423100473792,0.441359559858539,-1.51899998958652,-0.27790059726,-0.155999642238865
1,1.6355444069087,1,1,0,1,0,1,1,0,0,1,1,0.692267874334881,-0.520531537615849,0.0524959180715103,-1.52302639268589,0.93256177631089,0.0794037849625999,-0.392686540623512,0.124875205988345,1.66368515208014
0,-0.229345897481249,0,0,0,0,0,1,0,1,0,1,1,-0.139578013360933,-0.225694681105616,-0.975258785641771,0.511731202388338,-1.48703501606594,0.814585490771665,1.90058559430854,1.33791051737033,-1.20687684475471
0,0.146983548749508,1,0,0,1,1,1,1,0,1,1,0,1.58203873549009,-0.142997385888635,-0.53031552346271,-0.562472574784775,0.633995757476564,0.28181424115608,-0.384212831188771,-0.473332974778037,-0.0710670695656591
1,1.48122731683698,1,1,1,1,0,1,0,1,0,1,1,-2.63447896950445,-1.42934175082464,0.987092619003322,-0.564116168062781,0.465060256938778,-1.08549213824904,-0.0324341527979314,1.0350929673967,0.443619038245965
1,-2.19437253880902,1,0,0,0,0,0,0,1,0,0,1,-0.340188207372596,-0.3846189132737,0.778717862021615,0.163411863869805,-0.910913479530119,1.31807623301777,-2.39607176255718,0.624371048091241,-0.223455965227697
0,0.759228523688015,1,1,0,0,1,0,1,1,1,1,0,1.70936001875257,-0.767409263481227,0.540180313410691,-0.424778187710933,-0.162632043049105,0.238827774933673,-0.0576247188897378,-2.6522020481396,-1.06747815242725
1,0.0365926495758472,0,1,1,1,1,0,1,1,1,1,1,-0.673552314019468,0.851440496687179,0.2879804997548,0.0037282262939775,-0.556224369649834,-0.25420470753598,-0.225269253589394,-1.7579790332639,0.410795387338724
0,1.30158524223269,1,0,0,0,1,0,1,0,1,1,0,-0.985065942232488,0.735267193185313,-1.31474383017126,-0.669869231457972,0.536592268066615,2.38304030169952,-1.61731790069905,0.0632676016775895,-0.856258576721425
1,0.381077444036269,1,0,1,1,0,0,1,0,1,0,1,-0.881554104478567,0.118264402339038,0.0351545547431147,0.212233448229294,-0.469787771739664,-1.11349941002813,0.129217033551388,1.38479860447982,-0.841491619761439
0,-0.150075035476416,0,0,0,0,1,0,0,1,1,0,1,-0.0725476422994468,0.188999627473474,0.323161189919963,-1.3783409031354,-0.353998185834814,0.474319798213288,-1.08745359908845,-0.962009964634166,-1.40891496887487
0,1.04619054034516,1,1,0,0,1,1,1,0,1,0,0,-0.659011727643378,-1.51213167194963,0.863518391291541,-0.492223296806707,0.2621374439895,-1.40575938282177,0.792629060942202,-0.202918550967262,1.02014425427556
0,-0.649344328548539,1,1,1,0,1,0,1,0,0,0,1,-0.959375831198937,0.832687393059066,-0.920433330868407,0.70312515178316,0.208651357813775,0.124253196485141,-1.25896941328974,1.12887216333396,1.5672001219948
0,-0.740222905137156,0,1,0,0,1,0,0,1,1,1,0,1.13737579517773,-0.502532791071026,0.22046680620877,-0.442856737297643,-0.0248703851085625,-0.109577104753548,-0.151590568835877,0.978571642859828,0.861476701360824
1,0.436976451067349,0,0,1,1,1,0,0,0,0,0,0,0.531745842422417,-1.09819756368851,0.156224943751667,-2.08264314767063,-1.66255965035396,-0.310327639857841,-1.2547327084313,1.08320241331218,-0.338635305793946
1,-1.39645043548881,1,0,1,0,0,0,0,0,0,0,1,-0.616398748195886,1.19190312838527,1.74226994190663,-0.471829178485048,0.496529799435524,1.87504120474411,-0.822901484858609,-1.90460198487199,0.28351084088991
0,-0.348933374530661,1,0,1,0,0,0,1,0,1,0,1,-0.152496402790049,0.0173379859528958,0.635835359944705,-0.145528266994609,-0.455093433066563,-1.4092456877036,-0.21798709475979,-0.295186812720118,-1.01527297932017
1,0.814411729071184,0,1,1,0,0,1,0,0,0,0,1,1.2115706889127,-0.596782695239607,-0.689352674195959,1.1315837901451,-0.913515763021285,1.29088934364091,0.915805708413765,1.11670192682139,-1.28209338728047
1,2.44472500369145,0,0,1,1,1,1,1,0,1,0,0,0.196178013136449,-0.852716877326901,1.68348304064012,-0.369127787753035,2.51488487595871,-0.347558078452544,0.246484857879943,0.459262497114569,-0.130941321049847
1,2.42334677593066,0,0,0,0,1,0,1,1,1,1,1,1.04261933592165,-0.876515997518717,0.320844790005064,-0.79010846844636,1.8149065878486,-0.083553352959398,0.457540316869851,0.365318234997642,1.63063861798055
1,-0.792716456845089,0,0,1,0,1,0,0,0,0,0,1,0.265414461624777,0.340090780956368,-1.45259759674465,0.522233088007121,0.810658720799091,-0.605586081953134,0.211105071224303,-0.681314967747801,-1.10696606412242
1,-0.620951855107756,1,1,1,1,1,1,0,1,1,0,0,-0.84565676187565,1.12790138344596,-0.929201397814815,-0.724232957665096,0.820942206433044,0.387614981597651,1.41978431932817,-0.764336273171618,2.36084563278396
1,0.266523008954889,0,1,1,1,0,0,1,1,1,1,1,-0.18024346346864,-0.401822578680244,2.31251427787379,-1.14268625486872,-0.714477893802238,-0.242579085557729,-1.11549214307058,-0.995682354297962,-0.325901823966972
0,-0.381066218408938,0,1,1,1,0,1,0,1,1,0,1,-0.286611325085547,0.757787835110235,0.458120564358977,-0.336926791756596,0.541108353469878,-1.19147884257395,-1.83880887315705,-0.481316928135156,0.999911669915755
0,-1.12863979844863,0,1,0,1,1,0,1,1,0,1,0,-1.07755485459733,-0.611047712214317,0.687351780947828,0.709646291833156,-1.18455352556102,-1.66884326094384,-0.567882868985206,-0.327550333051096,1.59659450827951
0,-1.39875887634822,1,0,0,1,0,0,0,1,1,1,0,-0.30804657343117,0.480618351342539,0.289953839439652,1.09995715509986,1.49846842444854,-0.612622159402578,-0.285796628926175,-0.517638487511808,0.686083744988783
1,0.161786146495454,0,0,0,0,1,1,0,0,0,0,0,-0.502786208021859,-0.6015788630497,1.38478944339714,-1.41592001910039,0.38860153139397,0.96354723633632,-2.35404434450652,-0.799055404738591,1.06498474576118
1,-0.0699806416580672,1,0,1,0,1,0,1,0,0,1,0,-1.91123739013815,0.490298496559693,-0.150471954297884,-1.5152941455416,0.226308653717646,0.070922398964444,-0.109006867536403,-0.701939829864901,1.85783798465177
0,0.502049315155597,0,0,1,1,0,0,0,0,1,1,1,-3.17593808280402,0.121062552258832,-1.19226193903892,-0.688697940416379,0.384205768397115,-0.399347004607733,0.661932218702968,1.54229288798568,0.143887431073173
0,1.79882982376601,1,1,0,0,0,1,1,1,0,1,0,-2.36150548781446,-0.596170940503506,1.07021831032084,-0.381739908812287,-0.657024936028058,-0.872202562289357,1.83064156017934,0.460078016966776,0.360373261003247
0,1.49599919249359,1,0,1,1,0,0,0,0,0,1,1,-1.40014526203376,-0.159107919109551,0.116890908412928,-1.41168123299006,-0.572408918892453,0.930546847287906,1.91498317597575,0.300492864450932,-1.5157578905458
1,-0.567912316739345,0,1,1,0,1,0,0,1,1,1,1,1.95333236276881,-0.327190554009172,-0.268286325811072,0.352704244601545,-0.536405713582156,0.518802179042507,-0.222391054555643,-0.321994256477102,0.631604275046633
1,-0.796867174031281,0,0,0,0,0,1,0,1,0,0,0,-0.230034240063939,-2.84869922294968,2.9400365124712,1.61276688728013,0.283450682045556,1.37279656659972,1.60801490930225,-0.710657003400742,0.400743799547838
0,-1.79348736022956,0,1,1,1,0,1,1,0,1,1,0,0.697152903192692,-0.574187312704728,-0.374135283630445,-1.46272468621124,1.13208627765512,-0.900929141444651,0.209806256304355,-0.254594592903466,-0.176349231172148
1,0.504328884987693,1,0,1,1,0,0,1,0,1,0,1,-0.10367950651709,-1.9649359851166,0.992157147700692,0.134401786892384,0.926428860294929,-0.825087062697681,0.433022846159233,-0.379410476296457,0.670650360304503
0,-0.0788987222330271,1,0,1,0,0,0,1,0,0,0,0,1.39055832567698,-0.138686406389172,0.117871569825633,0.408980609606739,-2.07592587352393,0.38103200463262,-1.28870310741812,-0.0477558749609052,-0.935833674883748
0,-0.810135364884443,1,0,0,0,1,0,1,0,0,0,0,-0.709910984218912,0.786005872066636,0.0382681309481935,1.16189468293952,0.513687380946695,0.840528501959152,-1.71553754738824,-1.60313206722899,-0.69707205497236
1,-0.66271588624895,0,1,1,1,1,0,0,0,0,1,0,-0.611855602451537,-0.180363061321674,1.57770101685491,-0.371494678586531,-0.0143511534302343,0.869478751019534,1.36768107798759,-0.218983735857045,-0.942197165588536
1,-0.624665611444259,0,0,0,1,0,0,0,0,1,1,1,-0.17367101033193,-1.0507190120812,1.56301933491048,1.42879296342484,1.93932550491672,0.345383260790292,-0.546134772761549,0.103787343903574,-0.144919570271695
1,0.744618192816399,1,1,0,1,1,0,0,1,1,0,1,-0.397639429964103,-0.343031142972963,0.214433799028636,2.00535563497938,-0.378746972094014,-1.25421337898441,0.400787891575361,-0.355662265072405,-0.688170754120926
1,0.45594571786296,0,0,0,1,1,0,1,1,1,1,1,1.80729112148254,-0.212086740049257,-1.4841814124594,-1.04979585803182,-1.02236797472908,0.545580529380413,2.36344251164435,0.945219194516551,0.72131437878523
1,1.27974771366654,1,0,0,1,1,1,0,1,1,0,0,0.590561091987862,-0.181767051056747,-0.448087698788748,1.21533404860506,0.516578068141795,1.92780442910546,-1.02150682695136,1.94416774015504,2.90838423873227
1,-0.540769137151599,0,1,1,0,0,0,1,1,1,0,1,1.54228189326399,1.79083364138359,-0.515057274100388,0.439619673965937,0.344068922466372,-0.0133724630369137,-0.630036820573734,-1.45099712899499,1.27797877426914
1,-0.315845101324964,1,0,1,0,0,1,1,0,1,0,0,0.724995293276068,0.725103973544173,1.29437978818738,1.90128355293867,-0.283535060404918,-0.231011399497431,-0.404465074141953,-1.71658075788221,-0.560893293989465
0,-1.61429827302033,1,1,1,1,1,0,0,0,0,0,0,0.950287713759267,0.265672819638174,-1.57733286941963,-2.34807795982134,1.30119421003151,0.0336565983866958,-1.0067033135951,0.194751130617862,0.55887386629358
0,-0.580613910401073,1,0,0,1,0,1,1,0,1,0,0,0.429786031484719,0.685141653908755,-1.09543809199891,-0.572804943738873,0.795585564085022,0.0133457752921175,0.762410585317159,0.26712864515863,-1.01589259950177
1,-0.736711441800128,0,1,0,0,0,0,1,0,1,0,0,0.655453585116911,0.754196206680117,-2.13626092019932,1.03864824232895,-1.06477217514317,-0.0181404194802128,-0.056149825277932,1.05636666413131,0.310269089531821
0,-0.0950273733393664,1,1,0,1,1,0,1,0,1,0,0,-0.381421473171622,1.71954646920421,-0.923030193565207,-0.710829297559399,-1.84911059051142,-0.709520709405893,-0.0875336417263998,0.0123764585619599,0.963586286035347
1,0.375353769306505,1,0,0,0,1,0,0,1,1,0,1,-0.571881090012257,-2.03025493488996,1.51286838065541,-0.0239811604564248,-1.34343221666671,0.346833199683325,0.702246756251502,0.383516723712434,0.361692254524507
0,-1.59173189800319,1,0,1,1,1,1,0,0,1,0,0,1.02132582755691,2.42454879046323,-1.10292184783999,-0.647882137078481,0.257734901487034,-0.488793389675654,0.429642950809752,0.0612404474307844,-0.746140908206666
0,0.523657509571589,1,1,0,0,1,0,1,1,1,0,0,0.82777501209978,-0.947920236682101,0.0634914535934938,1.97359020097992,-0.177483678376996,0.218151546699286,-1.20309760344306,-1.57361995991191,-0.295982764851642
1,-2.12642031731039,0,0,0,0,1,1,1,1,1,1,0,0.178603602456661,-0.796699387163177,-2.03873130156102,-0.688347092795686,0.691547217247176,0.300255491708481,-0.60458393136682,-0.471606156007997,0.403528612665549
0,-0.00142281501951285,0,0,0,1,0,0,1,1,1,1,1,0.577748663633162,0.852415580048587,-0.161725236623918,1.00733814962915,0.88165878176407,1.29909467290782,0.496128878668389,-0.421340677993619,-1.09785461284239
0,0.995476782830654,1,1,1,1,1,0,1,0,1,1,1,-0.22181450216962,-1.45282624855854,2.54958849736765,0.772087506259735,-0.708524413472424,0.281715410331089,1.08778960587684,-1.61665688889611,1.14419017348822
1,1.18596595534231,0,0,1,1,0,0,0,0,0,0,0,0.309198579918917,-0.496048018436719,-0.753286445967197,0.392271035374835,-0.0388041442208524,-0.0308356074354797,0.162363967054604,0.747143921878437,-0.218113034923268
1,-1.06677953715871,0,1,1,0,0,1,1,1,0,1,0,-0.634673932133524,-0.567359175715416,0.581328323785945,-3.294707848217,-0.752483459384778,0.587498821769253,0.763634950153465,-0.660412902284512,-1.66674471148183
1,0.613058255911006,1,0,0,1,0,0,0,0,0,0,1,-0.73674381398977,-1.26958615008784,-0.513240605470213,-0.286346271194559,1.42893711330288,-0.866294510286882,0.377018596699391,-0.393649926811644,0.71044291678197
0,0.680513193490912,0,0,1,0,1,0,1,0,0,0,1,-0.224012615757647,0.222656867108359,0.984254246226542,-1.52375254096204,-1.17035451684048,-0.416905060642589,0.259226697093393,-0.0418434753931964,-0.544973023290999
1,-1.91334048325456,0,0,1,0,1,0,1,0,0,0,0,0.367796392070464,-1.24971051053212,-0.796973314490379,-1.83112426537994,1.78607211240633,0.908331179057897,-0.0927447458374302,-0.413704163282892,1.12939831742303
1,0.929676646801061,0,0,0,0,1,1,0,0,0,0,0,0.139651626144354,-0.693595029752713,1.03299096379558,-0.627181143252263,0.0912501256097622,-0.38852847670162,-0.648953605597093,1.58096444903379,-1.55074076518356
1,-0.922075835816268,0,0,0,0,0,1,1,1,0,0,0,-0.80848310788066,1.1383089056917,-0.206771796806662,-1.75707125780484,1.7016122782988,0.0324951201753327,1.22010909932804,-0.915932388678409,-0.676152912455317
1,0.199124527473902,1,0,1,0,1,0,0,0,1,1,1,0.694651549896041,-1.17306717108176,0.303765669019362,-0.810769615587367,-2.47286470747077,-0.542336466574254,2.39871491167671,0.698858298675924,-0.761781895437207
0,0.456427939658786,1,1,1,0,1,0,1,0,0,1,1,0.192309668457095,0.356504542164825,0.533022353017092,-0.80347028680881,-0.227344515398128,-0.135534672701543,-1.4676200854956,1.70254722211797,-0.869243878936196
0,0.825708561460185,1,0,0,0,1,0,0,1,1,1,1,0.083514704186753,1.01319002480207,0.115075629508053,-0.1185560767212,0.31051754456914,-1.42206183014722,-0.200803568530644,0.567141581008268,-1.7044015564023
1,-0.571949831481252,1,1,0,0,1,0,0,0,1,0,1,1.03336379075283,0.565737308771389,-1.29535220689151,-0.494578974628738,-0.857555261183203,0.965121973702926,-1.08603743466214,-0.556999487693938,-0.374807972133025
0,-1.28901318489039,1,0,1,1,1,0,1,0,1,0,0,-0.598175122311613,-2.00299014396198,-2.42172296696606,-0.428092073470023,0.234160827150426,0.191688914753944,1.0099658635894,1.21825513763217,0.126109297616246
1,1.35737538888032,1,1,0,0,0,0,1,1,1,0,0,-2.3337504662966,0.278707116255791,-0.0857751015848262,-0.798649399182402,1.72778569092408,-1.3079527872938,-1.415848557421,-1.15566846034187,1.06247616322874
0,-0.678237228146824,0,1,0,1,0,1,0,0,1,0,0,-0.314126289595426,-0.886127087004957,-1.04582096966035,-0.118811417782496,-0.157428201476825,-1.3198496520853,0.0819752394588023,0.342215966739429,1.26037402648448
0,0.155134781382809,0,1,1,1,0,1,1,0,1,0,0,-0.265649566225599,-1.54346077973582,1.00605136802214,2.25377357512879,-0.295129593154017,-1.62118528789424,0.436813116789505,0.286261445551238,-0.400409070577741
1,1.683460532434,1,1,1,1,1,0,0,1,1,0,1,-0.577873043891145,1.02874008454423,-0.0842766299275599,-0.510382359154915,1.29047109245997,0.523834701412279,1.76027101886304,0.838752650781967,0.122576916201494
1,0.76146365193794,0,0,0,1,1,1,0,0,1,0,0,-0.604992724085694,0.603175625974159,2.10887371947794,0.273565851267268,-0.572262127852012,0.0952175002279541,-1.5805961241598,-2.06243462290471,0.372598984851488
1,-1.35388382763042,0,0,0,0,0,1,1,0,0,0,1,0.786531059419958,-0.0130838015253512,-0.52273858096544,0.636294899161249,1.22623450134785,0.662573773734656,1.59198439667945,0.253384865597953,1.32208261101096
0,0.989043719559837,1,0,1,0,0,0,1,1,1,0,0,-0.390644449631344,-0.443202596639337,-1.66056378126669,-0.115529745441372,-1.64780228568236,1.79642704159529,0.841260190301495,-0.824296369910854,1.18536271570077
1,0.196643138758559,1,0,0,1,1,0,0,0,1,1,0,-1.45696148840895,-0.000863943834378841,0.854769342537354,0.186376914837594,0.16259772074131,-0.210109482058048,-1.23970268315102,1.61097520121559,0.171135206196599
1,0.159244609497421,1,1,1,1,1,0,0,0,0,1,0,0.525120673067291,0.697144351348522,0.6598017290267,0.601372227065604,-1.58124323953921,0.762108149578768,0.129290850740502,1.13896010653864,-0.667467114639426
1,0.871644133067464,1,0,0,1,1,0,1,1,0,1,1,0.561071558661444,-0.270633468130655,-0.507033591027578,0.366523454121708,-1.68621372524925,-2.6716378048848,0.620450841671412,-0.498987127230989,1.56107909398852
0,0.965697110601725,1,1,1,1,0,0,0,1,1,1,0,1.20013112709217,-1.10808048697882,-0.589969607857405,0.436450664821071,-1.07600228473572,-0.623743160488859,0.141821865283802,0.23648629911163,-0.598381895274725
0,-0.481351559507738,0,0,1,1,0,1,1,0,0,0,1,2.37453273402924,-1.29824352037215,-0.485428687483071,-0.0575140783168915,-1.49334808302913,1.03334959987227,1.25586847398707,0.389659783798295,-1.28683579320901
0,-0.323255083078494,0,0,0,0,0,0,1,1,0,0,1,0.925377551620717,2.14688691924331,-1.38813172830737,0.317289856411277,1.00643545878995,-1.30029247024406,-1.6522088860066,-0.210227576626874,-1.81185020821808
0,-0.292933490843843,1,1,1,0,1,0,1,0,0,1,0,0.896610853647854,0.698722943905008,0.0742969525177905,0.558508794147136,-0.267347014711347,-1.26218376987536,-0.304107698189174,0.104304789589237,1.02628206678383
1,1.45609512890929,0,1,0,0,1,1,1,0,0,1,1,0.853143871727942,0.110293881992619,-0.285582212609504,1.19646187737851,-0.878422418752238,0.673722363601403,0.537280316899888,-0.968106134192291,-0.651409742508627
0,-1.62300300851838,0,1,0,0,0,1,1,1,1,1,0,1.28331131174119,0.202746892321895,0.828146640576521,-0.970069423094364,0.273277367222098,0.717722610948448,0.245871017418644,-0.924801912358111,-0.511618697446709
1,0.199739332572239,0,0,0,0,0,0,0,0,1,0,1,1.17066730855345,-0.35608629572381,-1.88085843641106,0.144915338443406,0.138993022627335,-0.538535225339528,-0.925633534623617,0.575252071067008,0.776003910720365
0,-1.62345134297637,1,0,0,1,1,0,1,0,1,1,1,0.13198989896086,0.103928153888512,0.0303127266090343,2.28790201817783,-0.750533412533629,0.0127760777210769,-0.724368214254348,-0.438061498485444,-0.159813319618107
1,-0.631899159106689,0,1,1,1,1,0,0,1,1,0,1,-1.28645705090245,-0.682944146530698,1.01065208059041,0.297070295303791,0.903820732328172,-0.304053455224152,1.90144744704791,0.580198083917725,0.204487453903312
0,0.944288723460641,1,0,0,0,1,1,0,0,0,1,0,-1.9128012887669,-0.462030463950415,2.09708520932569,1.07167773794003,-0.014664161335015,-0.400901866346117,-0.198452664773763,1.62968461247455,-0.860236834869007
1,-0.250298851197672,1,0,1,1,1,0,0,1,0,0,0,0.0153167733650862,2.4722771991971,0.318654005702668,0.106179331606162,-0.866471686549686,1.22791287233643,0.293104603181452,0.869965745369794,-0.204600013156524
1,-1.68360012199385,1,1,0,0,1,1,1,1,1,1,1,-1.43049477530517,0.66323580906349,-1.82298771163619,-0.959437791375478,1.03365490638127,0.901929570770917,0.573733039398209,0.794281497723535,0.0880966981303117
0,0.0786988596329501,1,1,0,0,1,0,0,0,1,0,0,-0.947558345047654,-0.987714091139852,0.974087651065212,1.41235566868508,1.08187978587989,0.884961816512226,-1.29194637392897,-0.609605027605359,0.556348539618236
1,-0.129246481498252,1,1,1,1,1,1,1,0,0,0,1,-1.05682011020711,-0.511245058213679,1.03224165567084,0.421415636060963,0.440225082676149,1.54180279550048,0.990395156721454,0.094469784916943,0.33266270039942
0,-0.366181314902901,1,1,1,0,1,1,0,0,1,1,1,-0.96747110567008,2.10737238607405,-1.01900448264516,0.590449313517816,0.707807821180729,0.0111898324768474,0.848596386248358,0.246207820312676,1.59052421810089
1,-1.60771902191294,0,0,0,0,1,0,1,1,1,0,1,0.0947576185427082,1.19914322698075,-0.0922827489933444,-1.12167079838419,-0.402983405897849,-0.0990586452330376,-0.920332290448141,-0.937535393845663,-0.317438703536201
0,-0.681939979437929,1,1,0,1,0,0,0,1,0,1,1,1.70386492059567,0.369293429223032,1.2310296385469,-0.989415022444008,0.56193575477271,-0.0374121185483535,-0.800338915947174,1.19027898763425,-0.717112451693695
1,-1.66270303020745,1,0,1,1,1,0,1,1,1,1,1,-0.914380298635019,0.748682624747401,0.0194784340226552,0.531667989496958,0.0121619831285339,-0.282734941790226,-1.80838921995183,0.38175507469039,-0.157950584032393
1,0.584274580598947,0,0,1,1,1,0,1,1,1,1,1,1.0620010084548,1.45029589681969,-0.284173913888675,-1.00243543039883,-0.718958607214649,1.13893573255323,-0.00711573567261426,0.668981101622164,-0.0606983770892323
1,-0.0828887657163313,0,1,1,1,0,1,0,1,1,1,1,0.242058475687948,0.871288955357806,2.5084097938777,0.503133244001235,0.433887282627814,-0.0189517184879856,-0.559153858099862,-0.203828907032132,1.14611245136249
1,-0.256201340706588,1,1,0,0,0,1,0,0,0,1,1,-0.986845559627031,-1.1150341416838,-0.688256676725729,0.519735861744234,-0.927897931743719,-0.868358805860414,-0.565974866723353,0.889482098611674,0.387640469907198
0,0.167152584856378,1,0,1,1,1,1,1,1,0,1,0,-1.3034642691784,-0.50765294323115,-0.424123589585801,-0.743749074913034,-0.286244681816169,0.117065246268345,-1.1692248260253,-0.290284221518079,1.3573532912641
0,-0.821403090531244,0,0,1,0,0,0,1,1,0,0,0,0.718609340419971,0.299842423428779,0.250907241489851,0.0804151300370068,-0.525917144345062,0.0337831580389115,0.238616809970154,1.68549199975548,1.57468802781734
0,-0.531463284617821,1,0,1,0,1,1,1,1,1,1,1,-0.307766543561164,0.489056729596509,-0.309612164914521,-2.17435264088897,0.553805577978771,-0.450333109021132,0.691330542836337,1.28379135237835,0.208383967785215
0,-1.24969984525087,1,1,1,0,1,0,1,1,1,1,0,-0.500113916994784,-0.432416961706324,-2.03003356883497,0.0520810676347813,0.867222245781952,-0.996436124694923,0.604656302929239,-2.31865557220351,0.882982319776827
0,-1.86794451550104,1,0,1,1,0,0,0,1,1,0,1,1.41909487980355,0.152055959774073,0.526783255625868,0.835475478495018,0.0383267205058663,0.781694814407239,0.431630708443601,-0.20979698434848,-0.437259197810035
1,0.16165129612769,1,0,0,0,0,1,0,1,1,1,0,1.06239478656879,-0.20653946554106,1.26082826695105,-1.27367352293928,-0.975952498982302,0.984139509354952,-0.0327724544860494,1.56954847360609,-0.990313149889979
0,-2.36143143246372,1,1,0,0,0,0,1,1,0,0,1,-0.0415022451260096,-0.393791203832321,-0.357286169920483,1.17943850129563,0.986518915234975,-2.19697385073137,-0.448011552128646,-1.1074740844164,-1.36253455461429
0,0.600761240184017,0,1,1,0,0,0,0,0,0,0,0,0.758311923102305,-1.91401523704694,1.84060744602098,0.791793945274289,-0.0331099771373263,0.858516575186604,1.92700291839895,-0.179173050671527,1.32163376172122
1,0.174705042612239,1,1,1,0,0,0,1,0,0,1,0,-0.0618114987541444,-0.457289290568124,0.67957021068701,-2.10868277169204,1.30684671139649,-0.098347359185742,-1.14972887037612,-2.40714565899635,0.475645560707277
1,2.16554047807426,0,1,0,1,0,0,0,1,1,0,1,0.0159054534173991,1.02802208533878,0.186944134620799,1.05355880310327,-0.271899440334325,-2.61682894394232,-0.74469789055292,0.0962379179318237,0.519599712203458
0,-0.082657394198547,0,0,1,0,0,1,0,1,1,0,0,0.356245445416433,0.105330742744783,-0.360163708258825,-0.900200507623299,-0.456951816456266,1.24225781835483,0.0129506645121292,-1.50228127757066,-0.368264282187615
0,-0.681312389857809,1,1,1,0,1,1,1,0,1,0,0,0.0647402938925962,-1.58702043650855,-2.37335191428824,-0.0599692083633919,0.0690056394733847,0.956160399233439,-0.735499669885597,-0.0912772354780502,-2.29151816780698
1,0.692161909862498,1,0,0,0,1,0,0,0,0,0,0,-1.35661274356239,0.68187362322806,0.16407507296761,-1.42450713875726,0.728875935396813,2.01256757288015,0.721814363477021,-0.164837259424774,-0.180482852580757
1,-1.22427943393244,1,1,0,0,1,0,1,1,1,1,0,-0.70740584495237,1.90521611268154,0.3781254312872,-0.831256887460022,0.685808034111285,-1.9602420443613,1.43929637369292,-0.652683122325113,0.347921366246046
0,-1.2456154799744,0,0,0,1,1,1,0,1,1,0,1,0.360162033467918,0.968828216018016,-0.714240901826561,-1.02364943470586,0.853061613690024,0.499740007049305,-2.6060927460011,-0.100555756654239,-0.819114744412059
1,0.844752424700987,0,0,1,1,1,1,0,1,0,0,0,0.894201645779286,-0.273560016499259,-0.077382972934104,-1.79933175924288,-2.49051264448728,-0.22548546104123,0.652396656187635,1.02753901435426,-1.83220714822225
0,1.09970736272082,1,0,0,1,0,1,0,0,0,0,1,1.22514340785992,1.78972499857401,-0.725416056456836,-1.06115376403893,1.66395494133318,-0.376316039123441,0.457646777299502,-1.41387543867771,-2.35438654742223
0,-1.05865276875201,0,0,0,0,1,1,0,1,1,1,0,-0.430864768776601,0.255283420173638,0.292328984349423,0.0850689010618901,-1.13829779184203,0.982080889822383,-0.0938621563161002,-0.459027421080598,-0.0475363416613437
1,0.313161852316297,0,1,0,0,1,0,0,1,0,0,0,0.305214273046197,0.170237553144228,1.17185740724061,-0.0374821384668233,0.89928624512574,0.66752700462608,-1.81528277046892,0.0035412713187588,-0.330073989567568
0,2.08891409430456,0,0,1,1,1,1,0,1,0,1,0,0.256774534555601,-1.60249223597914,0.0521859310022376,2.37982392054311,0.0441793582609661,1.63184402384461,-0.552775651962804,-0.394418579028168,-0.188396531894061
0,0.0133388498716252,0,1,0,0,0,0,0,0,0,0,0,0.490818797301987,-0.558997847911634,1.88319747030167,0.719723549256407,1.15974338212009,-1.18573092637794,1.85870613105066,0.0728574477211845,0.570292835887438
1,0.79777945847133,1,0,0,1,0,0,0,1,1,1,1,2.22544210783963,0.845265323435748,-0.718374149646227,0.996537298167641,0.173441603413668,0.698082238771281,-1.65406510529142,1.34000356600709,-0.281990730013963
0,-0.305579193839537,1,0,0,0,1,1,0,1,1,0,1,-0.478112059792428,0.191089165172181,0.315108249221746,1.35166130785177,-0.50590800400095,-1.32706885732165,-0.224333888355538,0.643134090346801,-0.097185112576611
1,-0.951107449504362,1,1,1,0,1,1,1,0,0,0,0,0.139189623090874,0.283884421772107,-0.168742218060955,-1.07364581290723,0.0213064878222006,0.766892011880752,0.409354724446826,-0.852803267636508,0.15348976963266
1,0.0368301353437801,1,0,1,0,1,0,1,1,0,1,1,-1.52278306203333,-0.903067849083323,-0.855779722526851,-0.8813820556355,-0.246560131383779,-1.14135255202718,0.879873084235694,-1.31776838375065,-0.702471094778816
0,1.86658429787145,0,0,0,0,1,1,0,0,0,1,0,0.283283246240248,-0.61028707233936,0.381064076065119,0.115443327050438,1.51594756351739,-0.0567066211454049,-0.769482143178246,0.777176526315015,-0.81639606863381
0,-0.87259098908871,1,1,0,1,1,0,1,1,0,1,0,-1.58836905485082,-0.812476393581561,-0.209723048298695,1.33351168634917,0.68420617095674,1.12905910577392,0.116900608427654,-0.474355568558354,-1.17345795134034
1,0.914733213799461,0,1,0,0,1,0,0,0,0,0,0,0.165027542421795,-0.948849980044612,-0.875030705471957,0.694474507035612,0.347807343032145,-1.02747072214598,-0.0758409982884497,2.06313915351266,1.02462449457338
1,0.569378056577449,1,1,1,1,1,0,0,0,0,0,0,-0.416801113487269,-0.863771155925284,-0.0985201788994767,2.20587315421193,-1.34374145744547,-0.00411632145266194,0.909083410174472,1.42503851674205,-0.690419480494339
1,1.67919048664682,1,1,1,0,0,1,0,0,0,1,0,-2.02640376846365,-1.60027142494021,0.824960258386716,-0.33712045195036,0.471178021624192,-1.67115341448867,0.60023073911657,-0.748363834764492,0.444058610933716
1,-1.0890213414984,1,1,0,1,1,0,1,0,0,0,1,-1.58213455696425,1.0646747253565,0.518059393353687,0.125573450073506,-0.917781912659767,0.240598531675491,-2.09382113089958,-1.20353142245209,-2.15415065423316
1,-0.506797115122257,1,1,1,0,1,1,0,0,0,1,0,1.57331687870879,0.754795989630217,-1.24187051946872,1.06600787999533,-2.26366075950293,-0.766016329342584,1.28296484776303,0.589457644558291,0.380721954346081
0,1.79668441344454,1,1,0,1,1,0,1,1,1,0,1,1.96234162917413,-0.596417349983642,0.758935052896573,-0.0420360189687935,0.61707899349174,-1.03343549121108,-0.995656207893299,-2.7369037601405,0.591107656082307
1,-1.04303344930451,1,1,0,0,0,1,0,0,1,1,1,-1.48038355327258,0.702846479738093,0.313799505889371,0.468630519721972,-0.0404710734704144,0.283007506001141,-1.02389701209156,-0.917841145732524,1.65388016384853
0,0.609603369333002,1,1,1,0,1,1,1,1,0,1,0,0.247152232020108,-1.02950877148835,0.274376561134997,-1.38045119655399,1.09828534673586,1.15401540771999,0.913374464579428,-2.46303026723542,0.669102901631716
1,-1.46593387539653,1,1,0,1,0,1,0,1,1,1,1,-1.59405951230508,-0.22977004086088,-0.325909670782901,-0.238952759911894,-0.382854054891167,0.205470868002133,3.19848094594307,-0.407873346202021,0.547946983373931
0,2.15755031762583,0,0,0,1,0,0,0,0,0,1,0,0.332759325965397,1.68917859516577,1.96810138608414,0.918283706391217,1.44346703254655,0.376568906426733,0.0573378498976834,-1.57932060523984,-1.7343690288599
0,0.305962964412993,0,1,1,0,0,0,0,1,0,0,0,-1.3768460523642,-1.93270504388899,-1.02238687815238,0.275535421567771,1.04025109580025,-1.25613031971865,-1.44453562909357,1.28642489160231,-1.45480375373027
0,0.0113505264956646,0,0,1,1,0,1,1,0,1,0,1,0.353416426664666,0.638370813136821,1.29964818471773,0.329115512597279,0.139188528096368,-0.790239795305651,1.1004624804397,1.01517396190454,-0.510879391459847
0,2.06633273919393,1,0,1,0,0,0,1,0,1,0,1,-0.147268945832922,-1.89884938833958,1.40231581674153,0.417012252686714,-2.11863007049382,0.758235833143985,0.446027310674129,-0.447425478224723,1.25033730643109
0,-0.333691376292906,1,0,1,1,0,1,0,1,1,0,1,0.374967584435427,-1.57200044541769,-0.437831178438965,-1.0174958496516,-1.12796869248,-1.29434265155167,0.0869530445316301,-0.897911835681687,0.781617333711666
0,1.5579102881785,0,1,1,0,1,1,0,0,0,1,0,0.767356658439035,1.70465141523934,-1.0384199738789,0.808266041380616,-1.77107620028993,0.408163901892346,-0.227058043036529,-1.74164022455442,1.46950990170548
1,-0.0904996968289674,1,1,1,1,1,0,1,1,0,0,1,-0.680220946178505,1.03074665575227,2.17937502206442,0.853591201685456,-0.064636236727315,1.03911904271418,1.39948542785935,0.565477042642367,0.140589146339245
1,-0.846244225461903,1,0,0,0,0,1,0,0,0,1,1,1.34337820228453,-1.54509217633959,1.64589504865995,0.921496439040769,-0.694604904228181,-0.745911746229167,0.212767202805697,-1.31977402196877,-0.208939954650645
0,0.0643495320221891,0,0,1,0,0,1,1,0,1,1,0,1.32072624918151,0.220892723418677,0.275850663258348,0.328043273404424,0.177957582437488,0.0339826234200719,0.472124722698142,1.72588100862588,-2.16667452406842
0,1.2536248764722,0,1,0,1,1,0,0,0,1,1,1,-0.066086558149026,0.830736136650611,-0.240103435214003,0.373537301175171,0.841720317533087,-0.11761759804404,-0.867640333651789,0.341338880970682,-0.926510800749424
0,-0.208387223456587,0,1,0,0,1,1,0,1,0,0,0,-1.15500084391862,0.464646417376916,-1.8956164441102,1.39075270417174,-0.148737022303038,-0.366106308515768,0.941701328006031,0.877151165446346,-0.643981706905484
0,-1.0719815639468,0,1,1,0,0,1,0,0,0,1,1,1.05864490324751,-2.16859762961137,-0.0866500619424245,0.312841767428765,-1.50048919362826,-1.04116668058112,-0.1759683344349,1.42934637753846,1.67597325576824
0,-0.196154328541062,0,0,0,0,0,0,1,1,0,1,0,0.75389674171434,-1.78683215114398,0.180262490657031,0.0871957704135005,-0.745542562859117,0.84247146279511,1.27410636375543,0.185416213457974,0.954484820643555
1,0.413262566273461,0,1,1,0,0,1,0,0,0,0,1,0.411052102875659,-0.54121661677508,-0.897458276910461,0.861807782132986,-0.322372016187813,0.689203012752358,0.156354488972646,0.148477223868506,-0.329858853459186
0,-0.207095646769662,0,1,1,1,1,0,1,0,0,0,0,0.894613081011999,0.279331737885555,0.395407898448411,0.399712816349767,-1.90467359072718,-0.334978927013359,-0.285337226090439,0.335257716158353,-0.514851665098538
1,-1.28358015379519,0,0,1,1,0,0,1,0,0,0,0,-1.00781399824262,-0.512799780262653,-0.875876730081312,-0.646166667761994,0.210217404661562,0.18805707722769,0.0586283887262527,0.604631025189672,1.01671237029833
0,0.887215103714636,0,0,0,1,0,0,1,1,0,1,1,0.381875885473647,0.661473498058082,1.38302951571351,-0.0734561788838686,-0.18831619606832,-1.14247138551953,-0.307036403219496,0.677332369018137,-0.586319189052672
0,-0.61537976718086,1,1,0,1,1,1,1,1,0,1,1,-1.50918701081934,0.78682375945454,0.0434980987606473,1.696361835996,-0.142137544995554,-0.482841613034026,1.02919379257999,-0.316128706298776,1.06653635954671
1,0.577162513479451,0,1,0,1,1,1,0,1,1,1,1,0.439764797351156,0.763871335439708,0.663262795734937,-0.369617797362226,1.39727408589681,-1.05307367208635,-0.785501161190203,-0.312941084050484,-0.346848951739795
1,-0.8817125124297,0,1,0,1,1,0,0,0,0,0,1,-0.439921116660341,1.58361319383783,0.323444339753163,0.620930847759486,-0.6834764614918,-0.267979999103209,0.412744592145142,-0.544613524223213,-0.951430899316984
1,-0.895450143295133,0,1,1,1,0,0,0,0,1,1,0,-0.441304398990811,-0.850040170920962,2.64253344935204,0.348585463504079,0.192805118152865,0.381723313099085,0.807873724054846,0.571884811218812,-1.29886095452488
1,-0.67177161249797,1,1,1,1,0,1,1,0,1,0,0,-0.661696076465306,0.319127707531858,0.000397162937196344,-0.950547502697099,-1.04769091349023,0.832496223216073,-0.0211012249653401,-2.37287868986934,1.57916295119024
0,-0.31038399976388,1,1,0,0,1,1,1,0,1,1,0,-1.88970957268366,0.648655759444018,0.896466571281949,-0.486647732167132,1.63212067110406,0.821084860876536,-0.183625610296961,-0.699154386385085,0.755729501337716
0,-0.479291038641178,1,1,0,1,1,1,0,0,0,1,1,-0.372610603039649,1.09318902187925,-0.843863095849923,0.0177841911566884,-2.34353942666892,-0.576407898436132,-0.101917234749078,-1.02995228278971,1.35910990440822
0,-2.88607638220286,1,0,1,0,0,1,1,1,1,1,0,-1.34307337700464,-0.810459267911244,-1.70597365204259,-0.10648648002243,-0.766673107112446,1.02802483297155,1.03028782822771,-0.256518926734959,1.85890795322093
0,-0.383476203082651,1,0,1,0,1,1,1,0,0,0,1,0.188408038590585,0.275095329509956,1.48249923991107,0.71641772058017,-0.495659397791116,-0.174685409082204,-0.426115231115593,-0.567488378806398,-0.226086631941856
1,1.17386685819468,0,1,1,1,1,1,1,1,0,0,1,-0.736747543906042,1.37216414587002,0.558918887477366,0.547481164767398,0.545944681297261,-1.72180602617724,1.2929057002261,-0.163953558800073,1.33288538063462
1,-0.0719622119975424,0,1,0,0,1,0,1,1,0,1,1,-0.978090525929492,-0.144243850400368,-0.478529901210132,-0.170385491479212,-0.075234051325229,0.382930881818891,2.0944051103859,1.37973847501326,-0.653993794993079
1,0.428892293546055,1,1,0,0,1,1,1,0,0,1,0,0.41378603020869,0.00122049935915064,0.908219174329237,-1.14277065421953,-0.291927255835266,-1.49927751715399,-2.10357609119218,-1.33760118592253,-0.459887074152078
0,0.00773419743076609,1,0,0,1,1,1,1,0,0,1,1,0.187527534382291,0.111416188320389,0.548695688582166,-0.868373494094468,-0.725204847438339,-0.957672186070464,-0.027804617946742,-0.21723546326543,-0.484088544429482
1,-0.781161281640472,0,0,1,1,0,0,0,0,0,0,0,0.696777313114697,0.473617803793865,-0.893250516780768,-0.761388082027786,-0.748269216255122,-0.836359580841177,-2.31481018616555,0.0216415129743063,-0.0261691819201419
1,0.323413182463941,0,0,1,1,0,1,1,0,1,0,0,-0.135829626123481,0.851882753144388,0.858523439646335,-1.60889743621831,0.968861837846886,-2.21918177574747,-1.00682986244042,1.50478183988098,0.342351375826256
1,0.183116717770104,1,0,0,1,1,1,1,1,0,0,0,0.167611184012263,-0.220168259969922,1.05889840234246,-0.161336491222409,-0.611390117982869,-0.351541173235814,-0.478549390017219,-1.15947917486986,1.63339967858689
1,-2.43871286032344,1,0,0,0,1,0,0,0,1,1,0,-0.636804487267865,-0.27695281331053,1.63961436951301,0.188348941199975,-0.165862422115631,0.607300355241666,-0.403677366996876,-0.507379079916658,-0.868735043829516
1,-0.257156708135967,0,0,1,1,1,1,0,0,0,0,1,-0.598289553047663,-1.00085807086088,-0.0965614296076532,-0.500672769405669,-1.74710576953213,-0.416972628024629,-0.161059459176433,-1.10314565434585,1.00086194476843
0,0.624983796205707,0,0,0,1,0,0,1,0,1,0,1,0.471728940856588,-1.83886371154697,0.537977764040184,-0.0476327535529186,0.969917703773149,0.0908899651635981,-0.0877861165886995,-0.780166765942966,0.936243081648416
1,1.06646609063006,0,1,1,1,0,1,1,1,0,0,1,0.688950436114249,2.13264960935778,-0.752349827537295,1.25604796831393,-0.461314227773364,-0.760938257032254,1.670615349467,0.413263432120375,2.15217360121066
1,1.89309113833763,0,0,0,1,1,0,0,0,1,1,0,-0.272403764839743,0.748330695168992,-0.0578062366243518,-0.636878067573301,0.291698527509472,-0.906140700059493,-0.144075062619412,0.103836814798689,0.52085915014677
1,-0.452275141115292,0,0,0,1,0,0,1,0,1,0,0,0.425782136037174,-0.305673632519484,1.51400874234656,0.116777451121356,-0.284467140487442,2.66294838234427,2.32065021905636,-1.60070162096744,-1.07471686465678
0,0.278981568297207,1,1,0,0,0,0,0,0,0,1,1,0.070815360829204,2.00656857856542,0.47694413438612,-0.649903032699154,-0.0831418702226239,-0.424115042192399,-0.736250363356489,-0.924780581298735,1.45835922537493
1,-0.253175801416935,1,1,1,0,0,1,0,1,0,1,1,-1.36990065765049,0.384603647213779,-0.684907940260319,0.380029001603221,1.87768797060481,-0.687774120089157,-1.36026108413668,1.48138002688248,1.12069886271994
1,-1.69340761653477,1,1,1,0,0,0,1,0,0,0,0,0.819967273007855,-0.0763485730829092,0.527790980204489,-0.58706604127487,-1.44163526619891,-0.40598873605027,1.33011527907046,0.415687795309906,-0.650899809942382
0,-0.335790042515045,1,1,0,0,0,1,1,1,0,0,0,-0.815375022896269,0.618476046082211,2.64398053451301,-0.276700200955816,-0.38187163605193,0.579320448864608,-1.58592586412326,0.244028733006217,2.40354186067756
1,0.913696954404367,0,1,1,0,1,0,1,1,0,1,1,0.39978666513246,-0.476063376493022,0.746730900757477,-0.468957056996455,0.0875606701592329,0.479648433326909,1.16251341443203,0.519189527114314,1.70260689189505
1,0.99427660364015,1,1,0,0,0,0,0,1,0,0,0,-0.976265651081527,0.46886958163456,1.25288733641742,-1.25158812807755,0.202045950810354,-0.746510609305201,-0.279338149905359,-0.53476659216105,0.557635129350944
1,-1.93889721227061,0,1,0,1,1,1,0,0,1,1,1,-1.0470816767896,0.0316587322084163,-0.156442413610788,-0.454717958185792,-0.32526636648697,0.350830463837502,-0.00860689179132107,0.179811813626134,-0.45466959489967
0,-0.139496721844171,0,1,0,0,0,1,0,0,1,0,0,-0.193575770147081,1.96396382605781,-1.38973196077328,-0.91659690541764,-0.582694317235357,0.560075267102832,-1.81743651649563,-0.627240393703223,1.66576425902774
1,0.593846147685327,0,1,0,1,0,1,1,1,1,1,0,0.940561294795534,0.778695380238393,1.50912926539998,0.660645984389443,-0.397013513539057,-0.40188822808836,1.00028403089677,-1.28708101366101,1.00996089490516
0,-1.42279409410728,0,1,0,1,1,0,0,1,0,1,1,-0.132707348660004,0.381120966786937,0.409557253223297,0.884438396101827,-1.65705047076385,0.310011738511308,1.65983262195806,0.435896043999018,-0.901088995260381
1,-0.945557888859524,0,1,1,1,1,1,0,0,0,1,1,0.428208297917959,-0.0382330313498713,-0.774991579822029,-1.98306009311609,0.0984957216385866,-1.38761939296212,-1.38476705190061,1.20867255243491,-1.56149667690624
1,-0.696468449422642,0,0,1,0,1,1,1,1,0,1,1,0.767091549931337,-0.362020107414286,0.374296630987563,0.518857417916241,-0.073626410935907,0.92597964847916,0.917509567012223,-1.31923381825476,-0.839227654999486
0,0.389166999914031,1,0,0,1,1,1,1,0,1,0,0,0.2060515529131,1.06135704137339,-0.988579171768043,-0.983840148271077,0.810353138373751,0.125226871830849,-0.426168198612381,1.15722036057364,-1.08045080426391
0,-1.35935926689664,1,0,0,0,0,0,1,1,0,1,1,-0.983240815935305,-0.267230653380852,-0.0379446541517813,-0.106000996609478,-0.697550197675664,0.323894641598217,-0.869275462432447,-0.902661596183175,0.776240723701629
1,-1.01894060321306,1,1,0,1,1,0,1,1,0,0,1,0.644743625206273,0.888632218350719,0.615411360423238,-0.717997618908247,-0.642918377807223,1.85262294619657,0.974877840570333,-0.637186825832045,-0.0436112814151675
0,2.12453058129941,1,0,0,0,0,1,0,0,0,0,0,1.50524382795337,-1.16688261985968,-0.028045928007013,1.41958295605279,0.148356752935048,-0.298638099370789,-1.02688574506932,1.16702678788971,0.782662038803725
0,0.696375264459233,1,0,0,1,1,1,1,0,1,1,0,-1.01591979437161,-0.724552921242208,0.887755047952706,-0.428966613754833,-0.616456218886918,2.69038632837174,-1.32786927880402,1.24363356631672,0.254011187372644
0,-0.574932091790899,1,1,0,0,0,1,1,1,1,1,0,-0.399390870357799,0.251974115411141,0.201149539821702,0.684830289601451,-0.335181454257067,0.262410146697076,-0.305136337952284,-0.234777936122332,-0.327959842949064
0,-0.484624976740576,0,1,1,0,1,1,0,0,0,0,1,0.584588103661424,1.15312965446209,-1.47954270478466,-0.341397519701249,-1.25500426562227,-1.15021686930419,0.708723417845836,-0.578074320804984,1.46183353359433
1,-0.0781679789304944,0,1,1,0,0,1,1,0,0,0,1,-1.42217558203868,-0.944389777876327,-0.352171065658902,0.442023946218997,-1.37827459932364,-0.352786781667317,-1.49919937321271,-1.60569888693498,0.0594309210007967
1,-0.326944498547674,0,0,1,1,0,0,0,0,1,0,0,-0.436665766145531,-0.945346157733839,0.415454282106755,-1.17341437426999,-0.261411260525953,0.450037273829987,0.541400370814642,-0.425299384327363,1.53381673179291
0,1.5067164650126,0,1,0,1,0,0,1,0,1,0,0,0.784650662483549,-0.731970678941345,0.0161919791912532,-0.00336166206287271,-2.37854112032294,1.20305941746859,1.56247356556714,1.51559162066299,0.0405535535635808
1,0.16004963466666,0,1,0,0,0,1,1,0,1,1,0,1.41162089556011,-0.955815541484547,0.368171335930194,1.08475204435497,0.438812986803516,2.08620879732542,0.280251097998967,0.439498957011061,0.33091755755627
1,0.642086054407779,1,1,1,0,0,1,0,1,1,0,0,-0.484782180205172,-0.194934167207703,-0.444694284016673,-2.32647867770209,1.00023920529965,0.995996771486619,-1.0205822256579,-0.684293616429667,0.998360844150361
0,-1.44135648634759,0,0,0,0,1,0,0,1,1,1,0,1.80058610599374,-2.43350374527386,-0.00623515664593563,0.40587574997941,0.404408297052084,-0.5230036278871,1.22448027162872,1.43417086816416,0.194576312272008
0,1.74812662241437,1,0,0,0,0,0,1,1,0,1,1,-0.632260466728355,-2.07871227810904,0.255271870617092,-0.846495636230392,0.312012161965286,-0.408852429571572,-1.97559910239488,-0.413995130514064,-0.544278877335159
1,1.81966724812022,1,0,1,0,1,1,1,1,1,1,0,-0.593155325852383,1.25825125651615,-0.594222067215442,-1.27483070159005,-0.246469485226445,-0.770065954445158,0.257818634591064,-1.28441816747714,0.533340230129311
0,0.840144765525417,0,0,1,0,0,0,1,1,1,1,0,0.474791205237366,-0.406676352888644,0.059713275859763,0.597591445622714,0.957633843766737,-2.47197907114276,-0.939839004683635,0.0942533318187111,-0.576589220143735
1,-0.304475140995453,0,1,1,0,0,1,0,0,0,0,1,-0.816046004577471,-0.853889872536909,0.564971873658654,0.427190649637952,-1.56162135770091,-0.603568287667093,1.54443961642791,0.31548985089169,-1.96709014062435
1,-0.0990068032173883,0,0,1,0,0,0,1,1,1,0,1,0.0342950430864923,0.688872739864594,-0.526915517257742,-1.99660389892888,0.994271181436259,-0.278521035482054,1.67741489329511,0.0388325523061394,-1.32848145150405
1,0.550923484407573,1,0,0,1,1,0,1,0,0,1,0,0.860309314251348,0.934027628449163,0.0730068963385875,-0.745193925550292,-1.39118593491852,0.424044209371647,0.367406160823218,2.05074770693206,0.463062097493626
0,-0.16857402205807,1,1,0,0,1,1,1,0,1,1,1,1.18434845157543,-0.0392769789487556,-0.379280757469023,-0.209808410294057,0.678329188523302,-0.67281645336956,1.25504267419421,0.0542777897048565,-0.484880088706819
0,-1.41621408866392,1,0,0,0,1,1,1,0,1,1,1,0.384206741260212,0.149666264228832,-1.33810056288752,0.994204973217562,-0.227496049123006,-0.359180556000425,0.609305806757174,0.537539324640357,0.841225579847986
0,1.15166146424678,0,1,1,1,0,0,0,1,1,1,0,-0.953688942576233,1.17874711722111,1.3393253162829,0.39630885119323,-0.508000859133648,-0.834527488570901,-0.35330270818505,0.844953219932516,-0.07535407577221
0,1.37716600937066,1,1,1,0,1,0,0,0,0,1,0,-0.331777074206531,-0.456386698659324,-0.401111866926691,-0.273537066418837,-0.969817619736048,0.333670689970312,-0.493239468079103,-0.971544440551525,-0.738522837902342
1,-1.35556328515205,0,1,1,0,0,0,1,0,1,1,0,-0.115562228821859,-0.182117374297153,-0.404332476776869,0.211733248194456,-1.5588339631103,0.90139068374265,0.456530947853974,0.528142011441141,1.05502835467285
0,-0.198465971471863,1,1,0,1,0,0,1,0,1,0,0,-1.13324921927487,0.0341954289309008,-0.27721802448008,1.61988724057585,-2.26679848911049,-0.0181028962485023,-1.15300260314988,-1.90289383990543,-1.08801059365331
1,0.682102944508601,1,0,1,1,0,1,1,0,0,1,1,-2.214153457717,1.17326523739455,0.232736708345254,0.506667155102905,0.615204334186415,-0.523673242690686,0.0814107500221331,0.168700256787196,2.06241437845856
1,-0.521652138484047,1,1,1,0,1,0,0,0,0,0,1,-0.210109182264474,0.101706933140824,-1.60687796008276,-0.449509315642052,-1.32308024394641,-0.995694812967321,-1.14520518858744,0.802622049974262,1.09582697269258
1,-1.55609478987332,1,1,1,1,1,0,0,0,0,0,0,0.229837004816526,0.441988589950186,-3.16488463854221,-1.08471815046841,0.366336040226543,-1.20497854498285,-0.254209926140815,0.985810171186799,-0.209053137436412
1,-0.661480109526094,0,1,0,0,0,0,0,1,1,0,0,0.61083481521802,2.21650538125963,-0.566101425937769,0.0855697421992943,-0.187871904995303,1.51510527607097,-1.03933572935589,0.577267552219621,0.597322859715916
0,0.224001976341495,1,1,0,1,0,0,0,0,1,0,1,-1.73278113713902,0.49478998435103,-2.10440922163829,-0.348323081809035,-0.648064946569205,-0.499399026450226,0.616872989001874,-1.85709564519806,0.647842512962937
1,0.138058601902551,0,0,1,1,0,0,0,0,0,1,0,0.237303444259525,-0.521858049766661,1.04894816998831,0.818315466599793,0.0736228820953988,0.205886922339467,0.788879883990061,-2.31984540367716,-2.81876913713908
1,-0.341920803391671,1,1,1,1,0,1,1,0,1,0,0,-0.0342082363579565,-0.464996052239336,-0.758772050580542,0.128527032829797,1.03867947928561,0.085733465135599,-0.653945969806001,0.471537110636091,-0.628611362922343
1,2.29070287949677,1,1,0,0,1,1,0,1,0,0,0,-1.29878595299525,-0.82208587200619,-0.631774481266948,-0.529845543178402,0.528207514368133,-0.124675590368584,-1.14435482946426,-0.11255833479402,-0.815908862110551
1,-1.74636144518851,1,0,1,0,1,1,0,0,1,0,0,-1.14425488672422,-1.16470534123967,1.84895848484237,-0.0304639861389872,2.22079573205408,0.402400990247188,-0.889152504752537,0.0160742162645397,-0.721980132220077
0,-0.0405755460237758,1,0,0,1,0,0,0,0,1,1,0,1.07738718150383,1.53576321585816,0.290718245685062,-1.04154912979313,-0.0697957841721458,-0.909728627934877,0.0590967484386962,-1.32168619097968,0.26607240373327
0,1.97455018297339,1,0,0,1,0,1,0,0,1,1,1,0.802497903708645,1.26252712749861,0.600194689220034,0.197346855683448,-1.81394438310487,0.479085493988386,0.725454297607503,-1.16612953609291,-0.367319373635844
0,0.184656062044119,1,1,0,1,0,1,1,0,0,1,1,-0.259834731468177,-0.0563753776584102,0.747011953658565,-1.18956142637385,0.521720757211993,-0.0771490607240755,1.41329178167074,-1.03235069442294,-0.0785948683447117
1,0.0313317667541443,0,1,0,1,1,1,1,0,1,1,1,0.627364072844765,0.650029720154595,0.275451364326966,0.825567388078814,-0.64554300772283,-0.0250744291770486,0.0894121446857652,0.273975127014989,-0.0715241274739233
0,0.331547928923893,0,0,1,0,1,1,1,1,1,0,1,-0.181195435365496,-0.320693190786911,-0.130391747394959,0.492152029460147,-0.623510410098586,0.906243260665519,-1.75422110920622,0.00423191073713873,0.259927091171169
0,-0.374196400729213,0,0,1,1,1,1,1,1,1,1,0,0.0874490675474262,1.16543486892783,0.0280545143629835,0.287653015777032,-0.888744102351511,-0.955643000556802,1.20427041999116,1.54679204408005,0.341112197694681
0,-0.33158726439458,0,0,0,0,1,0,1,0,1,1,1,0.436709054494933,0.581516687246807,0.562137691787889,-0.583364015066906,-1.61302789373743,1.4683286038522,-0.890606796897827,0.309497606020416,-0.232547447824676
1,-0.49325042551774,1,0,1,0,1,0,1,0,0,1,0,-0.671564923574945,-0.236278075833823,1.6221886041322,0.862953127118395,-0.569126215503698,0.4905497369384,-0.526727070845785,-0.944586109197674,0.41023832897544
1,0.0732463937736149,1,0,0,1,0,0,1,0,0,1,1,0.231050032963659,0.839298323179294,-0.372189253372715,0.00204099004058203,-1.07428713952551,-0.322343743301851,-1.11396303383266,0.319353161548808,1.44886030238678
0,1.44377297339283,0,1,0,0,0,1,0,0,1,1,1,-0.240924111936581,1.15367668277733,0.818324101109607,-1.647932816734,1.47820140474294,-0.511532695416699,-0.187324231827159,0.572017332007787,0.351998682286716
1,-1.28791652814739,1,1,1,0,0,0,1,1,1,0,0,-0.199818101903478,-0.472763171252261,-0.228020303048711,0.772241264966349,0.218409611388784,0.0734492360697241,0.930209467292662,0.298937893148268,1.05047029595584
0,-0.351713784795171,0,0,1,0,1,1,1,1,1,0,1,-2.26986372571943,-1.29773802851612,-0.525480739534883,1.01231419459497,0.842692236469588,-0.119182380872974,-0.400037576820113,-0.274602318352133,-0.452171351426639
0,0.13988921195785,0,0,0,0,0,1,0,1,1,0,0,1.04263252270259,-0.145347441853979,-1.19146517040034,-1.32726918075744,0.410721628257795,-0.980206494385304,-2.09277898589289,-2.28183112963826,1.43062311561687
1,1.70268195366736,0,1,1,0,0,0,1,0,0,0,0,-0.102338192815352,-0.872835558786687,0.292939962424437,0.514806187796322,1.69917467140362,-1.50595946421826,2.20348564388604,-1.60095231318787,0.424902251362947
0,0.0304355520443237,1,0,1,0,0,1,1,1,1,1,1,-0.0392252113805463,-0.340795655745096,-0.788110364278844,0.215692233666079,-0.588763377329063,-1.7949988406657,-1.43201470149515,-1.01889963275526,0.828986948956059
0,-1.19071711437881,0,0,0,0,0,1,1,1,1,1,1,-1.20520074970146,-0.140232315166834,-0.724524092053023,0.113607230657671,0.57901170988509,-0.0541874962313991,-0.104777939970075,0.804082462014778,0.539497770322662
1,0.453132909675888,1,1,1,1,1,0,0,1,0,1,0,-0.611300305082502,1.042179166114,-0.555663446052769,0.876877606035921,-0.504191729736059,-1.41170594452687,-0.597978614483471,-1.48134391755062,-0.164507495787398
1,1.84577389990053,0,0,1,0,1,0,0,0,1,1,1,-0.0198503480032534,-2.1334379953554,1.32932325520908,1.56225918236857,0.320706413798003,-1.63155533814926,0.63811066174653,0.277688268149007,0.489350158508056
1,1.40314984647763,0,0,0,1,0,0,0,1,0,1,0,0.551129060004283,0.445371422723977,0.0525717813382533,-0.0461696815302938,-1.05333867673057,-0.320768722757838,-0.722044328568961,0.758154593880261,1.12211779522592
0,0.981793163718655,1,1,0,1,0,0,0,0,1,1,1,1.07119683030517,-0.800873533314333,-0.682123329030816,-2.02972044915264,2.31878416884537,-0.454413315313047,-0.648003479416191,-1.25311089912176,-0.356871150316762
0,-1.1826083009307,1,1,0,1,1,1,0,1,1,0,0,2.08794635553692,1.25739632552504,0.0450630676873749,-1.40458735495685,-1.79984726230405,-0.968578794767983,-0.537694257322318,-1.26256367892287,0.296809614957725
0,0.105241768355585,0,0,1,0,0,1,1,1,1,0,0,-0.523730182724834,1.30273189424123,-0.583796258726632,-0.0525596705610614,-0.254684909938434,-0.430593625630014,-1.30320197317198,-0.58272185645341,-0.676602545755237
1,0.937191184855118,1,1,1,0,1,0,0,1,1,0,1,2.07777826319254,1.48616450831079,1.1886793141008,-1.87025129879202,0.904546860988889,-0.215956715366646,-0.217499954214371,0.103137361712079,2.15657512353792
0,-0.911519472394821,1,0,0,0,1,0,0,0,0,0,1,-0.562238818904722,-1.15001717104596,0.510892798419581,0.253317335061471,-1.1630747051884,-1.96828394015422,0.087007612062114,-0.51747887061739,0.228496680101227
1,0.013011544540496,1,1,1,0,0,0,0,1,1,1,0,-0.406502151773209,0.220841593736463,-1.4228080494259,0.86362040541766,-0.499183235703104,1.56397166197161,-0.720392461096129,-2.24740197520452,-0.768082291131434
1,0.767438641230993,1,1,0,1,1,0,1,0,1,1,0,1.36238155978137,-2.99722040108224,1.58979431079155,1.02940070944765,0.447893297809849,0.514985108483962,1.22317334492479,0.198349376159771,0.904109207144955
0,0.933732213971047,0,1,0,1,0,0,1,0,0,0,1,1.18777725050034,-1.64228905211551,0.428836956617568,0.19639216830163,1.03554605654591,0.19192808212385,1.75799194893565,-0.157531827974569,1.23588142697815
1,0.0728371304612794,0,0,1,1,1,0,1,0,1,1,0,1.36719844357947,-0.284508985922061,-0.288185832635059,0.225718257555314,-0.168060528462931,-0.832780541295205,0.109274570650752,-0.0548817881054107,0.602246793693356
0,2.31313261649612,0,1,0,0,1,0,0,1,1,1,0,-0.352734123733537,0.373682730273919,-0.383920608896757,-0.476793920624784,-0.135383836489101,-1.23463181677855,0.374286948461673,-0.599160162975481,0.127243786268475
0,-1.30031136879552,0,1,1,0,1,1,0,0,1,0,1,-2.28044226008983,-0.871988725922449,0.633891241981904,0.039138625113992,-0.133272180583541,-1.83727513849736,-0.256993828158656,0.00144054786324615,-0.23656610457385
1,-1.74605069073487,1,0,1,0,1,0,1,1,0,1,1,-0.402310670309996,-0.960693538467327,-0.620826724223358,0.158869770685951,-0.0125941406188592,0.194880165212688,0.805287168882509,1.16429549068016,0.344376596933091
1,-1.95210203293158,0,1,0,0,1,1,0,1,1,0,0,-0.300690732478485,0.754591507374647,-0.269371050972828,-0.763630109981121,0.290440036760103,1.44815611116819,-0.624255670531891,-1.21411988472994,-0.602046928154146
0,1.49885448512759,1,1,1,1,1,1,1,0,1,1,1,-0.137033158039557,0.419080692495836,-1.57283910281811,-0.438125871090266,0.689944954438522,-1.19118104556177,-1.38740499709213,-0.664570276115855,-0.152545992916596
1,0.289303224929127,1,1,1,1,1,0,1,1,1,0,1,-1.37042223512195,0.0585110874778775,1.44850452056656,0.426101450173672,0.715073878953309,0.666764491808518,1.38998607631385,0.381400331426032,0.265466739676882
0,-0.983989572430325,0,1,0,1,0,0,0,1,0,1,0,1.17722830720746,0.538057893517892,-0.177854014052079,-0.144238878925984,0.480254386778995,-0.152087674860249,0.774676203725164,-0.87458541134045,1.00040082307332
1,0.674816220954493,0,0,1,0,0,0,1,1,0,1,0,2.70148627224184,-1.10483383383055,0.478571661914119,-1.33115287094565,-1.45991129765804,2.4411476670302,-0.680451634061056,-0.0728049959208739,-0.792731341870373
0,-0.422497409660713,0,0,0,0,1,0,0,1,1,0,0,0.520396709269889,-0.649772656650571,-1.62267450161982,-0.414322077520646,0.750995732746701,1.89940605862403,0.00500997230666403,-0.659447535051541,-0.197928529768751
1,0.730285901493171,0,1,1,0,0,0,0,0,1,1,1,-0.0752744184008757,-0.0262760996560185,0.949478328727394,-3.5397490370804,-1.33802530929432,0.725241497119993,-1.5662091207069,0.0374291620842642,-0.175453508416097
0,-0.500314604480932,1,1,0,0,0,1,1,1,1,0,0,-0.114462357772618,1.39042269823793,-2.03205592099167,0.444633057896366,0.89982301276186,-0.205680124245865,-1.350439978983,-0.351906287421298,-0.935143033200558
1,1.0229224032075,0,1,0,0,0,0,0,1,1,1,0,1.7192126842282,-0.360048984602328,0.824679816531605,1.8152247072364,0.418411073763263,1.48842189097238,0.865296486636571,0.401318924821065,-1.11729118141991
0,1.03088563587278,1,0,1,0,0,0,0,1,1,1,0,1.23700611506,-1.32527779765264,-1.12281530197503,-0.909441631030874,-0.969053378900172,-2.32216063520969,-0.606499160941099,-0.698921406887906,0.691425246616103
1,-0.0517594938329189,1,0,0,0,0,1,1,0,1,1,1,0.304597732504169,-0.726697237739036,1.32396671248028,0.20367284961565,0.544367784611532,-0.705544000125815,0.0643468084422838,-1.88154772839925,-1.11191403978433
0,1.3861462423228,1,1,0,1,0,1,0,0,1,0,0,-0.470885013861855,-1.05916787440827,-0.914368635336349,0.363007387363178,-1.21354010896191,0.811945669249026,2.74989420810339,-0.688467820899256,0.564561606627985
0,0.123139706567851,1,0,1,0,1,1,0,0,0,0,1,-1.78223403358844,2.35361780142147,0.632967711584185,0.232061534576722,1.07284154816641,0.760003800959236,-1.19893795913246,-0.619320747361214,0.969766682341041
1,0.755598340924343,0,1,0,1,1,1,0,0,1,0,1,1.04984098408404,0.716594322647337,-0.751239331577038,-0.890640459649768,0.969373312797796,0.244174483366422,-0.741649980163271,0.610415057199538,-0.12982243974218
0,-0.456490823264472,1,1,1,0,0,1,0,0,0,0,1,0.137433537383911,-0.0628646348546214,0.478014069387957,-0.650801813380593,-0.461354623279076,2.22606247572047,-0.0813508232435724,-1.16872380509058,-0.132353375115992
1,1.1197005789741,1,1,0,1,0,0,0,1,0,1,0,-0.0591443103655022,-0.645645595132322,0.489578959137413,0.0656172216883817,-0.377696239048197,-1.15694067329572,0.903061603389013,-0.0556784466412496,1.0672256565056
1,1.69342682177637,0,0,0,1,0,0,1,0,1,1,0,1.69844025357176,-0.0372798633604873,1.00805278346122,0.616564709198742,0.784784024487955,-1.88401498068464,0.850493994824135,-0.670078115227416,1.3360270957669
1,1.11195700777632,1,1,1,1,1,0,0,1,0,0,0,1.93446324236244,1.5295517533926,1.41189360768644,-0.214057440147624,0.589052020634861,1.49678636094913,0.812463015121262,1.02122095038451,-0.0317468776740736
1,-0.319262294831469,0,0,1,0,0,0,0,1,1,1,1,0.492900335462104,-1.65461482912168,0.287659412200755,-1.07862861732057,0.0246405108316398,0.958920859479881,-0.201550511850517,0.697329143780895,-1.86952667806324
0,-0.758990996101584,0,1,1,1,1,0,1,1,1,1,1,0.249690252770832,-0.323141821198118,1.10990384835594,0.0463664222870473,1.48695748557363,-0.258538972862113,-0.667466625874725,0.073585321426788,0.62039790059428
0,-0.400494408049971,0,0,0,0,1,0,1,0,1,1,1,1.20045843605814,0.563102452340464,1.63657877581653,-0.314127375668692,0.97903848869417,0.234349325878014,0.393981344774594,0.0481634723226724,-0.756688679148024
0,-0.727157289832505,1,0,0,0,0,1,0,1,0,0,0,0.578682738598669,0.00488646637843277,-0.719685753713584,1.41723873684151,-0.0381179010492769,-0.212406320592157,-1.51926293039172,1.06975665898691,1.01114096738831
0,-1.45196933686979,1,1,1,0,0,0,1,0,1,1,1,-1.21150650843693,-0.806253900797533,-0.593361685273882,0.931425351211296,-0.405477448958038,-0.955026819578083,0.305617391985894,1.11861337765685,0.400448891072622
1,-2.26307348190303,1,1,1,0,1,1,0,1,0,0,0,1.83490292452872,-0.719266200805456,1.09163456268174,-0.224917790562036,0.976133678301758,1.24886601051676,-0.348446370661259,-0.809637231711714,0.256895369567759
1,0.180119951534166,0,0,1,1,1,1,0,0,0,0,0,-0.725994050161027,2.0008662189253,1.03160846362219,0.458151865849606,0.00102378532107973,-1.40439675928304,-0.494119485385675,-0.36752962011264,-1.61315728939844
1,-1.30565308465692,1,0,0,1,0,1,0,1,1,1,0,-0.350598482715182,-0.217376807067244,-0.101450508773404,1.06966217382575,-0.11829984756696,-0.887515576701692,-0.344325853498342,-0.444723593018216,0.0979212736275108
1,-0.254639226863557,1,1,0,0,0,1,1,0,0,1,0,-1.0065804821933,0.295578802679137,0.208515435099091,-0.991956476291432,1.85133175866104,-1.60896579440019,-0.813785579757927,-0.140601523729492,-0.207901667702877
0,-0.493528486486707,0,0,0,1,1,0,0,1,0,1,1,0.487566173551754,1.38136659398719,0.35966627084095,0.470794507750532,0.111638706128087,1.34898292106353,-1.1612579549309,-0.132093114548851,-0.375383740569968
1,2.04073010869553,0,0,0,1,0,1,1,0,1,0,1,-0.587448108258138,-0.506150815709881,-2.73624153374748,-0.286403026541158,1.14001318130766,-0.198670353062589,-0.604755911365432,-0.320504131757948,0.120018128405731
0,-1.00864571424625,0,1,1,1,0,1,1,1,0,1,1,0.901551421339079,-0.0982989246586861,0.17673169990105,0.760103209366644,2.52751747069059,0.13882374459456,-1.17386266833311,-1.76592880616403,-0.834909776413474
1,0.246800390555653,0,1,1,0,1,1,0,0,1,0,1,-0.29859511651744,0.977001310380216,-0.7453472658083,-0.825295563690218,-1.70356837561737,0.0236887199753192,-0.113228563974839,0.353709181554842,-0.0989487985978232
1,-0.0477733667626334,1,0,1,1,0,0,1,1,0,1,0,0.281953976050755,1.36800509074622,0.343894369902384,0.396802519536715,-0.941714043454059,-0.559213048891098,-1.56720135006443,0.151365744663278,1.27491769791718
0,-0.448314829855173,1,0,0,0,1,1,1,1,0,1,0,-1.84635488085772,-1.8467168080529,-2.16562629999041,0.392618565108945,-1.22040040173162,-0.439621018734101,1.12402798003207,1.90617536641802,0.126459146603103
0,-0.700870861165548,1,1,1,0,1,0,1,1,1,0,1,-1.29233714630666,-1.64291288439239,0.181656051198301,1.85834530894776,-1.51500636539979,-0.997636470849972,2.04918870452062,-1.15039060509176,-1.06150281110952
0,1.07371095540662,0,1,1,0,1,1,1,1,1,1,0,0.139748584226312,0.072728648025255,-0.359321062576948,-0.811211270106313,0.752120186212886,-1.73258851039017,-1.69599843976363,-0.0364589846941534,-0.623194669698003
0,0.0747204365899223,0,1,0,1,1,1,1,0,0,0,0,-0.634174100507648,-1.84626312162496,1.25952569981505,-0.62723097595149,-0.0702371420669627,-0.106774691000574,-0.212396233572109,0.876943290365169,0.0673405978245605
1,-0.59269366092749,1,1,1,1,1,0,0,0,0,1,0,0.289620032170215,0.412561773499144,0.32805564806267,0.869402947233572,0.0593141228583987,0.663388306113527,1.87123827178741,-1.60715848688111,1.53299065080838
1,-0.0555173069572266,1,1,1,1,1,0,0,1,0,0,0,0.666492176414996,1.11477105791181,-1.10998985347499,1.00839902011276,-2.10253676782679,-1.20463299977979,0.0570027903445964,-1.02063542553425,-0.128803032882552
0,1.00172088606795,1,0,1,1,1,0,0,1,1,1,1,0.500164488428708,0.828714620874891,0.448257055171639,-0.234412908907071,-0.520057370154246,-0.475659594093253,0.560615239505932,0.158159929581982,0.368232243854388
0,-1.59947679565989,0,0,0,0,1,1,1,0,0,0,1,-0.531812947739094,0.0745151450643732,1.72229586706085,-0.0688321191637359,0.163523436184337,0.369530290231658,-0.47086262510867,0.161624948047248,0.518091599138541
0,0.010444174987192,1,1,1,0,0,0,1,0,0,0,1,-1.16100614816355,0.347056993922182,2.04038428764429,-1.80871639095309,-1.64284780092686,-1.32885958719154,-1.95934391649183,1.55250539963497,-0.180472997093226
0,-1.46118838682318,0,0,1,0,0,0,0,1,0,0,0,-0.949152586694825,-0.0123165229440187,-0.584312123983854,-0.0985923541498543,0.0511381280873469,2.43300660526492,-0.216552580595021,0.28612636584787,-1.00126133182649
0,0.125970577051595,0,0,0,0,0,1,1,1,0,0,1,0.889217814361459,-1.36205319744003,-0.152263900138397,1.40366940949937,-0.194737562844476,1.11724049656682,1.4410543389777,-0.690202580479941,1.00486471051566
0,0.0763069431571197,0,1,0,1,1,1,1,1,0,1,1,0.410344184834601,0.516196148641516,0.170587724889163,0.525538272999715,1.84193415936622,0.360601976505542,-2.92692619550801,-0.175503592694454,1.07715414293823
1,0.351173189075901,0,0,1,1,1,0,0,1,0,0,0,0.0967474452916921,-0.564137646410348,-0.811302944942885,-0.800811292573014,-0.831505466366938,0.534662211009283,1.25674758139764,0.166720440579029,-1.50380038719583
1,0.64420047455955,0,0,1,0,1,1,1,1,0,1,0,0.282984590736537,2.51889020186942,1.05669641746672,-0.137516694140607,-0.956913216645102,0.124338603495914,0.216991094788863,-0.770574481260584,0.43937602471932
0,-0.644152271263584,0,1,1,0,0,1,0,0,0,1,1,0.710413890821625,0.727436506901138,-1.05934745272314,0.999357848313876,0.702037376265695,0.62416931601084,-0.282853444976955,-1.59769416982086,-0.21538375317298
1,0.532294731442821,1,1,0,1,1,1,1,1,0,0,1,1.31627152668159,1.42475892520939,0.152574284520305,0.0823351371036324,-0.0923939342094042,-0.154695715280772,0.289573274039026,-1.06694326613263,-0.183824843220568
0,1.43170829395343,0,0,1,1,1,1,0,1,0,1,0,-0.0388917695433593,2.02999800574364,1.02442672196438,2.4329715647092,-1.13905346672435,-0.291776858659586,0.0979139187825406,-0.82960710396818,-2.45876487484004
1,1.04572109676623,0,0,0,1,1,0,0,1,0,0,0,-0.657237892183902,-1.11642761619075,-0.8652082441533,-0.276504808882501,-1.08968279934953,1.1703861121424,0.447800968591374,-0.0491061877522787,0.0684831189830901
1,0.82987564959605,0,1,1,1,1,1,0,0,1,1,0,-1.75504236133366,-0.302600822563227,-0.782253799692378,0.372344053386545,0.825373303223591,0.655626665262519,-0.835460195022862,-0.08044204084464,-1.8945600602798
1,0.614143135491645,0,0,0,0,0,0,0,1,0,1,1,1.24418131136414,-0.0111583938616768,0.652626032164291,-0.533436277155102,0.0763719941814527,-0.381491806742469,-0.772845326100058,0.567683492775082,0.268770831884288
0,-0.00490168283123782,1,1,1,0,1,1,0,1,0,1,1,-0.480859272749551,1.42052734750394,-0.696059930319628,1.09241518408056,-0.287561689763478,0.192208028664702,-0.179338072726787,0.309379445558243,-0.0376584420127653
1,0.905031457327039,0,0,0,0,0,1,0,0,1,0,0,0.769367192072978,-1.17452946259049,1.06302799016445,1.80716113729617,0.100832356668927,0.494410874047378,0.232373430280077,0.708725146001208,0.00853646487944653
1,-0.66009386742557,1,1,0,0,0,0,0,0,0,0,1,-0.328687390455084,0.426018584230417,-1.84752401475693,1.73432000431416,-0.28963632343912,0.8114107443417,1.65518733131627,-0.91714819679045,0.427640757477873
1,0.964962667377305,0,0,0,0,1,0,0,0,1,1,0,-0.291345402926109,1.47124143878867,-0.429962753288408,0.312170167832931,-0.934283787533082,0.597864204476321,-1.77347257058885,-0.586707181481732,-0.685156349988214
1,-1.25688101471725,1,0,1,0,1,1,1,0,0,1,0,0.945846318342527,0.467121839079611,-0.476230491729283,-2.52711045359311,0.258086487028963,0.523841595915514,0.892897822495787,-0.123970052474749,1.03664822953808
1,-0.427621648864403,0,0,1,0,1,1,1,1,1,0,1,-0.793536486922118,-0.271455123020721,0.327587011277412,-1.50485645420597,-0.148098824304751,1.90587709855156,-1.52198172546401,-0.225916459813581,1.45727885404616
0,0.0249558495271848,0,1,0,1,1,0,1,0,0,1,1,0.972145919726016,-1.07950217644579,-0.360509077018293,-0.0608518713792611,-1.21715974082789,-0.468893153224006,-1.0579885591706,-2.4627547107149,-1.47951266965052
0,-0.21553873073169,1,0,0,1,0,1,0,0,1,1,1,0.185999995449054,0.502817971477007,0.816388497125767,0.904106938992097,1.42628449890038,1.57182851253188,0.268698270307407,0.214797713261284,-0.450134037900078
0,0.083230576444846,1,0,0,0,0,0,1,0,0,1,1,-0.879626415635427,-1.74543495484188,-0.437746462491523,-0.728879313362669,-0.0839980297777353,1.02632807824504,1.0631211089114,0.686294936087194,-0.673884103459622
0,-0.468643582399015,1,0,0,1,1,1,1,1,1,1,1,1.05362910811223,0.596163159021503,-1.22503500906931,-1.18668856342507,-0.192263071976151,1.49932194344314,-1.33261532258009,-1.55257802872837,0.675177954406194
1,-0.01580529649569,0,0,1,0,0,0,0,1,0,1,0,0.601989652891944,0.368982281984868,-0.0479655071698284,0.310968085080098,0.649354812523932,1.57686151781627,-1.88498579663471,-0.623492030329347,-1.29200005452872
0,-0.369262394307027,1,1,0,0,1,0,0,1,0,1,1,-0.5595151627301,-0.470385974901804,-0.0335340174867788,-1.68264804743686,-0.506308275444343,0.682951707605473,-2.18739030355199,0.360010402062334,0.1120575439728
1,0.89047906341808,1,0,1,1,1,0,0,0,1,1,1,0.353068011261783,0.700012678636526,-0.762263549923865,-1.23388809643931,0.319940875628029,0.551363750428357,1.68720074018532,-0.711101448382744,0.491931643056309
0,0.214892743417267,1,0,1,1,1,0,0,0,1,0,1,0.819777997424537,-0.335777884431184,-0.693838028051718,-0.994914700873984,-1.3912868331854,0.347566776165003,1.8297353191906,-0.428917594109651,0.520353731274099
1,0.318888626931067,1,0,0,0,1,1,0,0,1,0,1,0.864253992966757,-0.292867975965291,0.136127479246138,-0.531967485984349,-0.431815005633901,-0.533876540948924,-0.719124453829371,-0.0677387875895415,1.48441202682573
1,-0.0793738254015252,0,1,0,1,0,1,0,0,1,1,1,-2.0790950201656,0.123356653283956,-1.02032613853824,0.0144343451854529,-1.09339705451131,0.346475569722702,1.1091145507525,0.912062006682883,-0.501901822836318
0,0.372719334251357,0,1,0,0,0,1,0,1,0,0,0,1.90716836021575,-1.5738464709915,0.760971630565578,-1.31491287008497,-1.0817365896826,0.363778122104503,-0.420145524441605,-0.406065414237724,0.338254354761971
1,-0.413554503720991,0,1,1,0,0,0,1,0,1,0,0,0.858947056721121,-0.422389057515802,-0.717055768466819,1.00433311047522,1.62660971990956,-0.067621413197616,-1.07483329791485,-0.223927494444131,0.724396914572362
1,-0.896181679966292,1,1,0,1,1,0,0,1,0,0,0,1.09249910743729,0.185141222895354,-0.183524918662393,-0.152495653710112,2.72257731735994,-0.410040154849235,0.207894648359123,0.204645971389606,-0.492016228129822
0,-1.19536189071673,1,1,0,0,1,0,1,1,1,1,0,-1.73110889938311,-0.212214244668004,-1.48349152705942,0.273427944006009,-1.49032369788275,-0.129441902096734,-0.743937559867075,0.262035216564907,2.56113117694184
0,0.273770062778273,0,1,0,1,0,0,1,0,0,0,0,-0.812915997396549,1.2520071686595,-2.05933607043448,-0.477895479577627,-0.0597215835627959,0.915835319754783,-0.999368244480869,1.22078291964616,-0.67412163608649
1,0.763441673664599,0,0,1,0,0,1,0,1,0,1,1,-0.138555603434093,-0.788361386291733,0.753244083320043,-1.14439163300449,-1.02722681678199,0.546499867591444,0.816964651941405,-0.773824170328518,-0.622960222332474
0,0.998691237079949,0,0,1,0,0,1,0,1,0,1,1,-0.149023092503103,-0.574519475612573,0.63749332004145,-0.104185681831159,0.907496047570357,0.0225426195330306,-0.480570440348816,0.525616708900701,0.675091669501623
0,-0.189970468544584,0,1,1,1,1,1,0,1,1,0,1,1.1630949014616,0.889915061164605,-0.66230206634696,0.545638704337738,-0.196538218739819,1.854321272183,0.634085062648185,-0.046590175190391,0.287898988739492
0,-1.5829890505405,1,0,0,0,1,1,1,1,1,0,1,0.00482197878577545,1.27778339745786,-0.696168720783514,0.45858118968918,0.254094760970354,1.9416502411637,-0.115410267297984,0.605915030520841,0.879056444594426
0,0.412459965487415,0,1,1,1,1,1,0,1,0,0,0,-0.147329156626622,0.609620493567518,0.637512930148817,-0.776782931253143,-0.293408462831676,-0.514981276524371,-1.20674958259777,-1.36279018015451,0.373985035369317
1,-0.889759524048386,0,0,0,1,0,0,0,0,0,0,1,-0.0104189036777447,1.28353224814136,-0.663347005575618,-2.38887646224532,0.702638435495528,-0.90905679508348,1.39753729046458,-0.117169436050746,2.22392775482635
0,1.38262840284608,1,0,0,1,1,1,1,1,1,1,1,1.85608176500764,1.2914823342892,0.14590849864271,-0.184570381285385,-0.93237521032426,-0.318661362891454,-1.09979795968265,0.0880629160860324,-0.117108598294547
0,-1.69395449122484,1,1,0,0,1,0,1,0,1,1,0,1.31654275866972,0.0252442274240386,0.0311508898594106,0.324798837461366,-0.978360721717575,-1.42960839349281,-0.0197042957444171,-1.30684254213282,-0.570093039125214
0,-0.292002538415676,0,0,1,1,1,1,0,0,0,1,1,-1.60745672810152,0.265400254607437,-0.826277216312175,0.308481518686541,-0.536320371063979,1.6229806285105,-0.444881382325374,-0.841225263751617,-0.414908837449652
1,-1.05314178390225,0,0,1,1,0,0,0,1,1,1,0,-1.65069920734301,1.83559062093061,0.469250306345139,-0.258933424552096,0.435451231675872,-0.842767039886996,2.49384278061702,1.25377008006332,0.763330713940982
1,-0.652970459121641,0,0,0,0,1,1,1,1,0,1,0,0.955036886475991,-0.806190607043375,-0.0641710810025491,0.889927754081288,1.91910135136583,1.92957421342539,-1.72803931386045,0.383124423092937,-0.592094934492986
1,1.37271844184728,0,1,0,0,0,1,1,0,0,1,1,0.754324289983498,-1.10646903199197,-0.076642150815787,0.728853631880436,1.79306404162304,-1.15880601694381,-1.83273641110699,-0.151390407552658,-1.59901792183852
1,0.414087299446032,1,1,0,0,1,0,0,0,0,0,1,-0.408958003975574,1.7989703456849,-0.173489482502271,1.26367442555411,0.298130623498893,1.39452678205939,-0.59686186393003,1.3968013768799,0.34218686108452
0,1.20169290715826,1,1,0,1,0,0,0,1,0,1,0,-1.29041688467105,-0.640020687569621,1.08428906662881,-1.15396895842552,0.336471631461187,-0.0459543739995081,0.803484529276785,-0.151213640143368,0.503777673372107
1,-0.279167633814385,0,0,0,1,1,1,1,1,0,1,0,1.57532844178938,0.181848415916885,-1.33597603394066,-0.0701152640392443,0.150173208909776,-0.258375645782766,2.14049655718679,-3.22288476449513,-0.319325848901805
0,0.424205146822606,1,0,1,1,0,1,1,1,1,1,0,-2.0136664584394,0.811958988853981,0.00641998340068971,-0.00882326758545087,1.79075014429433,1.59365912805249,-0.517575682191753,-1.33348349866014,0.365290215293587
1,-0.0152974925724067,1,0,0,0,1,0,0,1,1,1,1,-0.463542233522729,0.483445702875788,0.545252533118492,1.06847930705047,-1.08350484479924,0.607795352201978,-0.554813778103945,-0.533997150811449,1.4340477857363
1,0.705636139764537,0,1,1,0,1,0,0,0,0,1,1,-0.0890423833799714,0.115399385941074,-0.560918008944885,0.066933471835322,0.557553593839554,-0.728190455728635,-0.214460171713214,-0.429310535109298,-0.121125087937172
0,1.52522290679503,1,1,1,0,0,1,0,0,0,0,0,0.804403882052926,-1.47475469669034,0.308869881114409,1.01179071776555,-0.178821781782281,1.08374160519637,-0.979820811381647,0.0672059362308429,-0.236262839849532
1,0.240207659546342,1,0,0,0,0,1,1,1,1,1,1,-0.610156013085843,0.613102183549026,0.52025082172677,2.37256103320341,1.47589794603627,-0.637509564295962,0.515486968483161,-0.387314730272829,-0.837907475115015
1,1.24007026976874,1,1,1,1,0,1,1,1,1,0,0,-0.700235577115176,-0.795448773794747,-0.737436037050201,0.390583257101747,1.08628088786125,0.285595645503161,1.33164659499815,1.07039766464409,0.521179225334308
1,0.07182858668905,0,0,1,0,0,0,0,1,1,1,1,1.4043740454362,-1.41890347784306,2.61598035441589,0.169337629468595,-0.880561743763483,-0.459098380525971,0.574025687407842,-0.740563489733567,-0.280001508548067
1,-0.994121915172856,0,0,0,1,1,0,1,1,0,1,1,-2.06045392662126,0.701286720090441,0.281788545205922,-0.126103718146749,-0.275113447552299,0.213875388886494,0.0806999202283394,0.896343460941627,0.818751874901428
0,0.949712968268864,1,0,0,1,1,0,1,1,1,1,0,1.8401624877734,-0.775834382440822,0.412311664877886,0.915527487859109,0.604075751206656,-1.41689166856541,0.897701846858978,-2.05787721253941,-1.74737656826745
0,0.978988073056918,1,0,1,1,0,0,1,0,1,0,1,0.845890967822597,1.67213305859957,-1.67477532781521,0.165884287880866,-1.70505274405429,-0.582457356283313,0.238393938085339,1.79579241796772,-0.973107925635383
1,0.627308656736535,1,1,1,1,1,0,0,1,1,1,1,-0.888266263422997,-1.02930242322374,0.281374053142395,0.453562744185523,0.60034162772267,-1.23091286088422,0.624996611042694,-0.681948351633643,1.45512626474177
0,0.0722565302111225,1,0,1,0,0,1,0,0,1,0,0,1.32328830219206,-0.495787770852076,-0.214700313951646,-0.123521615175583,0.44446666392532,0.655481773311487,-1.27970179392214,0.131695266695635,-1.04794137721685
1,0.857434539277977,1,1,1,0,1,1,1,1,0,1,1,0.75605355793537,0.683207102341969,1.22998554886226,1.2090510886648,-0.602500388965787,-1.43706373489855,0.890578641575554,-1.22173295410273,0.139126354580551
1,-1.86201856865078,1,0,1,1,1,1,0,1,1,0,1,1.16762039286791,0.674700546977881,0.381496383647094,-0.240255277146385,-0.452079747123265,-0.772578158792989,-0.276338664336508,0.114389298993827,0.480259696780942
0,-0.613519413735176,0,0,1,1,1,0,1,0,1,1,1,-0.643061180185097,-1.25931322114968,0.240430792793042,0.233009314699711,0.765130486088193,0.732863560740887,-0.761344939063112,-0.847003703090407,1.21496062099753
0,-0.799283648276069,0,1,1,0,0,1,0,0,1,1,1,-0.163798779279219,0.699626144392216,0.310632697172305,-0.614321246330436,0.147459332889324,0.672010008060201,0.210476793883832,-1.42836033683903,-0.642777280992334
0,0.477677719630093,0,1,0,0,0,0,1,1,0,1,1,0.061598582724303,0.266230809091502,1.15626591688524,-0.647351506496968,-1.18714289616924,1.02405781304414,-1.53610396315178,-0.637454491353135,0.823115469374753
1,0.47261687426466,1,1,0,0,1,0,0,1,0,0,0,0.647501665685958,0.223674606237489,-1.98727648186696,-1.52466082356522,-0.271094661914585,-1.37208155405267,-0.944382405380216,0.442096524138326,-0.485587725961339
1,-1.43654622081096,1,1,1,0,1,1,1,1,1,0,0,-3.33972159150095,-0.455579069076703,0.399221486999625,1.23599473662588,-0.180634136876502,-2.33368175539326,-0.778666375556425,0.158039055888912,-0.341725446880347
0,0.426114297325016,0,0,1,0,1,0,0,1,0,0,1,1.24871277818507,-0.0171427664031227,0.111132430325065,0.958261683028594,1.34235734162129,0.767938569628684,-0.294156343050676,0.513427712271159,-1.66868836244733
1,-0.186750708875133,0,1,1,0,0,0,1,0,1,1,0,-0.399769163526746,0.406279996291473,0.366643689611977,-1.11783054552494,0.700439508163117,0.0858303960946688,-0.0958139678090941,-1.00322250239901,-0.633660213593813
0,1.00941280156018,0,1,1,0,1,1,0,1,1,0,1,-0.265253699223209,-2.00889352724987,-0.0594122202133034,-0.147450428768319,-1.07269730492352,0.430890684615458,0.117615408634704,-2.57268127623495,2.10886673974779
0,0.477761212296895,1,0,0,1,1,0,0,1,0,0,0,0.813001089535165,1.80199354911509,0.110898563861343,-0.364215388588317,-0.236517857014362,-0.211319009971714,0.538165012019018,0.601650472154639,0.323150225677209
1,0.848687536431817,1,1,0,1,0,0,0,0,0,0,0,0.372923395581697,0.324428955861786,0.708850201889994,0.118877684204877,-0.660645910779352,0.675153299052053,0.289832403846562,-1.2796093024447,0.695550523119619
0,-0.973713793274739,1,0,1,1,1,1,1,1,1,0,1,-1.76159053661131,0.308941466666054,-0.160942294643872,1.06809002303912,0.193712547847415,-0.185886180540545,0.258771150713836,-0.525216946331915,1.90951114634345
1,-0.236213554432835,0,0,1,0,1,0,0,1,0,1,0,0.704521904828169,0.219118642151202,0.00337246972156982,-0.683750885294803,0.716348401128509,0.452125379332601,1.2213811820756,-0.0854153930257918,-1.33084115852591
1,-0.865015058226747,0,0,1,0,0,1,0,0,0,0,1,-0.710767347012071,0.801370426277564,0.136498961444331,0.0180464746138714,0.0475392881748263,-1.57236278730248,-0.665393908273612,-1.9163951213341,1.07889280455939
0,-1.34594288316403,0,1,0,0,0,1,1,0,0,0,1,-1.24355440249771,0.85880544787539,1.08571991864636,0.651382972872451,0.891056369240707,0.282136143328555,0.0633975162960351,1.12243129201462,0.375401669217769
1,-0.175047994401859,0,0,0,0,0,1,0,1,0,0,1,-1.50005105178929,-1.38626516772921,-0.332331756771171,0.816607530666164,-0.588385464963778,2.58383994247752,-0.113394948351407,-0.890327860332393,1.95318397054103
1,-1.19169290609105,0,1,1,0,0,1,1,1,0,1,1,-0.0678848919574936,0.611954830590315,-0.384816776599777,-0.0311102739859905,-1.2162773867391,-0.569335853599936,0.712216617439494,0.459281403784031,1.40949639629889
1,-0.151164573977484,1,0,0,1,0,1,0,0,1,0,1,-1.17202196857127,-0.72454976942761,-0.874120044435342,-1.77573795150082,0.301817985348734,0.0792421452371909,-0.788788889300852,-0.807361159632834,1.428115529015
0,-0.105752464203239,0,1,1,1,0,1,0,0,1,1,1,0.158529071369984,0.56705984467983,1.08348104076917,-1.90484261462227,-0.181469236024252,-2.00105387633934,-0.29855809703205,0.670726492446995,0.606961805041723
1,-0.174986147428555,1,1,0,0,0,1,0,0,0,0,1,-0.655274549990883,-2.7868459985594,1.18445249357676,-0.3739850010754,-0.4717708967686,-1.1831999376923,-0.0114241912760935,-0.524998045541995,-0.126983632112585
0,0.165468486524533,0,0,1,1,1,1,1,1,0,1,1,0.121625472620959,0.944417204843381,-0.250403055167755,0.0198148743289707,-0.870311957494654,-0.229530897411817,0.35445595307245,0.458184153398624,0.0936344134849064
1,-1.12787453986128,1,0,1,1,0,0,1,0,1,1,0,-0.141240289402901,-1.11792266253112,1.64229141237343,-0.368664666253229,0.920915399300178,-0.0996720802786863,-2.12762599284382,-0.123143222026713,-0.538205607759289
0,1.07635919557837,0,0,1,0,0,1,1,0,1,1,1,1.36374630839895,0.458385413260372,-1.0465600714104,-0.945768986612453,-0.309865065085739,1.09637559055498,-0.405899392454096,-1.01075924892635,0.676066737612956
0,0.648509191961289,0,0,1,0,1,0,1,0,1,0,1,0.415842737401811,-0.621293171678948,0.0236967431798495,-0.786972531434853,-0.80843823347741,0.767336571097994,-1.20899818498016,0.495606262634511,-0.357832716783952
0,0.605654724965345,1,1,0,0,0,0,1,0,1,1,1,0.397934986830248,2.28665303223931,1.3586398294168,0.348292134430611,1.10338305489986,0.0727243229615071,0.208493344668748,-1.9111317144304,-0.0819551377420159
0,0.586565098593148,1,0,1,1,1,0,0,0,0,1,0,-1.65705103556421,1.92816906697504,0.0580072548806823,-1.35573387321922,0.899765816791758,-0.288326633291035,-0.118856607127092,-0.377276146417332,-0.0564965209561679
1,-0.775447922922544,0,0,0,1,0,0,0,0,1,1,0,1.73173689087633,-0.135697832383902,-1.73878808031387,-0.117088516871374,0.43470714230239,-0.41604863200767,0.630163632752955,0.277275683485446,-0.481112816433717
1,-0.999533813780849,1,0,1,1,1,0,0,0,1,1,1,0.626789905258788,0.0752726293323214,0.501527676717223,-1.17804412852595,0.822691755142554,-1.02820595909911,0.212711172622114,0.660049647161924,2.02702245042199
1,1.39695635438711,1,0,0,0,0,1,0,0,1,0,1,0.155468773442414,0.132316918036289,-1.58037554376047,1.1718028375385,-1.5697120877146,-0.337600362563993,-0.201301656498373,2.08629370340508,0.0116645011834384
0,0.00322791447261581,0,1,0,0,1,0,0,0,0,0,0,1.95740709974874,-1.26767995848065,0.130897403516914,-0.668756967675713,1.29805974880077,-1.44989925773827,2.25308894249736,0.513373339796101,0.397097698286511
1,0.66503397999073,0,1,0,0,1,1,1,0,1,0,1,-0.0247180879257812,1.49015722176366,1.57187084691027,-1.05294164119167,-0.463044143873988,0.0420165968342988,-1.08089446858329,0.715676074701806,0.484436881252125
0,0.539650324653707,0,1,1,1,0,1,1,0,1,1,1,-0.662960152714089,1.00775514233925,0.629892936570217,-1.03996550017723,0.673384479148139,0.837155298289107,-1.70768868767002,-0.22199400166741,-0.754213403308496
1,0.435233710413102,0,0,0,1,0,0,1,1,1,0,1,-0.263994312770919,-0.662974137892919,-1.97021131459671,-0.113280325453127,2.06318910815517,-0.390241480343973,-0.467702671199418,0.137042896925046,-0.481005305983519
1,1.40486658904899,0,0,0,0,1,0,1,1,0,0,1,0.120464237902079,-0.38798395648505,-0.93212290229549,1.45611219653557,-0.725720717168163,-1.14697703253483,1.13651278343265,-0.151993839572832,0.254368147981104
1,0.29013810575761,1,1,1,0,0,0,0,1,0,0,1,1.44180869343557,-0.244699055866089,0.429245161625853,-1.73809140658938,-2.11391984943033,-1.39529041813602,0.0490791759481767,1.1876972140059,1.26788096888918
0,1.35742628774009,1,0,0,0,0,1,0,0,1,1,1,-0.174931839010779,-0.674060925056283,-0.935228870443204,1.22120046271419,0.255490958936322,-0.446590638780703,1.20880230302562,0.590291388668684,-1.58617611018633
0,-1.62698953973864,1,1,0,1,0,1,1,1,0,1,1,-0.785536282027427,0.424054387928179,0.466518519359804,-0.613671545670345,-0.102048935647808,-0.547065783924766,-1.13028544354354,0.837782410523148,0.69472660948245
0,-1.18668893578146,1,0,0,1,0,0,1,0,1,1,0,0.323744258741783,-0.308469839311495,1.26167184781371,0.17529631380123,0.281559013546479,-0.550849104163006,0.614782971953392,0.41455460497696,-1.4541930006082
0,0.280689089774133,0,1,0,1,0,0,0,0,1,0,0,-1.0123051691538,1.74111999643471,-1.04074524239752,0.3737095964613,-0.240141656290542,-1.2045244292305,0.716920910267873,-1.01875800955129,-0.489993884730471
1,-1.05815812235696,0,0,0,1,1,0,0,0,0,1,1,-0.639680894151427,-0.455561745302924,0.30443418443322,-1.18077973468876,-0.444526208162207,-0.286873042106832,-2.89470160680942,0.839047410492003,0.0889733793451764
0,-0.745104343888015,0,0,0,0,0,1,1,0,1,1,1,-1.50011181077157,0.856636991780997,0.250652159659882,0.198360536264456,0.8614186690198,0.81278047961905,0.51770692846311,1.87600548359011,-1.4278434408402
1,-0.836631435786964,1,0,0,0,0,1,1,0,0,1,1,-0.108550253152857,0.988238706280914,0.367302163158853,-0.100145416651018,0.330682301361859,-0.484844986227524,1.3663980489186,-1.73934427246389,-1.06579517578909
1,0.352357333874428,1,1,1,0,0,1,0,0,1,1,1,1.48877708350125,1.03805309993046,0.00741702253835438,0.856600292899484,-0.263507978140272,0.575613831702906,-0.0412837562358864,0.087112532690024,0.348159074996258
0,-0.149625737076133,0,1,1,0,1,1,0,1,1,1,0,-2.70303956298025,-0.924384968782182,-3.08767783620381,-0.150690994325254,0.474338670159622,-0.193003032175257,-0.602454840067544,0.117687811048851,1.41885385007564
1,1.24784457931002,1,0,1,1,0,0,0,1,1,0,1,0.514194417715047,1.20431360237409,0.475600513381905,1.4512025198193,-0.227702863478718,-0.648576198938877,1.40650696456261,-0.608007829197001,1.4048840885286
0,-0.398925056607141,0,0,0,1,0,1,0,1,1,0,1,0.543036443169531,0.456026909543972,-0.193902663040133,-0.208498158692855,0.232286123670314,-1.3148041318532,-0.358644744451405,1.2678614747289,0.885303057940848
0,1.30502375130449,0,1,0,0,1,0,1,0,1,1,1,-1.14358966657822,0.988045244144739,-1.64375684967871,-0.950545192843915,0.52196118475512,-1.84055914557051,-0.881700569043192,-1.06832782839878,0.442760951558429
1,0.903359843226282,1,0,1,1,0,0,1,0,0,1,0,-0.0343899525584315,-0.466286040136645,2.09199043924826,-1.30734152369361,0.948306698414036,-0.132139764275408,-1.82504160566044,-1.27384503909701,0.527848007250925
1,-2.05701479145004,0,0,1,0,0,0,0,0,1,1,1,0.00425390650812168,-0.052049010493701,-0.931503244484615,0.0218696238422056,-0.590211112085945,0.690117128016665,0.612231902600439,1.10438487331906,0.736383005075407
1,0.890770280827211,1,1,0,0,1,1,0,1,1,1,1,-0.283356675361812,1.07457648212375,-0.427035520308934,1.00001746303352,0.64749556995395,0.0308882339083682,-0.0809088172738926,-1.00562806532052,-1.03580535799383
0,0.42622937777752,1,1,1,0,1,0,1,1,1,1,0,-0.798842089833059,2.35005824578974,-0.649444576901759,0.913283097713661,0.12278663153483,0.925809954107992,-0.833029538485586,1.02816010935255,1.07866796004686
0,-0.0615981802743684,0,0,0,0,0,0,0,1,0,1,0,-0.946328098076808,0.741948220193158,1.1979727059143,-0.465799823870435,-0.370760662810606,-0.761918510320576,1.03828710435361,-0.651201005105262,0.420866435085519
1,1.4832186666935,1,1,0,0,0,1,0,1,0,1,1,1.45507966501517,-0.0427229337770382,0.378105316944099,-1.43895557119349,-0.468301695810629,0.815813057645466,-0.145810506752943,-0.639876808891707,-0.561465520898423
0,1.45582773043753,1,1,0,1,1,1,1,1,1,0,0,0.180125700279357,-0.491924995881357,0.392245385987413,0.959149787221279,1.35624878236768,0.078802846793148,2.32166755507881,0.489450886841968,-0.168559167615482
0,-0.97477485033819,0,0,1,1,1,1,1,0,0,0,1,-0.455219330614349,0.606704784734636,-0.353026669970744,0.797476768018517,-1.07996015556112,2.59121222302802,-0.268921413531639,0.393177890984764,0.579858301175101
1,-0.274911910615009,0,1,0,0,0,1,0,0,1,0,0,0.902633423996318,-1.21328481870804,-0.369748718405709,0.594462602395565,1.22913117225746,0.0320845173884397,-0.0548683296185251,0.528140759702007,-0.481820939003792
0,-1.75783212931306,1,0,1,0,1,0,0,0,1,1,0,-0.647110311362729,-0.91190127718712,0.572422592872304,0.979821411996861,0.625467185721521,0.795663457023253,-1.36166996010768,-0.771687244137493,0.647566473951658
1,0.17431617783331,1,1,0,1,0,1,0,0,0,1,1,-0.974587217117551,-1.05543182013948,0.970082178357951,-0.408110287362332,-0.531425529638618,0.553646001519974,-0.83539975994153,0.213278089186542,-0.962260772053914
1,-0.332407398216797,1,0,1,1,1,1,0,0,1,1,1,-1.20414383936216,0.507184160317884,-1.67357797805896,1.17625703598483,-1.95922042558744,1.20835152619862,-0.604923389994479,-1.37511706202748,-0.518608543437854
1,-0.0335889126876253,0,1,0,1,0,1,0,0,1,0,1,0.93055985446223,0.383636109226725,-0.839406742369613,0.610821451266661,0.116558899169408,-1.51888929580222,0.608714507570877,-1.48740564934487,0.986327244283049
1,-0.893885998577683,0,1,1,0,1,0,1,1,1,1,1,0.972285871512174,-0.503236276467359,1.01139589808074,7.35662547112893e-05,-0.125213396123713,1.52654630170663,1.77544117678073,0.251228321464184,-0.582435055337943
1,-0.785533746789811,1,1,1,1,0,1,1,0,1,0,1,0.428408418296641,0.342726789037325,0.360303175749133,-2.00804346903854,0.362786930566035,-0.519305266320494,-1.02105447997233,1.21839474314564,-0.0859804389108733
1,-2.22648030435356,1,1,0,0,1,0,1,1,1,0,1,0.354040010449414,1.40788223451167,0.982991556156761,-1.75928726539513,-0.462140257685467,-0.207158591530441,0.866028864723272,0.636340583529615,-1.83444199557113
1,0.796160850125653,1,0,0,0,1,0,0,0,1,0,1,-1.29273524469527,0.354126920986174,-0.556286372842619,0.652383651606815,2.27847854292727,0.175781742261212,-1.34410451102571,-0.290297538411401,1.00039083061647
0,-0.343051028979322,1,1,0,0,0,0,1,1,0,1,0,-1.6864168582912,-1.28108498349951,0.34916986025434,-0.0880756387287603,1.04776368371897,-0.33191896170336,-0.054396581034621,1.2074628611578,-0.23007880211265
1,1.57063186814948,1,1,0,0,1,0,0,1,0,0,0,1.2814341218947,-0.100384077112868,0.363844641992622,1.05936477267167,-0.84256183669126,0.35685254356477,0.542702080308804,1.30150784741303,-0.109381965078167
0,1.15849022509315,0,1,0,1,1,0,0,1,0,0,1,2.59883388770992,0.835866735148442,1.00427849646111,-1.84803226306817,-0.383604297275444,0.432769864484521,-1.05782398232108,-0.779924920847768,1.08449465066623
0,0.841650233576994,1,0,1,0,0,1,0,0,0,0,1,-0.276991323617535,-1.50041825127952,-1.23527589881307,1.26239513809374,0.76864807795138,0.972711104879526,1.40832747858188,0.180202757038342,-1.27273752043128
0,0.223727389583636,0,0,0,1,0,1,0,1,0,1,0,1.27672077360265,-0.828087195008708,-0.19412297591382,-0.0507242193543332,-1.14244551809134,0.968685259368369,0.958074793453335,-0.365128568708733,0.483278138705718
0,0.967436445191616,0,0,0,1,1,1,0,1,0,0,0,-0.548189345825641,-0.491821529423098,-0.296420226902526,-1.46016133320969,1.98076308823595,-0.562196225103615,-0.906618751808163,0.875343452016617,-0.63898017517718
1,-0.128423010245723,1,1,0,1,1,0,1,1,1,0,1,-1.05153055750404,1.66641198300674,1.0852983866889,-2.09712579133349,0.531460743087759,0.0508837440038184,-0.0944195470193388,0.855091455604605,0.138677156100845
0,-0.489587475706223,1,0,1,1,1,1,0,1,0,0,0,-0.060286837394067,1.41218541499215,-0.269532870970173,-3.07255779988167,-0.00959104932650671,-0.991799313446504,-0.208905018183722,1.05257721841385,-0.947711554344707
1,0.326455880066171,1,1,1,0,1,1,0,0,1,0,0,-1.73577339302363,-0.130994129081632,0.0375085357286642,-0.165749145048159,1.63746119233031,-0.402243139946366,-0.401900220539556,-1.34458861987606,-1.9536623636254
0,-0.178178433740964,0,1,0,0,1,1,0,0,0,0,1,1.0077511892937,-0.579124746526801,0.449725163253528,-0.570992561401862,0.826011024936773,-0.250706078186238,-1.92903561713695,1.03133502282009,-0.542306202654116
0,-0.157829567972283,1,1,1,1,1,0,1,1,1,0,0,0.610970218181414,-0.974441165214015,-0.145222733158999,-1.50309732506674,0.734388117818616,-0.0183306798045585,-0.90849387448127,-1.4516342264933,-1.19503103646356
1,1.25389404725527,0,0,1,0,1,0,1,1,1,0,1,0.197740612256162,0.74581977638481,-0.581567929979347,0.0451566047086637,0.468260929095275,-0.255149891618326,-2.19551251803692,-2.01216249308747,-0.640584349305668
0,-0.999711803892106,1,1,1,0,0,0,0,1,1,1,0,-0.738910713451017,-0.740086614896739,-0.164023894796183,1.36432955567956,1.74445507134294,-0.504957907728235,0.849502780217378,-1.85518249855813,1.0198757719988
0,-0.950891133725122,0,1,1,1,1,0,0,1,1,0,0,-0.272630653385417,0.821720493666459,0.0464769299654355,2.74905920586642,-1.33928015391442,1.20525553564735,-1.10316138142548,0.689969739474922,0.181853968230284
0,-0.110660898022344,1,0,0,1,0,1,0,0,0,0,1,2.19543787279534,-2.59573466350321,2.04081906536438,1.55854106206262,3.48971916655316,0.447129148898034,-1.19703377713773,-1.00555967709999,1.17765939087187
0,0.0858503225112592,0,0,0,0,0,1,0,0,1,0,0,0.987442340544341,0.899606554340588,1.39943257049156,0.520348351553872,-1.29364001989972,-0.569281056096321,0.2489346550628,-0.571425126008875,-0.425846109359258
1,-1.58934288105433,1,1,0,1,1,1,0,0,1,1,0,0.48460117953278,-0.755795272607565,1.71403678315546,-0.499253560549071,-1.27544790036806,0.28239819964907,0.948658741852701,0.191375806623808,-0.963336786251314
1,-0.530467437735745,1,0,1,0,0,0,0,0,0,1,1,-0.284374747246673,-0.299424850335788,-0.216587981739979,-0.300010481681914,-0.33223937629104,0.449021368170194,-0.756982206932316,1.02124150756227,0.324428061618835
1,-2.05833486377079,0,0,1,1,0,1,1,0,0,0,1,0.362455838024919,-1.63535476939421,0.502811992996582,1.09140821072121,0.75990684645744,-0.697732262501495,2.08863781512836,-0.310611000271324,0.429452132486686
1,-1.48787629311978,1,1,0,1,1,0,0,1,0,0,1,-1.00770947022632,0.408554531811693,0.18192653572245,0.171689051762335,-1.42569089560353,-0.320775562566634,0.687711464568576,2.44776363449707,0.00317749264818155
1,-0.145796582136125,0,0,0,1,0,1,0,0,1,0,1,1.19281820414148,1.95220682780186,0.511172282337966,0.418381435567469,0.180775447054233,-0.869244901570382,-0.448876805645693,-0.163101293348605,-0.860281287414377
1,1.41950980372819,1,0,0,0,1,0,1,0,1,1,0,0.872238055459049,-1.1142620621024,1.68374551137854,-0.497694766803574,0.110909478559281,-1.75070043337035,0.210113202125167,0.73925817109799,0.274256907582414
1,-0.360793780070084,0,0,0,1,0,1,0,1,0,1,0,-0.90515129705571,0.522462268351475,-0.0275844276333132,0.324786057847231,0.997598361222668,2.21133980668908,-0.88088097518834,0.23774738846849,-1.73638676366544
1,1.61144089465783,0,0,0,1,0,0,1,0,0,1,0,1.16175267098661,-0.592397344704344,-0.749851556430183,-0.302674690824045,0.556534835460966,1.74266048088027,-0.0497419309503859,0.345325686936454,-1.34702813263951
1,-1.13597820509779,0,0,1,1,1,1,1,0,1,0,0,-0.221411306638465,1.93518667314276,-0.390493745852647,-1.37375294726835,0.338209700087146,0.354261705856351,-0.209261602378131,0.818770347837147,0.342460916427143
0,1.17390981577583,1,0,0,1,0,1,1,1,1,1,0,-2.19949394373429,-1.49027035783206,1.44732493524775,0.396824174168149,0.708949015053362,-0.292757765942679,0.0170156381347151,-0.718905799293921,-2.07947119415791
1,0.583247855689849,1,0,1,0,1,1,0,1,1,0,0,1.00382129645544,0.182687505453247,0.985924129907522,0.911369961224016,-0.203280567887609,0.938943147369143,0.402700706467117,-0.818605230689314,0.24240036351707
0,0.292801000892912,1,0,1,0,1,0,1,0,0,0,0,0.733622341359215,-1.90245193552889,-0.0297618486965195,-0.679579207876115,0.654039802581731,0.322825798148927,1.42941591718535,-0.487763323306904,-0.115651961092866
0,0.620591214455061,0,0,0,0,1,1,0,1,0,1,1,-0.790114327363049,0.00574196056429584,-1.3042016140733,-1.60340530525038,-0.643886553536941,-2.76766066689626,0.745739325814487,0.0784524476498633,0.258404774820529
0,-0.290307947999543,1,0,0,1,1,0,1,0,0,1,0,-0.560473076201814,0.205401595726663,0.85114680067836,-0.822066492791534,0.865249733077963,-0.756652941799548,-0.0440987884667823,0.0739010214318848,-0.808950459614857
0,-0.393566471212072,1,1,0,1,0,1,0,0,1,0,0,0.679313598887433,-1.60938783577616,0.804894471831543,-0.905888969298547,-0.365403313291992,-0.917956959778672,-0.518832701074659,0.247128321653015,0.136210811519688
1,0.19449284721631,0,1,0,0,0,1,1,0,1,1,1,-0.894611326670213,-0.201032522563479,0.322365829550103,-0.567019129170957,-1.68973013471525,2.00879248157764,-0.844923809100234,0.160498404073592,0.403304174995466
0,-1.29683885705543,1,0,0,0,1,0,1,0,1,0,0,0.101486198044537,-0.548567921235483,1.480211924717,0.284793503273131,-1.52734355112193,0.848353779425451,1.01039312887321,0.0460117585745173,1.61318690905206
0,0.245789838704505,0,0,0,1,1,1,1,1,1,0,0,-0.789551536828077,0.35177215938235,0.039021501106773,0.399559833566336,-0.841374878316964,-0.667061209053177,-0.230946394989257,0.971767217728329,1.27084398394212
0,-0.349370516838947,1,0,0,0,0,1,0,1,1,0,0,1.19288426065266,2.59762425462571,1.51693286354738,-1.26211287897557,-0.259711908206626,-1.86439233566349,-0.569069872908036,-0.353847489170577,-0.108906603495186
0,1.7346039363048,0,1,1,0,1,1,0,1,0,1,0,0.717019464779056,-0.712003012820036,1.4983029250426,1.58435793281475,0.261940996254518,0.0195714025600409,1.45414193090685,-0.514243891227349,-0.154194491280345
0,0.457121152716173,0,0,1,1,1,1,1,1,0,0,1,-0.153906503136949,0.280187468604125,-1.08438046488477,-0.465138444043982,-0.649209248526749,0.638856345030528,-0.463225093348332,-0.787733757066231,-0.994524381145495
1,0.627488408177543,0,0,0,1,0,1,0,0,1,1,0,-0.197474604452329,-0.58300712979766,-0.364730318335155,-1.20979763218476,0.119921962098044,0.38774814020728,-0.421569545087389,-0.423821762609633,-0.916207412340316
0,-0.617213620644708,0,1,1,0,1,1,1,1,0,1,0,1.05990565634013,-1.45709184915878,-1.26544971248892,-1.46238686315818,-0.974529643718873,0.50112136979229,-1.03644293821411,1.12233563858785,-0.492663499853312
1,-1.8920633710545,1,0,0,1,0,1,1,0,1,0,0,0.796880616981976,0.973852440658463,-1.05456162819575,-0.095232592046791,0.397503999813563,-0.0261712679015749,-0.322639165654439,-0.158569483856229,2.33124539163207
0,0.810411410670956,0,0,0,1,0,0,0,1,1,0,0,0.0372016086257638,-0.559016333728425,1.82755037433242,0.652598972445894,0.288597040601994,1.43901589909326,-1.69864905907278,0.823544482003753,-0.369699606594283
0,-0.111664420009983,1,1,1,0,1,0,0,0,0,1,1,-1.01949204804554,-0.969004605732166,-0.516644264440984,-0.449512591550769,-1.27108378683217,1.35687823628423,0.811911248911893,-0.430360722021872,-2.90816987881102
1,-0.249363166079552,1,1,0,1,0,1,0,1,1,1,1,0.230832339951389,1.10581256095193,-0.0119628062148614,1.33385802177866,-1.40361812375931,-1.62973696995534,0.0211191936914036,-0.512069999127191,-1.83938226027349
0,0.327329305864373,0,1,1,1,0,0,1,1,1,0,1,-0.391691409193941,-0.865807798473286,0.000341697724370951,-1.09376807270831,-0.521078225267351,-0.756555452069006,-1.1567478578913,-1.20119100844465,-0.332003840990644
0,-0.871751630573083,0,1,1,0,1,0,0,0,1,0,1,0.00814580083430263,0.0798686151100881,-0.431174642536019,0.801658872277723,-0.838103300760095,1.62063392118009,2.00546185581729,0.444888626222816,-0.749569217088604
1,0.205953848339461,0,0,0,0,1,0,0,1,0,0,0,-1.73110237259487,0.296857095915808,0.987615005419075,-1.05891240722172,-0.0770906718402049,0.443858118648186,1.30973219495181,-0.826656283854075,-0.00751009028676016
1,0.61478488256275,0,0,1,0,0,0,0,0,1,0,1,0.428268845868655,0.121393843778693,0.658858827450792,0.27128611427601,-0.747465536701931,0.00304274055601876,1.4954004519373,1.68432717652002,-0.154152090430894
0,-0.114900933957751,1,1,1,0,0,0,1,1,1,1,0,-0.885868436325428,-0.575388285118499,1.08050147496242,-1.45790406896738,0.911337101576078,0.54925312621502,-0.061908411435762,0.900828859604861,0.368404791000087
1,-0.0178476989551164,1,0,1,1,0,1,1,0,1,1,1,-0.604188663641416,-1.20243664074268,-2.05194121801056,-1.14932349690543,0.198250545399835,-0.380384124483065,0.622595549044782,-0.076093472890558,0.163093577473528
0,1.67203012514448,0,0,0,0,1,1,0,0,1,1,0,-0.0111596166327229,-1.20419115656575,3.04907285788196,0.408620728055743,-0.726287436465156,0.442075183384976,-1.71309133459591,1.59102271288088,-0.859114886028718
0,2.33465205333453,0,0,0,0,1,0,1,1,1,0,1,1.04002043547651,0.63385871138835,-1.0658164478549,1.86549699449996,-0.0835259725608632,0.771737887463353,-1.97334900877901,0.362543880337281,0.734311703800034
1,0.884272550370255,1,1,1,0,0,1,0,0,0,1,0,0.454940599015688,1.37286694532427,-1.43954741068618,0.247601713578791,2.19685508157387,-0.55400328179919,-1.23790750045907,-0.753523753316379,-0.0188619620012309
0,-0.145670977726383,1,1,0,1,1,1,1,1,1,1,1,2.64130934688849,-1.70631151429499,-2.51239681317174,0.341049581049393,-0.178835398440828,0.357740786843673,0.000446144349509467,1.02701038632994,-0.247763499730787
1,2.47521369455233,0,0,0,1,0,0,0,0,0,1,1,0.988438730741728,0.802434867055255,0.452769568844248,-0.585810247395891,-2.19508256763428,-2.25163632538469,-1.14459570448535,-0.020852172630158,0.33027474480891
0,-1.49824970462625,1,1,1,0,1,0,0,1,0,0,0,-0.132351881473224,0.634309405328359,-0.48929285975784,-0.0461459918923485,0.0391482808797386,-0.0851355245610938,0.930515581719173,1.31485766648552,0.976419397938982
0,0.335787251779469,0,1,1,0,0,0,0,0,0,1,1,-1.17133641919639,-1.83009944819961,0.614299334135555,0.283955897550133,0.32667325316561,0.487071859803895,0.367632300371071,-1.06251486672172,-0.801317897353508
0,-0.246355982696563,0,1,0,0,1,1,1,1,1,0,1,0.175130895664681,0.646757244115204,0.298428746524286,-0.471537143986894,0.734960749970175,0.0922957271790436,0.821625371794781,-0.177800479864735,0.589649358732537
0,1.06922117900159,1,1,0,1,1,1,1,0,1,1,1,1.00794313869641,0.752306737713759,-1.96229700175916,-0.426765558743236,-0.0267783781050133,1.13951797788462,-1.37795660321912,-1.51455105319127,-0.460275398116254
1,0.147471710317069,1,1,0,0,0,0,0,1,0,1,0,0.726977927137026,1.17453569781739,1.24752571246254,1.4857664140725,0.467493192543354,0.0440689514463221,0.147535046630341,-1.12640628104076,-1.27339405818486
1,-0.481773110082265,0,1,1,1,1,1,0,0,0,1,1,-0.370729344539418,-0.279372089137432,1.01261857403848,-0.327312243769656,0.55801707952549,-0.243552744749578,-1.08492630756177,-1.50223653559348,-0.688075076386049
0,-0.62072231339163,1,1,1,1,1,1,0,1,1,0,1,0.170251746062136,-0.0824749263298996,1.07575001104228,2.90050000247479,0.311347991555828,0.0121495550980932,2.38136841396936,-0.469938541085794,-0.41357320012774
1,-0.122101005036771,0,0,0,1,1,1,0,1,0,1,0,1.26808526385244,-2.37339800839727,-0.0340448440177205,-1.08155603452952,-1.46484482263593,1.39386107655057,0.485255352089525,1.2794325454213,-0.0545340451787829
1,1.01205296810877,0,0,1,1,1,1,1,1,0,1,0,-0.469144398636377,1.45606419598854,-1.25279108466931,-0.896707956790981,-1.43123009447911,0.0434792966309079,-0.20258401674063,0.171990571743399,-0.859367458224768
0,1.50509662356933,1,0,1,0,1,1,1,1,0,1,0,-1.74719096123184,-0.604861934223158,-1.06787271958757,-0.690045865056561,0.808734788834875,1.96797658850428,-1.18609237907275,-0.169847867531838,0.278000686341647
0,1.29038244400229,0,1,0,1,1,0,1,1,0,0,1,0.655402724850448,0.760982600632797,0.0272262272782798,0.343218655467314,-0.0325467803231257,1.74985916189422,-0.30421426080699,0.487966871771218,0.248898358136763
1,1.8392170522836,1,1,0,0,1,1,1,1,1,0,1,0.538663857657733,-1.07336120354247,0.123890767049567,0.703088750309332,1.47380644551739,-1.09433966315351,0.879004573733592,-0.227349471801279,0.839583436199325
1,-0.24316952455879,0,1,0,1,0,1,1,0,0,0,1,-0.839658636467281,-0.918401475287053,0.0813884567006201,0.703819458025141,0.53534882236726,0.581811746043927,0.613803359657842,0.0134281067605126,-0.427305291106461
1,-0.433050201634046,0,0,1,1,1,0,1,0,1,1,0,0.391683090834729,1.39391507312439,-0.460327123758946,-0.446971640955615,0.770651664176326,1.18875456635469,0.831119644827182,-1.33049403500477,-0.0630200271579211
1,-2.1951214284657,0,1,1,0,1,0,1,1,0,1,0,1.52401243702483,-0.653262214895775,-0.229777489853231,0.888188157031055,0.077721254560177,1.05933663407358,-0.112343610964187,-1.17078734190603,-1.18286249641893
0,0.425679550428626,1,0,1,0,1,1,1,1,1,1,1,-0.796183638399849,-0.848383288243049,0.210930790959353,-1.00521229869917,0.197770267013338,-0.698540744054169,1.82570048282124,-0.366928761582176,-0.646595406849455
0,-1.26170965926375,1,1,0,0,0,0,1,0,1,0,1,0.646912862326759,-0.120922889550197,-0.28887543565445,0.550857403499758,0.99352051361291,-0.919988643393745,1.59948455278806,0.759006922938214,0.471880630512413
0,-0.423828797662703,0,0,0,1,0,1,1,1,1,1,0,-0.395940280900116,0.171364047515613,0.048352053479459,-0.692034128824994,-0.960671384436588,0.201702769815043,1.85307040320197,1.00147727346967,0.09637112558737
0,-0.0502127059504654,1,0,0,1,0,1,1,1,0,1,0,-1.02768377293201,-0.62693684211101,0.633669850060953,-1.17312052138869,1.33192132215638,1.378433724019,2.0762759960492,-1.52392706107055,0.221831157066511
1,0.664357466965249,0,1,0,1,1,1,0,1,0,1,1,0.423595682196268,0.102064042964005,2.29498578472651,0.67411758426293,-0.98584197374443,-0.599472632985037,0.610241840996685,-0.759851655325164,-0.239930418168335
1,0.584592351397749,1,0,0,1,1,1,0,1,0,1,0,0.965808523990171,-0.370728864621476,-0.285260910550941,-2.32387092695308,-2.09979262423089,-0.517789157052021,-0.824329083949925,-0.290898965661961,0.309888894480554
0,-0.59740919022432,1,0,1,0,1,0,1,0,0,0,0,0.182109156914538,0.903132008833355,-0.657131463406667,0.210324772845005,-1.10527567427871,1.53632971020986,-0.347365609835772,-0.560006134300088,0.0705897812244782
0,0.219096218692294,0,1,0,0,1,1,1,1,0,0,0,-0.298280941931066,0.728121591303338,0.804825820352936,0.219269114199206,2.29854234476804,-0.213276814330097,-0.480189615152131,-1.66357397682567,1.22432182006467
1,0.298848401650276,0,1,0,1,1,0,1,1,1,1,1,-2.35032148536761,1.0441777414772,-2.65906977552057,-1.12549637559965,0.694984180753745,-0.290375046778858,-1.01222504609575,0.906147399164112,0.698112316615699
1,0.50555245268197,0,1,1,1,1,0,0,1,1,0,1,-0.867280553094463,-0.307492225282644,0.198732778631086,1.861327854058,0.78932115653145,1.27893203011856,0.463358037489992,-0.372582298178175,-0.255563269856322
1,-0.832700524799387,0,1,0,1,1,1,0,0,1,0,1,0.522738257144014,-2.00323034475243,-0.170581135661573,-1.3983605951133,-1.11259766228837,2.14062850007975,-0.108082839696426,0.0229600947304904,0.191158777861404
0,-0.621492018708388,0,0,1,0,0,0,0,0,0,1,0,0.104562241154563,0.496434626951311,-2.3859996404998,0.580272044633016,0.338866047738389,-1.19772000266183,2.11138204637093,-1.31585680604295,-0.301086320298731
1,-1.57553793247961,0,0,1,1,0,1,0,1,0,1,1,-0.761808269220542,0.131151481828435,0.933185825890209,-0.535114020118201,-1.22556430326839,-0.225510274272897,-1.11962233394535,-0.469672046924546,0.982427531053538
1,-0.748023024927552,1,0,0,0,1,1,0,1,1,0,0,0.568964488511277,-1.25524296180515,-0.332299861449107,1.25455716661185,-0.565940219552935,-0.0317373514991842,0.203461771557055,0.547379679507671,0.914186046559272
0,-0.208156917734944,0,1,0,1,0,0,1,1,0,0,0,-0.357156571416169,1.08014123122929,-0.330575498302997,-0.143826293980808,1.53670822446443,-0.752996924972685,-0.21916033061574,1.8838111148773,0.766326240609725
1,-1.08628531054138,0,1,0,0,0,1,1,0,0,1,1,-0.944045299224543,-0.383742440415869,-0.17924810258361,-0.441418482018276,-1.02865183741008,-0.485122103820252,0.326623743775939,-1.12324694358445,0.817750344074818
1,0.986179975412511,0,0,0,0,1,1,0,0,1,0,1,0.464867719426599,-1.34941827730602,1.23480153988792,-2.20251737262555,1.29545012535797,-2.17577980705031,0.0982413783204962,0.104847676793753,-1.10088134046805
1,1.38520559107319,1,1,1,0,0,0,1,0,1,1,1,1.5203872064651,0.163632800396058,-1.39785265063369,-0.185749772520404,-0.436001787738666,-0.451936487509047,0.0712184863855023,-1.16625409305805,1.55352133094349
0,-0.119545745485596,0,1,1,1,0,1,0,0,0,1,1,-0.915353516053112,-0.783053051803213,0.235642514931781,-0.00152245030140412,0.28958585200407,0.999772649522939,-1.24368014840751,1.07031356327814,0.105132345300214
0,1.0190101547908,0,1,0,1,1,0,0,1,1,1,0,0.722281283547133,-0.33542485051286,0.889125196223452,-0.82796348588592,0.707056947388711,0.211444321067788,-0.6626019069011,-0.342393490943762,0.414155792855399
0,-1.59867007072172,1,1,0,1,1,1,1,0,1,0,1,-0.565997944272424,0.871071718845469,0.654576791869007,1.42595098704891,-0.97014073610405,1.42187663800716,-0.818017595917501,0.21673220795262,0.259398261939198
0,-0.559148863386632,1,1,0,1,1,0,1,0,0,0,1,-0.631538428850537,-0.467323598059456,-1.13722684169573,-0.818048998550191,-0.534496468542605,-1.18725558027738,-0.550527033049521,1.11405456198778,0.126329340089131
0,-0.892413994634054,0,1,1,0,1,1,1,0,1,0,1,1.27598619565606,2.64009382748961,0.155096672356798,-0.168262892695771,-0.427272043939081,-1.25353494107327,1.65949001661714,0.981922583560613,-1.02142156523111
1,0.954490262177094,0,0,0,0,0,0,1,1,0,1,0,0.938617259958647,1.11208221493384,-0.41049848076892,-0.488158671476627,0.25436043738022,-1.01788067683329,0.738636925795115,0.0755740940002964,0.875673536447121
0,0.477310381405458,1,0,1,1,0,1,1,1,1,1,1,0.586919969442474,0.467271304841553,0.741093470056198,-0.190963129856605,-0.886328362205671,-0.157662927431482,0.678126225984776,0.843790788656569,-1.80616073490787
0,0.238555198097765,1,0,0,1,1,1,1,1,1,1,0,1.98462987213669,0.111302115910548,-0.885190148401273,0.32417615722678,-1.04993887528718,-0.892041563214755,0.544333919516684,0.567217333742935,-1.54028821910894
1,-0.00307943220110344,1,1,1,0,0,1,1,0,0,1,1,-0.615896078469303,0.536027371041539,-0.795437494068347,-0.90322073779406,-2.87309347814358,0.0691202385007464,0.286722436647575,-1.04854454804743,1.16199864153917
1,-0.262208392653252,1,0,0,1,0,1,1,0,1,1,0,-0.658788640937111,1.34758976090816,0.0853392927466791,0.731743198184933,1.26403999861557,-0.950413059384198,-0.047358809645177,0.601584443279192,-0.245568466333417
1,0.362749220458657,0,1,0,1,0,1,0,0,1,0,1,1.57985168163131,1.34694465481333,-0.120626188286164,-1.4044167828373,-0.700772232158716,0.424280440249725,-0.809166060705181,2.14618501654429,0.732887743994515
1,0.19794768355215,0,0,0,0,1,0,0,0,1,0,1,-0.501554512362014,0.81307415306263,0.103050773818967,0.732025744740838,0.484480554760087,1.48876855144692,0.863894382598482,-0.991193294528345,0.193653409904744
0,-1.90403328545546,1,0,1,0,0,0,1,0,0,1,0,0.258340440439849,0.831764394682562,1.79675261895903,0.293908427669827,1.2799178834837,0.345081723607203,0.176614803175242,0.9494520371763,0.15023140735713
0,0.142278512230629,0,0,0,1,1,0,1,0,0,0,1,0.0824245940326754,0.576140252991898,-0.274775062266148,-0.46031512447836,-1.44290241642533,-0.127614881091515,-1.07525868349487,1.57435707617027,-0.582375561854324
1,0.997508967921199,1,0,0,1,0,0,0,1,1,0,1,-0.489596572988268,-2.33206371145486,1.97923934121361,0.137467091760618,1.36749801165021,0.0738436980398917,-0.270156977152832,-1.20373655419608,-0.0411568908190551
0,0.727217984982673,0,1,1,1,0,1,0,1,0,0,1,0.229545835866076,1.03708179456803,0.710787795603993,0.569097265266984,-0.241274518951859,1.75686409752252,-1.32737182440635,-1.9406811341588,0.566514659726265
1,-0.670906845589452,1,1,1,1,0,0,1,1,1,1,0,0.50881658341123,-1.35649358617268,0.484536498884075,1.92197530127617,2.87092313605848,0.343488262444661,-0.281956385651254,0.92278765039138,-0.0946417506373389
0,-0.00663796895971783,1,1,0,1,0,1,0,0,1,1,1,-0.499259192606434,-0.036261937660765,0.211958861276814,0.52491124993576,-0.107866569389321,-0.18619329020678,-0.75271295801792,-0.0475687790905943,-1.56342693568539
1,-0.708377715522317,1,1,0,1,1,0,0,0,1,0,1,-0.759028008937447,-0.870015428584476,0.815623291095121,0.0329427437413257,1.57769121208893,0.102457465641066,1.06099155758149,0.640586662568664,-0.239953870383482
0,-0.0916768897467431,1,1,0,1,1,1,1,0,1,0,0,0.280406013519449,0.413728547074784,-0.638658871626444,0.840739491514519,-0.948456428734704,-0.65212814220655,0.181984614437683,0.262426490709592,0.441221521850602
1,2.55349699356355,0,0,0,0,1,0,1,1,1,1,1,0.177767075043006,0.618655297311051,-0.0727859656491397,0.123139772369765,-0.486390951256978,-1.26316849446475,-0.685500898332938,-0.909444829921655,0.98451683747916
0,-1.30495077643203,0,1,0,1,0,0,1,0,1,1,1,1.09724581500671,-0.82577999638883,0.533855231530671,0.0107285941436887,1.3499198247359,1.75033351922397,-0.0568425988911049,0.0659799506160501,0.223584226060243
1,-0.897870651833653,1,1,0,0,0,0,0,0,0,0,1,-0.690119196420671,0.353399350815367,-0.197696681512908,0.763150086497927,-0.0704218732164113,-2.50771347884333,0.498579582438403,0.503276385969687,-1.44293564379224
0,-1.14464259076292,0,0,0,0,1,1,0,1,1,0,0,-0.397322814586342,-0.0913301552416951,-0.00479418146337372,-1.03319215362155,-1.3016387680081,0.266043961394553,1.38610790342028,1.19803070992276,0.504706322201928
1,-0.589032371480171,0,0,0,1,1,0,0,1,0,1,1,-1.44367464311743,0.118888137236966,-1.40626292494354,-0.179136273128254,1.7056192323224,0.0829573871192827,-0.235137599604025,-0.80617162300999,-0.30864631269574
1,0.50146282910096,1,0,0,0,1,0,1,0,0,1,0,-0.68503474099969,-1.87669587144521,0.3493572192587,-0.0347388581794862,-0.246832804909508,0.873966752028718,2.11485127894931,-0.338666420682602,0.938715634640019
1,2.08954802721563,0,1,0,1,1,0,0,1,1,1,0,0.732449290286893,-1.37463572013436,-0.641147787222086,0.151141793041911,-0.496958433667274,-0.436546448609516,1.14283856989789,-1.89889911822849,0.475943579761238
0,-1.19429504267821,1,1,1,1,0,1,0,0,0,1,1,0.0655156838962974,1.21978706392944,-0.294898519561351,2.33644616511457,-1.03589756005542,1.00944329876001,0.730154054491779,0.0397366173870402,0.652750291186701
0,0.596164449579662,1,1,1,0,0,0,0,0,0,0,0,-1.32359522467543,0.513192450716901,-1.63998154524442,0.402467523669221,0.717967893275898,-1.15440842497138,-0.969569961243547,0.676509389628313,1.63175090355615
0,0.640523115679499,0,1,1,1,0,0,0,0,0,1,0,0.0363676937371401,-1.38372181222995,0.881912434432673,0.38574859348232,0.252993672567262,2.29487207364348,1.53930615063823,-0.242122159944285,0.11756919502549
1,-1.36563777278191,1,1,1,0,1,1,0,0,1,0,0,-2.14397775972791,0.270470095428956,-0.439989151735798,-0.730812519779454,-0.0022701288845536,0.93892354014083,-0.0105422983987009,0.912939030934929,-0.324064897473731
1,-1.54252916519461,1,0,1,0,0,0,0,0,0,1,0,1.67356847041641,-0.838837921308523,2.58877529190523,-0.479082371439895,-0.799588673063237,1.03260228338962,0.616486835463972,-0.785292918565305,-0.283246639684635
0,-3.35399067135816,1,0,0,0,0,0,1,0,1,0,0,0.0184628596071296,-1.47199040199176,-0.351239189839624,-1.21836488415763,0.747645176832515,0.907194572529157,-0.98695781797923,0.712492552967586,-0.0680141940788866
1,-0.727084225323012,0,0,1,0,1,0,1,1,1,1,0,0.809214228131389,-1.56266047369525,-1.22349905535687,0.471658316126851,0.265214601647335,0.324002952614153,2.42768231462329,0.251777559035533,0.887161070775965
0,-0.175678370752226,1,0,0,0,1,1,0,1,1,1,1,-0.923126714013997,-2.08551300725791,0.528248922274934,0.455313806588711,-2.0568857287555,-0.498929558669194,-0.767616467721324,-0.872233191551529,0.705185955610034
1,0.413118209815961,1,1,1,0,0,1,1,0,0,0,0,-0.405736671461882,-2.40295558549787,0.592578478965732,-2.10634655289701,-0.473791453576871,-1.5045802004058,0.344852365488644,-0.229811304736959,0.388027645575134
1,0.371469888739792,1,0,1,0,0,1,1,0,1,1,1,-0.482074690006674,0.0230726388258634,-0.0185883913088279,0.0614026700506721,-0.402600255850859,0.0969294761840015,-0.433291625552888,-0.253356510110698,-0.364044137323652
0,0.573254442746036,1,0,1,1,1,1,1,1,1,0,1,-0.898784511670205,1.73765348995838,-0.597578736064819,-1.41694505615547,-1.60992806799914,-0.0912716444596767,0.00141958286475961,-0.0325659923656844,-0.136922422042702
1,-0.11814672416476,0,0,0,1,0,1,0,0,1,1,1,1.62828176131743,-0.691129992685797,0.223700222319733,0.493391804200754,1.85275540621337,-0.349981817229773,0.647352701289836,-0.813693263238564,-0.160922553861706
1,-1.62070552738053,0,1,0,1,0,1,1,1,0,1,0,0.71646458399674,-1.89734293737871,1.18752742666787,-0.270150447661102,0.0637750972209286,-0.121794585009738,0.212943144252082,1.03207755580466,-0.332038216573117
1,-0.0791514855415937,0,0,1,1,0,1,0,1,1,1,0,0.932457939428207,1.11652207353438,0.126013627499536,0.345300400266755,-0.659543730883929,0.105630705407473,-1.61483688821909,0.454407634011917,0.816044152449525
0,-0.545224610754089,0,1,0,1,0,1,1,1,0,0,1,-1.70439556055066,0.474041514085941,1.47995118120879,-0.379318807183871,-0.659379513368557,1.18844855236373,-2.26456067473873,0.509701756048228,-1.81833944729019
1,0.664402937110296,0,1,1,0,0,1,0,1,0,0,0,0.573622004959175,-0.470277167883289,0.96933099819322,1.04204362656005,0.71093796275008,0.166055997825797,-0.569399805596269,1.96996762911946,0.148458383919227
0,0.600659092202027,0,1,0,1,1,1,1,0,1,0,1,0.439447574477037,1.7891441857716,-0.301167149104696,0.000864771226079772,3.12529598025605,-0.428206270515851,-1.7775691356389,1.30229994679685,0.0857693211610824
1,-0.876753384088119,0,0,1,1,0,1,1,0,0,1,0,-0.567279399985209,-0.568424359431043,0.518398769066386,0.207069536346171,1.31789102677965,0.716867446543855,-1.79581421273727,0.269223498060092,-0.685779443465445
1,0.645462532007274,0,0,0,0,1,0,1,0,0,0,1,-1.0779328451018,1.56753258501439,-1.32126883117477,0.955593830821881,0.341621007378885,0.0410574244985443,-1.06517196669162,0.60557623884902,1.8792756464225
0,-2.23218802160104,0,1,0,0,1,1,1,1,0,0,1,1.82141896952879,1.1834202034856,-2.23853576529275,-0.596622170465895,-0.35490630588069,0.813392216361262,-1.15457439545196,-0.0129389917149682,0.535544012852463
1,-0.245406664814618,0,0,0,0,1,1,0,1,0,0,1,0.34587992486332,0.244295530318533,-0.416832315368344,-1.15844348476888,0.804364222907973,-0.975864298310682,0.985594635329175,0.410781976517804,1.00318905871545
1,0.458725641980673,0,1,0,1,0,0,1,0,0,1,1,0.0694067529109906,-0.534191234400221,0.598463428198023,-0.604196504853684,1.28381459143516,-0.397009719873654,1.08276561575855,0.0231866624298065,-0.31195315528779
1,0.451698999832115,0,1,1,0,1,1,0,1,1,1,0,-2.28029814502843,0.0225281222147797,0.0521086795225226,0.817536148379044,0.484037789715656,-2.03253241644192,0.72247830916802,-1.05226607626266,-1.01917953340061
0,-0.0694482357419522,0,0,0,1,0,1,0,0,1,1,0,-1.50824558856229,-1.45196363713766,0.866468870940513,-0.690378183884213,-0.0888027168924834,0.533719297078372,0.419270746073012,-0.480285586763061,0.0981834049999097
0,0.688047975609937,0,1,0,0,0,1,1,1,1,1,0,-1.57094700009773,-1.14414741831287,1.06528096251814,-0.264445060242296,1.02771410308617,-0.0519857024220901,0.406307926535514,-0.157289564781118,-1.65499143731663
1,-0.224371743024036,0,1,1,0,0,0,1,0,0,0,0,-1.20635326346744,0.296710339485692,0.683436722159973,-1.75697667396107,0.59411065902544,0.00675783018353954,1.53672547652883,0.970621741853363,1.28019830419692
0,-1.52968818268643,0,0,0,0,1,1,0,0,1,0,0,-0.291096770190105,0.764262790397089,-1.40960088182337,-0.378678590087247,0.132384671207992,-0.461130167576185,-0.807118650913782,0.227392290959947,0.317328012948873
0,0.218963411823809,1,0,1,0,1,0,1,1,0,0,0,-0.675815752591105,0.00176389062408852,1.44027897000374,0.124331887999285,-0.248256717343007,-0.819147550651823,1.39254005679895,-0.721167603210218,0.367404051807809
0,0.437567248078535,1,0,1,0,1,1,0,1,1,0,1,0.173810907798335,0.0249640556775066,1.68567601132966,0.584701708927375,-0.403451394100725,-1.7035760972606,-0.927375790693225,0.0363671787802302,-0.342852654226634
1,-2.06257625612477,1,1,0,1,0,1,1,1,1,1,1,-0.987871836027245,1.46643752713457,0.315760450206242,-0.323336235916964,-1.3878957592599,0.385673441312243,0.947054014849675,-1.10363959805705,0.154212088738686
0,-1.59065860038257,0,0,0,0,0,1,1,1,0,1,0,0.694157858595312,0.299933088250026,0.343124254690002,-1.82260372942727,-1.58581708843839,0.489281675498519,0.814467538007677,0.400904394071191,-0.947193671867906
1,0.328688124119071,0,1,1,1,0,0,1,1,1,0,0,0.119317273609187,0.3780711820865,-0.530113996805925,1.02611115198871,1.26667193975015,-0.241353041956073,-1.20765059631442,1.38570233271242,-1.18800109561274
0,0.168873784781418,0,1,1,1,0,0,0,1,0,0,0,-1.9927929086148,-1.10258354819809,-0.54365690052573,0.339442344053628,-1.0514861934347,0.708819526574387,1.99853599094937,-0.210019245330323,2.10696416982513
1,-0.0235839093441462,1,0,0,0,0,1,1,1,0,0,0,-0.760557056594523,-0.079184725904063,0.326049022732441,1.68962535581628,-1.91021521691655,0.394567908677283,0.738838918078957,0.347997350947856,-0.100914514503548
0,0.711903440405306,1,0,1,1,1,1,1,0,0,1,0,0.581957310528614,-1.8773114581602,1.97493886426276,-0.89559254863314,1.84478655130663,-0.690669733822476,-0.131848034141325,0.600186319002775,0.954838938460561
1,-0.501095150798519,1,1,1,1,1,0,1,1,1,1,0,-1.46576324595599,-0.54126468359866,0.120620696803019,-0.869840109346864,0.444472321483432,-0.352310155101679,-1.40958383859543,1.0020207526969,0.100536805474369
0,-1.38783931092604,0,0,0,0,0,0,1,0,0,0,0,-0.297505558894486,1.14367725558893,0.136192013232287,0.708895630849449,-0.439887861699782,-0.96159222934651,-0.390473120571825,0.604970672345591,-0.858011591016651
1,-0.383314807902081,0,1,0,0,1,0,0,0,0,0,0,-1.34203781025883,0.610759974021077,0.609872471441894,-1.75878503332256,-0.339845302985669,0.385235435065623,-1.31798431134149,-0.328669990167243,-0.831844013689625
0,-0.670876939349354,0,1,1,1,0,1,1,0,0,1,0,0.980070656787035,0.338509832151437,-1.8946502624627,0.267173577038453,-0.653447042240076,-0.826214918962253,0.143103944046124,0.966106303313133,1.24339812870907
0,-1.0189801048054,0,1,0,0,0,1,1,1,1,1,0,0.366880882004538,-1.34260781060998,-0.600750958406496,-0.503199181315624,-0.650441388831238,0.503718123270716,1.55328928254813,-0.969609707001681,1.0730174196434
1,1.94838062353395,1,0,0,1,1,0,1,0,1,0,0,0.21926075455383,-1.72119604661711,-1.42322644874609,0.738884140560196,-0.697930823929375,0.416391847914776,1.31886407546177,-0.54346422946849,1.77931256274154
0,-1.20460937456138,0,0,0,0,1,0,1,0,0,1,0,-0.652951873217421,0.167639316668093,-0.900698544618909,-1.46582058720018,-0.217367281320686,0.997870284131004,-0.501725105031984,0.411043442486778,0.927732221972834
0,-1.35958332533612,1,1,0,0,0,0,1,0,0,0,0,1.09393689534961,0.141444010212498,-1.04834617254647,0.492229458116923,-0.917640933105849,0.70396267206957,1.11440235031836,-0.874525559917591,-0.298329382500495
0,-1.4518754153994,1,1,1,0,0,1,0,0,0,1,1,-0.0329975404754138,-0.77358406521641,0.248451271420627,3.42870697974098,1.61270827908905,-1.15584641189064,-2.08394361831919,-1.06230068488595,-2.36269203124323
0,-0.0634530643902637,1,0,0,0,0,1,1,1,1,1,0,0.408190003783724,0.597514082537788,-0.222676288436214,0.162399691149396,-0.104945105188466,-0.0899496241321525,1.37882655799517,-0.111208140940884,0.74962053129982
1,0.402894796003637,1,1,1,0,1,1,1,0,1,0,0,1.51583068422445,-0.304680498547248,0.347011832810218,2.01316334792826,-0.44133744777601,1.02743609649276,-0.195093153076171,1.08577524441002,0.117772990647363
0,1.49948295343812,0,0,1,0,1,0,1,0,0,0,0,-0.47969628846486,-0.000403687760366853,-0.957485581339082,-0.369351034345064,0.236415435841412,-0.0532860733013056,-1.32025838103677,-0.442906137374913,0.756476022916126
1,-1.00467768753394,0,1,1,1,0,0,0,1,0,1,0,0.653981044161529,-0.319386462832882,1.09598556346226,0.767975716434939,-0.537328425790065,0.326207932905986,0.222893914780512,-1.6518509489902,0.07904919074216
1,0.091775437318627,1,1,0,0,0,1,1,1,0,0,0,-1.19013803031201,0.376479160217313,-1.13572846924782,-0.550399810996074,-0.257365859955241,-1.2924283668696,-0.731479771997276,2.4130234120247,0.220060789950579
1,0.964207311723904,0,0,1,1,1,0,1,0,0,0,0,2.13984810981041,0.0689844470201757,-0.840964935933103,-0.0192627914845273,-1.65214128119086,0.203692321018869,-0.492111102949965,1.51046078211294,0.553665033102738
0,-0.227212970816411,1,0,1,0,0,0,1,0,0,1,1,1.03686558013023,-0.226917253251889,-0.708501391367968,0.761706456251244,0.196063713673794,-0.974433969981506,-0.75593281132827,0.71053431665245,0.13226418357277
0,1.91621020251887,0,0,1,1,0,1,0,1,1,0,1,-0.254808910780413,0.304865507445344,-1.24699732317014,-0.132687197033441,-0.608068547273861,-0.290021036592871,-0.93340291722309,2.16932572770019,-1.03760369132272
1,-1.26707236489225,1,0,1,0,0,0,1,1,1,1,0,0.811552737799775,0.039043387353679,0.665080497673329,0.102506861765507,-1.25379248199863,-0.991349312008789,-2.06622982130205,0.59605568096909,-0.0998870812185288
1,-0.827501547519552,1,1,0,0,1,1,0,0,1,0,0,-0.775403136534638,1.14542561934651,0.0232344148561833,1.15772392820682,-1.30043143774584,0.0236241151169402,0.420873291047573,-0.681419741475544,0.181060440650207
1,-0.0855334240842617,0,1,1,1,1,0,0,0,0,1,0,-0.444930361988227,2.39937431747302,0.465848067654889,0.287659619608151,-0.607696890149355,0.904355603935885,0.201865812515689,-1.00119560810872,-2.26128430415828
1,-0.150691164194321,0,1,1,0,0,0,1,1,0,1,0,1.24400113840429,0.0473473239929204,-0.656070871882772,0.882266733005236,0.487359228823078,0.30706987492691,0.215737470617657,0.071847752541357,0.0937144630864304
1,-0.759457414668979,0,1,0,1,0,1,1,0,0,0,0,1.69171846795647,0.0037942272574869,1.17279560404635,1.41762508173731,1.05302469197617,0.768475173805649,0.221706074324332,-0.414467583861344,-3.04085874295573
1,-0.202492672042859,1,1,1,0,0,0,0,0,1,0,0,0.877320803970576,1.7098471669296,1.16596879070613,-0.88859770878038,-0.285147209761655,-0.355632514790156,0.673031932918917,-0.286501556857607,-1.22524622647596
1,-0.651129362247092,0,0,1,1,0,1,0,0,1,1,0,0.286133853273127,-0.584846588665225,-0.729101517249174,1.15188756810167,-0.117370446773414,-0.572572321961976,-0.437888814844358,1.94155404275393,-0.278864756441656
0,-1.32084621175597,0,0,1,1,0,0,0,1,1,1,1,0.530851383346241,0.925534791116556,0.0755013512315464,-0.659567000779909,0.936873012804872,0.0996408697831056,0.208592161050505,2.34941165548675,-1.22470820023895
0,-1.15282244274855,0,1,1,0,0,0,0,1,0,0,1,0.430360088057474,-1.94845113704915,-0.669743609056504,2.57242862200857,-1.23711891954467,1.1639429818021,1.7626232691869,0.129209691098724,0.532179005963852
0,0.0844135103636205,0,1,1,1,1,0,1,0,0,0,1,1.05295100152303,-0.335793931522724,-0.367806062139435,0.960380159335547,-0.406351830083945,0.283547594735046,0.544476765391133,1.3626005007475,0.913091549940717
1,-0.749505032756587,0,1,0,1,1,1,0,0,1,0,0,-0.347484740094781,1.08401734968118,-0.642350464747422,-0.613064434977605,-1.38925715218805,0.0841403146241344,-0.258347056065628,-0.516808546063379,1.79725084180376
0,1.43512478352603,1,1,1,1,1,0,0,1,1,1,0,-0.59255184953396,-0.12867918541203,-1.09091521513939,0.277448100337874,0.348936712665311,-1.35670889126488,0.292342756613051,-0.914949346682884,0.907748242743409
1,-0.195897594757425,0,1,0,1,0,1,1,0,1,0,1,0.068269066736664,0.607053987535301,1.27189530492483,-0.560929859829398,-0.191999616115904,-0.440397733996818,-2.00635846525545,-0.124214495643077,-2.20457432148044
1,-0.388806484430701,1,1,1,0,1,0,1,1,0,0,0,1.71576764524338,-1.57376738105462,-0.993188353584978,-0.275271637002332,-0.479887901242022,1.12762663436913,2.5727358649523e-06,-1.30477952285367,0.105646888658782
1,-1.25534998622188,1,0,1,1,1,1,0,1,1,0,0,0.300595366443943,-0.0510303637364985,0.366471960532095,1.29337528061307,-0.906295067491197,1.97255025344503,1.07265319120638,-0.254373156220885,0.630103377056835
1,-0.207800797497937,1,1,0,0,1,0,1,1,0,1,1,0.772532646486925,0.45815190542536,-0.205737776141277,-0.403129300230985,0.850917289529785,0.629646164844623,1.36513323559236,0.103360945972478,-1.49723873074441
0,0.818397210804462,0,0,1,0,0,1,1,1,0,1,1,-0.675264873232953,-1.13933315505761,0.435773677360069,0.570280576026075,0.769410435428255,1.39647439480598,0.671269669558854,-1.14100934604426,-0.550403202391066
0,-1.29084572029161,1,0,1,1,0,0,0,1,1,1,1,1.13094874778784,0.255505709651805,-0.276489584142448,-1.6445474605133,-0.308127345784349,-0.0688294833827757,0.575700084126927,-1.04640901856898,-0.733763659219116
0,2.01177144213476,0,0,0,0,0,1,0,0,1,1,1,0.0582589534926691,0.881968101455738,0.448341428148639,0.0175977304525179,0.390669153267273,0.946959117398751,0.627000661672423,-1.55838221805759,-0.041613259784554
0,0.00322770299698985,0,0,1,0,0,0,1,0,1,1,1,-0.507399913882605,0.411588427423508,-0.255934709893792,0.00289926586726564,0.610709653989556,1.05743720292949,0.47013132726136,-0.0568024070729186,2.18141263016773
1,-0.390919750986568,0,0,0,0,1,0,0,1,0,1,0,-0.11365125152227,1.35068964891082,0.279604745501257,1.03208062272173,-1.03345270123872,-0.933752956429846,1.41221168694878,0.438797158735898,-0.376514986355723
0,0.377088130464507,0,1,0,0,0,0,1,0,0,0,0,-0.902182070545131,0.67328187631324,-0.453528891949277,-0.998112828611759,0.754530117442768,-0.142647837357225,-0.510538715727858,0.552183863857147,-1.34849104690476
1,0.352924097924489,1,0,0,1,0,0,1,0,1,1,0,-0.866190762409346,-0.628654186290172,-0.870199663152559,1.34547157080599,1.32754830599154,1.41673623362862,-0.119210187450023,1.04879644387819,-0.115637932354518
1,-1.79853152993579,1,1,1,1,0,0,1,1,0,1,1,-1.18980877563253,0.88269977816415,-0.294695199153507,1.70011319218346,0.29181854614177,-1.31755975965372,1.31171515644635,-1.45384006422388,1.01941621628875
0,-0.307019264380959,1,1,1,1,0,0,0,1,0,1,1,-0.627006815385713,-0.880937337418195,0.73514300351211,-0.173127300253792,-0.12312625064302,-0.375965069380171,-0.27598865607913,-0.808038999676486,1.18836966406391
1,0.562015965721199,1,0,0,1,1,1,1,0,1,1,0,0.712002979218816,-1.68970210979016,-0.79448490561538,-0.0762359145890609,-2.37487931379934,-0.159280931474958,1.19796796156175,-1.40061648334485,-0.827182833072879
0,-0.194468450376343,0,1,1,1,1,1,0,0,0,1,0,-1.24013764235966,0.759697563972504,0.470902130904324,-0.0417444210180038,-0.209326114854205,-0.15386297387279,-0.0766503175686159,1.01995797466524,0.902344200066862
0,0.165701876758507,1,1,0,1,0,0,1,1,0,0,0,-0.0476180027917304,0.393480010668648,0.0944491438387453,0.613776163787638,-0.561093450134585,0.176440870877597,-0.23079911463708,0.0810516962748206,0.319617994511036
1,-0.595067867721786,1,0,1,0,1,0,0,1,1,1,1,-1.3290458619959,1.05736844162496,-1.19644173843007,0.058450368771825,0.486650375924659,0.238227227199514,0.88873287905956,-0.59964917330049,1.19402594758865
1,1.00342003851423,1,0,1,0,0,0,0,1,1,1,0,-1.51920645382682,-0.40738439226779,0.122686265271564,-2.63275821123564,0.896143178781449,0.702826088492604,-0.917990315170042,0.172563273826491,0.103812534956821
0,0.733371606573992,1,1,1,1,1,0,0,1,0,0,0,0.857962134021294,0.119425945092485,-2.07245740265477,0.653178674372305,0.416907705523019,0.704152024649255,-1.2227229965006,-1.82482215637596,-1.10911950304417
1,1.88986094966332,1,1,0,1,1,0,0,0,0,1,0,0.0171813590877816,0.530168095302573,0.853844755450558,0.427460315772418,1.46725625047203,-1.38074445172033,1.6350502794561,0.653943946633231,2.21899673189625
1,1.37861207875618,1,0,1,1,0,0,1,0,0,0,1,0.82491320001272,0.0492753688889628,1.08517064110795,0.737670090322264,-1.66797414114724,-0.129695573029302,-0.0786994153296104,-1.83965775314089,0.789785258202211
0,-1.04756796328829,0,1,0,1,1,1,0,1,0,0,0,-0.992950718501615,-0.87738588647527,-0.0285447228282065,0.662902736483403,0.657347478561689,-0.768846379549824,-0.232941371077221,-0.198064377890885,1.30332083830114
0,1.15916588345274,0,0,1,1,1,0,0,1,0,0,1,0.974305221139531,0.0530222320736233,-0.757884410906696,0.017447682600532,-0.971720564884128,1.3734381042132,-0.266565335349496,-0.768080185114904,-1.37867298100776
1,0.942969290770087,1,0,0,1,0,1,1,0,0,1,0,-0.0400001812089323,0.273529512799478,0.653142520441215,0.829204319673283,0.0442819880641141,-1.38448633041445,0.754106886242214,0.143581492570747,-1.17738887423308
1,0.144305077325407,0,0,1,1,0,1,1,1,1,0,0,1.73621920316426,-1.18651413341472,-0.127405464577083,-0.802099843291214,0.690713050824219,0.274406653901683,1.34446822723262,1.25925881535765,-0.570971133932574
0,-0.132832605438115,1,0,0,1,1,0,0,1,0,0,1,0.184540663400742,-2.00192511747092,1.06395256762389,-0.112135359155715,0.490305758184555,-0.325910613779275,0.278717926119703,-0.937108897089562,-0.187590755731394
1,0.633666181669662,1,0,0,1,1,0,0,1,1,1,1,-0.462382503877615,-1.26390650889074,0.267769757457906,1.36177294492247,0.234125697866201,-0.084193307805232,1.76040267432858,1.34585894415704,0.483771964524397
0,1.87434332106366,1,1,1,0,1,0,0,1,0,1,0,-0.05379542203922,0.879127719297001,0.547151378627398,1.73772730471065,0.597180991021099,-0.50433917014701,0.0492889721504432,0.00131581049112177,1.56913285064198
1,-0.932736612025548,1,1,1,0,0,0,1,1,1,1,1,-0.299304071866702,-0.559889141901601,-1.08380793566344,-0.552662691676184,0.869403055333253,0.00420963653037898,2.67270024323639,0.39185175219472,-2.06267445848991
1,0.217864181566102,0,0,1,0,1,1,0,0,0,0,0,-0.0555222154061098,-1.20974582839438,1.26364615030975,1.30636257768695,0.823939230702121,-0.489882007644646,-0.161228187763525,-1.0303402916216,0.486404914489715
0,-0.0552673349269494,0,0,1,0,1,0,1,1,1,0,1,1.09172054642798,-1.13226327864967,1.17321081953866,1.0327668326633,0.291375496395975,-0.357360615140717,1.8961665009956,1.84454868111429,1.4295506117332
0,0.397591932286769,0,1,0,0,1,0,1,1,1,0,0,-0.424827158027334,0.23699274278996,0.476127793915674,-1.46949971645714,-1.37866050515291,0.344557271740932,-1.27116711298298,0.0822021468719707,0.615680829160528
1,-1.11435155873706,1,1,1,0,0,0,0,0,0,0,0,-1.46562930191936,-1.87648080597057,-0.724569712603554,0.556768081678535,0.370539221484411,0.100012448261096,-0.0199571524009334,0.595061936694869,0.514643418837952
1,1.20685145455476,1,1,1,0,0,1,0,0,1,1,0,-0.672120294413706,-0.0773698168418674,1.38355311597242,0.660431295407926,-0.964732719401684,-1.26740575538154,0.664336692768011,1.26180902995762,-0.7094417333131
0,-1.30249293866655,0,0,0,0,0,0,0,1,0,1,0,0.431432259759446,0.183279891042984,-0.36408814332967,0.410109338160347,-1.14784495102762,-0.488727209488028,0.450965477179269,-0.313689235464449,-0.374449840700107
1,0.644736918098915,1,0,0,0,1,0,1,0,0,0,0,-0.832717144648321,-0.486900556368568,-1.33793565907323e-06,0.756905714241315,-1.49158674036718,-1.51827215413348,-1.42322824094577,-0.848832954854102,1.33636180558364
0,0.0892224739932581,1,1,1,0,1,1,1,1,0,1,1,-0.873434799655919,0.554406399303751,-0.63690546892504,-1.18142316436955,-1.16883078333472,1.29655955823905,-0.0147609716319711,-0.860355434696696,0.507506320721379
0,1.128580554339,0,1,0,1,0,1,1,0,0,0,0,0.445195834433269,0.484492608752932,-0.829881443348533,0.487641703556167,0.459413791050169,0.311001806104918,0.564384740962291,-0.813526836948526,-0.300032440265784
1,0.933115687680759,0,1,0,1,0,0,0,0,0,0,1,1.1706523082863,-1.41711242755253,-0.163512281356926,1.00673705945484,-0.422070406822895,-0.192726875558727,0.746148188684812,0.972152309239133,-2.09699196419691
0,-0.411929428497398,0,0,1,1,0,0,1,0,0,1,1,-0.528230450336976,-0.659997544003551,0.201937775285766,-0.175057697721227,0.0125429481991844,-0.272448081302649,0.362514514432279,1.21498661806402,1.02885655064128
1,0.055033285172234,1,0,1,0,1,0,0,0,1,1,0,-0.851634620463376,0.222787573020653,-1.62376732580774,0.602254359443151,-0.165811888190474,-1.59641883543325,-1.8934743207834,0.251248920605214,0.255264919890741
0,-1.39601390185515,0,0,1,0,0,0,1,0,1,0,0,2.07343469201128,0.0577416470684622,-0.200370291265902,-1.05890608854039,0.916654874287642,0.745170330021939,-0.241332124047865,-0.44395512408673,-2.00646024857861
0,0.275404636639962,1,0,1,1,0,1,0,1,0,1,0,0.681314721512489,-0.134783908134185,-0.807586455102679,0.435767790462077,0.293427318003096,-0.0642332288228806,0.70766324150335,0.84573307821559,-0.65459340747746
0,-0.505251894300993,0,1,0,0,0,1,0,0,1,1,1,-1.51369941954106,1.95951898713671,-2.24994057954467,-0.248998435121068,0.0113547576501159,0.551757085738923,-1.95824074585899,1.06621566330388,-1.3982397433084
1,0.64915425068597,0,1,1,0,0,0,0,1,0,0,1,0.907497842830263,-1.06080264487169,0.551233457810381,2.315145982316,0.0393751902217366,-0.934177616710052,1.1129074582487,0.217652015388211,-1.79276788663208
1,0.436909834920995,0,0,0,1,0,1,0,0,1,0,1,-1.37572768474953,-0.503383121654917,-0.411483779364736,-0.140680702054637,-0.800485783594812,-1.48026782825296,0.916823454737657,-0.885605853961584,0.716475570311126
1,0.524692141996905,1,0,0,0,1,1,1,1,1,0,1,0.720205289869764,-1.00604312033319,-0.989129234952156,0.437558991619364,-0.404967028658191,-1.25981719759189,-1.27600935542414,0.503832233097097,-0.338926035446451
1,-3.33888462610747,0,1,0,0,0,1,1,1,1,1,0,-0.468503509032834,1.7111992905148,-0.649687733123694,1.13386389343546,0.0950250417546051,1.20248831846874,1.39701051540212,0.398149950631448,-0.683994360882906
1,2.11721946362959,0,0,0,0,0,1,0,1,1,0,1,-0.498096942459481,0.422930845253538,-0.282067651858,-0.217213359397175,1.19792691990829,-0.970264394087828,1.19260832449047,-1.47211690019214,1.69326303477439
0,0.588639774413674,1,0,1,1,0,1,0,1,1,1,1,0.964985841893044,0.422661796431683,0.143564513483432,1.46922050605075,-1.05288520027049,-1.72520948923024,-0.566666775064277,-0.434901744619626,0.641705411204611
1,1.51658826948334,1,1,0,1,0,0,1,0,0,0,1,-0.348866195841849,0.694296785815789,0.0690205655022024,0.853367089726707,-0.771214769212109,0.873227878302322,0.183860255506735,-0.0460714471982986,0.847679550737645
1,-0.395394227691971,0,1,0,1,1,0,1,1,1,1,1,-2.6289752953292,-0.597879840203389,-0.345072886483531,-0.503223444248693,0.327261046202365,0.625642461246202,-0.725235147611772,-1.44021823466525,-0.65847017825241
1,-0.109710951911943,1,1,0,0,0,0,1,1,1,1,1,-0.964671796061995,-0.567525056283637,-0.995342705864309,0.0205569800211529,1.01192857907078,-0.368648527496988,-1.21770566383801,-0.91222162120368,-0.904734075805782
1,1.43778290302317,1,0,1,0,0,1,0,0,1,1,1,-0.784779025863607,0.0854005703438952,1.55903157757201,-0.144172927485244,-0.134330191842873,0.761544450780057,0.861261219461495,1.10638298560228,1.84068288793536
1,1.26112848670339,0,1,0,1,1,1,1,0,1,0,1,0.703672298535777,-0.452822671881197,0.895574658620715,1.07166768779196,1.12170335257128,0.305763654270424,-0.0484303725075588,0.210843677527223,0.553862913881119
1,0.735086774883202,0,1,0,0,1,0,1,1,0,0,1,-0.57182871196027,-1.37163837124265,-1.30426236748007,0.0860941110255815,-0.444227654528648,-1.4224777057486,-1.11400068626862,-0.665773251751506,2.71231906565395
1,0.0385973965729803,0,0,0,1,1,0,1,0,0,0,0,-0.177163911231992,1.20776229090129,2.39137579368266,-0.282319749971897,1.98315109901795,-0.507752582762289,0.119033310060803,0.919361941963106,-1.45778321346392
1,-0.306989099169769,0,1,1,0,0,0,1,1,1,1,1,-0.393448768857058,0.0262595582861317,1.15087694658392,-0.00326761721018026,-0.0785683728755583,0.14547673049048,-0.150343253073698,-0.482072957676869,0.548600364618543
1,-0.267013578035295,1,1,1,1,1,1,0,1,0,1,0,-0.350974822408441,0.198439746863318,0.489039837702968,1.1311871631984,1.46359942104741,0.208610180660076,0.297104010819562,-0.672666361054546,-0.696027149072539
1,-0.454991714363173,0,0,0,1,1,0,1,0,0,1,1,0.0139470472161384,0.157579883411161,-0.378447841570104,-0.725934960516674,-1.99641478697727,-0.511693567475208,-1.1999351408303,-0.952035053427597,1.61200031134073
1,-0.306369381249488,0,0,1,1,1,1,0,0,1,1,0,-0.520410489098635,1.60609749910135,-0.676084073496242,-1.3608312996922,-1.15205762006917,-0.128423151146285,0.0296890697726994,-0.831142274516846,2.34117251715591
1,0.302933046962996,1,1,1,1,0,0,1,0,0,0,1,0.164652811910348,-0.91865644842939,-0.558128657003158,-0.18278892072639,-0.72604639808633,-0.706456875793279,0.147686486758904,1.82238117440504,-0.0285542263456386
1,-1.1925104653819,1,1,1,0,0,0,1,0,1,0,1,-0.720290824185141,-0.670925021331558,0.224740097461253,2.00797517464688,0.274405473064293,-0.631266396739819,1.83988082401861,1.49792462075987,-0.814742757394762
0,-0.87950157970336,1,0,0,1,1,0,0,1,0,0,1,-1.84500733016375,0.408908079241862,-0.648825294783656,-0.115836796313764,0.473128362588272,0.472305688767181,1.07172614314369,0.463705777469426,-0.820393040208493
1,1.33641272207308,0,1,0,0,1,1,0,1,0,0,0,-1.64647693339586,-1.20562002910429,-0.856901312969473,0.705068111167067,0.199355602880914,-0.684940212765089,-0.694529374852106,0.519516894814986,0.66257823306087
0,-1.19319480651812,0,0,0,0,0,0,0,0,0,1,1,-0.790276862137494,-1.10548843426437,-0.599011086577587,1.09972000773693,-1.36346151131134,-0.84292263222459,0.00766257979434709,-0.0666833809022774,2.25952937489493
0,-0.0627949946636972,1,0,0,1,0,0,0,1,1,0,1,-0.690684986835042,-0.68708525344975,0.823880051858257,0.562461611252162,1.52789964667234,-0.244045659244726,-0.41665555149342,-0.90369678986653,-0.626162203574657
1,2.64111159413308,1,1,0,1,0,0,0,1,1,1,1,1.10597322003492,0.261291738541454,-0.151090159489961,-1.57941432524524,0.88668411544968,0.0650502159503526,0.577245096126884,1.13147519757203,0.80600138264084
0,0.596382645593022,1,0,0,1,1,0,1,0,1,0,0,-1.08497181887614,-0.738327221427334,-0.99458918627857,1.88578307141493,0.681209532666186,0.289722319237765,0.652954829685096,-0.0992901538281238,0.0580050741562754
1,-0.368186186086256,1,0,1,0,0,0,1,1,0,0,0,0.110988038871618,0.0474974950854852,1.46393628048837,-0.444491377496353,-0.369520177961971,2.36965124143997,-1.43012492877282,-2.21011939730086,0.148030857348983
1,0.566662707485644,0,1,0,1,0,0,0,0,0,1,1,1.66618383255501,-0.853727611408014,0.264298080115912,-0.30109768981936,-2.07583702134314,-0.832095603344978,-0.264147193121978,-0.555026082396708,1.91128977650351
0,-1.39350848279528,1,0,1,0,0,0,0,0,0,0,1,0.596267995334445,1.56056809897781,0.0226491397296287,0.0628783516297536,-1.39654392236843,1.01201822267,1.900236023164,-1.35411993901238,-1.11821243542823
1,1.980977013296,1,0,0,0,1,1,0,0,1,1,0,-0.0101931527851495,0.546356556826664,-0.130523108199163,-0.918148172413679,0.353017946714689,-0.21746838948379,1.7879416855285,-0.0593701405582955,0.807116609316579
1,-0.913014263693709,0,0,1,0,0,0,0,1,0,0,0,0.775699319710926,-1.18344866906247,1.46938105407315,-0.79289870346483,0.782127966484157,-1.2279948999436,-0.303803276258615,-2.99885598008976,-0.944267501873601
0,1.08822929555313,1,1,1,0,0,1,0,0,1,0,1,-0.283313515150743,0.0938336779638679,1.24203917133983,-0.233541260069072,-0.439726093596453,1.11347285836033,-0.568735469188631,-2.3912758367883,0.540966166448805
1,0.822774063630929,1,0,1,0,1,1,1,1,0,1,0,1.03701806304802,0.456621582448535,-0.760394400629517,-0.461284808624039,-1.28696276946017,0.746796099360773,-0.466564219846529,-1.64929316601159,-0.202138296986959
0,-0.275099024707202,1,0,1,1,0,1,1,0,0,0,1,-0.989957102374693,0.0283376593965702,0.761591320338884,-1.20175248425267,-0.0115081015695068,0.449982526508014,0.0524025143823867,-1.78455984625333,0.563401590874528
0,1.14475724694805,0,1,1,0,1,0,1,1,1,1,0,-1.36834516130322,0.231702148516594,1.32337938066139,1.51919955014882,-0.552602867387798,-1.33451179161986,0.0304847006949863,0.723994886167291,0.301751963096564
1,-0.864072163298663,1,1,1,0,1,1,0,0,0,1,0,0.437886730610298,-0.263708088551319,-1.00316903688212,-0.0260210991593993,-0.552420934015141,-0.292604606642746,1.97909296893137,1.48340106631961,0.668856939785297
1,0.07716152815649,1,0,0,1,0,0,0,1,1,1,0,-0.243026855222667,0.00930380527774076,0.36811843350739,0.890767036366059,-0.0344658382236413,1.98526184157744,1.02509683724807,-1.22105621526144,1.80146215899833
1,-0.148682931714602,0,0,0,0,1,1,1,0,1,1,0,0.719812531974384,-0.630954266204597,0.377677095807136,-0.184121059297166,-0.894320499899433,-0.906376998364378,-1.45776256942796,-1.64958954296938,0.304619417861084
0,0.715610527834605,0,1,1,0,0,0,0,1,1,0,1,-1.98738939295552,-0.548127550488718,0.153088002160618,0.956378922513707,0.814764039140791,-0.0291502137030051,0.467022810000147,0.281570331798722,1.34110939347447
1,-0.951100282283055,1,0,1,0,1,0,1,1,1,0,1,-0.13450674407447,1.25105929349011,-0.961443006944998,-1.35689808314307,-1.09518902009208,0.0858519823707155,0.406142202374971,-0.202819767629865,-1.22181989926231
0,-0.0274076322500862,1,0,0,1,1,1,0,1,0,0,1,-0.711255323561456,0.827213507703538,0.704958739917735,0.0777799769238246,-0.411033791370557,-0.724868330798092,0.780104476069917,-1.24870893873607,-1.40901120687069
0,0.574048701657653,1,1,1,0,0,1,1,1,0,0,1,-0.0932384330489864,-0.0201018992145999,-0.400922170147523,-0.0343189156651486,-0.617392765811422,2.14498827985573,-0.10614185016865,-0.224949146042574,1.77703347280877
0,1.0476387876235,1,0,1,1,1,0,1,0,1,0,1,-0.507976470946252,0.71082974476941,0.638915349035471,2.09630871036376,1.18180417819409,-0.746819026786978,1.51456527130371,-1.03163477181653,-0.190351446218364
0,-0.175904323680979,1,0,0,0,0,1,0,1,0,0,1,0.436844855466764,-0.601752369181126,0.0541306010136532,-0.887343041461997,0.426801673747869,1.57083154380701,-0.771820523747217,-0.428261658236142,-0.180570184293417
0,0.145612491904669,1,0,1,1,1,0,1,1,0,1,1,0.652250106481917,0.143961443122336,0.403200646386125,0.08349445904366,0.687798296822031,1.58546492561538,-0.353192195818234,-0.0617549660293818,-1.79670515852896
0,1.22861156221448,1,1,1,0,1,1,1,0,1,1,1,0.814945471001567,0.284075756815475,1.66435241518383,0.228458799618526,1.71410302718169,1.78054842781041,2.43819886904648,1.15217467901701,-1.7928004287638
1,2.15503156947796,0,1,0,1,1,1,1,1,0,0,1,0.0782039719228063,-1.94978339225093,1.17051449218845,1.01776769810221,-0.23681568518917,0.888765075611341,-0.319379779956358,0.26337965324767,0.947657922492906
1,-0.547402676634641,1,1,1,0,0,1,1,1,0,1,0,1.77610921327121,1.0675924479894,0.665141535343211,-0.768140127665551,-2.43974976461086,0.552099387994185,0.411815627031156,-0.715392178799683,1.14594720657978
0,0.0563004335448496,0,1,1,0,1,0,1,1,0,1,1,1.00805535750757,-1.96945788654304,-0.221213152700938,-0.649307043583756,0.412046062075508,1.72452569204728,0.40656273857876,0.470709826585661,-1.22307657115512
0,-1.00910071254097,0,0,0,1,1,1,1,0,1,1,1,-0.327949688008975,-0.0647409006516979,-0.451336307504306,-0.093059662101717,-0.416307313706225,1.46673572854942,0.492945641417187,-0.983727134967022,-0.534615008067481
0,-1.98443973059855,1,1,1,1,1,1,1,1,0,0,0,-0.0489376264345315,2.0144495435725,0.584097788292352,1.9779469315032,1.09476788266349,1.59618847126042,-0.189176460239796,0.776955235483966,1.91237652787545
0,0.458034062145411,0,1,0,1,0,0,0,1,1,0,0,0.60991376161752,-0.874927530836347,0.630713139748667,-0.298080274456333,-0.13658344535069,-1.07393414607641,1.57356526137073,-0.667304448274541,-0.0630324952208363
0,-0.991479650210063,1,0,0,0,0,1,1,1,0,0,0,0.511311122706242,-0.642816297706496,-0.360480566247189,-1.48691682189814,-1.36012868071891,0.61209228186172,-1.66435292987303,0.0585140653740943,0.388724259551165
1,1.61542956695749,0,0,1,0,0,1,0,0,0,0,1,0.955751101250612,0.155915651196481,0.655147136617173,-0.591670924786603,-0.219766269728246,0.609469380784768,-1.24827542359763,0.0884709877361988,1.19778985048552
1,0.42703947391678,1,0,1,1,1,0,0,0,1,1,1,0.0871645709104496,0.710656165416365,-1.42883833328783,-0.795028988804439,-0.267021913272108,-0.779500943481709,0.390572012792772,-1.85079804592213,1.19789966178993
1,0.827335831095122,0,0,0,1,1,0,1,0,1,0,1,0.923774151149347,-2.87731258725174,-1.92419564422623,0.378260173917831,-0.400812966268448,0.132402997027952,-1.56317557908595,-0.378712207259334,-0.409908153343175
0,-2.0901107710227,0,0,0,1,0,1,0,1,0,1,1,0.622049919445183,0.571449151939105,-0.493332965349292,0.616904727337457,-2.04024651811334,0.691879724397876,-0.600418397723839,0.00943498321530914,0.727892826139085
0,0.400189985207527,0,0,0,1,0,0,0,1,1,0,1,-0.304873739557216,2.19473998086685,-0.631664723207393,-1.37678734082491,0.797364130597402,0.905962161120877,0.0783075486941829,0.05425077708001,0.267375061075839
0,-0.322524266564288,0,1,1,1,0,1,1,0,1,0,0,1.02559307989466,0.872133788461944,-0.513261595338715,-1.35552690697953,-0.526368933169431,1.28659814103667,-0.94192829347971,0.644595396879472,-0.142110088780068
0,0.153964841392099,0,0,1,1,0,1,0,0,1,0,0,-0.234805177550638,-0.344125278672205,1.0343377614939,-0.149136967048874,1.49877212153773,0.857859757943938,-1.34204886687599,-0.639009604376965,2.59537976644906
0,-0.988496891118661,1,1,1,0,1,0,1,1,0,1,1,-1.44451529251641,-0.177073904336979,0.324342413298203,-1.45440335874822,0.631225405610642,1.06794992581309,0.0516371271818688,-0.794205397573034,-0.919789110705986
0,-1.05125849643785,0,0,0,0,1,0,1,0,1,1,0,0.570199896383,0.167100734189566,-0.907181354261081,-0.0298386244673264,-0.29881839698077,-0.574617377140324,-1.1089888597516,0.14198037248754,0.301908344573598
1,0.0228296089654529,0,0,1,1,0,0,1,1,1,0,1,0.0670986787222155,0.0418090456243415,-0.0716043585691301,1.25501390042035,1.16614289683545,-0.749925189463108,0.265970621513417,0.23552582232567,1.15242497419607
1,1.31741780897557,0,0,1,0,1,1,0,1,1,1,1,-1.01327390994754,1.92189678181295,0.402678994404945,0.630463332881299,-1.65990331217886,-1.42239830873339,-0.699050217563366,-0.590183857987383,1.51439087254469
0,-0.612787900759471,1,0,0,0,0,1,0,0,1,0,1,0.0468323022390183,-0.0847739166790972,0.132645517890868,-1.3835719708489,0.0245345698554155,2.18129611557346,-1.09360998402381,1.07679482633433,-0.890948896137388
0,0.249280278875111,1,0,1,0,0,0,0,1,1,1,0,-0.790207629931302,-0.540133048675702,-0.973497730220727,-0.459670020722294,0.456815508338314,-1.36402207615457,0.530850541708021,0.710232516738742,0.244047481250944
1,0.140025197198069,0,1,0,0,0,1,0,0,0,0,0,-0.652408633758635,-1.01955334299864,0.977408143516181,-0.533199063597968,0.456246467008208,0.987039299500054,0.965455484158291,-0.126086671453482,1.8741158895069
0,-0.945868370137749,1,1,0,0,1,1,0,1,1,1,0,1.34961160856214,2.18955190105873,0.911913733760799,1.10889662121556,-1.51177965701763,-0.188625309717436,-0.696507880717494,1.49447777790554,-0.120347235609523
1,0.579876139097818,1,1,1,0,0,1,1,1,0,1,0,0.0591758642237907,0.0744587706943088,0.133212846860495,1.2996657035759,-0.841077587428795,0.101472603553308,0.467258978914686,-0.314476855629595,1.52711276262684
0,0.900408089712003,1,1,0,1,0,0,1,1,1,1,1,-0.0974434023252685,-1.40644238216236,-0.514005345428199,-0.808390458868836,1.40185631599457,1.84995704130451,0.621813557877116,0.866196158556678,-0.0287976288992872
0,-1.17284837166024,0,1,0,0,0,0,1,1,0,0,1,-1.14262256896924,-0.290606700443096,1.16506545489352,0.937435003190411,1.45209079747007,-1.73638533940303,0.585363716610522,-1.21462115338811,-0.17940546079202
0,0.0860646389112324,0,1,0,0,1,0,0,1,1,0,0,-0.507889303097131,-0.749937378480996,-0.0273226889936197,0.341390790448895,0.406080715986443,0.565262892558862,0.514200483399642,0.451287292499924,-1.50197570357169
0,0.455517332459745,1,1,1,1,1,1,1,0,1,1,0,-0.125284780274656,-1.98397623772936,0.963530964995313,0.286812566254505,-2.29482561980083,-0.1743877330106,-1.25825742734727,-0.182675858060917,-1.3436741950869
1,-0.262912460201483,1,0,0,1,0,0,1,1,1,1,1,-0.514427956038731,-0.422097969087795,-1.47188879921007,-0.51235625339021,-1.26223843060491,0.203128168344294,-0.390678045300599,0.515778663383198,-1.36121531118933
1,2.53833583228752,0,0,0,0,0,0,0,0,1,0,1,0.461945841197499,-0.948704983082893,-0.967437981776581,-0.912369201479801,1.74912277877743,1.3003642777867,0.78068087000661,-0.0509146166263879,-0.0256410157936937
0,0.390990022191371,1,0,0,0,0,1,0,0,1,0,1,0.612326845579583,0.814710776058825,-0.390395002691555,0.271295756569138,0.732068002932806,0.802303215992854,-0.179100185144984,-0.657071698353004,-0.0775254633555698
0,0.178116176060991,0,1,1,0,1,0,1,0,1,0,1,-0.920208667964964,0.255384823945371,0.373647445695797,-0.798229918937595,0.306128047814391,0.803516025736128,-1.38273596899847,-0.330874119469022,1.54114203286894
1,-0.253098424136674,1,1,0,0,0,1,0,0,1,1,1,-0.156483814615895,-1.16300905066229,1.50612396488363,-0.930896453437881,-1.52740038670481,-0.70611641065108,-0.00591283491055483,1.12973384242177,-0.748305887180786
1,0.663255364110383,0,1,0,1,0,1,1,0,0,1,0,0.0994800002158856,0.207826703979002,-1.10801077615452,0.0811143138902513,-0.418075683927111,1.28672998744446,1.30797150581773,-0.203072619788099,-2.37062334394089
0,-0.152730096636836,1,1,0,1,1,1,0,0,1,0,0,0.445173291953672,1.60164897980329,-0.605569686217486,-0.329904846780115,1.15358200878869,0.354679970579189,-0.585798013445657,-1.13595630464228,-1.73486265353653
0,-0.729111999970162,0,0,1,1,1,1,1,1,0,1,0,-0.550782431985457,-1.04419611122814,0.863954611354856,-1.29921635655694,1.9842883509414,-0.00296534115023526,0.263371967719529,-0.223876425924812,-0.970421754732764
1,-1.70684005612385,1,0,0,1,0,1,0,1,0,0,0,0.303139431694876,0.506486110334619,0.0333281588239959,-1.60726973315242,-0.569417720131597,0.468086106956328,0.892886656434875,2.06334333785807,0.00406673587834804
1,0.689117602633724,0,0,1,1,1,0,0,0,1,0,1,1.24708883364464,-0.0598752397363237,0.489963734969588,2.88246030601955,-1.4858498135186,0.127865091468391,0.940507376142944,1.01034243350944,-0.516862861729398
1,-0.156158251207315,0,1,1,1,0,1,1,1,0,1,1,0.964202162809262,-1.35433041742847,0.239073041521571,1.32313887116819,-0.231547082643891,1.01831502111468,-1.09142657431345,-0.711777337906987,-0.406971207566361
0,1.250642072929,0,1,1,0,1,0,0,0,1,1,0,-0.633819439345916,-1.44723883906463,-0.629406721788673,1.0852124973227,-0.526188988991871,0.965369379979364,-1.43571926261588,-0.130141162798102,1.07603258637435
0,-0.372693097440647,0,0,1,1,0,1,1,1,1,1,0,0.562549013620164,0.642207177064162,-1.24540590549136,-0.339656980829116,-1.12241428046849,-0.355119501406961,0.0129900962969667,-0.773146120099312,1.90804524152943
1,1.02294427983775,0,0,1,0,0,0,1,0,0,1,0,-2.20941560264298,-1.69459348693161,-0.00669250386068925,-1.19181575590512,-0.285460620545933,-0.674341952044235,0.739857342195916,-0.00964658945868623,-2.1784993452694
0,-0.497537275233454,1,0,0,0,0,1,1,1,1,0,1,1.78945430036839,0.636934608457482,1.78584818425906,-1.91978648708094,0.771450359851719,0.554206657535861,0.247018266876234,0.0299098273976392,2.29764707504037
1,2.12018218254045,0,0,1,0,0,1,0,0,0,1,0,0.97986705764678,1.01834993149797,-0.206741361045808,-0.370888825023858,1.26938617922136,0.239118125921022,-2.08607520084546,1.33589715799665,1.13029942256601
0,0.713269599019125,0,1,1,1,1,1,0,1,0,0,1,1.00673396790185,1.49578660034182,-0.487895126949063,-0.967664071567572,0.0549300619190477,-1.02092276757746,-0.366728618107601,1.14136272964429,-1.02885240348887
1,-1.09291343074475,1,1,1,1,0,0,0,1,0,1,1,1.37909207383316,-1.41229191867549,1.26279928984477,-0.505371641255544,-1.35588036298567,-0.933277100686322,-1.42614528843586,1.45039350849939,0.0398389833045655
0,-0.98224302495816,0,1,1,1,0,1,0,0,0,1,0,-0.237177154353233,-1.72950708286139,0.206555479428349,0.353325548601315,-0.763321170796412,-0.356469118452004,-0.456067761284308,0.842864321451255,1.19284987900044
0,0.113865299004877,1,1,0,0,0,0,0,0,1,1,0,-0.281168763875631,-0.729371184744613,1.38298254031335,1.74359959817211,0.328269740360178,-0.0119852147168656,0.155372556142655,0.711909785834485,0.433676396096718
1,-0.00569704737311426,1,0,0,0,0,1,0,0,0,0,1,-0.187055730660039,-0.0929580282042062,1.08430221449245,-0.170169880967687,-1.5893455054358,-0.389600570355052,0.106867108811904,0.00417893068885557,0.697147221137206
1,1.46817368075137,1,0,1,1,0,0,1,1,0,0,1,-0.192105736472963,-0.112597861928373,-0.922559870966087,-0.117654120007135,0.101436802007171,-2.35112030559031,-0.702570889633944,-1.58950897034994,-0.423587425217636
1,-1.04768258862466,1,1,1,0,1,0,1,1,1,0,0,0.532658030498523,1.28863638788606,1.19984166939119,-1.46858928361403,-0.0176758671282548,-1.88763780889262,-0.865573584542873,-0.300845283046042,1.22314875726598
0,0.465860381921212,1,0,1,1,0,1,0,0,1,0,1,0.767324738536209,-0.098393329846405,-0.515919641146721,0.846729951186315,0.358314957897397,0.301858549053023,0.551749023264289,0.00381468620720673,-0.0262717159645907
0,-0.220625143519718,0,0,0,1,1,1,1,0,1,1,1,1.53457531074491,1.90442612539288,-0.952119293634196,0.633878627124051,-0.547981426658758,-0.443132278340594,1.41153671717186,0.15045981849079,0.638376840915675
0,0.643714951956171,0,0,0,0,1,0,1,0,0,1,0,2.08033596114588,-1.32797284243864,1.26542095364735,-1.38307495651854,0.493251410587238,-1.6784355889805,1.89610608145407,-0.780101491189206,1.3006465229903
0,1.58541967802158,1,0,0,1,0,1,0,1,0,0,0,-1.76907168695129,1.15649885085665,-0.461700529430946,1.34563837338231,1.12887703358905,-1.09180122757012,2.12746214366767,0.326066613955615,-0.537159502102838
0,-1.67034873623862,1,1,0,0,0,0,0,0,0,0,0,-1.46892469514288,-0.100635132448989,-1.44605266129427,-0.371138969748221,0.0093500724497688,-0.214656370250388,-0.0580377710057479,0.810573410718307,0.955547386024373
1,0.44436316640625,0,1,1,0,0,1,1,1,0,1,0,1.27314699702072,0.748805777993984,-1.05136418591802,1.07935599374568,0.468522393438467,-2.47947977298488,-0.166396118106582,0.277111570025912,-0.984917810464899
1,-1.61674638997226,1,0,0,0,1,1,0,1,0,0,0,-0.397045271788503,-0.418197898009125,-0.0700219976267632,-0.514924077302965,-0.0150418843362216,-0.041127481594914,0.429956801871101,-0.874765528538912,0.372566528747691
0,-0.937645173133559,0,1,0,1,0,0,0,1,0,1,0,-0.597901515041591,0.689043335119152,0.255884303005309,-1.50065110742722,-2.36007326142947,-0.767968532534567,0.603358455710776,-1.14177195172266,-0.3733572541866
0,0.748704649770836,1,1,0,1,0,0,0,1,1,1,0,-0.107311777825823,0.427410978270592,0.211695962444984,1.37418829201268,-0.459821129293551,-0.606505797301693,-0.221801543248402,-0.0288145514136053,-0.404916401037857
1,0.590256008749052,0,0,0,0,1,1,1,0,1,1,1,2.55894117612527,0.511065373038674,-0.0321464032585387,-0.102592340499631,-1.37207258222194,-0.156913778401027,2.69904850083273,-0.00986024263130383,-2.09298384054769
1,1.18026653014752,1,1,1,0,1,1,0,1,0,0,0,-0.828476268846873,-0.184380396905636,0.0835481219988307,0.971051422802786,-0.513165907229788,0.731439090421701,1.31237896805122,-0.256121079829638,0.400035986859171
1,-1.78097162827444,1,1,0,0,0,0,1,0,1,0,1,-1.21318644835746,-0.758969680497628,-0.354749792979955,1.45337435708482,0.131843163110596,-0.951007944469918,0.515323662678841,-1.60563122523332,1.58463981409111
1,-1.27849887338296,0,1,1,0,0,1,0,0,1,1,0,0.196726429597679,1.16654245380795,-0.245099001369308,-1.71106935063337,0.294431508341214,1.72986797602048,0.142053589718186,-1.30441432506714,0.859499503481599
0,1.19207499064483,1,0,0,0,1,1,0,0,0,1,1,0.896292308592737,2.47753358096208,-1.17590781460001,-0.110107023566435,0.520080012246255,-0.455246138475204,-0.539011247483614,-0.207553664875916,-0.482754580891197
1,0.604268070892173,0,0,1,1,1,1,0,1,0,0,0,0.41836883283276,-0.0634692346585079,-1.09680685306159,0.931454937920135,1.29442106569338,-2.07541555769654,-0.701522480608044,-0.0645242997476556,-1.78317110198117
0,0.625402864582404,1,1,1,1,1,1,0,1,1,0,0,-0.753651983359158,0.887957309959086,1.84945439321758,0.454075117290762,1.47785649019552,0.462099383248004,0.206900835274035,0.0272784815209452,1.3110142315119
0,-0.0691840327687097,1,0,0,0,1,1,0,0,0,1,1,0.9123064789343,-0.553156083016352,-1.28401901783125,0.252022061307013,1.51286630472942,0.129820072175845,-1.03023130624816,0.595666870324438,0.200529989970117
0,-0.361492830150058,1,1,0,0,1,1,0,1,0,0,0,-0.502952891947181,0.148790779693881,-0.178406503132954,1.5971198089083,-0.442549074731827,-0.065276679010687,-0.0716515137543254,-0.0862078055541131,-0.406357732594657
1,-0.405184441130312,1,1,0,0,1,1,1,0,1,0,1,-0.924834978630853,-0.590010100037266,-1.13816332469727,-1.7710413220898,-1.20078552383588,-0.389042628453606,-0.719124276280854,-1.23531416413598,0.311196926592716
1,-0.123477982546943,1,0,0,1,1,1,1,1,0,0,0,-0.431176034564769,1.56568551144484,0.271598293010373,-0.0810327447113165,0.25280114211163,-0.755273190620656,0.617137612352343,0.895223272803462,-2.00839785695466
0,0.0393283796481419,1,1,0,1,0,0,0,0,1,1,0,0.170409604416398,-2.38679818234204,0.0744193748990835,-1.95352169334511,1.25127628405358,-2.1819892928147,-1.33260370342335,0.794728838501607,-1.38400970894427
0,1.49244229359948,1,1,0,1,0,1,1,0,1,0,0,0.155431457922928,0.0543064464373047,-0.669440674981885,-1.58068687615525,0.0369341492088466,0.124027820476895,0.923489934065494,-0.660460328211416,-0.944911754047849
0,1.193194992778,0,1,1,0,0,1,1,1,0,0,1,-0.115443872264846,-0.114005295980646,-0.329611621619913,0.453687880476962,0.60570865912389,-0.291152949485636,0.214140318699319,-1.26784963343608,0.0552634004140679
0,0.112446045753266,0,1,0,0,0,0,1,0,0,1,1,2.02727832620282,0.605582525359135,-0.683702239045938,-1.17855839934527,-1.34822710993302,-0.897196242634376,-0.494332487582777,0.738624973143908,-0.238489524584177
1,-0.948748376313121,0,0,0,0,0,0,1,1,0,1,0,0.268222559354848,1.7115645540122,0.725322136713521,-0.527881701416656,-1.33772009779655,-0.675760691947917,-0.0164403461705298,-0.350048083281261,-0.169101317611594
1,-1.10907431359699,1,0,0,0,1,0,0,0,1,1,0,-1.73739203420967,-0.337339856802639,1.14994657712045,1.55640940116323,-0.734712776691192,-0.463834117245464,-0.737012853042857,-0.181173419771829,-0.0573190037684693
0,-0.389447566881694,1,1,0,0,0,1,1,1,0,0,0,-1.60907426817619,1.31222443896241,-0.696629870115774,0.706640630021503,-2.21397824946185,-1.29557360680987,0.543438863601691,0.0243058776733905,-0.850866575637808
0,1.32292731189694,0,1,1,1,1,0,0,1,1,0,0,2.24724688662824,0.371131014100098,-1.56828865883337,-0.780756747643193,-0.486611940936617,-0.992379253312245,0.489702051000814,-0.717149694828124,0.58750116062229
0,-0.727698412293847,1,1,1,0,0,1,0,1,0,1,0,0.35013203959667,0.445902715146827,-0.315963657022637,1.32128873800395,-0.480059549737871,-0.368573289351323,1.85334095488859,-1.82239916437348,0.173972502845925
0,-0.813943245365444,0,1,1,0,1,0,1,0,1,0,0,0.628266760662712,1.99281751610992,-0.315816368308765,-0.675165437694973,-0.650647864473175,0.607356107833704,0.673160693878675,-0.410433141883353,0.577181168984472
0,1.30406677146803,1,1,0,0,0,0,1,0,0,0,0,0.39596005923921,-1.15452647262846,-1.75052691800548,0.735758124322861,0.200582210970928,-0.0415181607308102,-0.22235196882715,-0.728056205574581,0.491135113846159
1,1.18265803281122,0,0,0,0,0,1,0,0,0,1,0,-0.3460502520412,-1.46288777084603,-0.229075125856012,-1.30428991972575,-0.900702540737109,-0.395925495891577,-1.00443943841295,0.763053152874833,-0.373084251758165
1,0.118906558671338,0,1,0,0,0,1,1,0,1,0,1,0.835893035552489,1.59130493050638,0.840504774773991,-1.99474248493017,-1.78036833345989,0.152293032494616,-0.519390713396257,-0.492162731862119,-0.261444013510906
1,0.667343204711584,1,1,1,0,1,0,0,0,0,0,0,0.406115303312865,-0.583846931156874,0.84787871383703,-0.210504039894176,-1.03941815284176,-0.384521559310952,-0.425593414030067,-0.076604014961957,-1.69439406192926
1,2.64161074972854,1,0,1,1,0,1,1,1,0,1,0,-0.446869048716326,0.871555514158575,-1.59047604133878,0.184332270520136,0.648484192109814,0.141907759514515,-1.06268495391589,-0.914816531820795,-0.842726475984827
1,0.968848232283235,0,1,1,0,0,1,1,1,1,1,1,0.154492600638959,0.927890859027813,-0.424627149776772,0.708391844254409,-0.184815845433399,1.40399302571908,-0.841717012073308,-0.783373044354847,-0.195455560283493
0,0.399585492923285,1,0,1,1,1,1,1,1,1,1,0,-0.670483058759004,1.07002724431031,-1.0101457344055,0.48464682061373,-0.734875179819527,0.72975680367032,0.549627838043686,-0.151245562301469,0.0759107942727984
0,-0.323774669396689,0,1,0,1,0,1,0,1,0,0,1,-0.70606816296881,-2.18464723815879,-0.322515105387862,0.271754571896245,1.40422650565402,0.735149068082008,0.163085305889678,0.00173407624436829,-0.763673449622531
1,-0.914444111372369,0,0,0,1,0,1,0,1,1,1,0,-0.934260244171495,-0.0826141772050709,1.05637139101536,1.08689887093739,-0.716118145470581,0.275561692341314,-0.265839912920243,-0.748940290540868,-0.199885036673298
0,-0.24191890116425,1,0,0,0,1,1,0,1,1,0,1,-0.581699968966902,0.00299678512091269,-2.28035959478656,-0.28487975807368,0.325540588011591,0.354916780261411,1.15399430506519,-0.292066831414546,1.30138120194078
0,-0.173662322850071,1,1,0,1,0,0,0,1,0,0,0,-1.01224361582285,0.00725761757362148,-0.712489440864712,1.06337753198084,-0.519098984138523,-1.02883173094926,-1.21908488409248,1.41081667595564,-0.297468993692505
1,0.343163875054664,1,1,0,1,1,1,0,1,1,0,0,1.96854365769926,-0.537844542873626,0.849778130232215,0.97212916044371,0.0161862060649273,1.07840009621701,0.210013478998507,0.69100764838898,0.596186956410715
1,-0.941455707323337,1,0,0,1,0,0,0,1,1,0,0,0.380535619417838,0.356709281177076,1.67353974184787,-0.919000389158029,-0.656958012911854,0.354311274135497,0.725487496901005,-0.186037078040011,-0.871475127651716
1,1.40468255057404,1,1,0,1,1,0,0,1,1,0,0,0.726119174227628,0.810255492278623,-0.0515510090126995,0.453442489579612,0.123686499510745,-0.230074741159621,0.151971722821354,0.720291613150915,-0.450531308485241
1,0.607136428484393,1,1,1,1,1,1,0,0,0,0,0,-1.51264815068776,-0.713042736590471,0.0278227528920062,-0.238758057272115,-0.229345639795458,-0.33161016987745,-0.322756040123237,-0.430693036116727,-1.15568066782066
0,-1.19515011686435,1,1,0,0,0,1,1,0,0,0,0,-0.886229384816289,-0.379819298783352,-0.63909567483139,-1.53972595529971,-0.316883658231808,-1.2892589692113,-0.676840391061013,2.12876972829463,0.888980933089608
0,2.23154746785419,1,0,1,0,1,0,1,1,0,1,0,-1.05356012192267,-0.0301054140428159,1.16687324644214,0.0285750911931756,0.557554460904869,0.571180492779115,0.717005148313668,0.820216655316554,-0.116025398744209
1,1.99452720940268,1,0,1,0,0,0,1,0,1,0,0,-0.711558289085707,3.02788265440324,-0.794911106389272,-0.424354849151199,-0.779445857008446,-0.199702666618666,-0.0559950344280426,0.441369259903361,1.34605907664844
0,1.61677569273462,0,0,0,1,0,0,0,1,0,0,1,-0.73141709815168,0.0435828588289338,-0.111565154673329,-0.563466945656995,1.07440888426429,-1.94350154186392,-0.967063531604662,-0.454810176714682,0.400109738462646
1,-1.6043098293421,1,1,0,0,1,1,1,1,0,1,0,1.24260760612423,1.73338778271621,-1.02905106081105,-1.14366213024939,-0.342468682117072,-1.24230288694869,-0.873298001377078,1.41458614340307,0.12102552906695
1,1.13142657604797,0,0,0,1,1,0,1,0,0,1,0,-2.5435247328013,-1.62129600629132,0.108044449387265,0.685773198138876,0.154338875145739,-0.785070585507156,-0.103063661409514,-0.133741099613876,0.956377300108922
0,1.50440874988413,0,0,1,1,1,1,0,1,0,1,1,-0.484475592128449,1.11834682723946,1.3173568843276,-1.50525926230003,-1.02875983457194,0.975551826344915,1.76763766085005,0.613501144175636,0.226197526777854
1,0.674869038789698,1,1,1,1,0,0,0,1,1,0,1,0.656304053136783,-0.492591022743058,-0.921583338719028,-0.277971885476819,0.66597190431311,-1.06090811564416,-0.802404555945113,-0.792730462647597,-0.751035291324962
0,-0.629109573228084,1,0,1,1,0,0,0,0,0,1,0,1.01858334768437,-0.923340471421018,-2.36621537609156,0.811070152482105,0.446981179510381,0.00252213801036757,0.96703971503649,0.546750858017678,1.80112456040879
0,0.948210882973106,1,1,0,0,0,0,1,0,0,0,0,-0.415904652833189,-1.71600996335984,-1.36555512189352,0.572246958406725,-0.934296031751627,0.0823411647060523,0.354368124040117,-0.877266313592934,-2.94477988979229
0,-0.173633157443089,0,0,0,1,0,1,0,0,1,0,0,-0.0874136601452969,2.37403006812922,1.6773080884597,-0.381089848801649,0.344976993033902,2.38643787615828,-0.763666811204656,-1.57910499917121,1.6524567413154
0,0.784871096921022,1,0,1,1,1,0,1,1,0,0,0,0.420969421003601,0.34147478681309,0.14971670903563,1.03612523591942,1.31345682432953,0.393172315830826,-0.664651574236079,0.671588494810509,-0.679481670602837
1,-0.0148119064129246,0,0,1,1,1,1,0,1,0,0,1,0.650988338569697,1.57731643554232,2.78076209594726,0.231405735125199,0.710313020383855,-2.23348093666773,0.541806005323484,0.922049358731332,1.59724901069799
1,-0.655620491837557,1,0,1,0,1,1,0,0,0,1,1,-0.57488833107443,0.502632794055697,-1.01028621566665,0.350451325412669,-0.772553547546066,-2.33606109824615,-1.33928547245522,-2.52628957608264,0.835816942897798
1,-0.88910801648535,0,0,1,1,0,0,0,1,0,1,1,0.171233394910757,0.424738037028082,1.71410964690095,1.70648028800571,-0.503141602491972,1.23885334753111,-0.83458898168818,0.127786364463347,0.13152391345505
0,-1.39587643680715,0,0,1,0,1,0,0,0,0,1,1,0.455082457561471,-1.57384920977587,0.675551580854369,-0.790388525410163,0.32888976173474,-0.416093372059332,0.66256867843111,-0.460440312426553,0.658643804132876
0,0.0275884191500316,0,1,1,0,1,0,1,1,0,1,1,-0.120245269458091,1.40171702634862,0.0880893659571808,0.590885266431817,0.928391682613224,-1.80164784878585,-1.61936272848987,0.493584579627417,-0.645858178937499
0,-0.820663536281939,1,1,0,1,0,1,1,0,0,0,0,0.290799474061347,-0.383836322785492,-0.797897770445137,-0.622858640072075,0.862236814037306,-0.432168403442178,0.464306092289923,-0.29850101897292,0.767804683593333
0,-0.557495419983123,0,0,0,0,1,1,0,0,1,1,0,-0.174562260021314,-0.927945230684063,-1.9722796964609,0.567893280839379,-2.86548488353035,0.99875650767003,1.76394812520684,-0.724119722746002,-1.03063750860049
1,0.013138581425547,0,0,0,1,1,0,1,1,0,0,0,-0.520396563878709,0.746065188810555,1.738524644802,1.00533209236817,-2.05505008951455,2.07034301642766,-0.682199099660058,0.206639687980348,0.902942379854524
0,1.81407825783276,0,0,1,1,0,0,0,0,0,1,1,-0.799690278834942,0.550273071002748,1.32191639554996,1.2806040094938,-1.02098950097064,0.782223675096307,-1.51682375668848,-1.34849043732471,-0.504827507939767
0,0.453087618017526,1,0,0,1,0,1,1,1,0,1,1,-1.49998564176761,-1.19697603551669,-0.258056295786925,-0.125394427011455,0.576033860008346,-0.629558743470844,0.345163614174259,-0.990480799068857,-0.509055638585776
0,1.47191027999138,1,1,0,1,0,1,0,1,0,0,0,-0.720509122285771,1.29109093951951,1.46365410819995,0.00160096295627577,0.614731138063784,0.194369400682851,0.913424543747105,-0.147395724368485,-0.893275634867548
0,-0.288176855981684,0,0,1,0,0,1,0,1,0,0,0,-1.66127030053638,0.898315748720935,-0.821346924712766,0.580525276769019,-0.526873289079657,-0.119772017711922,-0.325471198552084,0.724253470175515,0.745502511977025
1,-0.486345785652727,1,0,1,1,1,1,0,1,0,0,0,0.581378176775992,-0.858409660535966,-1.54692121009296,-0.891542636627485,-1.51964739111863,-0.226286389655378,1.08272227223791,-0.1103213160475,-0.231291820005041
0,0.876405451946808,0,0,0,0,1,0,1,0,0,0,1,-1.83757449104307,0.218827103730784,1.4880959840348,-0.61836915808174,-1.17451734635279,-0.678275627060567,-0.00108967765160428,0.293426373627049,-1.07810322020242
0,-1.10870337732248,0,1,0,1,1,0,1,0,1,0,0,0.688226440249083,-0.650976673102366,-1.5654994346985,0.570641750466267,1.63129705733842,0.949497560411439,-0.222920167669623,0.277619544548808,0.942784398022842
0,-1.4922582749517,1,1,1,0,1,0,1,0,0,0,1,0.438338935595077,-2.09098948634032,0.0156687562298395,0.612329957628961,0.199736771455511,0.339808266964321,0.2750021382289,0.821559018913095,-1.50548385996072
1,-0.360633347103423,0,1,1,0,1,1,1,0,1,0,0,0.0558277303231923,-1.1588962191391,-1.08323345025123,0.191578188969635,2.02222771363781,-1.82454114915461,0.231553581407279,0.00955933571469729,0.241359641238596
0,0.855411015125068,1,1,1,1,0,1,1,0,0,0,0,-0.0494011353370233,1.26027497159237,-0.889055803179975,-0.902069976470553,-1.79823684458258,-0.332163686322127,-1.0129967284398,0.15247646440897,0.50170004191359
1,0.383949335458547,1,1,0,1,0,0,0,1,1,0,1,0.339651512376311,-1.02890340119203,-0.383891967028782,-0.512994310307679,-0.995236007373535,0.640925214395144,2.55516632295865,0.355925580936774,1.03012683237429
0,-0.597338848098408,0,0,1,1,0,1,1,1,1,0,1,0.176245385116443,-0.89049306096469,0.544103849362451,0.0561274344216466,-1.05296668623424,-0.971390340148549,2.97878654875698,-1.55837458673775,0.269827138723036
0,-2.15822219563949,1,1,0,1,1,1,0,1,0,1,0,-0.384856043727748,-0.0474850708816268,1.45881734896793,-0.228042981753119,-1.48288781394952,-0.949975694873606,-0.88005409988285,-1.25509152485157,1.04082859140753
1,-0.999653558301168,0,0,1,1,1,0,1,0,0,1,0,-0.441278328802267,1.56633644056891,-0.396192029138844,0.876494427975484,1.50194279045702,-1.24564546629135,-0.322116053324621,0.415782052585114,1.99704641160576
1,-1.52300605025545,0,0,0,0,1,1,1,0,1,0,0,0.0850040764988219,1.06771786958182,1.49708448093363,-0.794709035774618,-1.29337958367316,-1.07597040119338,-0.539132800752397,-0.21598750393709,-0.376518116434851
1,-0.912294561220224,1,1,0,1,1,0,0,1,1,1,0,-1.44989251322376,1.24171136039351,1.59666074437528,-0.240473324155567,-0.673845499514382,-0.921954858333513,0.937072517018585,0.688636839253953,0.438211233686974
0,1.20264248143992,0,1,1,0,0,1,1,0,1,1,0,0.760612591880394,1.25585060417666,0.979546152960751,-1.29729575780952,-2.36671398318849,1.39166733546153,0.260856912541726,0.782163158227633,-0.144740288927804
1,0.114051352877678,0,0,1,0,1,1,0,0,0,0,0,-0.807376449849531,-0.778114446542483,-0.284145692678747,-0.868020357927412,0.690221352836707,-1.79042187345383,-0.0751127082714672,1.14791293779684,0.233163070176204
0,-1.20575282098324,1,1,0,1,0,0,0,0,1,1,1,0.980071287005354,0.581934939676809,0.620874920488019,0.454328773201911,-0.350559403813364,0.0983359748898196,-0.420527898996238,-0.0298043307439542,0.278404452119844
0,0.508436726807729,1,0,1,0,0,1,1,0,1,1,1,1.44329908106205,-0.457235630391523,0.507789423576623,-0.133562088807266,-0.670744539074293,0.155563352274683,0.385931612839776,-0.832520790730221,-1.61429489671603
1,-0.853927978988942,1,0,1,1,1,0,1,0,0,0,0,0.480246450154029,0.858501586998458,-1.40545227525359,-1.11427311706193,-2.0370086743344,-0.108524771235768,-0.336802585731882,-0.12916675493286,0.507214131672913
1,0.823732564025276,1,1,1,1,0,1,0,1,0,1,1,0.841469049589845,-0.694487871679542,0.430819903233994,0.255425484495979,0.532431295368125,-1.00954021437056,0.230070103872661,-0.401953702708933,-0.257192008227931
0,-1.59721765615538,0,0,0,1,1,1,1,1,1,1,0,-0.39908689332226,0.159398451405711,0.730261339128617,0.616750340619873,-1.45086933295255,0.767022632368227,0.863484613563211,-0.0207698956159544,1.11247259933443
0,0.787532019165466,1,0,0,0,0,1,1,1,0,0,1,1.61063540164917,-0.0426104383394484,1.35052231786061,-1.14570685029172,0.793070385644809,-0.370964070347857,0.504451451098538,0.177537306882503,0.412802797148799
0,-0.429731964849129,0,0,0,1,0,0,1,1,1,0,0,1.76735022846587,-0.688157455628713,0.564078445104533,-1.06180991230517,1.83636007184738,1.25000236853714,1.41089379345831,2.57820943040692,0.558754194274718
0,0.760755778303774,1,1,1,1,1,0,1,1,0,0,0,0.787495500433906,-1.76262968527887,-0.136577589877512,-1.0707747518876,-1.14427956333941,-1.04665394779592,-0.259721487022183,-0.791004294970021,-0.912424038324915
1,0.404029799173618,0,1,1,0,0,1,0,0,1,1,0,-0.640917648698286,2.31023317774984,-0.0970922471517381,-0.549887214905633,1.44411691548628,-1.34890037815392,1.67897203326318,-0.824463323318329,-1.40875558710515
1,1.17876793648056,0,0,0,1,1,0,1,0,0,0,1,-1.91758927873382,-0.518265518590462,-0.0478812365280001,-0.67119798587024,-0.938550594613527,-2.30951451532815,-2.00666654516468,-0.517806271904125,2.39544493044577
0,0.870369160058587,0,0,0,0,0,1,1,0,1,0,0,-1.56827129799683,-0.0856520843608738,-1.02087261827361,0.878924424165676,0.395667738451968,1.47144676116848,0.490795853969234,0.403390349526427,0.395473450244362
1,-0.724388226209413,0,1,0,0,0,1,0,1,0,1,0,0.231982996971975,2.52190590338045,-0.0328839163818285,1.07412765322987,-0.15673362962667,-1.86272254492719,2.27417396005606,-0.455726041216379,-0.769834692556185
1,-0.521199287157244,0,0,1,1,1,1,0,1,1,1,1,2.00865578399517,-0.141192680649691,0.403184794190672,1.33333606926822,-0.390979562622228,0.683782722665188,0.9881213513257,1.6101486991788,-0.0771270516468919
0,-1.11744949649166,1,1,0,1,1,1,0,0,1,1,1,0.500939392847945,1.51728389021535,-1.56314709715252,-0.584337338426952,0.00279805639647506,-0.0940705740015567,-0.113808527945624,-0.188891457790984,-0.114157101365848
0,0.154652493945863,1,0,0,0,1,0,1,1,1,0,0,1.34197549467425,-1.02768984253767,-0.24038932974103,-0.405429013523604,-1.41532352949381,-0.882875982916276,0.772814149935708,-0.831977278515416,-0.0480326808701378
0,1.31168473082582,1,0,1,0,0,1,1,0,0,0,0,0.601688228154838,-0.461143646901512,2.23079132223384,-1.79264274442212,-0.788049850345704,0.214118597862153,2.12211177255735,-2.19958407386491,0.945142575921884
1,-1.11017092694012,1,1,0,0,0,1,0,0,1,0,0,0.479448062377017,-0.969150385633584,-0.888868682198992,-1.12937938181872,0.942857139587375,-0.317541847896828,1.46451310895154,-0.782115796037678,0.249355892630025
0,0.354444367565136,0,0,1,1,0,1,1,1,1,0,1,-0.725453493950039,1.10180832310925,-1.3679585626382,-0.315916530432865,-0.293416631156204,0.0680891563852552,-1.35577134243306,0.244518240213731,3.25442746751913
1,1.31591631047912,0,1,1,0,0,0,1,1,0,0,0,1.41742860069838,1.41623880375461,0.00304666697812346,0.684758376115488,0.190047312812549,0.788303750425513,-0.117997715002614,0.341223443407857,0.233918185952169
0,-0.502012169166387,1,1,1,1,1,0,1,0,1,1,0,0.173455875036341,-2.15555679152993,-0.177782324078243,-1.26227582076003,0.0487298578542815,2.36691206052146,-0.334431389044056,-0.576356972828563,0.436940488915208
0,-0.735547697667996,0,1,1,1,0,0,1,0,0,1,0,-0.0462938025041733,-0.274408033631761,0.73234998117447,1.10732499560128,0.741627326979337,0.718245106587809,1.78080619124417,-0.830537184673706,-1.50221512742205
1,1.11235663795935,1,0,1,1,0,1,1,0,1,1,1,-0.835784223738017,0.480922199225993,-0.555665827465012,-1.06748335293547,-0.0651550897789191,0.811747074809518,2.24372681542785,-1.83811371922201,-0.877826090161125
1,-0.167994326390842,1,0,0,1,1,1,0,0,0,1,0,0.3703678417952,-0.259941137087823,-0.262042957923992,0.607435233546729,1.38574621378247,-0.0381017021983742,-1.52912449544002,-0.481666281918147,-2.05699624442408
1,-0.230583184531139,1,1,1,0,1,0,1,1,0,1,0,0.911252764609762,0.239084741045754,1.63337719819842,-1.47127484986304,1.08950209257921,-0.435639445859096,-0.28743950253375,-3.5890612086395,-1.01704648041333
0,0.445021267867239,1,1,1,1,0,1,0,0,0,1,0,-0.172131867499279,0.537571565877296,-0.74553767472069,0.52513971300517,0.0413787936403666,0.532681655736785,0.749913527449317,-0.178325248078296,0.588662383327486
1,0.73362925710044,1,1,0,0,0,0,1,1,0,0,0,1.05108237073006,-0.77661070265845,-0.440193273872925,0.37635624025465,-0.191972659515635,1.94080163651566,1.70225087820866,-2.38897509193485,-0.18740193107097
0,2.28270719802666,1,1,1,0,0,1,0,0,0,0,1,1.24410529745125,-0.649501297479294,-1.04545441059196,-0.744424525056782,0.695965382862006,0.00716967660525856,-0.79962804236776,-0.317882124038224,0.0115549236878106
0,0.361930811319441,0,0,0,1,0,1,1,0,0,0,1,-1.16051946960405,0.0924957280724902,-1.8468684969783,1.56615690574121,-0.605144528317829,-1.21748416610392,-1.36653800107259,0.915763429001595,1.33232369645613
0,-0.22434116232961,0,1,0,0,0,1,0,1,1,1,0,-0.845184803282894,0.186557617258778,-1.49420125186615,-1.06986570676196,0.566195420827715,-0.242498732173597,0.664752024776728,2.41618481314965,-1.46474505320525
1,-1.07383078565347,1,1,1,0,0,0,0,1,1,0,1,-0.748183211137441,-1.40975838204068,-0.917252171828815,1.44880828315079,2.68293021626455,0.471884771177941,0.37392257793776,0.0362342827893696,-1.13697844746242
1,-1.24028510427303,1,1,1,0,0,1,1,1,0,1,0,-0.737936882685322,0.163172177353543,-2.01993796290713,0.0352999824271033,1.24922520052179,0.13600307217983,-0.962873622754806,1.20377086830593,-0.719637492505017
0,-0.415447680388745,0,1,1,1,0,0,1,1,0,0,0,-1.12719560867292,-1.3173070887232,-0.565299937895586,0.0779078479269499,0.239039341809677,-0.884495448478464,0.850275304632764,0.284438919512274,1.54018176582038
1,-0.572437481500101,0,1,0,1,1,1,1,0,0,1,1,-0.24360260100724,-0.086026148402808,0.037710974682239,0.557223666756538,-0.236101709709149,0.697007361122469,-0.927761929688549,0.110847960966702,0.456737618304061
1,0.753216962990054,1,0,1,0,1,0,0,1,1,0,1,0.481928044807915,-0.34890074629487,1.37072597834587,-0.356142080022855,-0.81681386956794,-1.62692986637554,-0.823089548220336,-0.771720140077694,-1.92238844749721
0,-1.66392281347419,1,1,0,0,1,0,0,0,0,1,1,0.143077802059375,-0.0768241093054922,-0.54249847267766,-1.13211042023936,-0.00679294317100915,-0.638934745271968,-0.222244458477172,0.349256700247841,1.12897787589751
0,1.35351455129341,1,0,0,0,0,0,0,1,1,1,1,1.52348671603831,0.638805849104066,-0.793549198908299,0.527220997656707,-1.50036065651484,-0.626830580851386,-0.914078103113652,-1.04365400661159,0.0382261498747491
1,-1.92985635274015,1,0,0,0,1,0,1,1,0,0,1,-0.0779488405972316,-0.15856227425,-0.0567307312477988,0.993959352961652,1.53186148262777,2.34717146852744,0.181759181779604,-0.765635350014617,0.650353316037131
1,1.61531958386157,1,1,0,0,1,1,1,0,0,0,1,-0.942431525172911,0.0815096631621348,2.14440456712811,-2.15306662575892,0.158476487069303,1.4483181500172,-0.167828723003543,0.16363411997804,-1.17812390265214
0,0.338565966628446,0,1,1,1,1,0,1,0,0,0,0,0.168228201349457,1.18476020693341,-0.863043559336353,-0.024722077978406,0.0138359723909083,0.424065776372893,-0.791700305834467,1.66491033686048,-0.129654819133465
1,3.45049153390487,1,0,1,0,0,1,0,1,0,0,0,-0.516953151897859,0.901924123712595,0.345036061461459,-2.4120208614522,0.0946907952002131,1.68593997843831,-0.0386576970302571,-0.0813659298789373,-0.113525196872056
1,0.836603169584573,1,1,0,1,1,1,0,0,1,0,0,0.909843236302679,-0.388988537780706,1.22556713590994,-0.78505645756859,0.961410353871834,0.0905453088608441,0.079646024446336,0.338245478471163,-1.96050178037611
1,-1.53474693588043,1,1,0,1,0,0,1,1,1,1,0,0.356247821493575,1.22206615743464,-0.0505676275521254,-2.0561158532807,-0.25776051005712,0.211918739280097,-0.621230405896384,0.758930405177275,-0.969599020227864
0,0.958652586753818,1,1,1,1,0,0,1,0,1,0,1,-1.87177003108279,-1.03989839310878,-0.29579371407464,-0.482561329152246,0.0277483420192101,0.654400869826909,0.02220182372359,-1.91647023538205,-0.564290327751218
1,0.427217763815752,1,1,0,0,0,1,1,0,1,0,1,0.94711525499936,0.551910511151978,0.819857921885002,0.669509540082708,-0.0299223887835396,0.0348487111711014,-0.32645237208787,-1.40968354528657,-0.144555731036754
0,-2.55076991000738,1,0,0,0,1,1,0,0,1,1,1,-0.622322387418031,0.980126724843193,-0.245612362921331,1.69022015310319,0.0898409745785683,2.28074215334935,-0.420730284161701,-2.41207698365022,-0.362836939883691
1,-0.188481831984173,0,1,0,1,1,1,1,0,0,0,1,-1.13314604127055,-1.03674347324895,-2.40795070831187,1.05189286601054,-0.0581293549773586,-1.04745817036324,0.615234630080251,0.912457117705421,-0.0499730286598534
0,-0.499398250676034,0,1,1,1,1,1,0,0,0,0,0,-1.41729906632459,-1.08064477334257,0.259689274970244,-0.658385084859593,0.78189924179687,0.831370435862981,-0.490037294849868,-0.0132940952138935,-2.36268818864301
1,0.238628427812663,1,0,1,1,0,1,1,1,0,1,1,0.939122197537116,2.2899276492738,-1.60557664091908,0.444328020368584,-0.388423520341071,-0.542961409455679,-0.318837287111502,-0.799059490039789,-1.13555860645251
1,-1.51125980056952,1,0,1,1,1,1,0,0,0,0,1,1.38792387241139,0.67878683148105,1.07053425395917,-0.0855886776421962,-0.889884139426586,0.34318305822425,0.0877436813054673,-1.39756006388218,-2.74089259129672
0,-0.820829207682376,1,0,0,1,0,1,0,0,0,0,1,0.957814736222875,-0.157052516385585,0.868974917312926,0.07262755475132,2.46299400536566,0.713403624912983,1.23706900718384,-0.886410793861147,1.54989828071069
1,0.588507569073423,0,1,1,1,0,1,0,0,1,1,1,0.0770341272405734,0.0134809865848935,0.95252495031198,-0.766633210832332,0.778641037046831,-0.636160549412759,-0.616967319386176,0.196532049295313,1.08908792784659
0,-1.04828614738447,0,0,1,0,1,1,0,0,1,0,0,-0.78782724962083,-1.15125571750756,0.592257053282594,-0.709651904332803,-0.294743413328255,-0.125511661118465,-0.51080040351094,-0.841098073489183,0.0408036861299853
1,0.784917809972112,1,0,0,0,1,1,1,0,0,0,1,-0.123400164686621,1.39218541257874,0.445710424380999,0.136048122106796,0.48254692086436,-0.34936521844702,-0.502208961050759,0.422334754044688,0.583138059431441
0,-1.20460887844887,1,1,0,1,1,0,1,1,1,0,1,-1.51306860750191,-0.278708540450689,-0.092547788930983,-0.349747378642756,-0.987410769779073,0.566337942120764,1.4015240506948,-1.40273304014646,0.373145392786477
1,-1.92584451043251,0,0,0,0,0,0,0,1,0,1,0,-0.0329143151660384,1.48796001286618,0.976986860919791,-1.33269623946294,-0.094484665154381,-0.429593845885635,-0.943695146967397,-0.556827474833288,0.443312328471551
0,0.743129304285207,0,0,1,1,1,1,1,0,0,0,0,0.986228729472463,-0.130929182760841,-1.95113063694257,-0.558416169540547,0.682376393971664,-0.817209340536692,-1.83408327978243,0.47103984248752,0.842520177897035
0,-0.680175022539049,0,0,0,1,1,0,1,0,0,1,0,0.877192074420704,0.159333180785433,-0.0426420894811403,0.565206263865591,1.35946172962509,1.3503264171576,-2.0086790690003,0.320422676185812,-0.179337877042497
1,-0.762950749777227,1,0,1,0,0,0,0,0,0,0,0,1.38134729502099,-2.27994561847468,-0.411747506356827,1.18904677764676,0.321962680785248,0.0621440399790156,0.972970778273044,1.18518253293799,-0.714204389874979
0,0.00406890270526784,1,1,1,0,0,0,0,1,1,0,1,-0.137314241734701,-1.24652987007174,-0.227881600215486,-0.171190672112264,-0.959860239781692,1.03582396375424,0.628885755404506,-0.378569543677871,-0.00817608373474366
1,-0.141105590954734,0,1,0,1,0,1,1,1,1,1,0,-1.00038351963238,-0.66121901208593,-0.554076856851774,0.340300211876634,-0.428444187685919,0.498515368127268,-0.817522946944029,0.788157492127958,0.0708861748729718
1,-0.717656370652301,0,0,1,0,0,0,0,0,1,1,1,-0.0885854239052171,-0.576786032272791,0.396439520621289,0.226514581985703,0.188287971400123,-0.00173115855400235,0.704541280559849,-0.0151827299859012,-0.307512116338399
1,0.845618975522777,0,1,0,1,0,0,1,0,1,1,1,-0.558015951508031,1.50426101786344,0.11666803329421,-1.08514084700758,1.21679413161261,0.195919976145214,-0.969225546105471,0.597780066453265,1.32587904873249
0,-1.16030373498355,1,0,0,1,1,0,0,0,0,1,1,-0.248906663020867,0.841085577044267,-0.619004936178572,-1.13922020827654,-0.104536970679448,0.401461244245288,1.07273732024104,0.347372879089278,-1.52141958727721
0,-0.599328841351598,1,1,0,1,1,0,0,0,0,0,1,-0.641983830634408,-0.429989808074676,0.263202610817846,-1.0949955141228,0.832951461449418,0.724169305320959,0.598733479353621,0.449001336903847,-1.3156560656358
1,-0.999658955147897,1,0,1,0,0,0,0,0,1,1,1,-1.40856675089702,1.0252014333709,0.160967691865399,0.754787643004606,-1.01094646322313,-2.18309062216805,0.0418570212320939,1.88515648413471,-0.882086348690694
1,-0.70536164468759,0,1,1,1,1,0,0,0,1,1,0,1.36220662024512,-1.41196573326261,-1.6330544363996,0.825208312224349,0.673067384030265,-1.76034651802668,3.49896906489086,-1.9903406369211,0.984009071489397
1,0.711883963784529,0,1,1,1,0,0,1,1,1,1,1,0.381603918299654,1.91275185734679,0.60327078638142,-1.32948193127336,-0.627195759541829,-0.81628469442131,-1.17418690838333,0.303062022785318,0.379614839763385
0,-0.424345594265663,0,0,0,1,1,1,0,1,0,0,1,1.48549302133369,-0.215220005514739,-1.88656254191627,0.274659377045354,0.663281157127445,0.425115322042376,-0.665663550609356,-0.936844378235998,0.364602126382694
1,-2.04396892701681,0,0,1,1,0,1,0,0,0,1,1,-0.356224257059242,-0.622741154420528,-0.0333180349757131,-0.482172740445095,0.134414681917681,-1.38711990497053,-0.269234892532687,0.498915533682975,2.06911132022408
1,-0.431251698945122,0,0,0,0,1,1,0,1,1,0,1,0.0909371092466619,0.247918070289266,-1.61974445246259,2.13572042212651,-0.308850962824233,1.33661967185685,-0.232705903579573,0.716361389882568,0.884586106914615
0,0.425074279145788,0,0,1,0,0,1,0,1,0,0,0,1.17625299139743,0.622038700426125,-0.671558969248975,0.461730430563249,-1.56075650085055,-0.730177148027897,0.0483440935410838,0.0213006119589119,2.19243772699864
0,-1.50271752128704,0,0,1,0,1,0,1,1,1,1,1,-0.0152709876083151,0.11491029531738,1.71433269858763,-0.908450005715716,-0.927589372215879,1.15245226138387,1.38255382901927,0.679012700377263,0.0738225362776389
1,-0.0564398285280625,1,1,1,1,1,1,1,1,0,0,0,-1.17457908369554,-0.278706487241554,0.073308525624891,0.612511872123205,0.164790445189515,0.220867101380341,0.101532795056577,0.394465463269714,-0.24885218285226
0,0.211334297006707,0,1,1,1,1,1,0,1,0,1,1,-0.359376913883118,-0.534199742148941,-0.916089586917841,0.219137267938882,-0.0724694986537464,0.135462910803652,-0.25584806962329,-1.0453107841411,-0.529313899890855
1,-0.924027647393764,1,0,0,0,1,1,0,0,1,0,1,-0.858258253228335,-1.07863681053261,0.147732467899778,-0.219444132673468,-0.759020288324365,-0.252983070617383,1.32007471914582,-1.00370489195725,0.60451129512586
1,0.719783258763053,1,1,1,1,1,0,0,1,0,0,0,0.471569026137385,-0.168824173981652,0.704710268284724,0.455858960347181,0.625385647294073,-0.237747817027701,-0.0647698070766832,-1.18751933417159,-1.1863795986913
0,-0.612091064740625,0,0,0,1,0,1,0,0,0,0,1,-0.000921217605289116,0.496888596751622,-0.498025716219603,0.51750342567229,0.87375239251235,-0.0852588930204417,-0.891477195090694,1.05441581759185,-0.269037068729168
1,0.208476969822906,1,0,0,0,0,0,1,0,0,1,1,-0.453902323179684,-2.07230570341258,1.12542924481482,0.354654349726446,-2.46097256971955,0.074659832894527,0.0661831046549443,-0.63584373664952,0.835222093949783
0,0.518576713188861,0,1,0,1,0,0,1,0,1,1,1,0.872316443054631,-0.312955742739256,-0.256361982984374,-0.950449970632015,-1.46375433566568,-0.715013918519093,1.88955211949392,-0.343153584732943,0.707847127352484
1,-0.722782977047038,1,1,0,1,1,1,0,1,0,1,1,1.00084883056918,-0.501293667076652,-0.424435853069952,0.308418082646676,-0.238235023544881,-0.871926899654254,-0.230379570588108,0.706204437378793,1.07062905123041
1,-1.59349298630456,1,0,0,1,1,0,1,1,1,0,1,-0.708454322496133,0.501217130241677,0.682815041775035,0.580142468958112,0.77026654693853,0.646416034831784,-1.08620309287464,-0.346870636084984,0.665624402005449
1,0.654279990230143,1,1,0,0,1,0,0,1,1,1,0,-1.67025007577088,0.878757836835846,1.80097907689861,0.542966899668512,0.212635503635412,1.5411625399678,-0.501090394594422,-0.137096271005742,-0.542015500886006
0,-2.06165123670785,1,0,0,1,1,1,0,0,0,1,1,-1.9549207834314,-2.39291859889519,1.29033093150817,0.0030039082430053,-1.0779881648398,-0.0272744137931843,2.3418299192182,-0.780183004012724,1.2758737746531
0,-0.761217953985753,0,1,1,1,0,1,0,0,0,0,0,-0.20502103897548,0.248795907635421,0.166402040165655,-0.646694271818623,0.967141140929344,-0.923184106508733,-0.613057786620914,0.994424767880759,-1.57753297809272
0,-0.980433537481037,1,1,1,1,1,0,0,0,0,1,0,-0.156569360154208,-1.37963496343733,2.09239586204105,-1.76919362137048,-0.695859573867985,0.0272742143226327,0.0269951816659331,-1.5129642249033,0.0335146378442561
1,-1.17607366324461,1,0,1,0,0,1,1,0,0,0,0,-1.11798598992779,0.014858491469305,-0.082428219151768,1.8303286563183,0.706361435396178,1.38411439121598,0.127262267479814,-0.308287553938438,0.965911485949208
0,-0.324996597967415,0,0,1,1,1,0,0,1,0,0,0,-0.0368385072417301,-0.59307533783767,1.00280567634145,1.09201970140775,-0.596298240323524,1.55937929738327,0.0971996600162487,-0.0669166231087367,0.337320101336845
1,1.35122452516086,0,0,1,0,0,0,0,0,0,0,0,-0.710784364522456,-0.0609612526493131,0.901616673761477,-0.257241479680239,1.12187017622642,-0.2014954817793,0.674339468295703,-0.520733129969618,2.12920709174777
1,-1.04031835102197,1,1,1,1,0,1,1,0,1,0,1,-0.083944563652227,-0.122791104975167,-0.138304625478662,0.251644464446209,0.890855443374598,1.54302381075638,0.281498984825039,0.720837862506165,-1.46092460585368
0,0.740029611815856,0,1,1,0,1,1,0,1,0,1,0,0.614968703948547,-0.827672349742093,-0.309184674749289,-1.18404582261187,1.76281262652695,0.620560770521802,-1.68729256722621,-0.189861472704158,-0.786221388765017
0,0.40249846944892,1,0,0,1,1,0,1,0,0,0,1,0.00697945134422867,-0.440575614496301,1.63765511750989,0.622709197374213,1.40071683848644,0.727663784245136,1.18338443114925,0.0171189852824369,-0.399538096195433
1,-2.39111698089356,1,0,0,0,1,0,1,1,0,0,1,-0.787959397342475,-0.662080155670559,-1.15135891429967,-0.0871387178048837,-0.626287620122201,0.308333124637002,2.29014095884799,1.47145644734975,-0.981869056368471
1,0.529851023489526,1,0,0,0,0,0,1,0,0,1,1,0.254915678800798,-1.49320705887262,-2.2962003451319,0.465426959135506,-1.43835236647022,0.718243534335472,0.746724285019319,1.02100398790402,-0.415722432117832
1,-1.66556059941637,1,1,1,1,0,1,0,1,1,0,0,0.667868475488515,-1.12963427955254,-0.252215089667622,-1.09631237631598,-0.272683093693486,-0.878532776359298,-0.142875194562076,-1.22375501787583,-0.797313779329942
0,-0.999830778743987,1,0,1,1,0,1,1,0,1,1,0,0.382263050342854,0.625001365996728,0.00811317013475561,-0.455751800287078,0.858708028220473,0.289122839535969,1.16763292350841,1.03864926331788,-0.434702962225881
0,0.156066952126712,0,1,0,0,0,1,1,1,1,0,1,-0.464271669870924,-0.690861796926561,0.788887394539567,-0.749577826494326,0.724885272218015,-1.35987858755628,-1.07971264424441,0.464122418588526,-0.209919970053108
1,1.12075999779417,1,0,0,0,1,0,1,1,1,1,1,1.80208332447009,-0.906059996680847,1.16630213098661,-1.33461262276392,-0.93077011591409,0.320508908896435,0.907553965790867,-1.06015170099785,0.0202204734911529
0,1.73704088825959,0,1,1,1,1,1,0,0,0,1,1,-0.77226887241698,-0.0304173309502583,-1.55426146395402,0.279358984570604,-0.858035610103751,1.80499380774494,0.68598518917583,0.916173107920791,-0.994167162233247
0,-1.59746960366234,1,1,0,0,1,1,0,0,0,1,1,-0.286932933842124,-0.0289299080517521,-1.812123969852,-0.186316244490583,-1.99565562601774,-1.31455829166122,1.24983189709208,1.06180036434848,-0.400577453065068
1,-0.349760195836963,0,0,1,1,1,0,1,0,1,0,0,0.787581469211618,1.00607277320595,-2.30339708972794,-1.25084373882554,1.97173046825037,1.45395126109125,-0.707507387129819,0.194157548659034,1.36039234139882
0,1.68897458987594,0,0,0,0,0,0,1,0,0,0,1,2.05179591988015,0.916025573093228,-0.309681075645494,1.32134778082943,-0.92219775128312,0.276175098388509,0.11385250910229,0.212645779536027,0.16800315738248
1,-0.533461351767625,0,1,1,0,1,0,0,1,1,1,1,1.23807305243557,1.68446760113401,1.59621325238755,1.56252237914056,1.95575766922295,0.584068299964653,1.10071137867527,-0.268756996184703,-0.134612619144578
0,0.530578253271424,0,0,0,1,1,0,0,1,1,1,1,-1.03269652010691,-0.574923501499737,-0.879443472301106,-1.77350538640079,-0.688070137497678,-0.0671712449133622,1.13234178972709,0.56485906626798,0.388523769059961
0,-0.516879157200975,0,1,0,0,0,1,1,1,0,0,1,-1.11808399984778,-0.73843581023715,1.60895322757779,0.413596884024203,-0.202158250727551,-0.812598171304914,1.61524062924061,1.27410365573272,-0.408222953413568
0,-0.56912976723176,0,1,0,0,0,1,1,1,0,1,1,0.923518663345785,-1.51188118785447,0.482422827182175,-0.197248965912049,0.966212940121422,-0.602973024072848,-1.01287329085722,-0.753436466954883,-0.590933202856627
0,-0.381804559020483,1,0,0,1,1,0,1,0,0,0,0,1.79947852526527,-0.521327262045827,0.487225957778754,-0.454973901637569,-0.62316374132189,1.30282675068959,0.302234411229824,1.62610903114579,1.1074415325321
0,1.20324598072565,1,1,1,0,1,0,0,1,1,0,0,-0.536212058419009,-0.923136139474795,-0.56979886232777,1.16690523784624,0.818983338822556,1.02498386983368,2.31351051821256,0.99839356073277,1.74502098640889
0,0.624794373063707,1,1,0,1,0,0,0,1,1,1,0,-0.270923591505473,0.556831513727304,-0.0896392756177642,-0.768419340015598,-0.667460020641294,-0.575594325800328,0.624044064272027,0.470224786228807,-0.134083752553991
0,0.214834605597364,1,0,0,0,0,0,0,0,0,1,1,-0.84554289089313,-0.400009554937078,0.132653176267509,0.248850409021605,0.265518543833903,0.00829763038060786,1.15985633325495,-0.476823610754977,2.22276638673133
0,0.45652679042617,1,1,0,0,0,1,0,1,1,0,1,-0.833274688538786,2.93190952757884,-0.140748935738904,-0.259869783239894,0.506931145419669,-1.13953325731082,-0.578350799536379,-1.7264348289883,-0.702872440644973
0,0.326767671218781,0,0,1,1,1,0,1,0,0,1,1,-1.82187445760164,-0.200494746934552,2.70525032446707,0.411355380739297,-2.0119638190432,0.483662734209555,-1.4211691602348,1.89297346085075,2.65260177010564
1,0.0644736780146496,0,0,1,1,0,0,1,0,1,0,1,-0.847594878698625,-1.26886340308215,-1.42804076077899,-2.78232882363372,-0.475482279349755,1.30475455866894,0.16201296878516,-0.00393924774223797,-1.18771133150803
1,-0.673010097141148,1,1,0,0,0,1,0,0,0,0,1,-1.54769671765147,0.962543199082379,1.06458515922727,0.19150772801203,0.360825963077756,-0.369286331033018,1.29830257805603,1.04410525666358,-0.246551411008634
0,-0.679353281358665,1,0,0,0,0,0,0,0,1,1,0,1.03625752833726,-0.0491470030251318,-0.440062062388622,-1.24852069168282,1.21947506821022,-0.302901922597005,1.30675970621727,-1.1815135591341,-0.947569386400939
1,0.0413643669652903,1,1,0,1,0,0,1,1,1,0,1,0.49344514611187,-0.855176742352307,0.23191148151108,-1.21684910007021,0.399344187453426,-0.992329164464017,1.17153328067372,0.0755832774690866,0.21213641145138
1,-1.69019907750506,1,1,0,1,0,0,0,0,0,1,0,1.05039590020169,-0.509328243384581,1.1258888137548,1.02709585539596,-2.43597373072184,0.579295920564731,-0.382431002781926,0.110905415249196,-0.313149614123648
0,0.356853171345561,0,1,1,1,1,0,1,0,0,1,0,0.364569385518664,-1.13299522026961,2.68412626084925,-0.49752625581342,0.446649418488568,-2.16422516389232,-0.0938680817047379,1.87341963837801,-0.0985930889451571
0,-0.662467663623723,0,0,1,1,0,0,0,1,0,1,1,-0.182121868924738,-0.625219988907244,1.94433681391997,1.33282409742728,-0.0735250204784608,0.0705884486714258,0.20286242247906,-1.20629363053692,0.200267806089728
0,0.452982833225098,0,1,1,0,0,1,1,0,0,0,0,0.297337304655823,0.447921622973368,0.16613836683641,1.32745575936876,2.28099447539725,0.935303067934294,0.74952831957959,-1.38495315462213,0.803237828390637
1,-0.693928743799676,0,1,0,1,1,0,1,1,1,0,0,-1.26593732680462,-1.12851277480545,0.560764047640993,-2.30458028203896,0.934992899441111,-0.479403022744451,1.48646825249759,2.95229049852009,-0.0527643249731426
1,0.35329250135065,1,0,1,1,1,0,1,0,1,1,0,0.68096827056833,0.704849974131519,0.81765093933799,1.12336106515682,1.00102116400352,-3.23911255003768,1.32751886080957,0.0690884848657657,1.30493896687586
0,0.128225483536844,0,1,0,1,1,0,0,1,0,1,0,0.860172671545295,-0.870928779491131,-0.499682060139234,0.6265745181252,0.609214829999565,-0.807375878477273,0.398478522905509,0.446755365217882,-1.17182525674842
0,-1.2051181538926,0,1,1,0,1,1,0,0,1,1,0,-1.41075386066268,2.03184423621482,1.32908485755495,-0.95777101021229,-0.702665503800814,-2.0421190468293,0.125558197189704,-1.38074672200917,-2.2433889527415
0,-0.129702892456082,1,0,1,1,1,0,0,0,0,0,0,-1.37813229753349,-0.560449326402321,-0.340336916740782,0.851768105196787,-1.23209478880481,-0.774807947678835,-0.451847816399052,-1.17452571589826,0.996971315603611
1,0.637821628863918,1,0,0,1,0,0,0,1,0,0,1,-2.00765507460402,-0.286442230131999,0.978680544898176,-1.24229903131131,1.18384608988195,-0.537453395632804,0.976862344168327,-0.1316930871093,-0.165104774083245
1,-3.44045463881953,0,0,0,0,0,1,0,0,1,0,0,0.706602883168701,-1.24116356898921,0.00451488224011954,-0.274409759993456,0.735834494140582,-1.22861557817761,1.21171123572615,0.895949462229703,-0.0216619197369765
0,0.366084951585394,0,1,0,0,0,0,1,0,1,1,0,0.693802104840311,-1.98994160342258,1.09457502615201,-1.12018294700084,0.944264130013174,0.22914714122896,-0.680474784756614,0.853261881322184,-0.601542667463739
0,-1.04824326565034,0,0,1,0,0,1,1,0,1,0,1,1.7674078373519,-0.927977595397511,0.756968029634773,0.776060897274194,-1.5820497018888,0.424793233993686,-0.955456425482715,0.289218277573519,-0.187429224287251
0,-1.49012775560813,0,1,0,1,0,1,1,1,0,1,1,0.00750282723690094,2.09807974103458,0.1827481101623,1.12931855181058,0.711127339737262,0.278776993990529,2.12681789993532,1.74105794228106,0.0284618262698082
1,-1.12635044516267,1,0,1,0,1,0,1,0,1,1,1,0.0457407274999033,0.873948658135727,-1.01159466490015,-0.474795378255464,1.04240921978676,-0.363582827117032,-0.472426997188127,-0.826800806095294,1.78900629291453
1,1.3658325053782,0,0,1,0,0,0,0,0,0,0,0,-0.106403143471998,-0.559456484289613,0.589819967846107,0.642232298821133,-0.550931693047058,1.16916091389724,-1.48366406367467,0.905893264353866,-1.18219014231488
1,-1.09351089803869,1,0,1,1,1,1,0,0,1,1,0,0.390215531667086,0.835471426695041,0.738329912371483,0.460070791237827,-0.564798201260407,-0.377500733342811,0.775604696261392,1.19469966885502,0.536545178988547
0,-0.811791813153753,1,1,1,1,0,0,0,1,1,1,1,0.962379179362453,0.198957167525284,-0.787328782576268,0.194438612500386,0.732022357339951,0.55153158075603,1.7011034034238,0.370887614332058,0.328662632762963
1,-0.344808343013587,1,0,0,1,1,0,1,1,1,0,0,-1.41473698456011,-2.87314603958607,-0.647771404469349,-0.336165732074965,0.796222071230678,-2.08680046226379,1.61449975649374,0.946052506284239,0.592929039586043
1,0.919624857003559,1,0,1,1,0,0,1,0,1,0,0,0.448096864826203,-1.48438141153394,1.14104852841725,-0.714343618995172,1.47774396224981,-1.10514447886825,1.58432337707217,0.790913057701456,1.78148682071313
1,1.16707267120151,1,1,1,1,0,1,0,0,1,1,1,-0.920671030814161,1.26540969227241,0.927563350728921,-0.158167284902317,-0.554770376397436,0.345740646679262,-0.294247064312099,1.12657673430742,0.0134404357149931
1,0.0688847630866098,0,0,0,1,1,0,0,0,1,0,0,0.0274895037070728,0.298767874822858,0.751326709780173,-0.190014302206432,-0.558520876384947,2.52975017750273,0.728301498375965,0.366804087514947,-0.329250247476002
0,0.217263597982498,1,0,0,0,0,1,1,1,0,1,0,1.28334470662794,0.778050936736751,1.51985884929013,-0.153254282598503,-1.12197578812227,-1.32404934238942,-0.0846489508543817,0.873479023309796,1.54658972502329
0,1.51329526574903,1,0,0,1,0,1,0,1,0,1,1,0.800993170049065,-0.916099996678289,0.209995184104194,-0.858185567482197,0.860730958273014,-0.614630507604672,-0.265985065116012,0.113766689214416,-0.758030975131665
1,-0.324757778930415,0,1,0,1,1,0,0,1,0,0,0,-0.765934406437279,1.10619553531158,-0.482941444297892,0.0512498251069872,1.1445142557114,-1.0094850195566,-1.67535411439947,1.04859516541596,1.98557543424569
0,-0.089506557953495,0,0,1,1,0,1,0,1,1,1,0,-1.45489172808175,-1.03143451924466,-0.213463862838468,-1.63478786068977,0.00923373236759469,2.10221140300453,-0.172695886094415,1.88522417722618,1.84925011529211
0,-0.827286069571142,0,0,0,0,0,1,1,1,1,1,1,-0.595398102768791,-1.54555372154691,-1.27035215648807,-0.900207129210967,0.283275338031886,0.362410665324032,-0.850210906209386,0.114481011309366,-0.506457889616272
0,-0.692712242623022,1,1,0,0,1,1,0,0,0,1,1,-1.111172294149,-0.635654933513649,0.029371371966834,-1.04043630364157,-0.457902685256584,0.481513846275576,0.67671179327884,-1.60486406938237,1.30789500766488
0,0.611223075841722,1,0,0,0,1,0,1,0,0,0,0,0.471987254880098,1.5726206030064,-1.47443016989799,-0.25781055301729,2.19129534777423,0.960103019552077,-0.525022486344328,-1.25445569886714,-0.813418237416544
0,1.03606684774772,0,0,1,1,0,0,0,0,0,0,1,0.141952045058696,-1.77331000976355,-0.882150849412507,1.24244419974839,-1.65217808516743,1.13892565321359,-0.698522072972674,-2.23662787383851,0.622066285096531
0,-0.00738705388902387,1,1,0,0,0,0,1,0,1,0,1,1.88454558859609,-0.637783350153644,-2.11864543413292,0.211394841898796,-1.20520259868655,1.30794847427087,0.90255880757963,-0.0374566518195375,0.435746759376927
1,1.34192604088882,0,0,0,1,1,0,1,1,0,0,1,0.845799814390782,-0.276763775751484,0.353997335254558,-0.304254550049512,0.503936664180146,1.38558241345702,-0.526668987246512,-0.211795722254967,0.23236048374089
0,0.610121917545435,0,0,1,0,1,0,0,1,1,0,0,-1.12150936531969,0.203634547571027,2.06017228547969,0.377862162878922,0.505200372469958,0.397317906567284,-0.806232779122899,-1.51542622820147,0.0651836847337068
0,-0.527416193209087,1,0,1,0,0,0,0,1,0,0,1,0.266848637421985,-0.220541379144682,0.709601727607541,1.06867671929678,0.516926358924695,1.8151221454214,-1.81546013929502,1.44178414976004,0.458584476478051
0,-0.0856582929391455,1,1,1,0,1,1,1,0,0,1,1,1.18049471022312,0.603471309023159,0.542419292752369,1.58495178828058,0.984620391836398,0.37982835088153,0.283191403681988,0.231338611800649,0.941529082692941
1,-0.0575488389919693,0,0,1,1,1,1,0,1,0,0,0,1.21291387716657,0.0153368777991756,-0.457505925055489,1.15601564832989,0.0330075513406075,-0.171725920069639,0.326171896368502,-2.06811119613776,0.231270899268718
1,1.90847666773812,0,1,0,0,0,0,0,1,0,1,1,0.148016620979539,-0.173168535049394,-0.190663161688073,-1.77001975377847,-0.588054114228774,0.123311094111285,0.345307485464388,0.776082314723143,1.1587636001827
1,-0.155498845490891,1,1,0,0,1,0,1,0,1,0,0,0.120806434236676,0.275041711606517,0.393088602067834,-0.597572295586785,1.48536306641912,-0.159984676949096,0.00751524538682241,1.67168678260808,-0.526595114299728
0,0.0972713466397887,1,0,0,0,1,0,0,1,1,0,0,1.48084985525064,-0.950658466066337,0.172638214976155,-1.00319486700117,-0.593688304283794,0.612145395490003,0.176393201057771,0.37749452020463,1.42339155370979
1,-0.277155283105262,0,0,1,0,1,1,0,1,0,0,0,-0.852057889002075,-0.562012894421573,-0.845618638019905,0.060811441426848,0.471977151801334,-0.627128681457539,0.634845137444655,0.57771833338157,-1.7637700659556
1,0.680944698415962,0,0,1,1,0,0,0,1,1,1,1,1.69531906845979,-2.15445748371834,2.10853048420777,-1.68979954195376,-1.90220253064221,-0.00668598266163442,-2.5399908097592,0.790234404073741,1.4820197793301
1,1.29385946466948,0,0,0,1,0,1,1,1,0,0,1,-1.31581727790404,0.26988773135614,-0.869831137315904,-0.219835111631175,-0.811436638390109,0.62575291190075,1.10248026741561,0.0888263991268411,0.979790161873624
0,1.8061284107717,0,1,1,1,0,1,1,0,0,1,0,-0.691093839233436,2.6779462555379,-0.600291204053173,-0.747955524989738,0.270829477714582,0.93423047939832,0.222110003431327,0.517111486088437,-0.952165367828242
1,-1.17143063749967,1,0,0,0,0,0,0,1,0,0,1,-0.410832013668116,0.194013553931916,0.655104258279064,1.72928263044336,0.551493270946019,-0.258869962384025,0.0590338724974484,-0.668512959225509,0.112134640222534
1,-0.214703831985037,1,0,0,1,1,0,1,0,1,0,1,1.36047015843568,-0.765058838193611,0.592690254106682,-1.44202451635742,1.00758004117665,1.47101534691141,-0.23235909483432,0.420233016380298,2.04069903091139
0,-0.761844534907006,1,0,1,0,1,1,0,1,1,1,1,-1.4082594607105,-1.36433232729313,-0.209945632681421,0.454323913467591,0.431152992557822,-0.683784087568767,0.0423762139743417,0.358007677899024,0.372141326900187
1,-0.938868370576988,0,0,1,1,0,1,1,0,1,0,0,-0.944729384459261,2.42746558093709,-0.741348011529297,-0.657381731843768,-1.29683374783272,-0.402404985046262,0.831609050603724,1.04559536063252,-0.0205594881000611
0,-2.54269890606524,0,1,0,1,0,0,0,0,0,0,0,1.35027622273208,0.779848361360011,0.371478684834494,-0.585044941380395,1.9651963754669,-0.291479758023745,1.2390738958855,2.64594405644356,-2.01899350530864
1,-2.35716916892581,1,0,0,1,0,1,1,0,1,0,1,0.615739173513287,-1.09313757783471,-0.622271365206688,1.02892837542184,-0.427094858013312,0.559018469230903,0.764278836281155,1.40220287254345,-0.35449502792403
1,-0.825018350645688,0,1,0,0,0,0,1,1,1,0,0,-1.16209572772907,-0.196292602446232,2.06332313018797,-0.690439520191089,0.714444994715708,-1.9154421226469,-0.165699707121426,1.76175513864412,0.849013671391955
1,0.845484326256598,1,1,1,1,1,0,0,1,0,0,1,0.616952077484976,-0.70197358464878,-0.25206360078178,-0.327827450596067,-0.710106315271734,1.56144601581277,0.784557326737341,-1.20154205656676,0.755219693695823
0,0.905544876030599,0,1,1,1,0,0,1,0,1,0,1,1.49585125449267,0.225296543120848,-1.74018863095026,0.178544832662043,-0.51195745872784,-0.247159534696138,-0.835047533978033,0.0797392631776819,1.01402866929677
1,1.13067402400584,1,1,1,0,0,0,0,0,0,0,0,-0.0262974225117556,1.30040839607159,-1.20245095622022,-0.423316345367368,0.10895627330879,0.707640140165114,-0.735839809228621,-1.51161592792402,-2.51395610614714
0,-1.59897748437299,0,1,1,0,0,1,1,0,0,0,1,1.94943468794558,-0.163665067274354,-1.0207378462224,-0.360375031954797,-0.0411655824821869,-1.19745115597493,-0.656754724210033,-0.450993206108127,-0.337221464506532
0,-1.83425939744595,1,1,0,0,0,1,0,1,1,1,1,0.173941119531514,-0.411991168254377,-1.94274075053821,1.06454490993309,1.07442608442652,0.277626523968961,0.120471079566135,-0.698194615149455,-1.13676752418128
1,-1.45268586087962,1,1,1,0,0,1,1,0,1,0,0,0.229476067528677,0.0748445820100121,-0.00697240119241768,-0.660759172842038,0.728215189411052,0.0214250793375695,0.286095104161849,0.400515819947298,2.45314728862074
0,-0.421058615134173,0,1,1,0,0,0,1,1,0,0,1,1.97472266992891,-2.54752851071616,-0.693088524141667,-1.73648219988223,0.47780901186765,1.43261296948918,-0.891091441638583,-0.441326439848483,1.07220599545283
0,0.529335018020134,0,0,0,1,0,0,0,1,1,0,0,0.200228825391696,0.674762545564476,0.628711844424037,0.77682405934893,1.58030835811776,-0.552028982202319,0.43211897355082,1.08637427177122,1.29281187588954
1,0.558386458929422,1,1,0,0,1,0,0,1,0,1,0,-1.09836232344866,1.08748784360593,2.05927070268192,1.68595515162307,1.02476482726836,1.01831687900933,0.989191324925922,0.26297100318304,-0.500447627117525
1,-0.751323993921565,0,0,1,1,0,1,0,0,1,1,0,0.193427206373535,1.7431628790781,-0.195876972361023,0.928198101059086,-1.06313271730049,0.488335609781551,0.53607832779375,0.274413039979996,0.216398626489521
0,-1.31227442553723,0,1,0,1,0,1,1,0,0,1,1,1.34271170562326,-1.17258717097862,0.0366309164749547,0.288112029520211,2.16101907449406,-1.00645159433238,-0.122631244382483,-1.88926438949335,-0.186206777457203
1,-1.64062109055247,0,0,1,0,1,1,0,1,0,0,0,-0.115543853215459,-0.542329289560463,0.67526003287584,-0.0988321421390475,2.05874158007493,1.12439343413876,-0.827844323482156,-0.536111362413066,-0.654169162407589
0,0.247259075455026,0,0,1,1,1,0,0,0,0,0,1,0.094274354428858,0.439214836975726,0.673771270118983,1.37946206346436,0.614092609544613,1.38281019113631,-1.39227624207726,1.03406583638569,0.206385003203019
1,1.65554157396338,0,1,1,1,0,0,0,1,1,1,0,0.749840656469339,-0.86235323248275,-0.843853243154127,-1.23481490900311,-0.126092558597554,0.067725995583916,1.1632690691426,0.0247415064484835,0.375894411862851
1,0.128504203733531,1,0,1,1,0,1,0,1,0,0,1,0.414021087859012,-0.657053323920465,0.409224496132897,-3.10518062176906,-0.290910901094106,-1.31157346879246,-0.804263846354531,1.57169599587254,-0.532922791250634
1,-0.549139627227897,0,1,1,1,1,0,1,1,1,1,0,-0.0966122314069343,0.687610617933185,-1.19473195726325,0.325835284667462,-1.58107292796357,0.904896349039535,-0.957019379453572,-1.48015311836712,-2.20800997550861
0,0.0243971140578452,0,0,1,1,0,0,1,1,0,0,1,-0.548727023159366,-0.875872115782483,-1.53751601570969,1.46532288380223,-0.985265867325337,-1.29717327627846,0.384709094734698,2.66130967206476,-0.8365931799244
0,-0.162384684209096,0,0,0,0,0,0,1,1,0,1,1,-1.9630290125754,0.783233016014795,0.571191749768498,-0.825227100984084,0.0429272805599928,-2.0748695980012,-0.480331964587419,-1.11383907342477,0.529872802540771
1,-1.13688020191285,0,1,1,0,1,0,1,1,0,0,0,-0.430409563919825,-0.21795362027829,0.118031240614134,-1.29723422592764,0.586238753054369,-0.0808130833688287,0.414712440228389,-0.354444508378778,-1.20381365996867
0,0.0165947067468779,1,0,1,0,0,1,0,1,0,1,1,0.0498431549720659,-1.12230893025052,-0.509769696788118,0.349175196583837,-1.0581839700443,-0.797496898947641,-0.105168091344283,1.17199387795232,-0.324673816469067
0,-1.87390382907274,0,1,0,1,0,1,0,0,0,1,0,-0.942140058515607,-1.54134238224944,-0.995365348988934,0.614799749531447,1.14889967402592,1.22670012312924,0.259980791711145,-0.781507008703539,0.203820934795565
1,0.120835313487325,1,0,0,0,0,0,0,0,1,0,1,1.70356311054929,-0.0348218101638033,0.604969537096309,-2.34716971447195,-0.162466417052087,-0.161267132429006,0.490855266156643,-1.89311314124153,0.763838404397018
0,-0.970884673863526,0,0,1,1,1,0,1,0,1,1,1,-0.281370727967476,-1.81376784323966,1.05724753476446,0.35508974693697,0.130942337951026,0.349761016381118,-1.70455887167719,-0.368773667211455,2.58661670575838
1,1.22450860219375,1,1,0,1,1,0,0,0,1,0,0,1.5263463760828,-1.82005198886173,1.13664714748547,1.18367213990476,1.50500683985733,0.724968048934172,1.17639780052183,-0.0284126987091761,-0.77671116851053
0,0.0325507330941137,0,1,1,0,0,1,1,1,0,1,1,0.486964319806631,0.486529504931887,-0.242420729353303,-0.0167596547314565,0.255683769350983,-0.0533256400016344,-1.28230963875013,-0.618118162446878,0.524879848329451
1,0.995538047761579,1,1,0,0,0,1,0,1,1,0,0,0.66664265977647,-0.818983703104286,-0.0776359882624111,1.45711541369631,1.02969770602282,0.0358132855133303,0.38295398508656,-0.487311567838376,-0.732205494115806
1,0.561174508848147,0,0,1,0,0,0,0,1,1,1,0,0.265928275051285,3.02288366665644,-0.54886241174635,0.936486754001746,0.213212603186122,0.638839793413589,0.961427306187085,-1.35418156615893,-0.334874174978437
1,0.731143037911921,0,0,1,0,1,0,0,0,0,0,0,-0.108687671604728,1.60834528615753,-0.0374892093485677,1.12492582953447,-0.810021283071337,-1.08728357017138,-0.243295033401867,-1.5283555254892,1.1172589008372
0,-0.460481261374253,1,0,0,1,1,0,0,0,0,0,1,0.76983910550447,-0.896912934815052,-0.507158223188145,0.503372225025216,0.66496475033821,-0.147819389669752,0.146343222240186,0.420811913129108,0.104768978925277
1,-1.09142461680342,0,0,1,1,1,1,1,0,0,0,1,-2.17244468539203,2.63923120867374,0.669839239022631,0.762565992667965,0.296394560963265,1.92216110064128,0.101493644481398,0.101952084990247,0.266356080842908
1,0.467009823499127,0,1,1,1,0,0,0,1,0,0,0,-1.75921547576225,-0.0294380319939934,1.37144408386561,1.09887411028174,1.68115017159095,0.0584835456807417,-0.684575217818202,-1.24648184160354,0.501284398214883
1,-1.5221425535238,1,1,0,1,0,0,0,0,0,0,1,0.200971917637327,0.657464708996817,0.87247975204006,0.843198368025242,0.665720832300691,-1.2031312651992,-0.156219963909453,1.83269113095776,-1.35717165375285
1,-0.0873714630553286,1,0,0,0,0,1,0,1,0,1,1,1.73623141563076,-0.284848842975341,-0.134081313629854,-0.265463156428701,2.29765091888464,0.982256777783956,-0.0589812846887475,-0.63548087853069,-0.344001875264913
0,0.29107416086154,1,0,0,1,0,0,1,1,1,0,1,0.136368122323918,1.65123710510552,1.5105823823376,-0.153314581332506,0.327848630642013,-0.0543552779648114,-0.530551736480913,-0.58623828859275,0.236279706643807
1,0.965874485305933,1,0,1,0,0,1,0,1,1,0,1,0.130694838731961,0.0480332823343108,-0.369546439499621,0.55837552456696,0.0285820138615843,-0.789676692712202,0.69861548946582,-0.734315689260989,1.40012105058251
0,0.0212142059301119,0,0,1,1,1,1,1,1,1,1,1,-0.423461385131797,-0.457436294774536,-1.47100351939227,-0.711582624908257,0.786641009843521,0.0901449139638799,-1.83466162774721,-2.22121968619854,0.640013922949816
1,1.48080077351107,0,1,0,1,0,1,0,0,0,1,1,1.19323234384143,0.162037001674915,-1.2319722994183,-0.0890018217448639,1.17638216550383,-1.8479981180206,0.147243829088904,-0.695792002807361,-0.827135933718288
1,-1.38204704992189,1,1,1,0,1,0,1,1,0,0,0,-1.02554588535822,0.653767197077149,-0.551699242154065,-0.48895815704007,1.71935079221969,-0.840306429467104,0.0561549328000034,-0.188327471903587,-1.72940042414214
0,-0.524635449697676,1,0,1,1,0,1,1,1,0,0,0,0.984952468228669,-0.79509005304225,-0.527414296324361,-1.8809503621237,-0.787073059881631,1.0304149551659,2.28130185027415,1.86345494011125,1.12654946643513
1,-0.62517696280265,1,0,0,0,1,1,0,1,0,0,0,-0.924548334009386,0.0649379955922867,-0.045903991431673,0.030947580067666,0.812273538963153,0.512081887304786,0.890082950195073,2.19175475290227,-0.153291796026562
0,-0.874428840239615,1,1,0,0,1,0,1,0,0,0,0,-0.0951307377497694,-1.59513147961601,0.733031503986925,-0.750466599528644,0.965724634818235,-0.368861330438102,1.33305042685521,0.520080234701557,2.8003701593091
1,-0.867705620380699,0,0,0,0,1,1,0,1,0,0,1,-0.549038516081401,-0.488965018666257,0.678770213582157,0.00173694112720133,-1.21093905455144,2.69444636546513,0.083340982731071,-0.727445110057655,0.180178358752817
0,-0.333957027789636,0,0,0,0,1,0,0,1,1,1,0,-0.27424551660673,1.20820847006534,0.0678848624146294,1.14722575745455,0.734105981150846,-1.79760792439194,1.08263228790759,0.327517689851054,0.651686683604066
1,1.44331733194353,0,1,0,1,0,1,1,1,0,0,1,-0.0764845559308308,-1.53505804473245,-1.03118317695618,-1.35473006580056,0.624404490388158,0.413848940325411,0.348058916238317,-1.88872159325233,-1.04439886731951
1,-0.427437789476604,0,0,1,1,1,1,0,1,1,0,0,-0.843306239593827,-0.372486234660914,0.609032472480153,0.452224762425489,-0.0329824060218995,-1.00745962762779,-1.63146310389653,0.138808824811437,0.38611961269959
0,2.49845986877741,1,1,0,0,1,1,0,1,1,1,0,0.301498273112483,-0.96442341019025,-0.0361609262434616,-1.10916925149926,1.97360847959723,-0.630187332947029,0.112914997695187,0.284994234681375,1.16250762972572
1,-0.172828628844877,1,0,0,0,1,1,0,0,0,1,1,0.54144216043807,-0.274918318958273,-0.29898113954309,-0.165250345115836,0.897629516839773,0.524628575934475,0.33748195257736,-1.29072292526654,-0.223558635850805
0,-1.00247948891694,0,0,1,0,0,0,1,0,0,0,1,0.0579162199096825,1.87570476996792,-0.0266894112382499,1.33862978514653,0.985741329320999,-0.372338355984514,-1.15871153409955,0.161615619911568,1.01709520593969
0,-0.451595566286151,0,1,0,0,1,0,1,0,1,1,0,-0.0752652631061515,0.426752323888367,-1.20219791297593,0.609541248876321,0.518193458174961,-0.174092094270034,0.918442533335954,1.53157678539291,-1.84865742823202
1,0.40995642525716,1,1,0,0,1,1,0,0,1,1,0,0.0567688646854249,-0.542103142811507,0.666503129659002,-0.0337314096707795,1.26955043225194,-2.11412476877554,1.43097242600543,-1.70732070685062,-0.781818273894454
0,-0.422779898996453,0,0,1,1,0,1,1,1,0,1,0,0.402465961201863,0.668736269444416,0.963088106514899,-0.996770061105561,0.73124453612928,1.0235420769646,-0.162995600366028,-0.329991301833934,1.06395091360643
0,0.686789692151217,0,0,0,1,0,1,1,0,1,1,0,1.20660453494666,-0.00205368984126696,1.02941952223505,-0.956780821369346,1.10581674423941,-0.327144271716098,1.19326336508487,1.97546040642151,0.868189121967449
0,0.0588191853070429,0,1,1,0,1,1,1,0,0,0,0,-0.114609471962555,1.32360822913388,0.397091476688548,-0.351463169331004,-0.539480806382993,-0.500610492877055,-0.79519927409069,1.08933043337965,0.611716701616992
0,-0.833288302976121,0,1,1,1,1,1,0,0,0,0,0,-3.28082992463909,0.477882370301918,0.880679672562887,0.434866693420699,0.875829657839919,-1.34419525770655,-0.850999108748503,1.68084352671863,-1.3124135598916
1,0.14123125596383,0,0,0,0,0,1,0,0,0,0,0,0.0405546906185474,0.720652185215676,-0.103999101201422,-1.22843182398035,-0.188597735763575,0.625031414018932,-1.03642682155881,1.72110378138983,-1.28110042468621
0,0.145042181997441,1,1,1,0,0,1,1,1,0,0,0,0.0450322226896927,-1.49808923230409,0.684440505319042,0.223312671496137,-0.264241470846837,0.579029543191288,0.530837874002845,-0.0827607978503508,1.03154928008361
0,1.52764648799633,0,1,1,0,0,1,1,0,1,0,0,0.111314280456138,1.36247811246933,-0.466502143215156,0.154097314179,1.49462743856355,0.382928435990141,1.50815011710608,0.334471163588977,0.0505087472425463
0,-0.728796008467028,1,1,1,1,1,1,1,0,0,0,1,-0.304954025017011,-0.204729002147702,0.968714138998691,-1.1608621639276,-0.169217161673894,0.0944644349496901,-0.884032040660542,-0.0134983832312256,-1.29186136772329
0,-1.07554016289223,0,1,1,1,1,1,1,0,0,1,0,1.00918216014355,1.08468975289738,-1.06656356200474,-0.37650939045381,-0.801431571579472,-0.788572668574398,-0.706941225345282,0.312466587119811,-0.147222710538831
1,0.519930227229771,1,1,1,0,1,0,0,0,0,0,0,-0.228504822939855,-0.242146675671817,0.312614643414042,-0.228886627890983,1.21930793048467,-2.24523674516947,0.652578303197145,-0.572957205269659,0.932956863971527
0,0.988958791309367,1,1,0,1,1,0,1,1,1,0,1,-0.343013937464239,1.33897940586419,-0.14170283756721,-1.68933202602835,-0.104885698678663,-0.386738967161393,0.803585444863594,-1.5684643992333,-0.815014552951083
0,-1.24075943099405,0,1,0,1,1,0,0,0,1,1,1,-2.16116097813783,-1.1345107417908,1.01901850374513,0.422179153032323,1.56864408842524,1.08502180072938,0.746311578587302,-1.11442636211782,-0.336230876689261
0,-0.0134340418517004,1,0,1,1,1,1,1,0,1,0,1,-0.171801956960561,-0.785515540414023,-0.342407182234051,1.38979412850737,-0.404308746582211,-1.81592694685406,-0.155567176325201,-0.388208019421258,-1.7007871774459
0,-1.4308007590912,1,1,0,0,1,0,0,0,0,0,1,-1.20296730074526,-1.11054645214712,1.17552638083436,-0.458494708760427,-0.688239684580486,3.28298320625251,-0.816613102092619,-0.589696862987411,-0.316675925950031
0,0.522167760260938,1,1,1,1,1,0,0,0,1,0,1,-1.56882649748303,1.25735700165212,0.869848334241644,-0.16789707512362,-0.662050167951578,-0.0312433646063462,-0.44031073107507,1.33943982373421,-0.7731833011542
0,2.12122692619001,0,0,1,1,1,1,0,1,0,1,0,-2.16436912050135,-0.456894855775524,0.584731294676455,1.73127385316424,-1.09139452110958,-1.62476338607156,-0.0022278114261368,-0.848287328456553,-2.11918435380767
0,-0.951612627686535,0,0,0,1,0,0,1,0,0,0,1,0.851471136676729,1.3292259932704,-1.2921168048679,0.751152706009215,-0.15636222680733,0.347559499638464,0.326551609269113,0.508083659459252,-1.92798311453729
1,0.790008225441566,0,0,0,0,0,1,1,1,0,0,1,0.676226428118948,-1.69593156396424,-0.176599956925764,1.80967801005121,1.10365675324209,0.356088701019626,0.749112141280495,0.0762625620040596,-0.395665246389698
1,1.12546734771112,1,1,0,1,1,1,1,1,1,1,0,0.80264632834597,1.08794735609658,1.57585042192494,2.06308316520722,1.60601274109856,0.750307216714006,-0.751360779818009,-1.0277924146771,-0.919569801271221
0,-0.991319585393708,0,1,0,1,0,0,0,1,0,0,0,0.556419040564988,-0.466819610871247,-0.374287586774686,1.57592525563304,-0.852512777205849,-1.392143724962,-0.603672703865473,-0.779681500331902,-0.0496542001545117
1,-0.436630019103142,1,0,1,0,1,0,0,1,0,0,0,-0.716092656610017,0.661189001624343,-1.61911007112233,1.27602756406331,0.905431820024343,1.06063153195554,2.2516439189774,-0.707078387467335,0.545917157279996
1,-0.852672172068733,1,1,1,1,0,0,0,0,1,0,0,-0.0352680661395281,0.452651643955066,-0.684443845711629,-1.12788469038379,-1.1461967020296,-0.0498655351208903,1.25129354132883,1.72547822660267,0.720724067580263
0,0.638486385563637,0,1,0,1,1,1,0,0,0,1,1,0.535573514293447,-0.682612329248228,0.180098479109739,0.495917201227839,0.248767860130981,0.431378899989073,-1.00870663035724,-1.07411158845053,-2.45992202517988
0,0.711351935373369,1,1,1,1,0,1,1,1,0,0,1,-0.946438843910446,-0.855486976957225,-0.187295854252179,0.716728961811994,0.0483067260695172,0.595750780621444,-0.653671486548059,-0.486943946867364,1.30371492092648
0,0.0458710818735111,0,1,0,0,0,0,0,0,0,0,1,-1.95830069268737,-0.328931216817694,1.30012275558099,-0.337574899676989,-1.42039478924722,-0.250498574400075,0.178662079198244,-0.354121031069481,0.58611409300702
0,0.452797021627661,0,0,0,0,0,1,0,0,1,0,0,2.64246615767084,-1.64934407234015,0.509205366208719,0.700479405288736,0.0359816393705983,-0.633874753157966,-0.189449869219359,-0.992656602680476,-1.74525812657792
0,-0.216345189086994,0,1,0,0,1,0,1,1,1,1,0,-0.757397276328233,-1.30749384160116,0.652319747830637,0.583554332051625,0.159409119365462,-0.41741858300414,1.24944318672787,-0.709872948866022,0.113230235501878
1,0.722677145933034,1,1,1,0,0,1,0,1,1,0,1,0.879706623541868,-1.2831047119227,-2.57957063905776,0.935748211446412,-0.663523046184889,0.565593699792214,-0.31276138719733,-0.301659456451737,0.791361992397571
0,-2.77681420313934,1,0,0,0,1,1,1,1,1,1,1,0.41358976410949,-2.0815921988253,-0.183852250917054,-1.36602058669987,0.714401657338578,0.112705441577042,0.182188693855209,-0.304258683267661,1.76540307016943
0,-0.388169528148358,0,1,1,1,0,1,0,1,1,1,0,-0.492884891731212,-2.90365798685482,0.334817808596032,0.447278911432151,-0.942660863337527,0.089795861611885,0.526713616098905,-0.771903933589785,1.00284571417985
0,0.97038288449835,1,1,0,0,0,1,0,0,0,1,1,-1.35202793050309,-0.316319289996169,0.944155445409597,-1.4231441175066,-0.0839970840366541,0.0618366454167586,0.295236562499974,-0.804721853079619,1.84455797362873
1,0.632990551262643,1,1,0,1,1,0,1,0,0,0,1,0.767690675087213,-0.637281834286731,0.903079306800203,-0.519302198030336,0.497711991418844,2.92694999184845,-1.1646175249897,0.738498818783734,-0.0161412814551507
1,0.42175393126875,0,1,1,1,1,0,1,1,0,1,0,1.12378820175536,-1.42651850506764,0.22417405239826,-0.668511878282526,-2.01230000169602,-1.0497658914853,-0.40275897050369,-1.3603487004899,-0.372657619494529
0,0.244920845984259,1,1,0,1,0,1,1,1,0,0,1,0.181567767793916,-0.335148011029091,1.4041743942102,0.601906801368148,-0.290297606427419,-0.0804048321143247,0.451749852233532,-0.694410798617958,-0.356683475245332
0,-2.00260922608625,0,1,1,1,1,0,1,1,0,1,0,-0.845200142855463,1.55425309850469,1.43441569591689,-0.267655008989222,-1.37518117221841,-0.0479155774910738,-0.136884595943521,-1.4417735188097,-0.46004523129974
1,-0.959357457176014,0,1,0,1,0,0,1,1,0,0,1,-0.0589886476771096,1.25308658365512,0.0255277793612092,0.0188100548093354,-0.108885825198544,0.769199663358708,-0.250026245233286,0.17502610800997,-0.459577746843872
1,-0.1404845622107,1,1,1,0,1,1,1,1,1,0,1,-1.7032654669622,1.07191350775334,0.23945073264243,-1.4911919492802,0.0511844811669127,0.614215584872458,-1.31158496332828,0.015739629049401,1.39461041920058
0,0.911366215180996,0,1,1,0,1,0,1,0,0,0,0,-0.638986066689955,-1.56536599316515,0.00366094894864284,0.0388554184363232,0.394019841869059,0.303115401119632,-0.84475213689721,0.958903976115164,-0.661184893327767
1,-0.567493244596582,1,0,0,1,1,1,0,0,1,1,1,-0.0665848167774005,0.344616670074185,-0.464628805509486,-0.925670530373813,-0.070907353314015,-0.186020466390681,0.271986116723802,-0.46464636581903,-1.17039331294957
0,0.197177820900064,1,1,0,0,0,0,0,0,1,0,1,-0.00193374491053157,-0.599164472247959,0.429644422840834,-1.05476232267592,0.864742369708647,0.316207406556368,1.33787889511125,0.363420857885576,1.19058191789974
0,-1.37945446749175,0,0,0,0,0,1,1,1,1,1,0,-0.91783087229581,-0.871499096531862,-2.76212505940434,0.150138106412387,-0.256102075513509,-0.266299181518091,-1.07938184509409,-2.26293771252685,-0.109621037922177
1,0.967506096852352,0,1,1,1,0,1,0,0,1,1,0,0.0477739230596639,-0.210526553032997,1.53381546552693,0.200163634678638,-0.99735704722836,0.425603746186322,0.664600238757082,0.743503053744743,1.87615482529033
0,-0.691449625565311,1,1,1,0,1,0,0,1,0,0,0,-1.09359670396144,-0.0527977925517025,1.90886396072954,-1.54017927499213,0.399435603362895,0.439408742279546,0.742281504529985,0.286844773273438,0.0773604269936243
0,-0.723854913242199,1,0,1,0,1,1,0,1,1,1,0,0.155337867136648,0.679611030328585,0.350503584874782,-0.167655349926415,0.905179752187009,-2.27853740613362,2.13940318325243,0.109338353876388,0.265760225050657
0,-0.39425321936229,1,1,0,0,0,1,1,0,1,0,1,-1.11737252303226,2.17013473379115,3.21189977893988,0.384777084021313,0.368140257641526,1.43064635022735,-0.314084261653859,-0.377783701620051,-0.762491136703213
1,0.286020169400429,0,1,1,1,0,0,1,0,0,1,1,0.184833683410837,0.476072860857935,1.23731403704181,0.55411255986899,-0.586987710816756,0.503258075143282,-0.697845380531111,0.506030992157663,0.830296026799009
1,-0.285910510208559,0,1,0,0,1,0,1,0,0,0,1,-0.161519665796773,-0.271654357613647,0.256017218194965,0.855817472808116,-1.12125550470081,0.172102732914731,-0.333849118551946,-0.824338868599034,-0.164081728420854
0,-0.206182958540636,1,0,1,0,1,1,0,0,0,1,1,0.0781988997953144,0.158162405263011,0.272413938693659,0.727793551127989,-0.637657925847243,0.137400131069573,0.717547340937729,-0.196274043452948,0.848090671973272
1,-0.115426910377588,0,1,1,0,0,0,1,0,0,1,0,-1.34541324064324,-1.23559148812057,-0.0758121107498833,2.45122265315057,-1.08906181561241,0.934526173247286,-1.22686148577761,-1.95157183625362,-1.13024887984266
1,-1.54438764671287,1,0,1,1,0,1,0,1,0,0,1,1.32329630301126,-0.49550231840849,-0.993082172226262,-1.63453351248903,-0.548472344875714,0.490046816170872,2.64504522648164,0.0248220437577847,0.285767547977544
1,-0.242379198086449,0,1,1,0,1,0,1,0,1,0,0,0.428950153761579,-0.0382831112949024,1.05652222316517,1.15938969862856,0.677694167017714,-1.24293688769986,1.36986274963675,-0.380782499101718,0.0792183863161608
0,-0.440671835940961,0,0,1,0,1,1,1,0,1,1,0,-1.29920860503505,0.42935929396734,1.19754618602904,-1.07348488846606,0.749427202608542,0.12959116185738,-0.408160396672577,-0.241174944611252,-0.534959656136693
0,0.269383118943632,0,1,0,1,0,1,0,0,1,1,1,-2.95252677651022,-0.886013482753094,0.926634944696535,-0.985418911705409,-2.0492562985982,-1.22650924134288,-0.742582140776776,0.261700609079882,-0.341402353412069
1,0.72684971358107,1,0,0,0,1,0,1,1,0,1,0,-0.31705000781143,1.16836977021192,1.26539716957965,0.233858999750592,0.295209551986703,-0.512570451899352,-0.761019223277022,-0.256402670685868,0.669206548607525
0,-1.23224562836226,0,1,1,0,0,0,1,1,0,1,1,-1.61442332755279,0.13136336893012,-0.898445396799903,-1.0804167151634,1.5261002733276,1.35577215697533,0.0214535640437728,0.79437772933224,-0.216393398472831
0,-1.42531463585736,1,0,0,1,1,0,1,1,1,0,0,1.08194511154199,-1.09922178183159,0.74274449463372,0.394335920242575,0.617104618635575,0.101985950277184,0.774702654949455,-1.43710939800631,-1.45295013136874
1,-0.930664925676971,0,0,1,0,0,0,0,1,0,1,0,0.264256378119276,0.932065018556545,-0.705944248256652,0.290250338723615,-1.62135524927012,-0.868455840433844,-0.0231172688392839,0.130563774321884,1.00864452143081
1,0.11434088880594,0,0,0,1,1,0,1,0,1,1,1,1.51211009023215,0.898318380228314,0.344162792081254,0.194807045729091,-0.764642108010666,-0.760075662716841,1.49918931922885,1.31985984195612,0.691548620224764
0,-1.05733733451181,0,0,1,1,0,0,1,0,0,0,0,-0.180264600409868,-0.67407901816043,0.116878915330051,-0.592069253170043,-1.84341387135619,-0.880316878308354,0.12921672307157,1.06637573358614,-0.358351359138831
0,1.25786459591985,0,1,0,0,0,1,0,0,1,1,1,-0.512892626008442,-1.43061074283316,-0.411068863937895,0.518873624685255,-0.512379405625399,0.797203324414026,0.0617256647392088,0.454662483991171,-1.76505363020157
0,0.868734766481124,0,0,0,1,0,1,0,0,0,0,0,-1.51968653889932,0.614434100144079,0.976328630251131,-0.174170664896787,-0.139693609149277,0.221023875290425,-0.0615841222148592,0.282392135095489,-0.317564230861615
1,1.50642938798436,1,1,1,1,0,1,1,1,1,1,1,1.32223414781224,-1.51004506843403,-3.40973837255433,-0.261083715112538,-0.849366509390408,0.138845756533598,-0.255719797614337,-0.186618545274049,1.48067124293564
0,-0.521563116373034,0,0,0,1,0,1,1,1,1,0,0,-0.550985730934876,-0.767431705944066,-0.417054936263209,-0.141794141117858,0.689290183873005,1.15210853327427,-1.2000458997002,-0.248142091010363,-0.0487696786925347
1,2.22075515458209,1,0,0,0,1,0,0,1,1,1,1,1.05739144852041,-1.10614978133863,-0.153405477635915,1.02293070819837,-1.82357611969772,0.244504024777356,-0.528235632135984,-1.43712882771468,-0.194507851937014
0,-0.0877250484009983,1,1,1,0,1,1,1,1,1,1,1,-0.488542767897461,0.771514576431435,1.09573881878656,-0.787269845328767,-0.0620571772746205,-1.21609226615655,0.483584152418884,1.88196613639262,0.505204172271303
1,0.576910089615639,1,1,1,1,1,1,1,0,0,1,0,0.120051864940291,0.494403360475474,-1.21510206784737,-0.549416570295651,-0.718574625503652,0.0941586113440791,-1.77842725745905,-1.0935668702352,0.0167343599968066
0,1.27090372329945,0,1,0,1,0,1,0,1,0,1,0,-0.534816439631162,0.521823587568595,-0.945151228841114,-0.0487754644807641,-0.301904177879314,0.264064843985388,0.41148136328194,0.524299529696876,-0.0381656844628595
0,-0.607489564086959,0,1,1,1,1,0,1,1,1,0,1,-0.547733470329162,-2.45185423461404,0.920969784369891,-1.11128853330864,-0.872826188094645,1.08090074131539,0.255823507460519,0.72725903430386,1.10073716679879
1,-0.803570187534447,1,1,1,1,0,0,0,1,1,0,1,-1.55294512999697,0.160408425929305,-0.0994001400425449,1.0397425743251,-0.568139955991486,1.33518930545594,1.33743222678336,1.30710422414176,-0.399375902247022
1,-1.13993709166691,1,1,0,1,1,1,1,1,0,1,1,-1.93305178952281,-0.591714247562257,0.639137141504379,-0.465168642521154,0.391589007317665,-0.00395419901427658,0.75007018871073,0.548626548462211,1.11418079096491
1,1.57290595436755,0,1,0,1,0,1,1,0,0,0,1,-0.640775322085313,0.833027892316616,-0.0437386569763622,-0.571509240175166,-0.396458814934796,0.0965098501577723,-1.24213888542524,0.849119395673857,-0.60215205153707
0,0.769794288168017,1,1,1,1,1,0,0,1,0,1,0,1.02229032584534,-0.281926057534697,-1.88338385730215,0.00542383703708312,-1.52051528678031,1.6844811899882,0.103236477453974,1.13592266778301,1.31700096014146
1,0.526779827189106,1,0,1,1,1,1,1,0,1,0,0,1.06598406653341,-1.60117623323957,0.0366151073126459,-1.54914813733064,0.187635300159444,0.383632549085052,0.134106361554703,-0.720611054797909,0.494282447205698
1,0.963564812976754,0,1,1,0,0,0,0,1,0,0,0,0.256532500633599,-0.549207423528918,0.598378576986291,0.0969092240584626,-0.447691701578584,-0.824376830381033,-0.719599540991877,-0.550384943303363,0.808173291819846
0,0.679059888076253,0,1,1,1,1,1,1,1,1,0,1,0.0342779480570202,0.915605146089933,-0.717548756801219,-0.333543964350292,0.307034754723639,0.143045226789977,0.892075439295321,-1.71892678394281,0.529215031381252
0,-2.05050801081091,1,0,0,1,0,0,1,0,0,1,0,1.74971352445369,1.1368102509302,0.468026511841112,-0.917049389540169,-0.523313211751306,0.310358106777859,0.438397554577224,-1.21719892981669,-0.369214283400402
1,-1.08063519142382,1,0,0,1,0,0,0,1,1,0,0,-0.630172035840309,1.2320975427995,0.549275488009883,0.275656742316373,-0.230398392403683,-1.70553041465405,0.711285491898465,-1.02244006514164,1.56128223032427
1,0.183670368407117,0,1,0,1,1,1,0,0,0,0,1,-0.64410271588273,2.18960739471795,0.813217175955069,-1.14888881308038,0.483268814066246,-0.568049890055593,-0.979282183860987,-0.398158105274053,-0.292623152405827
1,0.626086875797016,1,1,1,0,0,0,1,1,0,0,0,0.694472820421048,-1.22885272951818,1.40272281896112,-0.652331628562209,1.04923105402091,0.348093576149149,0.685819507233419,0.637774994795742,0.350022435346547
0,-0.0740019653669853,1,1,0,1,0,0,1,0,0,0,1,0.330943252107141,1.55202064781978,-0.0997502067867134,-0.0837023072369372,0.507646837734538,1.86055782631753,0.459957495045238,-0.105959769509546,0.0865311696145897
0,-0.631510466458641,0,0,1,1,1,0,1,0,1,0,0,-0.353224804209557,1.80406875869143,-1.18363336780832,0.317532877487865,-0.120964178542028,-1.25621287280551,0.0458130594719829,1.23300577207774,-1.42441053736517
0,-0.541316515363067,1,0,1,1,0,0,1,0,0,0,1,-0.518437366189251,-2.2173625528773,0.774731962732245,-1.3670549165465,0.905616861892631,1.40944092776106,-0.315315074526158,0.690101426691295,-2.21239243537223
1,0.126233410669845,1,1,0,0,0,1,0,0,0,0,0,-0.366069710731798,0.128111362417583,0.159077095254823,1.5613625457392,0.082096711984574,-0.0390332772255556,1.26914439084884,-0.111728455261745,-0.697907751024604
1,-0.261031414255379,1,1,1,0,0,1,1,0,1,1,1,0.596082917483325,-0.4437254167689,0.847194200175619,-0.523426851139875,0.484477166477029,-1.20423010073204,-0.624780348711696,0.391181341458204,0.837027339506792
1,-0.236295283851469,0,0,1,1,0,1,1,0,0,0,1,0.357027187633844,-1.33486708656331,-1.51971876076566,0.441998264403623,-0.135286592858811,0.494791509138289,-0.522392136996921,-0.648435856412668,0.0384117739218832
0,0.532120476142476,1,1,1,0,1,0,1,1,1,0,1,-3.05174550341346,-0.441087554899788,-0.741933898216755,0.373532641675997,1.15372263237525,-0.204959982799663,1.22721850840691,-0.151656987150094,1.96790440749755
1,-1.96592572827053,0,0,0,1,0,1,0,0,0,1,0,-1.39305887822742,-0.328464828472826,1.56243022405583,-0.678037167888595,-2.14120598763231,1.02948140226457,-0.347811560302374,2.01831002692701,0.597833910438306
1,-0.876970013792746,0,1,0,1,0,0,1,1,1,1,0,2.40658257698061,0.715566994284331,1.553560510958,0.836604893223415,0.703964025917254,1.48359915537708,-0.747310635735105,1.24620506487578,-1.1118206660141
0,2.33327750157453,0,0,1,0,1,1,0,0,1,0,0,-2.32334703651982,-1.19988126658361,-0.839973814406168,1.40771444089806,-1.22464772734236,0.674834937064737,-0.0349295856156957,-1.26361325903249,-0.771690035538708
0,-0.901861379567129,0,0,0,0,0,0,1,0,0,1,0,-0.181613866001066,-0.936183838566324,0.24257047685447,0.653197001652575,-0.613679044463295,-0.233685723301254,-1.24997865285033,0.279819946525818,-0.731356451768462
1,1.85434735679468,0,1,0,0,0,0,0,1,1,1,0,1.00313968376864,1.20472117191064,2.46756763081325,-0.501523272024854,-1.25083731286324,0.302027051437049,0.216203604436818,-0.555207296769918,-1.56020403579437
0,-0.431468515460498,1,0,0,0,1,1,0,1,1,0,1,-0.586231866063975,1.23550587709494,0.870363088962212,0.116466359634812,0.74307250048509,-0.744952247481433,-0.240894986096186,-0.130203405224244,-0.343433058381564
0,1.97015318925539,1,1,1,0,1,0,0,0,1,0,0,1.12444920847094,-0.573081684916664,-1.39502296933969,1.35043471040433,-0.116703704494983,0.55963145909887,0.832432938574932,0.236427331718158,-0.150479660741597
0,1.22319839468008,0,1,0,0,1,0,1,1,0,1,0,-0.815940725878779,-1.39285775293511,2.26474239055855,-0.346588662692006,0.818562412581991,-0.583750468114103,-0.915729421203791,-0.637733926964629,-0.823761286431875
0,-2.4664032872533,0,1,0,1,1,1,0,0,0,0,0,1.39354966256172,0.0641318533732837,-0.657345741128549,1.07356526954633,2.66571132942316,0.114933157344493,1.26144351246313,-1.82854113670313,0.151450812139697
0,-1.46180140234755,0,0,1,0,1,0,0,1,1,0,0,0.178142652786323,0.151059746286687,0.579917322279287,0.338957336408968,0.405135452112381,0.159629639111516,-0.450897378051004,1.29833696126049,0.119391113748309
1,0.529847717512815,1,1,1,1,1,0,1,0,1,0,1,-0.00121637466407946,-0.819164585126068,0.204965099149884,0.265120403878193,0.351700730125664,-0.813152550463413,0.712176844196881,1.20231958607615,1.50337179370623
1,-0.831184471818182,0,0,0,0,0,0,0,0,0,1,0,-0.421553133838244,-1.89778591049998,-0.458284534919319,-2.02582962138486,0.0515285126829922,1.06239856547836,0.557517780458132,-1.41699107263905,1.29369117580553
1,0.230904858900678,0,1,1,0,0,0,0,0,0,1,0,-0.483241422025053,1.46933078665329,-0.638585399721614,0.0414114025862209,0.42186314488793,0.489079560524844,0.289782439457892,0.288290019131883,-0.570584637176445
0,-2.46556256656108,0,1,0,0,0,1,0,1,0,1,1,1.32105399577381,0.411069170911151,-1.40877942191026,-1.50734649981464,0.978333489632072,-0.733621242859685,-0.143992252902423,1.00348687268656,0.867424220269046
0,0.734310835444871,0,1,1,0,0,0,0,1,1,0,0,-0.00886237685459449,1.64553270562803,-0.254534198998266,-1.75320410804829,0.227685028196925,-0.262472738232493,-1.89812670314079,0.607511177375252,0.017232637248108
0,-2.41136816296887,1,0,0,0,0,0,1,1,0,0,0,0.988082921439757,-0.335982550149337,0.198600179561486,0.48459343200829,1.05668321019912,2.35185580977778,1.14513956734257,-0.635931150813904,-0.827941665385185
0,0.190365487108511,1,0,1,0,0,0,0,0,1,0,0,-1.35267082905398,0.688971882991274,0.482533270171803,0.145465074947262,1.19623512512406,-1.88333609254331,-0.654288383898576,-1.41633284312918,-0.881773273696115
1,1.20081205768821,0,0,1,1,1,1,1,0,0,0,0,0.611143389197822,2.62184041999974,0.667335482789776,-1.67178956886505,-0.282127025829075,0.381449791761975,0.251608485776525,-1.08100384436638,-0.979218028293848
1,-1.09545701930814,1,0,1,1,1,1,0,0,1,0,1,1.54165855966661,0.522308666121498,0.359457012092713,-0.35786729210215,1.06141454540723,1.34587450212352,-0.033380728451136,-1.63370839734165,0.533766134459778
0,-1.75300371715858,1,1,1,1,0,1,1,0,0,0,1,-0.15122239158667,0.39617691145838,0.179201610577974,-0.842337297691695,0.563967069521256,-0.2147880360051,-0.123894087877458,-1.39964473606595,0.509951840004234
0,-0.492510681782766,1,1,0,0,1,1,0,1,1,1,0,-0.60691120381333,-1.87209077657908,-1.31508843470903,0.790618957636006,0.917303641855276,-1.1909192656958,-0.572052875814407,-0.15157528237314,-1.11848580289157
0,0.723525896852718,0,0,1,0,0,0,1,0,0,1,1,1.21590198194077,0.38351565002218,-0.440705510068001,0.261545472397166,0.510882667258872,0.308862911522415,0.675689881789252,-0.701799434597822,-0.709222995058236
1,0.0253832584845425,0,1,0,1,0,1,1,1,1,0,0,0.0255328301795912,-2.10721919871562,1.46622477133993,1.19922844712388,0.904809139416449,-0.298646430174223,-1.37966490916767,-0.506520011560507,0.714551739952198
1,1.12339573915784,1,1,0,1,0,1,1,1,0,1,1,-0.591714992119351,0.471233163438297,-0.0956061253462582,-0.946214260777122,-0.711336784576609,1.2334736148109,1.80755781390098,0.936385290445503,-0.806994712026325
0,-0.0406384863771175,0,0,0,1,0,1,1,1,1,0,1,-0.390206430760716,-2.00570928703663,0.0612813294810641,0.190640862881484,-0.00719561392558609,-1.08829589740724,-1.58780368649939,-0.457164339576296,0.778927773357155
1,0.291135151462318,0,0,0,0,0,1,0,1,1,0,0,1.84846518730862,-0.640570629525433,-1.14734189554746,0.120091924573386,-0.775428414759571,0.0107372519610793,0.407792707143195,1.1719083137804,0.734838073343658
1,-0.785619448967662,1,1,1,0,1,1,1,1,1,0,1,-0.0552052456200978,-0.322577633742579,-1.48564375590931,-0.309546028327698,0.14277292310727,0.557329687256437,0.585248964764357,-0.757899716251761,0.32851250487053
0,0.472725145073094,0,1,0,0,0,0,1,0,0,0,0,0.0783803666730181,-0.995964793725661,-1.00373504282578,1.23993616538854,-0.797734129157632,-0.700610356670909,-0.56983833842245,0.539991572398433,-0.528578542886489
1,-0.720366570237155,0,1,0,0,1,1,0,1,1,0,1,-0.69927899929225,-0.495025361281025,0.447661191964151,-0.957106080866724,1.02781702918894,-1.36456769595034,-0.670256488483373,-0.716823592702503,0.522640961349544
0,0.520603339582481,0,1,1,1,1,0,1,0,0,1,0,0.395512581533266,-1.68305528128374,2.48020717609764,-0.0829549932025865,0.972788519704951,0.328297734649854,-0.147788933183603,0.496363003299269,-1.68967442185707
1,0.296371983052176,0,1,0,1,1,1,0,0,0,0,1,-1.1685194622311,-0.55944884286146,-1.32299686936223,-0.373645050555337,-0.601298974444204,-1.5511046005513,0.46099339192138,-1.49932870122496,0.314871881020494
1,1.98640772730646,1,0,1,0,1,1,1,0,0,0,0,0.224087346656796,-0.629111116994211,-2.30634343325223,1.98885587029657,0.0593498671221914,-0.125479433286856,-0.041862091254214,-0.172745735190729,1.87299806970656
1,-0.365659221860588,1,1,0,0,1,0,1,1,1,0,1,0.0428505930719187,-0.845767318233516,-0.986353034171623,-0.870600438670978,-1.51236870903871,0.997623495031718,-0.89201957313687,0.650620943657794,-0.774453720114314
1,-0.712941357924137,1,1,0,0,1,0,1,1,1,1,0,-0.114957596122797,-0.596545071354745,-0.115733784744798,-1.26129703296882,-1.33845201976018,0.495207583539075,-1.08505116846167,0.470471598776809,0.740760600830805
1,-1.30226499154162,0,1,0,0,1,1,1,0,1,1,0,0.135655829137332,0.627155785858802,-0.341914817523162,-1.26812130985283,-1.40100120556314,-0.825910597119897,-0.26080595662844,-0.379733584649159,1.1303453965285
0,0.113736502123477,1,0,0,0,1,0,0,1,1,1,1,-1.0304257621754,-0.372040563265259,0.0640467862142383,-0.100185112695424,-0.703142144142208,1.80907733790609,-0.168527524773473,-0.036155944951,-0.371271962056667
0,-0.234898750409338,0,0,1,0,0,1,0,0,0,1,0,0.115354925980404,-1.25971031798984,-0.586238316598942,0.336351093703984,0.0277844726019224,0.841699408827768,-0.290649366076279,1.36751433727239,0.500889835458634
0,-0.685996726957025,0,0,1,0,1,0,0,1,1,1,0,-0.75350430694406,0.744178541304346,-0.333967252454608,1.6760108995912,-0.391059742684101,-0.301523462652835,-0.413996066686661,1.75031784380167,1.28538722708094
1,0.297925777888752,0,0,0,1,1,1,0,0,1,0,1,-0.687267075105877,-2.1244094091989,-0.425258193080295,1.4942433368459,0.933068977370494,-0.00903145177665061,-1.04989451963457,-1.33530917731757,-0.383517137540549
1,0.616990188687911,0,0,0,1,0,1,0,0,1,0,0,-0.310882847282749,0.099086340982348,0.286960526727979,0.17695705514317,-1.40109745646829,-1.48647344625097,-0.700243427452242,-0.210514916253187,-0.572089710161727
0,-0.727215590133763,1,1,1,1,1,1,0,1,1,0,1,0.118147959955711,0.0675035388480993,-1.23054662026689,0.129480246862819,-0.737949871881731,-0.427289079680209,1.27314948828157,-0.476284680036464,-0.118302590926051
0,0.174167886251321,0,0,1,0,0,1,1,1,0,1,0,0.594220392058631,-1.47714951406728,-0.107580701352988,0.104431973340826,-1.10328380369847,1.61346859465498,-0.722763972038355,-0.81694843129413,-0.32363051382865
0,1.37679638657348,0,0,1,0,0,0,0,1,0,0,0,-0.887486175877587,1.11269391339405,-0.200997500529774,-0.33355544907299,0.213121306759752,-0.56706631218085,0.218998938765104,1.175599117592,0.719270052092061
0,-1.2738262438824,1,1,0,1,1,0,1,0,0,1,1,-1.53863042171308,-0.9212691813056,0.558950021985377,1.04660570737074,-0.668140336669397,0.25923615915079,1.69230418655211,0.71230915806394,-1.34862618364765
1,-1.80125213451317,0,1,0,1,1,0,1,1,1,1,1,1.48235239474661,-0.58073833752721,0.200632971276014,-0.186718671537557,-1.1978906942037,-0.70067126002885,-0.145790828794569,1.81994153967433,-0.0236092392406766
1,0.340705527918833,0,0,0,1,1,1,1,0,0,0,1,-1.43224970180483,-0.101393788401139,-1.33907054406726,1.15396690903396,-1.3765305856024,-0.876809478782059,0.645229051691741,0.251457424212254,-1.63815382188186
1,-0.625492819339269,0,1,1,1,1,0,0,0,0,1,0,-0.34827067721256,1.71224115406537,0.792251716079388,-0.595251603538454,0.721334798344736,1.08200014526814,1.10955822703582,-0.881816514409601,-0.122798922368048
0,0.219780749031201,0,0,0,0,1,1,0,0,0,0,0,-0.597034188235164,-0.416006265694542,-0.113086302912139,-0.515318244416248,-0.42007592029944,-0.588009066543341,-0.692804814021907,0.508381843302769,-0.512481666550436
0,-0.705879217695293,1,0,0,1,0,1,1,0,1,1,0,1.60293636135897,1.53837189429216,1.96183298726664,-1.09644767025001,0.0764817195141725,-0.681715645630248,0.769498314723283,1.01589555656981,-0.635056820390267
1,0.12280300262518,1,1,1,0,0,0,0,0,0,0,0,0.519788028323935,-1.33554184053049,1.06252582622451,0.239202566211361,-0.993070710887667,1.85790688944755,-1.4269236312565,0.649275054554555,-0.0180481565161987
1,0.00743738325238597,0,1,0,0,1,0,0,1,0,1,0,0.314890126633006,0.584006493781858,-0.181595125364684,0.650156425159918,0.206506428995268,0.484050049532489,-1.48776740016626,1.25967858932246,0.0454613782059131
0,0.335845803114259,0,1,0,1,0,1,1,0,0,0,1,1.6074837769236,0.560678988341837,1.02232745443674,0.194239398550718,0.0224649063514472,1.05043608001343,0.0340241218514341,-1.99243138323855,-0.186631286288717
1,-0.660567048950585,1,1,1,1,0,0,0,1,1,0,0,0.101849684251206,1.40454100770819,0.153608156459421,-0.56137102915747,-0.318369177708751,0.0473808854475216,0.294474719008452,-1.81190735654857,-0.421196569289669
0,-0.157317725625769,0,1,1,1,0,0,0,0,0,1,1,-0.613304767821515,1.35077375931811,1.45657068876219,0.610506781514995,-1.57125924249944,0.947394193441804,2.32201651154541,-0.85747072076746,0.87679106853491
0,0.386360636406407,0,1,0,0,1,0,0,1,0,0,0,0.265102807320239,-0.811144373128068,1.1677040750365,1.22124536387643,-2.24710364785907,1.43056935575931,0.783113763072385,-1.99868477197449,-0.1380864390635
1,0.233731209533497,0,1,0,0,1,0,1,1,1,1,0,0.570178167423603,1.31811533632126,-0.273516955208776,1.05770511671291,-0.847377153796413,0.499565805017324,-0.893992836116346,-0.442734920900541,0.103964785161518
0,-0.271925601734499,1,0,0,0,1,1,0,0,0,0,0,0.238504844762918,0.560690478894334,0.18585247195071,0.854382503356892,0.635000816376216,-0.616596774015379,1.88099044906208,-0.387145033047988,0.545413624418483
1,-0.684230120210445,1,0,0,1,1,1,1,1,0,1,1,-0.248961599745241,0.132405062071632,-0.568053631179358,0.0251349569085077,1.9982244269584,-1.10342573476697,0.170696621422834,-0.353777634321525,-0.688047605021848
0,0.910048831277994,1,0,0,1,0,0,0,1,0,0,1,-1.32899490531513,-0.883453976480732,1.52944679195864,0.531297183381027,0.475027076878475,-1.69029371034004,0.922006746254644,-0.603963493254496,-0.22149201358704
0,0.721037021208077,1,1,0,1,1,1,1,1,0,0,0,1.05417917217427,1.50547349494575,-0.530034165906716,0.107834685934191,1.95495803827283,-0.802827991982991,0.548886908054465,0.629406289383704,0.946512213466601
1,0.568890401123404,1,1,1,0,1,0,0,1,1,0,0,-0.899814312403323,0.748464781247165,0.437137370061483,1.18221780261008,0.405196679527037,0.79742709862151,0.205223743169097,-0.283303468946836,-1.64744356816526
0,-1.2924643332168,0,0,1,1,1,1,1,0,0,0,0,-1.05277586334342,-0.138171587881414,0.254011523823607,-0.692391638321479,1.35700154047413,0.781614389853275,-0.130591563776693,0.868592453477897,1.25132940460194
0,-1.13114128601851,1,1,1,0,0,1,1,1,0,1,0,0.391142371897698,0.854457714749003,1.5781210963356,-2.37277992350686,-0.84165154811788,-0.404989677290714,-1.68958687115246,-0.365690279785179,1.28145109405024
1,0.0939070350702748,1,1,0,0,1,1,0,1,1,0,1,1.69644180379503,1.4802897299183,-0.00876652547033903,-0.809387995297579,-0.708555515852744,0.271234584493367,-0.77367829851136,-0.348469745918545,1.93275311539767
0,-0.0694050571715322,1,1,0,0,0,0,0,1,0,0,1,-0.115250467107939,-0.426695126902721,-1.15895058384822,0.652148048738486,0.00231605737221703,0.284654771458632,0.271765561842319,-0.813124818567287,1.46379223679792
0,0.743355952061437,0,1,1,0,1,0,1,1,0,1,0,-0.779282926334732,0.10482900050063,1.22078145453895,0.706751764254306,-1.51451300363051,1.28458644546028,-0.374524291594021,0.0644878584454464,0.817753497496808
0,0.567254043096787,1,1,0,0,0,0,1,1,1,0,1,1.03471452614304,-1.2183049807557,-0.55543976058305,0.571182965864846,-1.12536235682707,0.497954785231843,0.294084469944217,1.3749326145189,1.11426637173665
0,0.130900978080696,1,0,1,0,0,1,1,1,0,1,1,-0.49945651346742,-0.232533295987108,1.23248030817842,0.992125884080868,-0.931681209582754,1.00202178374513,1.20627419940596,-0.937494970185325,-1.86205723134223
0,0.0800102168343146,0,1,0,1,1,1,0,1,0,1,1,0.169139451492837,3.06447832741796,-0.366199704462765,1.03787805412534,-0.134641926275577,-1.22805766613087,1.10203779918927,-0.341216233375726,0.739344585841974
0,2.25736189033079,0,0,0,1,1,0,1,1,0,1,0,0.00311866124753686,0.479491424959854,1.48668586096854,2.115406531806,-1.59818073600863,-0.293701082292095,-0.028314792801486,-0.876345273702105,-0.455876655329623
1,2.15198486200147,0,0,1,0,1,0,1,0,1,0,0,0.204315563565659,-0.335077945518327,0.263245444054224,-0.306978504691949,0.280416196306054,-0.0298724637201413,0.698263728641915,0.0282970059577348,0.242553795073556
1,0.578392933053911,1,1,1,0,1,0,0,1,0,0,1,-0.303707589481098,2.03906857734362,-1.27771502183312,0.434411082491104,1.09598286199951,-0.975637564589686,1.63485065073135,-1.21399116432813,0.720628249450698
0,0.514874437041843,0,0,0,1,0,0,0,1,1,0,1,0.139132586082016,-0.111831222993753,-0.317016847457639,-0.60622042615402,-1.72729774673666,-0.620116406735237,-0.487159238125192,0.286116219028258,-1.15441669844593
1,-0.427961873289878,0,0,0,0,0,1,0,0,0,1,1,1.53450314998447,-0.0790098646719937,1.67393737201524,-1.6511910160317,0.583908096491741,-0.595409684122725,0.612162103096911,0.588029298344809,-0.174395655846113
1,-0.399278943661461,0,0,1,0,1,0,0,0,0,0,1,0.705539694419498,1.44854909100765,0.694559993090699,0.56082418811785,1.20283258246552,-1.0705440748662,-0.464409868205362,0.0935767818024587,-0.942125739576346
0,0.578689301315716,0,1,1,1,0,0,0,0,1,0,1,-0.179254458293591,1.75855861425115,1.09876490443809,1.17989170322686,-0.0408381702172842,0.396874097299237,0.591734419060815,0.975244917998432,-0.813142089315302
0,0.728172724215883,1,1,1,1,0,0,1,0,0,1,1,0.745559852621185,0.58652693568754,-1.98167918690134,1.11038975911948,0.646799288539662,-1.57216150073917,-0.661711625267028,0.265025731414031,-0.220498208776002
0,-0.121740977315511,1,1,0,0,1,0,1,0,0,1,1,-0.789853711782283,2.8858161667449,1.65369805457287,-0.150974561974251,0.279964799016638,0.301951713467218,0.733356245628777,-0.20518228320861,-1.39896085067191
0,1.53012772104153,1,0,0,1,1,0,0,0,0,0,1,-2.66239351438833,-0.127384456083174,-0.226818866928217,0.676815982724462,-0.459590795535349,0.564749284867141,0.488552919334215,-0.135563742969485,-0.58681160798452
1,0.774704334427728,0,0,1,1,0,0,0,0,0,1,1,-0.763777970998168,0.782020913239951,-0.316888897610667,-1.07664293476644,-0.7185547960855,2.41089920631166,0.342228808014797,0.103478664971242,-1.24879191301121
1,-0.280604059852736,0,0,0,0,0,0,1,0,1,1,0,-2.19249267050098,0.16289557573853,-0.457745850967424,1.27260238705962,-1.08718249045588,-0.557063893270961,-0.158212273379894,1.64968180193981,-0.320100706775646
1,-0.890669678725999,0,0,0,1,1,1,1,1,1,1,1,-0.564956158852288,0.196300693769602,0.69621964025262,0.81477368983823,0.450992722996564,1.80481545209227,0.830885723345701,-1.59578046252986,0.554253305283809
1,-0.939980709318761,1,1,1,1,0,0,1,0,0,1,1,-2.00104165658417,-1.27463907097401,-0.0442723724550563,-0.081748400628484,0.138234812008507,1.07114788139171,-1.224260087741,0.74488783721012,-1.31702347444534
0,-0.256750860648697,1,0,0,0,0,1,0,1,1,1,0,-1.49863872088413,-0.475258412934641,-0.476368930093363,-0.416019570050346,0.327978303874869,0.621860482440772,0.366099161886519,-0.480182720275542,-1.00589377432193
0,0.0435577114054551,1,1,1,1,1,0,1,1,1,0,0,-0.324704054896884,1.7338848110859,-0.943271951306033,-1.83047644749063,-1.73546639354167,0.484997890478417,-1.37560688575557,-1.49098984939737,-0.708591860660785
1,-0.556145248505973,0,1,1,1,0,0,1,0,0,1,1,0.077665584582203,-0.514416770243149,0.134564614975898,0.0418903286663937,0.241371430001109,2.2732122783355,0.297767844116276,-1.03784366109766,0.326260922404542
1,0.756650065838236,0,1,0,0,0,1,1,1,1,0,0,-0.493654101217495,0.547796592821775,-0.314076508845014,1.51299500121999,-0.457169323714662,-0.383366847337528,0.186321950631001,0.0380940097189895,0.25608549830044
0,0.33421869906773,1,0,1,0,0,0,0,0,1,0,0,-0.439232027989214,-0.548416814889246,0.0733207516037704,-1.32701945037824,1.85404050493462,-0.930495018641716,-0.663804550085255,1.44381976593786,-0.704090278599727
1,-1.45040448098064,1,1,1,0,0,1,1,0,1,1,1,-1.73584528100981,0.630621277921044,2.32748343687367,1.42176700980362,-0.563282880861873,-0.538549894628147,-0.22682353173786,1.72625523043055,-0.368319330571909
1,0.743929329773461,1,1,0,0,1,1,1,1,0,0,0,-1.17981969065993,-0.917904628372189,-0.928785963395843,-0.0271841936583889,0.343692803204103,1.50142154842922,0.994290303048438,-0.824626530499672,0.586979466626984
0,0.595508120732953,1,0,0,0,0,1,1,0,1,1,1,-0.378065270263226,-1.2880623455336,-0.0707053471867654,-1.38393100080897,1.36099084996481,-1.74449849342374,-0.236854019249779,-1.69909585226929,-0.668350509196467
1,0.442712403461035,0,0,0,0,0,0,1,1,0,1,1,0.195631974371043,1.54551701658082,-0.34373622647927,-0.441040557007173,-0.523801044667007,-0.226666755096181,1.28441375131631,0.021592985428853,0.212436391454293
0,-0.313871441951521,1,1,0,1,0,0,1,1,0,0,1,-0.00291017611891462,0.554002617731113,-0.503554259814536,2.14253011698041,-0.593964684084315,-0.532030671731242,1.33240111162577,-1.12058070171013,1.13837535608781
1,-2.25546804654499,0,0,1,0,0,0,0,0,1,1,0,1.0027109190753,1.95024350649202,0.534173548866012,1.77303369424729,1.69042933390967,-0.784213762617782,-0.641196861535057,-0.723111417869512,0.412375709970955
1,0.53762410271095,0,1,0,1,0,1,1,1,1,1,1,0.742512058763997,0.578245286413959,0.0393096636531106,-1.6413110126821,0.393379913756157,-1.16519333070212,-0.00925816056727659,-0.587466788797428,-2.06478180186509
1,-1.77118198822446,1,0,0,0,0,1,1,0,0,1,0,0.786570140390858,-1.08276257277237,-1.08102965201743,0.0960502122756434,-0.934154757966966,0.317174310632105,2.0675743429265,0.8310120916575,-0.270275533320525
0,0.993146397749229,1,0,0,0,0,1,1,1,0,1,1,-0.17365747892286,0.409833198842878,-1.01674923699429,-1.14320295613016,1.03664208814226,0.9545419510598,0.350400013847886,1.06712476706411,0.509632347049066
0,-1.80059619219879,1,0,1,1,0,1,0,0,0,0,0,0.248139398328505,-0.537900746487747,0.075025547646471,-0.822100146785613,-0.239928626633247,-2.22613123626247,0.530512011888106,1.30169591276537,-1.50596178483401
0,1.2497339559043,1,0,1,1,0,0,0,1,0,0,0,1.16906384819148,-0.177465698242217,-0.320206586584515,0.930889577304964,-0.389103820925418,-0.157560087918933,0.720527404335655,-0.284651065255294,2.24087892872984
0,-0.707794500872317,1,1,0,1,0,1,0,0,0,1,0,-0.878297644189159,0.215685659368495,1.00992511892666,-0.30367268586095,-0.0408365751221544,-0.279001470979973,-0.655330191095716,-0.495803460317597,0.576660441157176
0,-0.0359564012265216,0,1,1,0,1,0,1,1,0,1,0,-1.98630949085428,0.00172155859944523,-0.0265615469271975,-1.2156096918659,-0.217512638268679,1.81167633583249,-0.509369736795448,-0.84791304817621,0.387706868205965
0,0.572316977331624,0,1,1,1,1,0,1,0,0,0,0,1.30668235995554,1.22526674842667,0.222466551546173,0.0751033036662565,0.581864859801549,1.87436321972735,0.395795411559195,-0.893013140587623,-2.4542465700705
0,0.644757157664289,1,0,1,0,0,0,0,1,1,0,0,-0.0415295148757623,-1.79730066491095,-0.0483591752979004,-1.26865012676112,-0.359582792570427,0.00116102728850399,-0.853966846028152,0.438337850709833,-1.28339353641838
0,1.67534155984917,1,0,0,1,1,0,0,0,1,0,0,0.645119837539382,0.0353722834925148,1.41813180620628,1.16222943134202,-0.405574402859306,-0.293876617035658,-0.346204025445489,-1.40010492256197,0.182360668700921
1,-0.420919140976745,1,1,1,0,0,0,0,0,0,1,1,0.463521300293782,-0.10620025823521,-0.0870301354670401,-0.37123731360403,0.798046741215264,-0.309716586654655,-0.940568016514302,0.638473229332067,-1.06446557927669
0,0.773470233532448,1,0,1,0,0,1,1,1,1,1,0,0.237837671080996,0.408370536861532,0.877445301925178,0.986900654316594,0.718946086203609,0.930451045363644,-1.59575540198055,-0.639664515199273,1.52433333580697
1,0.5673746820715,0,0,0,1,0,1,1,1,0,0,0,0.103860337824108,-0.387666750394716,0.0118052774334972,-0.775997326512446,-0.584098177436002,0.301086167365573,2.37857072300764,0.845612387763014,0.00376254905831659
0,-1.29966072349475,0,1,1,0,1,1,0,1,0,1,0,-0.903266048992941,-0.129219438278044,0.398401886394753,0.305241141820624,1.32322934935416,0.270502643059079,0.192337694521424,-2.41567806333256,1.22443683193868
1,0.196184116893572,1,0,1,1,0,0,1,1,1,1,1,2.54136367785128,-1.98437066435677,0.153885409236068,1.30684419922819,-0.0747266458595949,-1.06626768944572,-0.650571595520005,2.4562666239752,0.621328226785705
0,1.61931557127097,1,0,1,0,1,1,1,0,0,0,0,-0.691658087754248,0.208536234570866,0.290481527566374,0.519639127966226,-0.661608482886772,0.683351967287132,0.291055157892179,0.412823109823712,0.568376036288532
0,-0.04790668093376,1,0,1,1,1,0,0,1,1,1,0,-0.86713441515377,-0.101454807261799,0.0341355921715541,-0.150884920697369,-0.274681109185907,-0.00307726677575785,0.612934074222564,-1.14284359120687,-1.22243976250408
1,-0.0345057733497025,1,0,0,0,1,1,0,0,0,1,1,-0.41439657964113,-1.7062137619594,1.15133082722735,-0.670797718563426,0.0823210615241358,0.331291108444077,1.2619439352065,1.14176331661231,-2.0497797538385
0,-0.242952934854371,0,0,0,0,1,0,0,1,0,0,0,-0.398719677212543,-0.134217377476542,0.978272138773505,0.0341016162719613,-0.619064779219948,1.6195931338529,-0.128619705145402,0.964985821232219,0.54439271757411
1,-0.87152981216437,1,0,0,0,0,1,0,1,0,1,0,-1.74020075187263,-0.243819236944618,0.884383898729795,1.58218659496979,-0.466312158157137,0.130121001248956,0.213944420754748,-0.724399075494863,-0.724580145132044
0,1.34026295768528,1,1,0,1,1,1,1,1,0,0,0,-0.105968238923094,-1.58223013839885,-0.730919039704291,1.35259727730793,0.936437598220305,0.452407280227147,1.31062445931073,1.95965224981385,-0.13537306575989
1,0.969771295674182,1,1,0,0,1,0,1,0,1,0,1,0.760938534862596,-0.0764491916561486,-0.410482761035335,-0.417595833139775,0.671138244808044,-0.216481927436451,1.4971204641881,-1.52616252927017,0.443673406248986
1,-0.177167060287251,1,0,0,1,1,1,0,0,1,1,0,-1.17047481065349,-0.484924901925688,1.44070765551628,1.24711555871006,1.12542494308501,1.27583885793783,-0.367047614496311,0.959283012576599,-1.05147859987526
0,-0.205632142194957,0,1,1,0,1,1,0,0,1,1,0,-2.80400138083068,-1.38252348744691,1.32518563866566,-0.447804058757568,0.942470877695159,-0.795690481034522,-0.907824220051182,-0.670524288132276,-1.1184089606302
0,-1.65193886705701,0,0,1,0,0,1,0,0,1,1,1,0.473209880205857,-0.641517938026766,-1.72541127087882,-1.13772565025822,-0.47770924840715,-0.196829814959804,-0.570964444799332,0.951045962765075,0.176648971595947
1,0.720233117102686,1,0,0,0,1,1,0,0,1,0,1,0.639183089602129,0.386132823906398,0.268518933420234,1.01600144704753,0.379575935961944,-0.206938411490452,-0.127482769116006,3.3445619715163,1.09713227452656
1,-1.05143225054171,0,0,0,0,0,1,0,0,1,0,0,0.589351785126666,-0.252802345565835,-0.733099227430869,-0.963791617687116,0.0380577585363853,-1.85641152303319,-1.61889715827885,-0.195378459168493,0.81025553184095
0,-0.385184681150449,1,1,1,0,0,0,0,1,0,1,1,0.412874268328098,-0.746743762703923,-0.579001436350396,0.619309679506898,1.10285337534233,-2.12577377762016,0.695028673486836,1.58776931524436,2.42299587448034
1,-0.438932593564472,0,1,1,1,1,0,1,1,0,0,0,0.71068321479438,0.583470189560684,0.138830259775548,0.839928166828686,0.190017328796024,0.290236461114477,-0.990781367709914,-0.680972182723517,0.940223421562192
0,-0.00434911032166441,0,1,1,1,0,0,1,1,1,0,0,0.944580662055999,0.618611696309246,0.0458401718292368,0.513662193367852,-0.170249654222047,2.02986745226055,0.0103286433127322,1.0567661641017,1.31455629537988
1,1.29232289567056,1,0,0,1,1,0,1,1,1,0,1,0.84259939905134,0.460352818480085,0.761559714333339,-0.434483140269505,-0.399960493901436,1.7753067722847,1.81169172069188,0.521883880215056,-2.18776414834555
1,-1.70281071857826,1,1,1,0,0,1,0,0,1,0,1,-1.15493805263928,-0.0332753690997448,1.06595674152334,-0.123619892906866,-0.177062630686495,0.545327962795644,-1.15452278693038,2.17282278780231,-0.599924879648898
1,0.3660761666741,0,1,1,1,0,0,1,0,0,1,0,-0.50724601496327,-2.52706992215611,-0.0436617786396587,0.372396363632992,-0.290520125838016,-1.54194599375982,0.210903623095461,-0.12854052222851,-0.195199087247147
0,-1.65636394238196,0,1,0,0,0,0,1,1,1,0,1,0.139543939990005,-0.899305532666497,-0.0480385097222402,-1.43945708702322,-0.63931337411909,0.59978551152413,0.941144454005279,-1.42893203584183,-0.0257364905081962
0,0.856244200548176,0,0,0,1,1,1,0,1,1,1,0,-0.99511662530725,-0.141242757789015,-1.02168164122797,0.449853549036637,1.29219839823365,2.37341405435611,-0.0943037559819933,-0.096344991555736,-0.81095918403623
1,0.165558349444788,1,1,0,0,0,0,0,0,1,0,1,-0.639343857567554,-1.1569233250791,0.88096229729829,-1.15154047242665,0.131407317356554,0.302994669883648,-0.592790453098125,0.298860255225021,-0.744583912513336
0,1.66244201002944,0,0,1,1,1,0,0,0,0,1,1,0.123476710803032,1.10260707830659,-0.438632428392975,-0.017345487017462,-0.694371165249679,-0.959835850308692,-0.533868021425131,-0.0994276993905455,-0.350957353201048
1,-0.178161731056688,1,0,1,1,0,0,1,0,0,1,0,1.93687727443001,-0.316699378655699,1.3107839450698,-0.05651229558328,0.0898151629661123,1.71749545337169,-1.0521917496118,0.973589402832634,-2.10989532727287
1,0.149654565761328,1,1,0,0,0,0,1,0,0,1,1,-1.27867872536296,1.33145191893611,-0.636048428331328,-1.18910034836769,0.681259487452201,1.97542502736488,-1.55174829905414,2.34884790687327,-0.385931978358261
1,0.141060876646427,0,0,0,0,0,0,1,1,1,1,1,-0.617389224918135,0.970195261181276,0.327581115016874,0.959990711157076,-1.84059797832517,2.32940920302597,-0.865284203014384,1.42013041937579,-0.763662594597817
0,1.02673585721745,1,0,1,0,1,0,1,1,1,0,1,-0.179432065641868,0.705710757543081,-0.0984437469911904,1.42289113436495,-0.264159317693342,0.0200359496104795,1.72367602730651,0.0599830985866135,-0.238062180958569
0,-0.558301889870342,0,0,0,1,0,1,1,0,1,0,1,0.191355292806887,-1.34962886620228,1.20955421832364,-0.567508386636599,0.818937753820188,-0.257893162710779,-1.02936130355478,-0.56818802895978,0.207267946347729
1,0.692424550486197,1,0,1,1,1,0,0,1,0,1,1,-0.27437113071836,-1.09561289677732,0.182985576462365,0.492668039072558,-0.224265910679358,-0.40064484839377,-1.97557005222285,-0.888865339885792,-1.22359755134996
1,-1.02114185852057,0,1,1,0,1,1,1,1,1,0,0,-0.191276750796187,0.55828276323035,-0.298335190772335,1.73781055843797,-2.50917832255162,0.0984589450876903,0.777647561367508,0.737212165159855,1.34800602113891
0,0.108691332304727,1,1,1,1,0,0,0,0,0,1,1,-1.54567756404916,0.34615208818427,0.118782291044607,-1.84233913106159,-0.788674194396424,0.166977783311093,-1.09577091533716,-0.13851933550287,0.349219686679037
0,-0.887480566300619,0,0,1,1,0,0,1,1,1,1,1,-1.07069575043614,0.39686732098858,-1.04660239173922,-0.812117808134706,0.556488723659536,0.459921532132432,0.127870630260018,-0.674349415040557,0.697081119689802
1,0.455468504033342,0,1,1,0,1,0,0,0,0,1,1,0.0658688757961146,1.97458572014748,-1.79242074882768,1.52427656235467,1.46200011961325,-0.955277886381751,0.375985241905307,-0.0184924869744174,0.708576392793769
1,0.274144931106473,0,1,0,0,1,0,1,0,1,0,1,-1.39757592914069,0.0741261183838453,0.237809714601726,0.828842294840803,0.911184123423999,-1.06391972972542,-0.562541766050678,1.56476981067848,-0.0519071004518301
0,-0.0179311828098206,1,0,1,0,1,1,1,1,1,1,1,-1.05684748328521,1.32039342833782,1.09187114854626,0.854005584663731,-1.13350815873646,-0.97645655858386,-1.13912844726156,0.167775738514321,0.00329164959626941
0,1.39703947418479,0,0,1,0,1,0,0,1,0,0,1,0.878485063125366,-2.05345851985399,0.962313177771541,-0.268983685970725,-0.444953331994359,0.248193134216935,0.106907769868104,-0.0244311511383486,1.21608020780482
0,-0.745006811992162,0,1,0,0,0,0,0,1,1,0,1,-0.791135898411422,-0.535237533645158,-0.24337330091297,1.36869908534607,-0.705737404672522,-0.688151430617626,-0.997964505769161,-0.981249049256008,-0.589031022631806
0,0.089041553516111,1,1,1,0,0,0,0,1,1,0,0,-0.812629601368754,1.51254147636702,0.640332768488507,0.184384181420256,-0.317995330192808,-0.0587267320756659,-0.693484641011767,0.316781947543747,0.543372300545688
1,0.760377504535032,1,0,0,0,0,0,0,1,0,0,1,0.435683791335999,-0.214265848469785,1.34858666576715,-0.619693975108262,-2.45027722743757,0.432121940428663,0.0638342561872115,1.04590345117204,-0.076588991262594
1,1.09390285345613,1,1,0,1,0,0,0,1,1,1,0,0.559405113513987,-1.14118558235102,-2.93025689813858,-0.237533372403785,1.75153570422424,-1.26639014282657,-0.0905322768801596,0.130179951549474,-0.29429020644897
1,0.847316127430158,1,0,1,1,1,1,0,1,0,1,1,-0.26154473709798,-0.60835535006246,-0.291732975306119,-0.01673179704586,1.21957131896397,-1.05728348347905,-0.507424444689572,-1.02141587222835,1.3655581543824
1,0.332845267769766,1,0,0,0,0,0,1,1,0,0,0,-0.0721606279071662,1.01532961160608,1.53516076550614,-0.522175785215402,0.999270954631821,-0.281700307471824,-1.47357631949917,-0.308777676269533,1.33714446494607
0,-0.205473265485129,1,1,0,1,0,1,0,0,1,1,0,2.73325007347864,-0.481297377177252,-1.13931255043959,-0.385466494571651,-0.416737336984436,-0.187545988678618,-1.91052506748887,-1.96008479996481,1.90634007201269
0,0.421514420778133,0,1,0,0,0,1,1,1,0,1,0,0.808670592276808,-1.92327925795542,-1.73855782272586,-1.35765722084952,-0.5501913162468,-2.32089033137332,0.284889393250064,-0.392150770746934,-0.51801399777015
1,0.543201964192395,0,0,0,1,0,1,1,1,1,0,0,1.56922673457388,0.100967224514467,-0.740916880081852,-0.838436515091166,-0.933551721191007,-1.83955784998902,-0.189248105946633,0.735460106878363,1.35008252580501
0,-0.0113431590360079,1,1,0,0,1,0,1,1,1,1,0,-2.15057396160327,-1.94022266907516,-2.04341311059711,-1.16051018060494,0.510530685321514,0.145179456821998,1.00018110002969,0.478684460645181,-0.216270504366807
1,-0.178388280896623,1,0,1,1,0,1,1,0,0,1,0,0.868162405979573,0.156853927517462,0.162563751795487,-2.81121003717648,-0.307676725265588,0.656120441184458,0.0960808517407378,-0.816909332798468,-0.546415721537941
0,-0.91285020430137,1,1,1,0,0,1,1,0,1,1,1,-0.783403895308414,0.52643449130113,-1.29666431201202,1.89886426438572,-0.0867391048636621,-0.182845226994011,-2.09004641293045,1.16645607503456,0.00949591977272954
1,-0.362312909414477,1,0,1,1,0,1,1,0,0,1,1,-0.935268046424238,-1.18894162448604,0.640201854818202,0.0954269744043845,-0.107747378800975,0.698066401964052,1.63587812005118,-1.33628999432573,0.322463895296087
1,-0.0213814701099146,1,0,0,1,1,0,0,0,0,1,0,0.990981730033317,-0.701226655743721,-1.38792810420691,0.554932164112166,-1.56769752168772,-1.62963324305292,-1.14847409514093,-1.08706421241679,-0.718024538140052
1,0.0979698184392538,0,0,1,0,0,0,1,1,1,1,1,0.295376786774185,-0.959340230454363,-0.8965279039437,0.829194321783695,1.1761605843607,0.265222958452461,0.0531216593560002,0.412276956319224,0.834566657576887
1,-0.230867493049984,1,1,0,0,1,1,0,0,1,0,0,1.11021093038161,-0.867195717339292,0.840153086755475,0.227892235949558,-0.0213732467903842,-0.739090195524032,2.77714349686539,-0.124117289578233,0.0664332430230921
0,-0.209621426807112,0,1,0,0,1,1,0,0,1,0,0,0.316959387025493,0.526231588179318,-0.481597609868751,0.57201340911692,-0.735750219627561,-0.724749694441373,-0.962508465368608,1.93925904801545,-0.890808386014087
1,0.763449222427098,1,0,0,1,1,1,1,1,1,1,1,-1.05264550531822,-1.18043747111664,-0.371056746774641,-0.224288057268287,-1.2387014099305,0.249699861666428,-1.37344230421303,-0.243131018449055,2.61348581311336
1,1.10863532647431,1,1,1,1,1,0,0,1,1,1,0,0.226041958836885,0.092965854323979,-0.466482912758872,0.080832745869327,0.483936727462218,-0.989120486861209,-0.297054081019063,0.992019988855262,-0.4802498522797
0,-2.39501174990789,0,1,0,0,0,1,1,1,1,1,1,-0.994965476295366,0.650694499338516,-0.471782159404267,0.608901209841321,0.773871555339157,-2.20962544649596,1.13996781542889,0.663423646949444,1.73900151134574
1,-0.39874824797993,0,1,1,1,1,1,1,0,1,0,0,-0.103085732262785,-0.252545764095073,-1.37376523191513,-0.386670212750729,0.559166535490844,0.692010836596604,-0.0856129960304572,1.63996919718127,0.836252221455867
0,0.0795535493208136,0,0,1,0,0,1,0,0,0,0,1,-0.967781989822983,0.779275259564173,-0.393873342484924,-1.1119328044844,-0.206030206955027,-0.343108525369946,-1.58052553487743,0.666001985978512,-1.57779248653112
0,0.373079907612557,0,1,0,1,1,0,1,1,0,0,0,0.109520869500642,0.970861633613132,0.84347226666303,0.471985975548274,2.05727990794842,-0.982512522386889,-0.400759542636131,-0.565444409626662,0.289814012580164
0,-0.348199554350744,1,1,1,0,0,1,1,1,1,1,0,-0.402972556948276,0.117659987859124,0.545237668198715,0.659783252100072,-1.11875641411778,-0.268988317142054,0.930660346690572,-0.592674816236209,1.29402152081483
0,0.448863101824368,0,1,1,0,1,0,1,1,1,1,0,-0.106945899498353,0.393382342937149,1.44972496966575,-0.574076099905293,1.91160965665686,2.72610415113632,0.52089875601621,2.59019943238074,0.643842236806144
0,0.106702074218945,1,1,1,1,0,0,0,1,0,1,1,0.655581059645059,0.0977424285297602,-1.78993050694393,1.25370255814341,1.17378675105396,2.01566057831719,-0.552093523536973,1.97773675228723,0.0704739069382987
1,0.839269058311903,0,1,1,1,1,0,0,1,0,0,0,1.13760834734377,-0.121156993976867,-1.37392402721246,-1.02531228694182,0.308848097285318,0.00373413056599062,1.43565537210927,0.244647170092668,-0.147471788359996
1,-0.895015824601478,0,1,0,1,1,1,0,1,0,0,1,1.53430188224283,0.479912060640703,1.08238842624693,-2.93400023356193,0.941082354624641,1.07887203732233,-0.482508719183053,0.478758368632103,1.80271757639582
1,1.29136500253957,0,1,0,0,1,0,0,1,0,1,0,0.0310426545398785,0.0433225059407793,-0.369434516386426,0.0457498048090497,1.09990520887807,1.0619376927883,-0.00140219236010136,0.714095799607415,-2.85128578386504
0,0.772654007310065,1,1,1,0,0,0,0,0,0,0,1,-0.169740294302006,0.177422389990158,-0.0359665736167794,0.872061125945459,0.800944113919149,-0.094836372482005,-0.387023730768752,-0.272859156598071,-1.14050975630304
1,0.52630770571906,1,0,1,0,0,1,0,0,0,1,1,0.0186121752960773,-0.58835326585279,0.289789602732516,1.01221851282247,0.88905185457045,-0.28502468747703,-0.874105830714776,0.984869511027895,0.284393801146815
1,0.696357910176793,0,1,1,1,1,1,0,1,0,0,0,-0.664138778272946,-0.112682170224252,0.816836535198148,-0.651923008596672,-0.466180077601608,-0.870909777055603,-0.551405522074602,0.850095492193737,0.962612728291831
1,0.0751556657898305,1,0,0,1,1,1,0,0,0,0,0,0.686457528327088,0.195584720393362,0.975794783903501,1.21732328928766,1.42511171192526,-1.28223608107739,-1.58300972232832,-1.42373946294821,-0.790310165771886
1,-0.607415594632835,1,1,1,1,1,0,1,0,0,0,0,-1.04915374063761,-1.48233477067299,0.946444359440749,0.569913171602049,-1.12096464219579,-0.26712319325282,-0.967710958075874,0.243737772976596,0.55947212891721
1,-1.75572339127274,0,1,0,1,1,0,0,0,1,1,0,0.635293561185599,-0.173587940784783,0.436671443217693,-0.604946590828674,1.20066384201622,2.05497008603449,1.17709601776474,2.42710207537567,-0.400216586986698
0,0.0683278504157967,0,1,0,1,1,1,1,1,1,1,1,-0.969835476691594,-0.107891193331284,0.366887457243842,1.87980892839171,0.16478282992319,1.49669673392665,-0.307892374916544,-1.11092507910696,0.673694025267771
1,-0.491209796211894,1,1,0,1,0,1,0,1,1,0,0,1.22121197914483,-0.367054340263624,-0.377003083248911,0.135730621310281,0.374085430749151,0.233808950798419,1.4717835866411,1.38325033366905,-0.114387104889241
1,0.800220808584162,0,0,0,0,1,1,1,0,1,0,1,-0.846719496596824,0.542801109740368,-1.43281160939167,0.146595020830833,-0.053946460917921,-0.823436798412096,0.676903758240769,0.00522411619507092,-0.718866006837993
0,-1.23514563016022,0,1,0,1,0,1,1,0,1,0,1,0.738131259927958,-0.375164542149724,1.02482723691321,1.62543305465012,-1.34372712110862,0.00281556845581632,-0.657714589168189,-0.188718189287823,0.69356634557518
0,0.31037144132437,0,1,1,0,1,1,0,0,0,0,1,0.509729426068605,0.097552252872881,-0.261524815862696,-0.0608893596202986,1.3223218424107,0.40062766276504,1.17934261790253,0.579387248080978,0.134981581732675
1,0.240917621091568,1,1,1,0,1,1,0,0,0,0,1,-0.259327517334826,0.175457678520619,-0.32118547717578,-0.710048919291164,-0.74524307926818,0.627990789583798,-0.279138610827842,-0.050781380758211,0.635105235083789
0,1.21606023888265,1,1,0,1,1,1,0,0,1,1,1,1.11709701988585,-0.63279121823882,-0.219382516092026,-1.32534138599047,0.256299137755706,-0.0226557275153246,0.859888535519068,0.953757125821587,-1.46109726021553
1,0.602479058576237,0,0,1,0,1,1,0,0,1,1,1,-0.810154545014755,0.352847082526071,-1.21657499985393,0.652612849663827,0.648394944707478,-1.56528618062201,-1.74378186525273,-0.381297097767185,1.14616497718973
1,0.177061916953014,0,0,1,0,1,1,0,1,0,0,1,-0.364017098199672,0.727173647649924,-0.830998263213702,-1.02485613255322,0.33161729677975,0.597901913611867,-0.0697372560632052,-0.373260507758554,0.801108448998447
1,0.703320287005075,1,0,0,0,1,1,0,0,0,0,0,1.03161871257879,-2.66568825095446,-2.15967553439963,-0.0128104463003922,-0.626244081560241,1.43511410097296,-0.117590372336756,-1.35096961067906,-1.43533414338535
0,1.68802799932656,1,0,0,0,0,0,1,0,1,1,0,0.211954901063955,0.57633711647337,1.06228596929096,-0.383679056626029,-0.268777305332708,0.0971018674588543,-0.370129768512045,-2.69652206126153,0.137960350052653
0,-0.659934035202634,1,0,1,0,0,0,0,0,1,1,1,0.673276086574542,1.14141085971916,-0.940048203198438,-0.18956715298035,-0.457847922704729,0.0257850477932139,-0.80683837935726,1.01858884932495,0.938875522428476
1,1.27490007115741,1,1,1,1,1,0,0,1,0,1,1,0.904812421048694,-0.60191748321024,-1.2466127930651,0.466003728026329,-0.342721019563652,-0.691838993619633,1.75702502633731,-0.239351572509396,-0.206162194556729
0,-0.437063167729798,1,1,0,0,1,0,0,1,1,0,0,0.344920209913036,-1.12813209311226,-0.21516310433368,0.483994558270887,1.37598693950702,0.359639151450485,1.02367851441134,0.0929374012888041,-0.951131898678313
1,0.956371475807618,1,1,1,0,0,1,0,1,0,0,0,-0.9875663487302,-1.298444682567,0.599780273548633,3.57271641336543,-1.34977771397702,-0.420761986286302,0.579414105950491,-1.23923488239896,-0.0321390851606499
0,0.967211985276474,0,1,1,0,0,0,0,1,1,0,1,0.458990206811548,1.59788071762401,-0.706696405160451,0.864489595364462,-0.199460128312566,-1.03968517858892,1.06873028114146,-1.13040777729682,1.39217150145044
0,1.34137391471531,0,1,1,0,1,1,1,1,1,1,0,-0.293444238071215,0.528875382100208,-1.4837429624998,0.873271663110063,-1.30073641078217,-0.421172887566697,-0.358174319553568,-0.548172288969511,-0.550383401481648
0,-2.70260514531544,1,0,1,1,0,0,1,0,0,0,1,0.390237393399654,0.0113853473928001,-0.126480387127694,-0.343787658916836,1.77917190336528,-0.394597030624192,-0.529967345370832,-0.65588108738764,-1.56798651086177
0,0.467801813813022,0,0,0,0,0,1,1,0,1,1,1,0.926966778771587,2.07987487406576,-1.94318895389621,-1.41895392799885,0.531291366028652,0.564219517125792,-1.09447679007346,0.138809567782199,0.948298772014065
1,-0.101104082938242,1,0,0,0,0,0,0,0,1,1,1,-0.193166651225006,-0.572093909717494,-0.717801117048166,-1.17870167134059,0.241229664013228,-1.1627724487384,0.539690425806177,0.0394551300815885,1.69298153102884
0,1.22263268556921,0,0,1,1,1,0,0,0,1,1,0,-1.58177865731731,0.0438206302362832,-0.131920736479615,-0.0643715982412673,-1.33801345141075,0.668988209712154,-0.874594227086563,0.254300185663636,1.75974452176153
0,0.197715443137988,0,0,1,0,1,0,1,0,1,1,0,-0.431781690674241,0.733514699330442,0.982388550965521,0.569846032805003,-0.0078346842770817,-0.873241601246703,-0.00770734698319146,0.027551530590994,-0.176766891080267
0,-0.712223008142538,1,0,1,1,0,1,1,0,0,1,1,0.468599683101813,-0.66877461480153,-0.143656322572454,2.1320126478415,-0.501511610190358,-1.43198233014289,0.179162595848449,1.28626421461977,0.482940064210875
0,0.666141639640012,0,0,0,1,0,0,1,1,0,0,1,2.13678585923863,0.20241024140284,0.387492935234817,-0.228086996105811,1.0939902191733,1.40165229258318,1.48025647908108,1.21432400610484,-0.336187154578701
0,-0.454042289600633,1,0,0,1,1,0,1,0,1,1,1,-1.61598337296035,0.295178994500863,-0.408608091861756,-0.500777911549083,-1.3433695591855,-0.589348889452011,-0.48262884255505,0.713157674992569,1.42430206750039
0,-0.647284807479799,0,1,0,1,1,1,1,1,1,0,0,-0.673090384964031,0.153469970094353,-1.67568867878627,-1.0722799053014,1.18059524404124,-0.85247482349751,0.00970700292581246,0.165333497503057,0.0986139915772538
1,1.34428891512588,0,1,0,1,0,1,0,1,1,1,1,-0.585759738344282,-0.914816777361803,-2.07271935675823,1.1433182949989,0.218554188976934,0.551874587384083,2.72773922962449,-0.154706868330032,1.03605037357349
0,-0.202038748873002,0,1,0,0,1,0,1,0,0,1,1,-0.90354312955984,1.2212338478604,-1.3929676768539,1.19886767939402,-1.73067230850288,0.127325545532364,1.33451672388294,0.252339717465862,-1.26011684100247
1,-0.747423965417321,1,1,1,0,0,0,1,1,1,1,1,0.731699479935417,-0.84231095611792,-0.729961371335053,1.690533922245,0.968945771073816,0.562074468309228,-0.0193359876700535,0.396819805299166,-0.858527968795973
1,0.934939765920728,1,1,0,1,1,1,0,1,0,1,1,1.10671368418275,-1.47055487221914,0.180764526886063,-0.0849353506250579,0.934023414729767,0.928436357565463,-0.164474213807949,-0.145171984791754,-0.28038179221698
0,0.541719500396565,1,1,0,0,1,1,1,1,0,1,1,-1.59887909462556,0.873020947496257,-0.256741494315476,2.21334490763532,-0.600075399885068,-0.591863404990418,-1.39013445249049,-0.317594190162524,-2.21676313459542
0,0.407716319654953,0,1,1,1,0,1,0,1,1,0,1,-1.26188424001795,-0.104824340702626,-0.17484252631903,1.18030137487215,-1.00118887748466,-1.19795041320443,-0.14682729409465,0.131284844939662,-0.926337905111198
1,-0.337991042361746,0,0,0,0,0,1,1,1,1,1,0,0.886305911900457,-1.12475900362302,0.974940545430657,0.434295106260483,-0.894725906267175,-0.696687882143457,-0.536932590598279,-0.380530271991398,0.898003921180589
1,1.45300106107508,1,1,1,1,0,1,0,0,1,0,0,0.744558787568128,1.04977515925712,0.905910553203767,-1.07363110619713,-1.52668983094282,0.265928503582339,-0.66016439875296,1.96153866569436,-0.792611353263653
1,-0.103847109547133,1,0,1,0,1,0,0,0,0,0,0,-0.103465716143001,1.35518215929156,0.0174604264873776,-0.389752283007877,-0.749696993252793,-0.721206572477304,0.217403506115596,0.442902160209532,-0.703122949981874
0,0.429288204907962,1,1,0,0,1,0,0,1,1,0,1,1.34885767992241,-0.179431396598102,0.729354523404325,-2.03198952388019,0.411868986219511,-0.0894093100054749,0.0372580558435082,2.31074039097771,-0.749125272118793
0,-1.00879688396978,1,0,1,1,1,1,0,1,0,1,1,0.352996101144573,1.41335379511606,0.916205365828037,-0.015855225559869,1.22044539973294,-2.95347929214173,-1.87715927609898,-3.17937590766816,0.87372322913207
1,-0.186759786873131,0,1,0,1,0,0,1,0,1,1,0,1.25356656178413,-2.3767701686235,1.1535106988999,-1.02372755888455,-0.67893800609179,0.393598601890629,1.08855918927418,-0.544596849543692,-2.22775017361201
1,-2.10650205943287,1,0,1,1,1,1,1,0,0,1,1,0.4493613751641,1.11497821206736,-0.00602682727314439,0.0220817043322148,-0.591973652873666,-0.421633766345971,0.0671234585106903,0.453006470280408,0.314147497826174
0,0.0961893498018717,1,1,1,0,0,0,1,0,1,0,1,-0.481443658284485,0.753699775999517,0.546335525863379,0.561781784426177,-1.2771228939856,1.61073971499289,0.81673237105639,-1.63169021329086,-2.76783512141384
0,-0.0760314831521337,1,1,0,1,1,1,1,0,1,0,1,1.42391506748276,2.24006551340691,-0.477653436611407,-0.282449862906427,-0.282435362482113,1.25346860754489,0.371047041854298,-0.666313110015353,-1.13675320589746
1,-0.610097115974922,1,0,0,1,0,1,1,1,1,1,1,0.08295906723516,0.33943608849038,-0.742604536349629,2.46001622798974,1.41241486524659,1.73906134835788,-0.859048559747438,-1.03526694065006,-0.795587633556553
0,1.04324106315894,0,0,1,0,1,1,1,0,1,0,1,-0.919762330158148,-0.768306531367668,0.652901676258071,0.592659747550949,-0.479864871440831,0.142400735664228,0.206693726591671,0.703716731437316,-0.304309440633408
1,1.28185635547946,0,0,1,0,1,0,1,0,1,0,1,1.79632597613898,0.513670086857391,-0.472390192426179,0.313638417156237,0.271844580971068,-1.27548267689024,-0.461633968273139,-1.4249258520219,2.50337472196763
0,-0.581237131383298,1,1,1,1,0,0,0,0,1,1,0,2.05353774743014,1.22808981334099,-0.734555472167052,-0.871732497779938,0.209786437974242,0.00377806232430602,1.55752202988495,-0.867324871226264,-0.156474544364081
0,2.36648604663898,1,0,0,0,1,0,1,0,1,0,1,1.04431746395453,0.904860045804563,0.367129468571974,2.05450509971079,0.658831525942664,0.703468571351357,0.730522991428207,0.0135905261158864,-0.443282220311159
1,0.142337231719061,1,0,0,0,1,0,1,1,0,1,1,-0.22890877820597,0.798759474940267,0.437722156477031,-1.56879684232615,-1.56968915373154,3.22336536088955,0.682291655431913,-0.0343941651908269,-0.18357072414031
1,0.454701345679912,0,0,0,0,1,1,0,0,1,0,1,0.0419802891086825,-1.3215692575664,-0.180597275423275,-0.565731338968142,-0.725612309839769,-0.0639048527536442,-1.73538651065508,0.245704972431358,0.74736906002828
0,1.953700664989,1,1,0,0,0,0,0,1,0,0,1,-0.288272802366179,-0.872824718298447,-0.505262469036804,0.949396892176605,-1.05972564103046,-1.54979202131215,0.406789096918666,-0.833753065121172,0.894948254506201
0,-1.37268611515665,1,0,1,1,0,1,1,0,1,1,0,-0.724334762825112,-1.31420635040449,-1.08698250219281,0.840803340063347,-0.961054282982833,-1.52621311734544,0.605221041782243,-0.866310623510468,0.168763150054907
1,0.657503214268639,1,0,0,1,0,1,0,0,0,0,0,-0.00200947067365438,0.976637175580601,-0.0564269580864609,-0.401187951117729,-0.835214407547426,0.207463834190856,-1.7498642281595,1.27868236072775,1.61066274529297
0,-1.09252458288958,0,0,1,1,1,0,1,0,0,0,1,-0.29124484504825,-0.350895567181821,1.43334857536263,0.661242518809223,-1.13293583649389,-0.224237739777773,-0.414855739007747,-1.47281174270573,-0.707926218617444
1,-0.274516537173891,0,0,1,0,1,0,1,0,0,1,0,-1.79026373199327,-1.49071174421956,0.222154608514495,-0.329358091783375,-0.0617219464764975,1.33046389474263,0.186032051541678,0.646082108577587,0.0306535809735024
1,-0.033345197490929,0,1,1,0,1,1,0,0,1,0,1,2.43059241786189,-0.249818069503266,-1.17449428050467,0.194032907753575,-0.748012414314443,-0.377527405970797,1.28471453188122,0.689488044680456,1.23717211275215
1,-0.666137397985901,0,0,1,1,1,0,0,1,0,0,1,0.810193889352972,0.304630185112884,-1.20009869074587,-0.777920347169074,-0.836407284332169,-1.7209210464969,0.996982265345525,0.936471790867719,0.530250521759245
0,-0.177940092669142,1,1,0,0,0,1,0,0,1,0,0,-3.16468531182116,-0.260026862010775,0.651183716219004,0.278811444137075,-1.25122180023414,-0.938271494890982,1.38953907713391,-0.682873239375878,-1.45513876897069
0,2.70832557317021,0,0,1,1,1,0,0,0,1,1,0,0.274324792693459,0.551798268081932,-0.369096577420853,1.24903868034587,-1.1527553558641,0.814165064261461,0.647333411951382,-0.309775589171579,0.0890308041022639
1,-0.0936548005734181,0,0,0,0,0,1,0,1,0,0,0,1.05485352144148,-0.29576865507129,-0.553891605397816,-1.59672600012612,-0.888268175498538,-1.60462911186176,-0.322076495860683,0.161112887696926,-1.16135604822061
0,-0.0958579272563911,0,0,1,1,1,1,0,0,0,0,1,-0.373868971282401,-0.420710889897285,-0.457902124261206,1.88208575767063,0.129439657489088,0.611231153845986,-2.01822866277771,-0.766652600841859,-0.230605830286222
1,0.0515447895248687,0,0,0,1,1,0,0,1,1,1,0,-1.7119229647805,-1.26430562126817,0.0874086525290834,-0.134293870352218,0.0573934758404406,-0.366377405353863,0.472255058323946,0.796788261423092,-0.0941791465490786
1,-0.53670930748834,0,0,1,1,1,1,1,1,1,1,1,-0.212400115850226,-1.87151289298442,1.33686524538873,-0.867781400269209,-0.795532989858039,-0.495799897464233,-0.917303350839197,-2.66405145240193,0.892438011090276
0,-1.61881205616195,0,0,0,0,0,0,1,1,0,0,1,1.26178867120704,0.201906757770261,-1.34960440583089,0.569595220932981,-0.797403297729631,0.956068020016052,-0.749191509216932,0.942652963682789,-0.373793506580499
1,-0.35727889890137,0,0,0,1,0,1,0,0,0,1,0,-0.744899862363033,-0.422794143568284,0.465984939555899,-0.46744500038367,0.237797778043621,-0.333680942376789,0.23455566825176,-1.83233511927795,-0.512187638073207
0,0.680573789726395,1,1,1,1,1,0,1,1,1,0,0,1.73569902698182,-0.780091624054459,-0.857710013255257,-1.90847379235762,1.06263161913464,0.198183322605469,0.385005731729359,-1.58665903293344,-0.27722369392735
0,-0.9871265164826,1,1,0,0,0,0,0,0,0,1,0,0.116326229446435,-0.301085995859329,0.00218033060790683,0.177099138604212,2.15750958237077,0.349297737880419,1.30237029947849,0.0830205930862563,-0.281522157018741
1,-0.967079736952161,1,1,0,0,1,0,0,0,0,0,1,-0.515911848913484,0.263859440279687,2.03898433632265,-0.546527280967429,1.49460341723821,-0.937934105273404,-0.386576437735209,-0.142234408563614,-0.480434375418856
1,-1.64922869308883,0,1,1,0,1,1,1,0,1,1,1,-0.813386392000704,-0.640915357861029,0.537006709710044,0.283708623394976,0.0378561571609552,1.16094783066995,0.102349043370383,-0.811707780758799,-0.738640017412108
1,-0.33139614558973,1,1,0,0,1,1,1,1,0,0,1,-0.351823827250467,0.470658264862056,-0.637281574258605,1.43673799090023,0.852372734630412,-0.105832761216786,0.491408968708709,-0.963655345787995,-0.915582467486698
1,-0.192736400413766,1,0,1,1,0,0,1,0,1,1,1,1.62101189221935,0.31598414112643,-0.796526531319081,0.266753860202231,-1.98310932863484,1.25629677769936,-0.346965593172641,0.243469372625452,0.843432118006761
1,0.743721042412429,1,0,1,1,1,0,1,0,0,1,0,-0.57665103945913,0.176346719993729,1.39488037737268,0.273783517647692,-0.101142924929217,-0.00133810229693825,0.498572290898266,0.204670417039263,0.172638438258485
1,-0.0938534195386463,1,1,1,1,0,1,1,0,0,0,0,1.81153621361174,1.99269786483234,-0.306784536001224,-0.0100512022905005,0.597055369274455,0.200587703300243,0.255972424493947,-1.09193529685449,-1.25369953692662
0,-1.07108249239093,1,1,1,0,0,1,0,0,0,0,0,-0.258029601834613,1.21731358483968,1.18049728784674,0.248484583864488,-0.140281454476583,0.431743888951581,-0.558244977501242,2.03600000332226,0.70613598067508
0,-0.902647095411247,1,0,0,1,0,1,0,1,1,1,1,0.181659032577032,0.0867268268773461,0.0671050932235129,0.336238773632277,1.83498561901207,-0.00939496419294828,-2.20834643118174,-0.118873829438528,-1.09512816930495
1,-0.4925846984568,1,0,0,1,1,0,0,1,0,0,1,0.626271151638454,-0.470211585025879,-0.385575808407945,-0.46695782683586,-0.554290544700229,-1.08674752169209,-2.25422374178555,0.489299521941688,1.16254638835543
1,-0.801915661889919,1,0,1,0,1,1,0,0,1,0,0,0.127647453473467,-1.44588488654966,-1.31007433089554,-0.0676701921466195,0.309396419030348,-0.574387097622054,-1.47624713308354,0.00647878919489575,0.426736448617325
0,-0.589165608396982,1,1,0,1,0,1,1,1,0,0,1,0.847075859051122,3.7120818254008,0.218715690944382,-0.30313172724976,-1.44224787497321,-1.75052523806763,-0.0907390758797522,0.264270376777402,0.178944237462872
0,-1.24539168971429,1,1,0,0,0,0,1,1,1,0,0,-0.639760478773595,0.863954355737826,-0.296352341245817,1.23373964428515,0.370532179377581,-0.166828302130976,-0.287561141152786,1.59901997740237,-1.19685590700125
0,-1.41256210712136,0,1,1,1,0,1,0,1,1,1,0,0.0510206736405642,0.161271990562034,-2.55791215313817,-0.702095357924489,0.773849051054177,-2.91271905948687,-1.03233754651401,0.467392299572951,-1.58763850868336
0,1.59674181273358,1,0,1,1,0,0,0,0,1,0,0,-1.32318104458173,0.320565694023624,0.58657185724203,-0.976183679660116,-0.948548886274452,-0.634941286222408,-1.09522985507379,0.247810289048171,-0.112125958698583
1,0.235645776142157,1,1,0,1,0,1,0,1,0,1,0,-0.823734499147457,-0.130738241101608,-1.61372339461653,0.929823854849486,-0.416827025780687,-1.23622535336725,-0.982864616743702,-0.0238101076436985,-0.844534585987293
1,-1.35965853766286,1,1,1,0,0,1,1,1,0,1,1,1.59453592514498,-0.612503817549171,-0.864777646258405,-0.780975311215732,-0.549116728803891,0.517626884633686,-0.406831286022553,1.22183534362577,0.445640452614411
0,1.1259567453266,0,0,0,0,1,1,1,0,1,0,1,1.13573816093073,-0.0356076711494782,-0.532858518138504,0.204479252000436,-1.60567196470242,-1.35807920855142,-2.53093512499525,-0.677928890414535,-1.93817473534377
1,0.835482084708719,1,1,1,0,0,1,1,1,1,0,1,-0.432352632871339,1.66862660359129,-0.249478441199555,0.768126853590389,-1.18663075790446,2.61840198388529,0.344789572349262,1.22640697793209,0.764124128712178
1,0.327786610653101,1,1,1,0,0,1,1,0,0,1,1,1.39236512781303,2.92736152635214,-0.293246486368966,0.866673542844508,1.70368028004763,0.141981848702857,0.500151199822024,0.348331831022223,0.213463701412998
0,-0.402702396965191,0,0,0,1,0,0,0,1,0,0,1,0.158315207182193,-1.54526169930939,-0.506841576862322,0.29056625963861,-1.10515670777442,0.727854660115727,-0.320279040061513,0.505187179315277,0.306623635745378
1,-1.09787576691274,0,0,1,0,0,1,0,1,1,0,0,1.60590110768814,-0.129928483881564,-0.40235558860354,0.210221398652371,0.511464857985324,-0.0482543068823305,0.171682615825258,1.19130599004888,1.33758731656171
1,0.347326609006533,0,0,1,0,0,1,0,1,1,0,1,-0.436961783775591,-1.62232093944717,-0.565387849116203,0.970517109396144,1.0629163042582,-0.505868143067767,0.278344825663869,-0.0332157732163374,0.630447756017235
1,1.28301988219268,1,0,1,0,1,0,0,0,1,0,1,0.0768111721793373,-2.62208880590547,0.58095902909022,-1.66763805206672,-0.96513412628097,0.0845815032111764,-2.14919728139867,0.166272212724598,-0.297104904155735
0,1.51670630654702,0,0,1,0,1,1,1,1,0,1,0,-0.898207608190608,0.0413034621221074,-0.590903642370964,-0.147316022238236,2.00196477224413,-0.737411983061164,1.13019752688938,0.215129886126525,0.280440169836512
1,1.71340014651553,0,0,0,1,1,0,1,0,1,0,1,-0.673864268987462,-1.39316452466936,-0.357308731952789,-0.802751797137855,0.137137568012338,0.0805418356247734,0.759089537189221,-0.601324647597011,0.646686344051455
1,0.651488482621337,0,0,1,0,0,0,1,1,1,1,1,1.01862322248512,-0.907874697807921,-1.40118590000938,-0.927308187365348,0.240050381603227,0.651485800280809,-1.26456292214249,0.33996104318355,0.621575017735122
0,-1.31153340643397,1,0,0,1,0,1,0,1,1,0,0,0.704422146983298,-0.66703030462555,0.51437204993423,-0.213469242432317,-1.06052679128348,-1.02906814504146,-1.17178211029892,-0.813004322792106,-0.139232437291741
0,0.337472991631606,0,1,1,1,1,0,0,0,1,0,0,-0.524750388012977,-0.68236071592487,0.309789775392877,-1.1184105111847,-2.39382851332661,0.222807059732071,-1.0852779028328,0.329871020977539,-0.336407024554361
1,-0.716335072903911,0,0,1,1,0,1,1,0,0,0,0,-0.282518910252376,0.29164556970715,1.12759620149719,0.349938460353148,0.0391781243817479,-0.808411394616732,1.43043133947654,0.624093894034499,1.00647271473015
1,-0.360031226691379,0,0,0,0,0,0,0,1,0,1,1,0.957556404160537,-0.889560155459095,0.532343540808939,-1.039819483339,-0.000155399515037338,-0.719529044535213,-0.0221583092658501,1.47918125070306,2.87946901153038
0,-0.406024781358455,0,0,1,1,1,1,0,0,1,1,1,-0.81724241815621,0.119027305585758,-0.632508341173389,-0.00795115859049631,-0.0286833356331791,0.297494401209285,1.45129460133951,0.30711166076313,0.281571589360757
1,-0.7580213513036,1,1,0,0,0,0,0,1,0,1,1,-0.292859706573969,-0.239340728764619,-0.138586820104121,-0.104760292207412,-0.723952548349739,-0.601601694292344,-0.158770773040214,-0.0709858918620953,-0.0319648799499986
0,-0.371311557839152,0,1,1,0,0,1,0,1,0,1,1,0.703465214020027,-0.934253760473129,1.44915965819039,-0.935370219502105,-0.395992457140786,-0.688527119165223,-1.19260744540692,-0.346599406926004,1.29351187480968
0,0.64628891608006,0,0,0,0,0,1,0,1,0,0,1,0.652555790766122,1.23804663103184,-1.01837683038803,-0.608983349258121,0.382726375593134,0.88928705834036,1.31762436208186,-2.66653441945826,-0.645685164888238
1,2.34091155125828,1,1,0,1,0,1,0,1,0,1,1,1.26258651025249,0.39737256082721,-0.445622883481546,-2.01438854750755,0.635553525077989,-0.507182535292572,0.324347970187071,-0.729285099413446,-0.354245430657103
0,0.969953445949436,0,1,1,0,1,1,1,1,1,0,0,0.134548989375627,-0.86557570937447,-0.695010497535936,-1.13895069652087,0.553459134613999,-1.23536274483283,0.746262934395263,-0.0351005685519248,0.868741691774214
0,-0.466874998950781,1,0,0,0,0,1,0,1,1,0,0,0.970379298484366,-1.00432744584478,0.548941284915037,0.795045220662755,0.714032706090404,-1.84562285787639,1.08235694957511,-0.668494767273531,-0.339785239879777
1,-0.320539447410966,1,1,0,0,0,0,1,0,0,0,1,0.814501091623587,-1.03089095674083,0.362599397739068,-2.85328419935658,0.984091258433927,-0.64321256045964,0.0731054805872744,-0.41795585285361,0.555155112195614
1,0.198044189678992,1,1,0,1,1,1,0,0,0,0,1,-2.49358713704845,0.708264281423481,-1.30295910738484,-1.02303874361634,0.801226711109197,1.13741513893264,-0.257667762414853,-0.163350613329071,-1.38682171607495
1,1.11490942606676,0,0,1,1,0,1,1,0,1,0,1,-1.37080175374066,1.03283003939195,-0.63379904302113,-2.02748919558463,1.31135523212038,-0.278643384803307,0.529451873932739,0.935119343450771,0.250639196725446
1,-1.73921839828634,1,0,1,1,1,0,1,1,1,1,1,-1.09054804822978,1.2672960512754,1.41322731735778,-0.312278763467788,-1.13091946646886,1.4574724295162,-1.10606238739269,0.076726729178704,0.0635259753235623
1,0.946215449512336,0,0,0,1,0,0,1,1,1,0,1,0.981269658757917,0.475458866602368,-0.246254631714944,-0.759684510090109,0.5302058850864,0.314554064599871,-0.328698890476617,-1.41453164392635,0.17961648171194
1,-0.685915868411514,1,1,1,1,0,0,1,0,1,0,0,1.16324141764117,-1.76697462757505,-1.37809407709372,0.477523273853043,-0.363271941432484,1.04174186704017,-1.59835648328473,0.11983573257535,-1.38145170376994
0,-0.0379644031927693,0,0,1,1,1,0,1,0,0,0,0,-0.034537886749216,1.19579861171734,-0.264526183099021,1.58562224327429,0.191682490572186,-0.966546263691897,0.923071908691293,-0.475511729521885,0.682078101703997
0,1.24834140296864,1,0,1,0,0,0,1,1,1,1,0,0.537134498368605,-1.1274414973652,0.117293173322725,1.83021660613291,-0.759935758537502,0.00941763456888899,0.914739358826916,0.0656083061145576,-1.71750622809845
0,-1.00478545031191,1,0,0,1,1,0,0,0,0,1,0,-0.852305887885749,0.286476960258838,-0.315305107726127,-0.669499830941441,0.883610614042816,0.945248279766015,0.202711515364052,0.711826498396169,-0.794061859178394
0,-0.298693414117387,1,1,0,1,0,0,1,1,0,0,0,-1.05279155544281,0.800652262649395,-2.31707212082563,0.661798627870854,0.696424738890346,-1.67215440966345,-0.174472246329632,-0.258673942810965,-0.825858202466845
0,0.744619788048724,1,1,1,0,1,1,1,0,0,0,0,1.57850058022665,-0.0426381628605022,-0.063688086279754,-2.29089565926404,0.386501904952421,-1.46926557865055,-0.687135602326375,-0.827278728303147,-0.22226199546259
1,0.578526342896824,1,0,0,0,0,1,0,1,0,1,0,-0.202166174023158,0.638969198171013,-0.163850631301571,0.0783357777588784,2.19469765885013,-0.101458999367406,1.81474440413894,-0.704143219407406,0.669978295414067
0,-0.0547266275101433,0,1,0,0,1,1,0,1,1,0,1,0.192331328631944,-0.776753817062977,0.713336228792345,0.18412002090866,0.332946620536036,-0.793621425031152,1.25614145978632,-1.6794858589339,0.967548083154503
1,-0.650161769364523,1,1,0,0,1,0,1,0,0,1,1,1.7737995224479,1.25338699186783,-0.387123769774301,-1.03200736647656,-0.358493234629484,-0.608427244009148,-0.545304168842955,0.0864264845284073,-0.654098187214965
1,-0.558405327484799,1,1,1,0,1,0,1,1,1,0,1,-0.580199860958883,-2.08702565818772,-1.40862794326585,-1.41495997394541,0.497943198382646,-1.12070340129383,-0.194560669816781,-1.85477999377426,-1.65433269386198
0,-0.106199345810801,0,0,0,1,1,0,1,1,0,0,1,2.22810245008874,-1.73481231713424,0.43036593332442,-0.991875207461694,-0.949289841950396,0.76562376620028,-1.23218668614719,-0.27516156536995,2.12040185879094
1,0.236568421904331,0,0,1,1,0,1,1,1,0,0,0,-1.48443449962538,0.068822895978158,-1.68059049015995,1.90911948344102,-1.35629567219503,1.35666744369643,-0.62121882804001,0.21848818812662,-0.867392064883339
0,-0.362374382741809,1,1,0,0,0,0,0,0,0,0,0,2.29022703322951,0.506232569497877,0.0269481910633019,-0.240367884542838,-2.72408761195703,1.51773140136051,0.667419346751507,-0.272733878211721,1.27257622552144
0,0.4015882516899,0,1,1,0,0,0,1,0,1,0,1,-0.50144579660101,-0.390174302891328,-0.0335289029776411,1.20322271664991,2.73271411134538,0.239421278613997,0.582079147436675,-0.736038710271554,-1.59708071155697
0,-0.736537975383424,1,1,1,1,1,0,0,1,1,1,0,-0.910905764026687,-0.847674422014348,1.08716789042486,-0.677672742441176,1.01448549505016,0.168093848401355,-0.389304369995373,1.719011528472,0.673191235787254
0,-0.0760079347876973,1,0,0,0,0,1,0,0,0,0,1,1.03914995807196,-1.42417893122598,-2.07276198594343,-1.37763893003903,0.0902721212949323,-0.562288440265049,-1.53284548559532,0.896955451006357,-1.34271849555585
0,0.587872086018808,0,0,1,1,0,1,0,1,0,0,0,1.67799277743081,0.175313642470712,1.01807500271562,-1.06725152281298,1.35862318593471,-2.23717506455297,1.74947789586941,0.619867003497988,0.367753211655668
1,-0.932250854516586,1,0,1,1,1,0,1,0,0,1,0,-0.00409252749168867,-0.986932411949319,0.575511208205152,0.300385293815745,-0.849443604755577,2.3076999012724,1.31698977165992,-0.485159958053428,1.26890357495152
0,-1.65164036902197,1,0,1,1,0,1,1,0,1,0,0,0.300311389957565,0.771901925869358,-1.58791728858864,-1.34805106521389,0.544284122077849,0.384639383081799,0.0597001534628045,-0.58923917318152,2.18339288825313
0,1.16362745497062,0,1,0,1,1,0,0,1,0,0,0,-0.761514555779507,-0.349968995829044,0.112365879032904,0.958506473343797,0.358216408033184,1.59433782491171,1.96407058896946,0.505609835759954,-0.319877902697696
1,0.167507407627798,1,1,1,1,1,0,1,0,0,1,0,0.22407952813825,0.132370262906055,0.691155781004743,0.653973341700339,-0.944587781611314,0.514168981243817,-2.31256152618422,1.43100806053156,-0.344207431824532
0,0.84355173093562,0,0,1,1,1,1,1,1,0,0,0,-0.295462660729957,0.559856465158967,-0.586020524170266,0.0542242253075258,1.70539057445151,-1.19976622679021,0.642697423808684,-0.563186381678511,1.70760594320301
1,0.459058844449645,0,0,1,0,1,1,0,0,1,0,1,-0.225619278930521,1.81528774284456,0.347673022695181,-1.72138009903256,0.203285482570761,2.42266739908223,-0.635671651481873,0.129821461042755,-0.00873999105596662
1,0.50403702999622,0,1,0,1,0,1,0,0,0,1,0,0.609208750156606,-2.30418628610194,-1.5621056498583,0.76526908173931,-0.726702989671198,-0.0772631337960719,2.45389744999286,-0.450905093955431,0.320076703226311
1,-0.857887626323831,0,0,1,0,0,0,0,0,1,0,0,-0.637897235543805,0.238634208962976,-0.342395053126099,-1.16537489940917,-0.899432257105053,1.18828002291336,1.0644144977182,0.471649334109133,1.6553905252672
0,-1.16403812078071,1,0,0,1,0,0,0,1,1,0,0,0.199885533843088,0.587551696361368,-1.01308032022898,1.19838745254378,0.0714328453455193,0.852945962161339,-0.0501073840922875,-1.07727751020267,0.179552384936878
0,0.393073228281224,0,0,1,1,1,0,1,0,1,1,1,-2.32635016510567,-1.7794717418527,-0.245369403963948,-1.79158777363028,-1.78073691726265,-1.00125778591823,0.0879567650858924,-0.601533417594016,0.353305028119613
1,-1.39928096439897,1,0,0,0,1,0,1,1,0,1,1,-0.116189286570618,2.56356851355915,1.3947273152413,0.919486116179776,1.15036394428409,0.973518568925606,-0.056202205856963,-0.0990312381427919,-0.686426791842436
0,-0.686371698578943,1,0,1,0,0,1,0,1,1,1,1,0.517860430243765,-1.01163829317171,-0.405066506051575,-1.91676708630436,-0.972085550116514,-0.616398911321277,-0.159159677462394,-1.90092463600129,-0.512500344774997
1,1.63814620608864,1,1,0,0,1,1,1,1,0,0,0,-1.43122162414389,-0.259591074523036,0.520179631625931,-0.248631164898011,-0.223968426591655,-0.0988347469286313,0.693058240609285,0.0732947253975389,0.0405432935990443
0,1.58017946145461,1,1,1,1,1,1,1,1,1,1,0,1.54638567467717,-0.620944591684691,0.235156267764928,1.61334176674322,0.459644071541338,-0.481171436641691,-0.262967415141831,-0.152156585827857,-1.70620960610231
1,2.35208491134794,0,0,0,1,1,1,0,1,1,1,1,-0.32844397380414,-0.459934095135333,1.62243017390507,-0.259691311231097,0.355285677783494,-0.359484722819522,0.636571852248346,-1.200355445976,1.55259448662354
1,0.439891185861425,0,1,1,0,1,0,1,0,0,0,1,0.409421257979571,-0.271461962519183,0.9789797451932,0.109163399584902,0.171335057873042,0.64789444212796,-0.0128179468340815,-0.504144782921725,0.545136961405193
1,1.68120854601543,1,0,1,1,0,1,0,1,0,1,1,-0.0468294165533263,0.518475847229229,0.0915702238733342,0.522157057682395,-0.163406349162124,0.0582817014807093,1.23347425176304,-1.03324572870925,-0.0755638631255181
1,0.115929332784963,1,0,0,1,1,1,0,1,1,1,1,-0.0429120662979034,-2.00659339562744,-1.06947817610606,-2.16791197269826,0.358666899803481,-0.313636498243618,-0.42506417035553,-0.98990268557678,0.660844254369084
1,-0.230792968982188,0,1,0,1,1,0,0,1,1,1,0,-0.130190355519833,0.0312898050735996,0.561418071009679,-0.505914619062438,0.0258341175259998,1.50214785973696,1.48665311167732,-1.397667006553,0.191521468356699
0,1.70450390483251,1,1,1,0,0,0,0,1,0,1,0,1.21147048669828,0.315842275060255,0.945881939374006,-1.72499751873602,-1.65862486971115,1.5395339842613,-0.661340554458339,-1.18212706187961,0.0710183153269239
0,0.7487185177687,1,1,0,1,0,0,1,0,0,0,1,-1.35153414545446,-0.173949698773096,-0.976270739990336,0.915836638254594,-2.45590332170973,0.162417800265691,2.01039758114268,-3.55772006479421,-0.76720224976101
0,0.779496479411939,0,0,1,0,0,0,1,1,1,1,1,0.884148333429388,1.71881020028453,2.0820250982145,-0.42212749230263,0.743578230871146,-0.517056123359851,-0.397809765906138,-1.12933728629121,-0.457945857660797
1,-0.29104198204937,1,1,0,0,1,0,1,1,0,1,1,0.627802564278003,0.672055041439105,1.05695589203535,-0.473824426022488,0.965879062760328,-0.511855236070004,2.09355813313096,-1.35783052299175,-0.42426608672403
0,1.28739628888033,0,1,1,1,1,0,1,0,1,1,0,-0.02174094685082,-0.604634238868742,-1.86490288015939,-1.44005739909698,-0.637427197366829,1.74844080456646,-0.285566318359682,-0.758111691467569,0.48543703184298
1,0.102522694966279,1,0,0,1,1,0,1,0,0,0,0,0.562571593345805,1.68080801420848,1.28182341174373,0.426534912350437,-0.146909952458235,-1.63431837049963,0.00295917639050264,1.59301828013293,0.358239215733612
0,0.268294096591599,0,1,1,1,0,1,0,0,1,0,1,1.65449380071725,1.45995964115601,0.59105372344334,-0.447107556647652,0.568943039674379,-0.163249887186171,-0.708092529909162,-0.923305715789686,1.0626865000004
0,-0.0732116764073202,1,1,1,1,1,1,1,1,0,1,0,1.00090212692334,-1.65424610873119,0.00441996162621726,-0.643678682356061,1.14015056472043,-0.756811186395525,1.38501060142985,-1.75322045057039,-1.23902091984365
1,-0.792661018387096,0,0,1,0,1,1,0,1,1,0,0,-1.10636335772886,0.441937508164325,1.17716803032578,-0.762591370201422,-0.545643542583338,-2.68891259471835,-0.843179759893913,-0.775801703935737,0.228910133137521
1,-2.1773792485333,1,0,1,1,1,1,1,1,1,1,1,-2.2499568007083,1.5330173441024,5.72234117920929e-05,-0.757285804964118,-1.57830135037777,0.717915631033834,0.426697661809888,-1.19077299933911,-0.39100135630039
0,1.56401687642922,1,1,1,1,1,0,0,0,0,0,1,1.99451665707034,-0.180721344265172,0.653754954472069,-0.136311675895783,-0.711302928818398,0.473903929914588,-0.0161912085530814,0.375038453855663,1.18579730485199
0,1.35941371779771,1,1,0,0,1,0,1,1,1,0,1,0.0110569787820499,-1.73022728538873,0.193736183528092,-0.114124453049503,1.09738252976029,-0.456254513761964,-1.35666497844402,1.18252275126751,1.51624021936195
1,0.232037400062252,1,0,1,0,1,0,0,0,0,1,0,-0.69655299486149,-0.214845668632868,1.00542011757996,0.00802688044296998,1.68119199488526,-0.104434481049066,1.21995118156092,0.402794490293559,-2.26241155058507
1,1.63210156329717,1,1,0,0,1,1,0,0,0,1,0,-0.537469055164403,0.0746118960371119,1.13941919986336,-1.11736864556458,0.938842409201798,0.427969695345638,-0.240423885590721,-0.146472041482657,1.26958541635221
0,1.55222496633517,1,1,0,1,0,1,1,1,1,0,1,2.21288205520421,-1.61752385019345,-1.22530474285873,1.30726626588842,-0.253577615865428,1.38099942493373,-0.0252224734520819,-0.0585644924941262,-0.19475475976207
0,0.645592199995823,1,1,0,1,0,0,0,1,1,0,1,-0.65484916444911,-1.02160447509533,0.170057003405268,0.204953385954912,0.00815695590479418,0.832962888436001,-0.070004317472118,0.0976059715204733,-0.132281881111666
1,0.568989815823248,0,0,1,1,1,0,1,0,1,1,1,-1.05940724825365,-0.73480579118205,0.895684801941749,-0.10319815038072,0.0944725451415285,-0.474992105639649,-0.326294644376907,-1.79875653174343,0.856502946831715
1,1.66577050229887,0,0,0,0,1,1,1,0,0,1,0,-0.0909069959893839,1.31937352077823,-2.2798453628029,-0.624406026587628,-1.1529960210077,-0.606321216180922,0.154827549830613,0.831704737667367,0.53523709846924
1,0.634387313734495,1,1,1,0,0,1,0,1,1,0,1,-1.4808791777298,0.819964013302727,-0.140131204458088,0.261547110764716,0.100249195230376,-1.61771207328136,1.3030431934858,-1.31050367560635,0.174820682876516
1,0.792375758083421,1,0,1,0,1,0,1,1,1,0,0,-0.810660314335848,-1.94056046430385,1.7383133940613,-0.209832660181295,0.0177482764047612,-0.408628025608405,0.11973977802531,0.167702578773076,-0.420468524544783
0,-0.249396818992719,1,0,0,1,0,0,0,0,0,1,0,-0.268436633612509,0.818861283699887,1.11108082991757,0.339764986693067,0.409847303733974,0.981243547347458,0.19339508640901,-0.881735132053613,-1.69802131673339
0,-0.246426191819308,1,1,0,0,1,0,1,0,1,1,0,-1.51606989178781,1.53236574634035,-0.610893195138627,-0.554831010624024,1.16323155640198,-0.110265001379747,-0.894424605912125,-0.227626389351507,0.169607062503132
1,0.583190360208527,1,0,1,1,1,0,0,0,0,1,0,-0.255361188123065,0.533886457648416,-0.294976116587092,-1.12692711792797,-0.348730001633831,1.27728452701591,-0.215196868490984,-1.17648101842326,0.705288666953352
0,-1.15431234616043,1,0,1,0,1,1,0,1,0,0,0,0.896328196088086,0.864647240688028,-0.767345925414234,0.821870371519969,1.08091197832345,0.538944494677811,-0.712876065004835,1.89714315733133,0.937374235379598
1,-0.0609237680185147,1,1,0,1,1,1,0,0,0,0,0,0.206951775535157,2.02365004943422,-0.299750696899326,-1.72776652791015,-0.0846085676760765,0.939265954697442,-1.31032616834635,0.949478390884851,-0.883999479240765
1,0.958808379483087,0,0,0,1,0,0,1,0,1,0,0,0.320727819209087,-0.378844878089991,-1.15563452226105,0.167717826383811,-0.0571406777451841,1.00904206861592,0.424408153903188,1.06981854379752,0.994685434842823
0,-0.955456744238561,1,0,1,0,1,1,0,1,0,0,1,-0.343147918387573,-1.07378717133798,0.686972101461215,-0.735835683678717,0.0425678714312017,0.585715423931261,-0.365256698107967,-1.26515393697508,-0.551311430333923
1,1.19215798405063,0,0,0,0,1,0,0,1,0,1,1,0.92860652563731,-1.43715546365255,-1.24263140765204,1.45764041768188,-1.25952775447402,0.410152888883397,2.02147610927553,-0.430245128941148,0.802399694895865
0,0.113505373747592,1,0,1,0,1,1,0,1,1,0,0,-1.03673958330874,-0.595957583948117,0.649922922817839,1.42960153363368,-0.949684632316216,0.4320962450307,-0.268905971178598,1.57252715694401,-1.31479684259763
1,-1.7042134151031,0,1,1,0,0,1,0,0,1,0,1,0.271886580729475,-1.65546055846207,-0.634401915559765,1.03019767760086,-0.959792674039023,1.01868787947609,-1.00709559223639,-1.33388285773823,-0.191780774594728
0,0.252328871878077,0,0,1,0,0,1,0,1,0,1,0,-0.498462737080542,0.0429797191116096,1.38103459182509,0.887948564977722,-1.81147775565659,-0.343336206635983,-0.533959349586622,1.88907537135714,-1.86970849988016
1,-1.317773458616,0,0,0,0,1,0,1,1,1,1,1,1.68539667990289,0.349605331814856,-0.00805866129248261,-0.346392187803987,-0.749851057328265,0.976902108631047,-0.229017031911351,-0.540548491577094,-1.20854197054747
0,-0.510096993242216,0,0,1,1,0,1,0,0,0,1,0,-1.63609277077214,1.30366614350206,1.66624979312745,-0.250831396416934,0.57434161132442,-0.757956248592598,1.77111836444476,-1.74293422601422,2.10067434627267
1,1.83125237582859,1,0,0,0,0,1,1,1,1,0,1,0.7076289504365,-0.0191230884831472,1.21164496479377,2.64796288170075,-0.075525875061512,-0.012824742615711,1.23395031111671,0.940803246242139,1.20170852103892
0,-0.856977488463983,0,1,1,0,1,0,1,1,0,1,1,-0.03569259884243,0.849400074059438,1.14453964536221,-0.216096227874981,1.30108868701594,0.995872485715631,0.652586169186986,-0.871003491125696,1.12340795827079
0,-0.503531907247231,0,0,0,0,1,1,0,1,1,0,1,-1.04975177743257,-0.436490664953568,-1.68623619955864,-0.777141809868644,1.0076060748879,-0.543222353463596,0.173298387602134,-1.11442188036843,-0.372639041955509
1,0.146760166562087,0,1,1,1,1,0,0,0,1,1,1,0.1779269156366,-0.335635291150152,-1.56044241161063,-0.911600467539239,0.883066544663864,-0.360926665506957,-0.8053877273573,0.220921309740424,0.0903075909623893
1,-0.323170113425718,0,1,1,1,0,0,0,0,1,0,0,1.5992103470469,-0.11349656225427,-0.524617452286779,0.46847723561456,-2.34765315259993,-0.77823468488414,2.42638643328062,1.47190691574543,-0.275572735117033
0,0.788731341503812,0,0,1,1,0,1,1,0,0,1,1,-0.377916327960359,-0.638322184768421,-0.982352337656703,-0.412227202501658,0.0106105746307329,-1.74250640545316,1.31186877722801,0.442572767593208,0.547314588313292
1,1.42666001436169,0,0,0,1,0,1,0,1,0,0,0,-0.44392788541682,2.86231376676132,0.775593012791357,0.157115108108303,0.27195871582155,-2.27047523000418,0.675732022257408,0.0735926511961556,-0.475536965711832
0,1.25830717917475,1,0,1,0,0,1,0,1,0,1,1,-1.06349030688591,-0.419024963698768,-1.2037746724398,-0.258049980018996,-0.043686235157125,0.170720945960615,-0.0863363250145027,1.85583285561999,0.879375256683775
1,1.50771923139577,0,0,0,1,1,0,1,0,1,0,1,0.19720861026713,-0.00395932322009741,1.10755194172516,0.632144634249897,1.34995484063715,-0.347014185432201,-1.50643453917366,0.703466084964632,1.19440572887448
0,-0.584991262056792,0,0,1,1,0,0,1,1,1,0,1,-0.541126505148599,1.38140701368964,-0.606569050204491,1.12790773954658,-0.148619978275717,-0.72013044889151,-0.441873534837434,-0.00231227293409211,-0.0997344174290889
0,1.50785645547577,0,1,1,0,1,0,1,0,0,1,0,1.89172636586695,1.33594689057306,0.166269248986305,-1.59026817496369,-0.583340047665331,0.286829780861653,-0.684583839180316,0.626907308071487,-1.60277545186638
1,-0.458617778825035,1,1,0,0,1,1,0,1,0,0,1,0.24800799224186,1.13437574465191,-0.283027587876103,1.35258339419686,-2.00361736536879,-0.855548065115086,1.58198978945621,1.24925145722909,-0.235407385989382
0,-0.579587324735145,0,1,1,0,1,1,0,1,1,0,0,1.10789651139571,0.575771710897365,1.28713936491279,-0.0114729406203858,-0.786537736420814,-1.54547466550578,2.079005983351,-0.242101109863569,-0.954658304675267
0,-0.527723300406533,1,1,1,1,1,0,1,0,1,1,1,0.278913513599971,0.231496168710623,0.770784506172894,-1.31381078102059,-0.145977982025334,1.54740112761217,2.00532604641881,-0.191119615797346,-0.948932722767856
0,-1.09151742116728,1,0,0,0,0,0,1,0,1,0,1,-1.60526446374227,1.37248641504223,-0.648173188866588,0.113703773550452,0.761863552516927,-1.45445446877536,-2.38344289173761,0.361316734333707,-1.1601368652718
1,-0.539319742406177,1,1,0,0,1,1,0,0,0,1,0,1.26201751978117,0.0574641379489473,-1.73378925302707,0.544971026584755,0.0694659660477222,-2.47170183971958,0.0810216478974356,0.782121456391227,-0.377100520914122
0,0.603759801949857,0,0,0,0,1,0,1,1,1,0,0,-1.04678479551544,-0.165441134164778,1.15340516319332,0.210975984502603,0.81510776401548,-0.267944826160301,-1.15871556702385,-1.36523459717446,-0.696967926720219
1,0.472455884235268,0,1,1,0,0,1,1,1,1,1,1,0.36834169570197,0.220475483934299,2.0924304223664,1.10397021074721,1.43934856991373,-0.614799327046136,-0.982669386431444,1.7181929024055,-0.432950125617689
1,-0.235327190223889,0,0,0,1,1,0,0,1,1,1,1,0.775112054711059,-0.540071363880268,1.31348871100213,0.358611832103239,1.03010942087503,-0.922934528181052,0.371946894808127,-0.723355472146043,-0.450849887183774
1,1.49277827962332,0,1,1,1,1,1,1,0,0,1,1,0.121740161420469,-0.411471801904412,1.20804542446523,-1.76519411404512,-0.920104545773358,1.45658974404075,0.465426668060709,0.36862696871137,-1.0973271029421
0,0.298798133498227,0,1,0,1,1,0,0,0,0,1,1,-0.719129292476257,0.462525116126644,-1.26813331034677,1.21125627244254,-0.438750208301907,0.785347344219873,0.901063762918331,-0.557974113801953,-0.0668440423783606
0,0.0175678676528026,1,1,0,0,1,0,1,0,1,0,0,-1.36865619344464,-0.285576889170075,0.835691243815813,1.27393750825007,-0.805728243725815,-1.10515441746791,-0.655785609489492,-0.79335070969614,-0.744330352419248
0,-0.211969750192201,0,0,0,0,1,1,0,1,1,0,1,1.17054256035533,-0.0391035205435975,0.79990708400445,-0.730937083302868,0.87907827093377,-0.0778340463544155,0.560964830289682,-1.15472643044913,-0.396375012159928
1,-1.2048706382615,0,0,1,0,0,1,1,0,1,1,1,0.378423840916396,-0.653848364563018,-0.667811765356436,-1.55983698917167,0.321641752606356,1.30388923569749,0.431088393358622,-0.13635472317481,0.756067543522156
1,0.485686572116741,0,1,0,0,0,0,0,1,1,1,0,0.188641819558201,-0.510943645743399,-0.000205902493812165,-1.44245586157785,1.58576670354788,1.99064504112864,-1.81491735123147,1.04671400842841,1.4294091842056
1,0.952839167980264,0,1,1,0,0,1,0,1,1,1,1,0.812244123935928,0.528602011887719,0.460903272468661,1.42477103072801,-0.351651753180136,-1.01490098657059,-0.931536369827394,-2.93216942592638,-0.69553655384296
1,1.25213422084481,1,0,0,0,0,1,0,0,0,1,0,1.52225497989441,-0.389215015777065,-0.466673183785661,0.0583912298232466,0.601623923192203,0.706358570168256,0.945423535951252,2.27036261388293,-2.032125296692
1,1.38531519005958,1,0,1,1,1,0,1,1,1,0,1,0.273532025024534,-0.974610530108569,-0.953246693713399,0.419829106604716,0.729608947398182,0.201373348819474,1.57241890155572,-1.58144475445341,-1.9359101706372
1,-0.0958912409607569,1,1,0,0,0,1,1,0,0,1,0,0.973917337789388,-2.13697611638198,-0.0876098189968353,0.0671786147649458,1.0863933677134,0.119666291870324,1.49903772188723,0.303136808936898,-0.27085126810462
0,0.142087202031932,1,1,0,1,1,1,0,1,1,1,1,0.282483844097096,0.448688850603794,0.728330631951411,0.237409112698516,-2.07690986172063,0.126853081272575,-0.540126964910784,1.2931940915359,0.630824256145578
0,1.07005050155039,0,1,0,0,0,0,1,0,0,0,0,1.16302514749366,0.65835936139387,2.75325161016194,-0.60794513189606,-0.467170160868735,1.62306956011408,1.03110975216944,1.92196915946479,-0.952386741912308
1,0.18124522537518,1,1,0,0,1,0,0,1,1,1,1,0.728262549185163,0.27453418481565,-0.205192695241805,-0.633928399659218,-0.285445902395913,0.652873904513544,-0.842833808924238,-1.02007265637477,-1.03519370423647
0,-0.385028653264173,1,1,0,1,0,0,0,1,0,1,0,-0.51490429301297,-0.463274354030435,3.06197671620656,1.38708807934735,0.323381602779379,-0.461074027413957,1.89165020930408,-0.452158929852784,0.45296838426678
1,-0.584565809817716,1,0,0,1,1,0,1,1,0,1,0,-0.549018216045102,-0.944563770276755,0.224172471022252,0.808936629031206,0.0776524109625896,0.11458329004407,-0.743465232216793,-0.453129759924971,1.02248898894949
1,-0.139676824881097,1,0,0,0,1,0,0,0,1,1,1,-0.339156323649902,1.06499446661545,-1.72384892803165,-0.647043403249825,0.0123626879062564,-1.40629384722533,1.01858018771733,-1.64640622824324,0.4879042768106
1,-0.672231693641852,0,0,1,0,0,1,1,0,0,0,1,0.396581651540624,-1.48574807557738,-1.14660010111944,-1.05459142186818,1.2252074742184,-0.990877734007082,0.200665521469991,0.598419024702262,-0.754045435478953
1,0.943038909220145,1,0,1,1,1,1,1,0,0,1,0,-0.538686411131444,-1.0629522717035,0.698589442472382,0.418348202867805,1.14671954452451,0.654718085969814,-0.384509746662426,1.36673185251325,0.675664900861152
1,0.735478070384384,1,1,1,0,0,1,1,1,1,0,0,-0.359217159355348,0.468607204447814,-0.278242489620616,-1.23034241954349,1.58950560931521,0.930037111790793,-1.26280260467979,-1.78837939357456,-1.50511916935149
0,-0.0631830503391699,0,1,0,1,1,0,0,0,1,1,1,-0.597723738640462,0.695208228966652,-2.07035474157079,0.732151614333116,-0.30932559490859,0.466842401974433,-0.750976493070904,2.67613508909012,1.48293038392697
0,1.23349720953,1,0,1,0,1,1,0,1,0,0,1,-1.20712009997255,-0.667268031040946,-1.96153710378774,0.586207262518107,0.0525520051331913,-0.170849491198417,-0.592671326306389,0.660157484443587,-0.0432899367589007
0,-0.727955604924747,0,1,0,1,1,0,1,1,0,0,1,-0.574435578253655,0.0527248909561123,0.739020274051777,0.725557946319975,0.649035189772749,-0.901391060757533,1.26959268663928,0.745596275336503,1.11957913783495
0,0.403210090705826,0,1,0,1,0,0,0,0,1,0,1,0.349119688678308,-0.463140552117683,0.291757061288618,0.940668634566849,1.344555730848,1.01519481585811,-0.725901673457371,-1.2858792143565,0.286154006563267
1,0.551494860275356,1,1,1,1,1,1,1,1,0,1,0,-0.695759679042558,-0.217920721353619,0.029342693244205,0.68911059183059,-0.23114353730982,-0.964025309646653,-1.14925998130276,-0.310320796001249,1.98292500359706
0,-0.528127873781003,1,1,1,1,1,1,1,0,0,1,1,0.654900587259697,-1.32466029026886,-1.02513201362261,2.49453975721213,0.676068864685798,-0.445176373278236,-0.294012974597081,0.0174294443061692,1.33817001356638
0,-0.53836903890729,1,1,1,1,0,1,0,0,1,0,1,-1.06647667700112,-0.476235623288888,-0.818284065139386,0.414340916348315,-0.878402152878368,-0.342439921501108,-1.96901843070661,1.13046382254565,-0.0209948355150714
1,0.0293913547549091,1,1,1,0,1,1,0,1,0,1,1,-0.305691991689232,0.46437560727863,-0.370185763339744,-1.13643024896169,0.622626109942382,0.61969963079425,1.26963559895418,-0.756549664705976,-0.662183204763931
0,0.429802223452671,1,0,1,0,1,1,0,0,0,0,0,-0.596209654382705,-0.126801011322294,1.06455338334634,2.68075531258628,-1.67421822068387,-1.1740794670759,-2.91381770109101,0.012154771891207,-0.229488858355089
0,-1.37213232103885,0,0,0,0,1,0,1,0,1,1,1,0.60498574407452,-0.950135293888369,1.83375368713965,0.565141940547225,0.609469004724204,-0.807005332950032,-0.0927759978425027,-0.568990187025945,1.9991011303303
1,0.170812899812836,0,1,1,1,1,0,1,0,1,0,0,0.0231047042528456,0.845082659709196,-0.0664145045327421,0.910951675315064,-0.166913527701662,1.17402118930076,1.09531317455998,-0.890753037516538,-0.622168603365169
1,-0.0895651687541209,0,0,0,0,0,0,0,1,0,0,0,-1.23084424501467,0.246249538341193,0.412625900295041,-0.52634674477375,-2.75217830113875,-0.559930282943279,0.654422518817882,-0.768473864062515,-0.603038169014645
0,0.0111227328712803,1,0,1,1,0,0,1,1,0,1,1,-1.81882255015476,-0.669184156531085,-0.0408262816362098,2.54874295530752,-1.05897779490511,-0.00162908526382757,1.29806437104069,0.025465311582177,0.775172998712135
0,-0.646587656529076,1,0,1,1,0,1,1,1,1,0,1,-0.68271390374857,-1.32892254125268,-1.401803952317,0.520343331726587,-1.09804782148297,-0.786789569211044,1.34725166788608,0.284469463378147,-0.0511297893420952
0,-0.411659925298116,1,1,1,0,1,1,1,0,1,1,1,0.578313143628904,-1.47609508092987,1.41967305760772,1.03131726873054,-0.48954772571229,0.308455021894529,0.920625578159507,-1.08153092779091,-0.534755203071
0,-1.16625252867323,1,1,0,0,1,1,0,1,1,0,1,-0.740971864413328,-0.647167151639601,0.0107102676185945,-1.66093155264101,1.14748486017067,0.466003488961508,1.15253115097079,-0.985600371832025,0.0538415806401786
1,0.0403617136907177,1,1,1,1,0,1,1,0,0,1,0,-0.655648087346508,-0.34924073084378,0.786585067678268,-1.38838812180997,-1.5251060720435,0.17418949719964,0.902057855691458,0.976492505395989,-2.36269495644463
0,-0.11923497275687,0,0,1,1,1,0,1,1,1,1,1,1.77735510920808,-1.08434157115726,-0.539441337797316,0.280798327548334,-1.0803660952939,-0.75534694837414,-1.70259496724911,2.0379297775568,-0.107487173211889
1,0.807653290144664,1,0,0,1,1,1,0,1,1,1,1,0.855518317137515,-0.13695741130843,-0.956900662066836,-1.72075579231203,-1.18671548087055,0.460960980728823,-0.764289991555498,0.877136436808177,0.968535548868854
0,1.76204288086504,0,0,1,1,1,0,1,1,0,0,1,0.577845194009665,0.243671868352884,-0.93009180804793,-2.12032737022548,0.799768196409971,1.00142901397005,0.521626563146036,0.128056934313521,-0.231041257937367
1,0.589882023251195,1,1,1,0,1,0,0,1,1,0,0,0.66622523797336,0.95705561872818,0.412927462130888,0.495499583463228,0.907852027188184,1.21822361510305,-0.90041521647353,-0.32081941199899,0.0151409795145
0,-0.369838992134447,0,1,1,0,0,1,1,0,1,1,1,-0.777080276574036,-0.70484619879801,-0.792204845078913,-0.129831532630327,-0.423326123653838,-0.0593707369168085,-0.421183806495799,-1.17246663690578,-0.312096597608303
0,-0.486171168694655,1,0,0,0,1,0,0,1,0,1,1,-1.04096450445795,-0.569662805608657,-1.13536163224311,0.0935603775092829,0.291662336076892,-2.23300941711876,-0.0166902025811967,-0.301130291784126,0.73603369003839
1,1.75557150538251,1,1,1,1,1,1,0,1,1,1,1,0.609276001325129,-0.0499701697663362,1.09694770321956,1.4185339889728,-0.0637270657165704,0.256485505143024,1.07963655953414,1.89644419783911,-1.01433055373087
1,-0.743152110124539,0,0,1,0,0,0,1,0,1,1,1,-1.13963298161695,1.61127928557494,-0.365973211586154,0.908081424103914,-0.767355728334112,-0.637377666102012,-1.45098966591516,0.521426253034924,0.777419679181878
0,0.0788294849109831,1,1,1,1,1,1,0,0,1,0,1,1.80576573090786,0.0813176633436076,-1.19313746293869,-0.709529208859761,-0.797798207188793,-0.121592047562535,-1.81747874711304,0.0379324022766871,0.0135420381894183
0,-0.807792165637512,1,1,1,0,1,1,1,0,0,0,0,-0.265043266915798,-0.307456300827089,-0.425799259002026,-0.625743636130506,0.250450745424087,-0.478581338502432,1.95285746384835,0.428675548693635,-0.543070006869342
0,-1.02718321320929,1,0,0,0,1,1,1,1,1,0,0,-1.60693207363926,0.846858937161545,0.206999536178766,0.543096938824759,-1.26535737760625,1.53236337086516,-0.137345164026118,-1.34021111046401,-1.37419726812095
1,0.0733629370123133,0,1,1,1,1,1,1,1,0,1,1,-0.160607253713141,-0.0818420931397055,-2.07478661017872,-0.0304954684725282,2.10307107035776,0.0712676429058191,-1.01208543470663,0.270506757322941,1.78087232769949
0,-0.823697544671106,0,0,0,1,1,1,1,0,0,1,1,0.141104506544149,1.53696630135114,1.23736774238186,1.9029938464954,-1.07619038051443,-0.751200324801294,-0.381858046325527,-0.48428484572603,0.940502671688981
0,0.487203403650498,0,1,1,0,0,1,1,0,1,1,0,-0.0580433824675946,-1.44284345602441,0.114720117409881,-0.495285626802279,-0.64822645571458,2.0887074260185,-0.290664668092635,-0.512179141932114,-1.7792121403548
0,0.255479967766033,1,1,0,1,1,0,0,0,0,0,1,0.68687498201483,0.226129192237154,0.237724997240845,-0.149159499287531,0.399181826128941,-1.2727380367579,-0.482839507205781,-0.123802345417003,0.452745105659216
1,-1.87959339182246,0,1,0,1,0,1,1,0,0,1,1,0.645216888824019,-1.59898106029758,-2.16548799327186,1.52127620990355,1.14508400870483,-1.13437108324297,0.451965539853541,-0.645952921418476,-0.806045850595237
1,0.452768522475003,0,1,1,1,0,1,0,0,1,0,0,-0.377951868147916,-0.319558349778099,-1.4232325979327,-0.509626287822457,0.914808282898882,1.84820401556037,0.0519151718897352,-0.457593550290953,-0.172049999704368
1,-1.38764610135793,0,1,0,0,1,1,1,1,1,1,0,-0.288638254702755,-1.53777247077006,0.76111563164984,0.0634800525461098,-0.385078746848036,-0.523646053002282,-0.480177337537223,-0.136118387009219,1.80277016075669
0,1.92334208911871,0,1,1,0,0,1,1,0,1,1,1,-0.369041310955189,-0.0901386143164827,2.20360011909846,0.905809918992306,-0.85256526352639,0.185766831692828,0.993855370148627,0.207913723348823,-0.796807783670373
1,1.13223092912271,1,0,1,1,1,0,0,1,0,1,0,0.452133283761118,-0.661150794943591,-1.00846194805653,0.139899929472527,2.66319900934866,1.65080678455203,0.116596401417424,-0.249185416668067,-0.102845941891132
0,-0.61698569574292,0,1,0,0,0,0,1,0,0,0,1,1.63581178562734,-2.60394264138926,-0.677975982621919,0.199325328189016,0.609586231728507,2.66853157832755,0.944691597252837,0.0993690682315748,-0.879920991647239
0,0.964501184321283,1,0,0,1,1,0,0,0,1,0,0,0.943059200567544,-1.53688608849397,0.408526051604795,-0.00929237077473776,1.11539359997781,0.743035145052758,-0.740256312498212,0.416375119647222,-0.42843307265591
1,0.177043002196276,0,1,1,0,1,1,0,0,1,0,1,-0.500263346995939,0.514952311145983,0.191762006976314,-1.05278213974022,0.17261515080893,0.637047103921324,-0.962101009584763,-1.18081290665366,0.514572703806735
0,1.93925660990201,0,0,1,1,0,1,1,0,0,0,1,-0.0160744196393785,-0.948427989067744,-1.79668718730386,-0.353260642325167,-1.15521947974838,0.846588011065043,1.04073036342339,-0.797288630208005,1.74518943029829
1,0.507110523827053,1,1,1,1,1,0,1,0,1,1,1,-1.93222825163105,0.444629057767677,0.28102433400129,0.716404333242699,0.5672004828847,1.00686138427017,0.0881513461103422,-0.106863237959899,-0.0539648408489318
0,0.0902920199735045,1,0,0,0,1,0,1,0,0,1,1,-1.54174004958391,0.639244767748752,0.901360358275371,0.961455406583138,0.317352866531182,-0.0170208359254224,-1.22270633134183,-0.785431918841677,0.789392553258393
0,0.107061108514565,0,1,0,0,1,1,0,1,0,1,1,-0.497091772254818,1.49020654124522,-1.47114985954113,-0.219400721257625,0.556195082425079,1.58769819891607,-0.487885478552234,0.497858717484661,0.141997609777696
1,0.0388930376195871,1,1,0,1,0,1,1,0,0,1,1,0.559488324942596,2.4724397765755,-3.27071188542896,2.03077656536611,-0.0330452937195047,0.203402837231114,-0.0296520418866347,-0.137257688885125,0.375790479275874
0,0.467946253978502,0,0,1,1,1,1,1,0,0,1,0,-0.91604973632841,0.947061769822917,-1.12436753014601,-0.660381207617595,-0.62021333336771,-0.988703280845278,1.34547480414264,0.0283157463288709,-1.03797315274945
1,-0.0511241342670061,0,0,1,0,1,1,1,1,1,1,1,0.421853776813598,-0.50072864179618,1.36995829004614,-1.95265894889862,0.770173825274686,0.322510974974988,-0.63944480312414,-0.813027002363652,0.990386911632445
1,1.26900541492912,0,0,0,0,1,1,0,1,1,1,0,0.364856105426814,-0.0651144728302371,0.393158097757112,-1.68220712524224,-0.649633356806207,-1.43640177158285,1.361826724779,-1.00791502771461,1.92538891115784
1,0.247034467220863,1,0,0,1,0,1,1,0,1,1,0,-1.33117278847175,-1.41030324959513,1.01002752391814,-1.52913435908773,-0.234398246116126,-0.364694141216092,1.87253255935679,0.62649869993086,0.568384163562591
0,-0.0875406595841701,0,0,1,1,1,1,0,0,0,0,0,-0.839732682430151,-0.0905208328854593,-0.626346460835723,-1.75339738295295,-0.423383504217586,-0.38017407004514,1.1535669667634,0.283163044007163,1.25365794083793
0,0.216825790174753,1,1,1,0,1,1,1,0,1,0,1,1.53717249482168,-0.000152383577582853,0.16630794423555,1.17886449583617,-0.232341624086099,0.556983717078374,0.360586331015575,-0.484307837338913,-1.39197372371781
1,-0.00639719323050697,1,1,0,0,1,0,0,1,0,1,0,-0.942736330016013,-0.141726140593194,0.311611326071156,-0.273215133227632,2.3222520418281,-2.09527073375917,-0.813831681562141,-0.887364408283633,0.992275153757784
1,-1.04925994075455,1,1,1,0,1,1,1,0,1,0,0,-1.21460960463978,1.40057940139863,0.603272024014342,1.43944061762358,0.266623066061701,-1.03505688196574,-0.0642891094439217,0.39160623397263,1.08410359856514
0,-1.22896289926736,1,0,0,1,0,1,1,1,0,1,1,-0.709076548929599,-0.438028976205297,-1.50171810137979,0.548259328377977,-0.570345938110347,1.05807594296651,-0.0355846247889055,2.44990099177895,1.19006010002839
0,0.265107678377272,0,0,0,1,1,1,1,1,1,0,1,-0.254348323932616,0.819791937766629,2.33245324597071,-0.626443604770254,-0.219123811214768,-0.201262604121439,-0.555024380330259,1.51212917396337,1.12646178230065
1,1.70191882291351,1,0,1,1,1,0,0,1,1,1,0,0.317968653842469,-0.926277159877522,0.00873716131632461,0.497131205253813,-0.185068538486894,-1.97531806982709,1.14510142450641,-0.278027438536632,-0.443413476150708
1,-0.871059373902459,1,0,0,1,1,1,0,1,0,0,1,-1.57266051430568,0.8877353656953,0.247844708056849,1.05166848178935,-0.521758935504419,1.16610398836274,-0.917243786029484,-0.648825856069458,0.209642319873448
0,0.238930992707918,0,1,1,0,0,1,1,0,1,0,1,0.800540997521559,0.725617445240422,0.334669060859345,2.01879887056982,0.0208275852377469,-0.15590135647526,2.61264933248762,0.735057292700257,-0.172109283863292
0,-1.08190858129825,1,1,1,1,0,0,0,0,1,1,0,0.266072934192425,1.0271439317901,-0.499177562034853,0.479529365377706,0.857800422142394,-0.149883963125298,-0.345575030411702,0.0300841607392152,-0.670146945340983
0,0.143721941407079,1,0,1,0,0,0,1,1,1,0,0,-1.99645138051531,0.897958228160602,0.0546063774578118,-1.37091401755851,-0.44663861462422,0.820610808588833,1.78818524139523,-1.38784282375477,0.159080858826555
0,-1.45506268843845,1,0,1,1,0,0,1,0,0,0,0,1.10258259055387,-1.0205304147962,1.38284084211036,-1.09290342192034,0.427983718853034,-1.28984276660965,0.452580045206449,-0.0058516771308938,-0.156105090528022
1,0.85835913233204,0,1,1,0,0,1,0,0,0,0,1,0.632392949122951,-1.08512792929052,-1.68277430881456,-0.881473464798279,2.16134637739392,1.05565523510338,-1.02129802311187,1.755634216129,-0.169107077309703
1,0.597096415707112,1,0,0,0,1,0,1,0,0,1,0,0.673633565116825,-1.41489037195527,1.88396073092339,0.000477594063351198,-0.658680367387909,0.382534599357718,-0.406390980398543,0.183350609870867,-0.413256249817562
1,0.572226963382775,1,0,0,1,1,0,1,0,1,1,1,1.13769111216569,0.26318278947617,-1.38460945563739,-1.1485636175397,0.340508148209118,-1.25294245977293,-0.532413810214154,-1.63774937681691,-0.445356800024018
0,1.02485426200251,0,0,1,1,1,1,0,0,1,1,0,0.0403155961722833,-0.224845999727048,-1.31529593137171,0.920845925579994,-2.7350684405447,-0.34507058360821,-0.73439240844989,0.556520094854459,1.35531811571334
1,-1.02337485539593,0,0,0,0,0,0,0,1,1,1,1,0.882367733088925,-0.245842158238555,-0.394307080315325,-2.27151063704155,0.917079296617305,-0.277064710264196,0.0248436792102741,-0.0880796116480329,-0.205046894432208
0,1.26520927841405,0,1,0,0,0,0,0,0,0,0,1,0.492608249469789,0.482338948947744,1.30285314141698,-2.68261606687826,-0.738936159708921,1.95017521830394,0.656397503651563,0.368851440038207,-0.420499286009383
1,-1.33340056993206,0,1,1,0,0,0,1,1,0,1,0,2.35925075565484,-0.14062809612611,1.68647587903659,-0.0961178971505974,-1.21609045553478,-1.00385081038558,-0.0502697053856722,1.26392869744712,0.837348540665048
0,-0.455033142263419,0,0,1,1,1,0,0,0,1,0,1,0.690351770919756,0.108118194250395,-0.169836927545249,-0.536653288659209,1.115121977723,0.268756945596446,-1.2372070526092,-1.47209122046902,0.195594980531315
0,-0.240482761234872,0,1,0,0,1,0,1,1,0,1,1,-0.331393840501403,1.81838901849584,0.998534655314346,0.640580759825938,1.91333429443922,0.503268011522377,-1.81713224906243,0.0210483182458829,-0.513076436475291
0,0.536440533776304,1,0,0,1,1,1,1,1,0,1,0,-0.419382034839207,-0.733768212787684,2.13967696499177,1.64644080837729,0.696054448823434,0.22852884131929,0.891068684867502,0.138637165905573,-0.463339263467969
1,-0.324048090390343,1,0,1,1,1,1,0,0,0,0,1,0.923278517352764,-1.25167863511479,0.870961446054401,0.193043521632942,-1.81372781494652,1.00128427757308,-0.802202752612259,0.734451560991345,2.26434795377524
1,0.346946826989964,1,1,1,0,0,1,0,1,1,1,1,0.211702261545644,-1.33766876612547,-2.42388515845389,1.03199275827709,2.65634242037079,-0.94235955067599,0.360216241710868,-0.247856157652413,-0.899002052766114
1,-0.297551435949412,0,0,1,1,1,1,1,1,0,0,0,-0.924563303750853,-0.00367009548014876,0.669688295444566,0.231380338545804,0.133180939116889,-0.154407193021399,1.10230676638719,0.0449963267854977,0.16734294313501
0,-0.301615777313407,0,0,1,1,1,1,1,0,0,1,0,0.684951270401242,0.473812178032378,0.72036777231778,-0.222495858759586,-0.0665610592549273,-1.63477483404955,0.270821659116467,1.51319081235759,-0.227915623176287
1,-0.240903788512582,0,0,0,0,1,0,0,0,0,1,0,0.181675219070009,-1.10181038963457,0.0346209860427323,0.933561985215185,-0.412534619608744,-0.0126736635543138,1.13213451198124,-0.781842991923889,-0.00799309772872626
1,-0.93575087404094,0,1,0,1,1,0,0,0,1,0,1,2.09918536461016,1.10695414379886,-0.0402961511716797,-0.996038111311785,0.425631860979856,0.296698440046348,-0.485936865799418,-0.325863686225327,-0.0565933251245431
1,-0.143931399846872,1,1,0,0,0,1,1,0,0,0,1,-0.593617803157456,1.0906180754871,-0.575904576936834,-0.308721806408138,0.151975837133015,0.128303989997892,0.911985592064956,0.540009981797703,0.390853355713065
1,0.181649019010445,1,1,0,1,1,1,0,0,0,1,1,1.42744527182121,0.929845318342186,-1.65625121457255,0.807158081152981,-0.101757057526418,1.54870349190631,1.63389020809336,0.698394609215911,-0.913158883190013
0,-0.273387097793164,1,0,1,0,1,0,0,0,1,1,1,0.519995740376018,-1.29895334498634,-0.754774653215188,0.483858933010978,-1.74309762183597,-0.656379318344014,0.412271044863962,0.872739336699105,-0.224458584180716
0,-0.95284977928955,0,0,0,1,0,1,0,1,0,1,1,1.34495047175367,0.916415457427904,0.281444431202409,0.976219004949414,0.550440675312811,0.612888114761768,0.11741855401783,-1.65909216807762,1.0122828483054
0,-0.432534259644544,1,1,1,1,0,1,1,0,0,1,1,-1.02018631663917,-0.267110380272248,1.26036539343365,0.777160707668964,0.282077241136881,-0.735838777987272,0.260082097122294,-0.373897617025871,-1.42190653433216
1,-1.02737818171011,0,0,0,1,0,1,0,0,0,0,0,-0.134103882661425,0.0304152138151845,0.384853687943663,0.705299230945949,-0.181837371399354,-1.54833839630525,0.678248804262983,0.527592612764498,1.73192010660971
0,-0.521647696747099,1,0,0,1,1,0,1,1,0,0,1,-0.973338652616268,-0.952869148331769,-1.22706296325662,0.713636122068157,-0.817997688581212,0.929385964255581,0.221909778084876,0.236765007986113,1.27121934747648
0,-0.798534351257807,0,1,0,1,0,0,1,1,1,1,0,0.3849561214093,1.46844415065779,-2.25128731763483,0.693697528386444,1.44944427720198,-0.255584986420983,-0.677838288586384,1.97030254292349,0.491176209625608
0,0.270331112237871,1,1,1,0,0,1,0,0,0,1,0,1.23445036641128,0.70450894903329,1.07508095465818,-1.13330423105522,-2.54070619307193,-0.549320370989911,-0.124208750848346,0.643592054248791,1.17064320802101
0,1.1969712921958,1,1,0,1,0,1,1,1,1,0,1,0.843591355226165,-0.397020999135579,0.563901175522081,0.132194599460593,1.42493746498124,0.878303506170385,0.7416626149556,1.15693852549777,-0.701982442015257
1,-0.452430320136944,0,1,1,1,0,0,0,0,1,0,0,-2.02679634430635,-1.33070342981786,0.827412507061536,0.904571229374842,0.666990174630383,-0.421684231595268,-0.82014015242711,1.90361269701237,0.989223374549454
1,-0.44123458925229,0,1,0,0,1,1,0,1,1,1,0,-0.836186992393144,0.714499768147608,0.0732230899291319,1.06225434512484,0.762928329878394,-1.66574074976093,-1.15773218516284,-0.0392629851876882,1.38536221764982
1,1.41098041755046,0,1,0,1,1,0,0,1,1,0,1,-0.209541148128239,1.74889399444823,0.564703547377343,0.74972225005563,-0.146103722153593,0.708746383632487,0.587205319313568,-1.49470880888279,0.979832290319728
1,1.32647155787928,1,0,1,1,1,1,0,1,0,1,0,-0.82835508224065,-0.561384647038932,0.318007099536513,0.719431349983864,0.373724737881832,0.437080042476911,1.17769566236221,-1.47024406547886,0.847054952090833
0,1.57604314768172,0,0,1,1,1,1,0,0,0,1,1,0.918013517896261,0.636535207008045,-1.17043670329016,0.0590735090227706,0.565418986952758,-0.11675754637247,-0.529478169326641,-1.10099967512163,-1.26333602953999
0,0.0460925230027121,0,0,1,0,0,0,1,0,0,1,1,0.00164788929745396,-1.11794647935068,-0.0783279954843083,1.88111617382814,0.341939372055094,1.04594004534406,-0.547545021634287,1.36024196603128,-0.125683908208896
0,-1.00694378470088,1,1,1,1,1,1,1,1,0,1,1,0.571602434240239,-0.296878794125466,-0.144082166779612,0.105985312737545,1.58492641944096,1.19318462771964,0.779073086922812,-0.0236127115811272,-0.407853993469524
0,-0.884594848384893,1,1,1,0,1,0,1,0,0,1,0,0.0192731863604793,-1.37066308396899,1.02810295127718,0.783567442347874,1.40538263701278,0.894571952477584,0.0252390113522914,-1.18743557061664,0.591303834625549
1,0.557962814915778,1,1,1,1,1,0,0,1,1,1,1,-1.49626712779581,0.149221302112721,-0.183676197956964,0.703295253499139,0.666923680466165,2.38314277953589,-0.0252596754868498,0.0131149421145428,0.555726531189559
1,0.38829294809793,1,0,0,0,0,1,1,1,0,1,1,2.40953970307022,2.24558031898993,0.875411965777435,0.193885256462315,1.43337385566323,-0.59787414277933,1.42929801853828,-0.166677636271953,0.398432465913799
1,0.30511968467605,1,1,1,1,0,0,0,1,1,1,0,-0.20964385418945,-0.395889950361763,-0.302064456814969,0.0858163480137538,1.2379014183802,-1.12126084689546,-0.272281851404517,-0.173334756001689,-0.73746162852216
0,0.442474083394334,1,1,0,0,0,1,1,0,1,0,0,-0.466717273611621,-0.387973993998078,0.0313250307510433,-0.516514621339346,0.477529445629459,-0.490257830118955,0.781407563735644,-0.835450221414338,0.044760287277534
0,3.04014154848562,1,1,0,0,1,1,0,1,0,1,1,0.663082872575818,0.472308098305654,1.07979591128274,-0.915436416396735,1.84223854963138,-1.13057496204638,-1.49869891323344,0.689686097584869,-2.36033346385467
1,-0.517284526127786,0,0,0,0,0,0,0,0,0,1,1,-0.230059895824436,-1.29362770952527,1.37154849470275,-0.968834918400135,-1.04115002085075,-1.61477437086271,0.609805363782479,-1.38393317147842,-0.217881890476091
0,1.12006834196658,0,0,1,1,1,0,1,1,1,1,0,0.159050151582824,0.303721269452505,-0.0211082043607626,-0.444688501817636,-1.58740928917621,-0.54339421521005,0.801299839422302,-1.46092233654049,-0.551935386426811
1,0.192078034429377,0,0,0,0,1,0,0,1,0,0,0,-0.0391561548755978,-0.195956730622179,-1.95803178054829,0.736921543769003,0.95155432269485,0.707768003053005,-0.161138807293789,-1.67505140874229,-0.196211437198931
0,0.135248423263045,1,0,0,1,0,1,1,0,1,1,0,-1.77773905744598,0.130169820679238,-0.781701258505924,-1.91484209732025,-1.56371303834566,1.17381894755548,0.391473303457175,-0.845096867237848,0.177523456795459
0,2.63790361335997,1,1,0,1,0,1,1,1,0,0,0,-0.0862583098380899,0.629740621496303,-0.221139241369506,-0.364661143954295,0.382828415061894,-0.507202456218649,-0.81317361169395,0.252099847421583,2.60412247723787
0,-0.319895970711027,1,1,1,0,0,1,0,1,0,1,1,-1.66220940927844,0.287320029549501,-0.823915101172037,0.0966864236463542,0.0206336610278184,1.10035121894367,0.0538442773130858,0.27669296378961,-1.20389645485817
1,0.298272389796065,1,0,1,1,0,1,0,1,1,0,1,0.5667239467106,-0.885898296480686,-2.48803496733131,0.467180915437489,0.597010590698482,-1.34684492843124,0.381698353001761,0.950658882955357,0.178649783649873
1,-0.380382124630305,0,0,0,0,1,0,1,1,0,1,0,0.923883400981949,-0.771161185471568,-2.22372919645426,-0.893978232637747,0.798588697495592,0.127886920871517,-0.346718402820513,-0.404534220964276,-1.1390918316437
1,-0.0385200064650149,0,0,1,0,1,0,1,1,1,0,1,0.508861830009528,1.8785564529151,-0.179997733591501,1.08185744281177,0.231877991923912,2.06118618482043,1.41216082918174,1.38819832013161,-0.862585571263158
1,-3.01182632393357,0,1,0,0,0,0,1,1,0,0,1,1.03696401931378,-1.49004278998971,-0.559332600501077,0.726710059229225,0.160525233786606,0.158538582930545,1.47498151570838,0.686447607154747,-0.842364929887545
0,1.31774402605208,1,0,0,1,1,1,0,1,1,0,1,0.963621604570719,0.0452974751568901,-0.624631818646653,-0.8972705947636,1.74819229332544,-1.10153157352907,0.271598709027076,1.17943669811047,1.07322343774237
1,0.881502762452284,0,0,1,1,0,1,0,1,1,1,1,-0.03313742813609,2.64045005412379,-0.0517179275947609,-0.894761932141038,0.149738536043048,1.08137811490768,-1.06055240699209,0.290341593052609,-0.10256646676609
0,-0.484319162106969,1,1,1,1,0,1,0,1,1,0,0,0.640482454952332,-0.751779936208064,0.315164035201029,0.45992161937771,0.23934296285872,-1.18410186031536,-0.858528852979352,0.225352402786705,-0.676392586799053
0,0.862529349730589,0,0,0,1,0,1,1,0,0,0,0,-1.05760722875961,0.21038869430896,-0.566477206723643,-0.726155287851409,-1.30872747322494,-0.19822921170968,-0.780846139137637,-1.30763148150036,1.04447304695204
0,0.62636361264389,0,0,0,1,0,1,1,1,0,1,1,1.12991055873623,-1.0635798099256,0.0518614046362466,-1.5053932055581,-0.60390470909237,-0.869153789637373,-0.812177333343443,0.37462933112008,0.986587317175075
0,0.225926789972826,1,1,1,0,0,0,0,0,0,0,0,-0.271347156491677,1.67683718044617,-0.728004831788032,-0.950912939962858,1.39570328641417,-0.966987179357079,0.596450971647866,-2.97154162830963,-1.6146277344883
1,-2.35248302070269,0,1,0,0,0,0,0,0,0,1,0,-1.709068718345,0.186633105096527,0.0145866999032919,0.58585158320539,0.896896723285034,-0.848061649421941,-0.731947146928485,0.245383126345619,0.036479422565115
0,0.921853293472936,0,1,0,0,1,1,1,1,1,0,0,0.819965062716813,0.899607466276742,0.94444344865675,0.573715148763637,0.307067536095765,0.982729059146441,0.0342726249052329,0.506839556685771,0.243690340699384
0,0.722951637117815,0,0,1,1,0,0,0,1,0,0,0,-0.366533853890533,-0.860314406418945,0.434758119381739,-1.62073021352756,0.0434255657940769,-1.13464752444764,-1.55449855943239,-1.47882691215311,0.4127232122964
1,2.35777996892209,1,0,0,0,1,1,1,1,1,0,0,-1.1494877325092,1.215544995751,-0.563486538135762,-1.27547885245215,0.185776923576842,2.37400134842147,-1.2900165588384,1.66480780671976,-1.34698659258976
0,-0.0594598230820389,0,0,0,1,0,1,1,0,1,0,1,1.28677757572848,-0.339892547488024,0.00916377597492452,-0.73621987088648,1.19740934081788,-0.658839452948445,-0.359173329377837,-0.135980492196825,0.0408536424209049
0,0.830332944558705,1,1,1,1,1,1,1,1,0,0,1,-0.65941120572313,1.5166834030255,0.971172436124104,1.54662208670558,-0.118797963765594,0.952427504938387,-1.40786359350179,0.588267241866792,0.444415895985118
1,-1.54405843781612,0,0,0,1,1,1,1,0,1,0,1,-0.474233957098824,-0.106148157637765,0.794240938257507,0.246052317214882,-2.46249296753253,-1.77366306855815,0.212398546621438,0.763746525505045,-0.772015548784665
0,3.00021527199524,1,0,1,0,1,0,1,0,0,1,1,-0.316102242352437,0.34912058698266,2.43663574865739,-0.470744766616606,-0.557255710292644,-0.501164337937442,1.02385127028531,-2.11950663364149,0.555404793217055
1,1.06216490874072,1,0,0,1,1,1,0,0,1,0,0,-0.943021058142462,-0.6252687340127,-0.774814062076494,0.187629718336878,0.267536816890857,0.26854408436837,-0.479023923920315,1.53671859664642,1.4589988687607
1,0.0796908386853295,0,1,0,0,1,1,1,0,1,0,1,-1.89458683684089,-1.92915962873396,1.30187729334343,0.438285727169241,0.716129924263213,2.85171385197393,-1.39532300050587,0.802338348894035,-0.288622589217167
0,0.757095651924847,0,1,1,0,1,0,0,1,1,0,0,-0.0648330618513789,-0.0501060325220391,0.557472447863297,-0.642391448749065,0.717139282301974,-0.444975200939432,-1.40752031402554,0.530708346659448,0.343087606309564
0,-0.907057093704812,1,1,1,0,0,1,0,1,0,1,0,-2.31052107965997,1.16271714583773,-0.120896002272553,-0.618246533310768,-0.977220019976842,1.91170245812894,0.40954718387658,0.182057120998624,-0.999713853400032
1,0.356115216540863,0,0,1,0,0,1,0,0,1,0,0,0.768457874091537,-0.813731268357495,1.86132869884228,0.677194697619531,-0.0656491298646027,0.744298757280266,-1.63739099297928,0.313629397802617,-0.186954657011669
0,2.03507722858494,1,0,1,1,0,1,0,0,0,0,0,-0.717057021079863,-0.855234920997319,-0.989704816120719,-0.763834722531347,-0.90335284068941,-1.49268053769312,-1.31399494136066,0.476432291942209,-0.435497601688597
1,-0.670147159415294,0,0,1,1,0,0,0,1,1,1,0,2.62691784578665,-1.39346862556917,-0.383442125373379,0.219467866385157,-1.03788022136439,0.760501920466467,-1.37977115225696,-1.36246806862684,-0.478957823261927
0,0.964572541742597,1,1,0,1,1,1,1,0,0,1,1,1.69790081540213,2.97639246450774,-0.476625441423534,-0.482539162390868,0.486454799813259,1.18327884216106,-1.62445316448287,-0.108118034851839,-0.869462734170355
0,-1.17912031199041,1,1,0,0,1,0,1,0,1,1,0,-0.807072722298878,-0.401344926872268,0.954572718389213,0.125992062703549,-2.15206541023255,-1.18923748115818,-1.1536222166092,-1.67835680080397,0.864608635974072
1,0.542877005786323,0,0,1,0,1,1,1,0,0,0,0,1.40513787161902,-0.71918899726211,-1.10888022099634,0.172888819067627,-0.526433996193262,-0.910867034795137,0.0850664467204229,-0.414235306681217,0.351919043781859
0,1.02170230167814,0,1,0,0,1,0,0,1,1,0,1,-1.49443560146803,-0.105171828149336,-0.78344966757287,0.271364418369629,0.499280010060633,-0.375240237012091,0.765895260387945,0.88573661042615,-0.844037351002393
1,1.399201352771,1,1,1,0,1,1,0,1,1,0,1,-0.472828399441086,1.54669607807119,0.359136747820194,1.60113462909287,-0.952926742680808,0.667407785030134,-0.299220806934519,0.113448037474847,0.803470185312184
0,-0.175916181883312,1,1,1,1,0,0,1,0,0,1,1,0.309851354837223,-0.114742139440414,-0.589244952130385,0.524569786541362,-1.73957672520768,0.710072105695079,-0.549766103799635,-1.55794644005623,-0.0395909014023955
1,-0.62163986820616,0,1,0,1,0,1,1,0,0,0,1,-0.112866131831627,-0.247345682034567,0.768169550975604,1.57290591029323,-0.311071851941314,0.0138402552097047,-0.628655527239449,0.0265626670644371,0.279835273343951
0,0.835607896100388,1,1,0,1,0,1,0,0,1,0,0,-0.396667890745822,-1.44472027550281,-0.33169449630201,-0.0879969486366633,0.651195412704977,0.126281939259875,-1.24727498385678,1.80639198052249,-0.428607280220054
1,-0.336012910846244,0,1,1,0,0,1,1,0,1,1,0,-2.22627219672383,1.30525377447746,-1.39247740068701,1.55769021231419,0.0918320921305504,0.667986841506521,0.242377491979419,-0.321279829282148,-1.35244788247569
0,0.592238896713537,0,0,0,1,0,0,1,1,1,1,1,-0.329445382775804,1.67054944562498,-0.0805812507592395,-0.396565182923258,1.86150571186234,-0.746821659478452,0.500939749126963,1.07861123382823,-1.52105666687568
0,-0.189253534079028,1,0,0,1,0,1,0,0,1,0,1,1.92644749939208,0.158915312097696,0.144271460069019,0.324933581791392,0.450617549458171,0.43770567925896,1.54053223092378,-0.108217121933882,-0.718495659384008
1,-2.37736167515515,1,1,0,0,0,1,0,0,1,0,1,-0.0385326612107976,-0.866550479929901,0.77522590824768,-1.12615216211933,-1.22792467608466,-0.828297855598712,1.23762594654241,-0.0747266141858709,-1.13812294919342
1,-0.457399325062432,0,0,0,0,1,1,0,1,0,1,0,1.45402572232002,-0.573035896443987,0.468054721734573,-2.0865313141238,1.78479064692426,-0.4461587577997,-0.176636144931196,-0.759630805032886,-0.144294065675392
0,1.57096204381475,1,1,0,0,1,0,1,1,1,0,0,-0.301045374609873,0.807895585560484,-0.358980361875608,1.33967453355557,-1.42531588002881,0.319454936651026,-1.92371453720764,0.88278472320672,-1.67587263315468
0,-0.0523281052373188,0,0,1,1,0,1,0,0,1,0,1,-0.622258762270468,-1.01211950390692,-0.334351276907282,-1.17500408548362,-0.465243632610773,-0.593551735430603,0.566855862068799,1.30053012005036,-0.0681218444928929
0,0.863353292105399,1,0,1,0,1,0,1,1,1,1,0,1.60514423973974,0.996959153798492,0.416536519515048,1.20970127487194,0.72980445599278,-0.150412701110442,-1.07561513831229,-0.803475782811389,-1.32852052017912
1,-0.604758800062125,1,1,0,0,1,0,1,1,1,0,0,-0.0115835050205478,1.3538533727271,-0.586289855526536,-0.328093178858862,-0.145943508973384,0.655388132984184,1.03626648906152,-0.508130082165149,0.80049083909155
1,-0.886207598562853,1,1,1,0,0,1,0,0,1,0,1,0.61341071636204,-1.21706901940239,1.8911549928379,0.579066880667114,-1.05438574269305,-0.693162468739014,-0.389994877250989,-0.132515207603295,0.857841624601429
1,-0.130749618957897,0,1,1,1,1,0,0,1,1,0,1,-0.202210487492483,-0.597719705264042,-0.749738925666036,0.729175820372286,0.17832449858392,-1.24235353626483,1.26060272455075,-0.0309173645994687,1.67307246579621
0,-0.111733185867395,0,1,1,1,0,1,1,1,1,1,1,0.822915959720115,-0.53882722153745,-0.122191178856683,0.888154518168799,0.507697825655834,0.413874141362799,-0.153283508472374,-0.878905192471963,1.5998504969969
1,0.949920729985719,1,1,1,0,0,0,1,0,1,1,0,-0.130958990314274,-0.133966215218412,0.323160133492814,-0.21981374486205,-0.95419205273636,2.1676896030578,-1.48021797449831,0.940798562524323,2.47608595877147
1,-1.76869497516039,0,0,0,1,1,0,0,0,1,0,1,-0.103335370438264,-0.165810713034726,-0.915408080599585,0.843354665452549,0.143907835735546,-1.29126854388625,0.657965541462688,0.127595519862113,0.319511155612995
0,0.195802447199723,0,1,1,0,0,1,0,0,0,0,1,0.214482270234167,-0.256432859469279,-0.173538659265942,0.744601502418038,-0.251019326204376,-0.68513702353557,1.0499875721394,1.16178102757262,0.14891496045517
0,1.69143335776248,0,1,1,0,0,1,1,0,1,0,0,0.866595545684987,1.09890663667602,-1.73548022542935,-1.6754223828856,0.233824838212945,1.66109693481776,0.908416326073454,1.09456723094443,-0.347329530332262
1,0.064348329527982,1,1,0,1,0,0,0,0,1,1,1,-0.8678512699075,-0.0161542218318226,-0.195706251446526,1.86117294932412,0.880358355955971,-1.56769312531907,0.245774576288934,-1.14566625538703,-0.442899037549882
0,0.327957410903065,1,0,0,0,0,1,0,1,0,1,0,-0.619610233049376,0.865658012979895,-1.66952775576455,-0.0488763624061071,-1.36212372036843,0.0627276739204203,-0.361758894083238,0.50125365506916,-0.743521396291077
1,0.845363897269169,0,0,0,1,1,0,0,1,0,0,1,-0.55017644828184,0.310052311462941,-1.5308989215848,0.155076434505612,0.574521535078055,0.54021785746204,-0.0925307738676024,0.177284145235515,-2.83960831284488
0,-1.30270688468543,1,0,0,1,0,1,1,1,0,0,0,-0.835961265438443,0.72395875095712,1.33735793773813,-0.485060755356203,-0.937194316495963,0.247850476917424,-0.912174605935883,-0.930011071223628,-3.67916309367232
1,-0.804611220975095,0,1,1,1,1,0,0,0,0,0,0,-1.38226484103965,0.328942091408971,-0.467848704295775,0.070054041442432,-0.779103216640481,1.09800923122365,-0.250192467596825,-0.992370004666806,-1.83582858571248
1,-0.471059259249071,0,0,0,0,0,1,1,0,1,0,0,0.768094186387251,1.22764599723133,-0.188031287210474,-0.447573965470005,-0.873133258946057,0.377595021881098,1.2491047961849,1.37860806691412,0.101408911504065
1,0.297994329016311,0,1,1,0,1,1,0,0,1,0,0,0.31514750452172,0.683553209918303,0.396842363047663,-0.166586356210722,-0.0540203123128817,0.449808553981089,0.495826620380882,-0.287467080622354,-0.858749702185964
0,0.0842923113787868,1,0,0,0,0,1,1,0,1,1,1,0.746386648270363,-2.38132919697737,1.08122199400848,-0.984690021496279,0.0679620903241623,0.145537744535562,-0.344563223445724,-0.163697129148587,1.18707516918433
1,-0.080256749016944,0,0,0,1,0,0,1,0,0,1,0,-0.319082474304378,-0.691290652598041,0.116987152579679,1.19659763508651,2.52059019396255,1.12199088289724,-0.17623546793806,0.597930167213704,-1.4351296437667
0,-0.298058511973633,0,0,1,0,0,1,1,1,0,1,0,0.690928077541656,0.05328906408609,-0.758670472114717,-0.924191497779934,-3.35118715175965,0.353614927301606,0.476182763221121,0.576497234715607,-0.0883325552010652
0,1.19139238718717,0,1,1,1,0,0,1,1,1,0,0,-0.987635232635744,-0.358402797731953,-2.01786380188457,1.14894422042287,0.61526988235974,1.46882342582246,0.958808431288082,-0.258174248785835,-1.29081976337441
1,-0.805709674583596,1,1,1,1,0,0,1,1,1,0,0,-0.921520478631219,0.147033166700006,1.19597055988931,0.383894556162564,-0.755061952167458,-0.921159557577922,-0.433145220558958,-0.369140984913318,-0.585580525448525
0,0.346404682480001,0,1,0,0,1,1,1,1,1,0,0,-1.56196249388571,0.315007609643831,1.30909295452432,-0.657964498349175,0.829690265722452,-0.688572235187468,1.51359050110977,-1.85065345391842,-0.982573371498414
1,1.16834464362588,1,0,1,0,0,0,0,0,0,0,0,-2.16398522115415,-0.608042248490719,-0.210210129053395,-0.560202873301401,-0.0306807119286725,0.544914076462028,-0.327956876363444,-1.34489845966826,0.311448575209052
1,-0.868706454548242,0,1,0,0,1,1,1,1,1,0,0,-1.40009342124209,-0.565447161143189,2.29613746597229,0.406182641459778,-1.05190042638886,0.449418225232772,1.77056138686589,-0.0830041280897661,0.49150138820765
1,2.89864766741864,1,1,1,0,1,0,1,1,0,1,1,-2.09385508002078,-0.629581787732119,0.333577241195485,0.198236463521424,0.726130394630703,1.61462697349039,1.00643298378175,0.854132444060791,-0.958766064620563
1,-0.90820759114097,0,1,1,0,1,0,1,0,1,1,1,-0.746953110919477,-0.144417486150986,-1.74007145421261,-0.249595998431988,1.4156603506397,-1.331639290721,-0.542963432474253,0.206741256629323,-0.900815540299456
0,0.718037816391056,0,0,0,1,0,1,0,0,1,0,1,-0.10345605451101,0.00176012712879007,0.43692910038474,-0.0349056752125025,-0.892383370024414,-0.677699724539191,1.27994182635431,0.355613798277614,1.15267345438388
1,0.590815945497411,0,0,0,0,0,1,1,0,1,0,0,1.8716223351995,0.967575123329329,0.350709714933454,-0.0240108967926839,1.36652887456214,0.881330819837377,-0.466095616550737,-0.140358413855159,1.15337139028448
1,0.214791767232311,1,1,1,0,1,1,1,0,0,1,1,-1.13943101437703,0.507858717358863,-1.09972692253802,1.92465282226745,0.288077364738785,0.175420961330893,-1.20079422682188,1.3758483189807,-0.846464924628699
1,-0.103140163170517,0,1,1,0,0,0,0,0,1,0,1,-0.110991061290682,-0.998996923311399,1.34927430807888,1.6385693232952,0.421868966798961,-0.0549897728078268,-1.35291658938413,-0.423117373132002,1.33943280915392
0,-0.533370954999556,0,0,0,0,0,0,0,0,1,1,0,-0.250676943020291,-0.839815142918956,-1.58220031681383,2.0018985397692,-0.154653565063845,-0.414896741116471,-1.21514839390279,0.134070672294456,-0.0776752698473302
0,-0.863940672407094,1,0,1,1,0,0,0,1,1,1,0,0.195236103161413,-0.837123743613201,1.17122018754468,0.308462060552514,-0.229600534702463,0.526305831238432,0.034445398526926,0.063292396619243,0.461939352914054
0,0.407084268286662,1,0,0,1,0,0,1,0,0,1,0,-0.513919080040865,0.165900937205285,1.44627682141629,-1.84154539859858,0.629851669453453,-0.206048426975809,-0.124250397288178,-1.24021559679128,1.67362720414748
1,0.318097467681446,0,1,0,0,0,1,1,1,1,0,1,-0.756272062623199,1.4987650252519,-0.389438312651755,1.41371869775401,-0.931396029947485,-1.8793989737726,-0.606240976270621,0.34981676835279,0.489000289239045
0,-0.734374798433352,1,1,1,1,0,1,1,1,0,0,1,0.314802035079859,0.712587897341325,-0.120510620237063,1.23676663036432,-0.260332844194472,1.76663565008666,-0.096753422454653,-0.221158567060744,0.0493772335157364
0,-0.794319284422016,1,0,0,0,0,0,0,1,0,0,1,-1.41826240981421,-0.500180558467701,-1.40029649272385,2.17696560187414,1.27277742946908,0.293272550802204,1.64571968732061,-0.351751825570876,-0.0808219369095308
0,-0.435678049663842,1,1,1,1,0,1,0,1,1,0,0,1.01136859983855,0.839055472264552,0.684458634365499,2.02862867183589,0.518274584004711,0.542914780284014,1.5577878635166,1.0879366206929,0.247835892238879
1,0.669688328788219,1,1,0,0,1,1,1,0,1,1,1,-0.296048629576066,-2.33484347449638,-1.39349740612202,0.394255345738003,0.274569190495972,0.728381407495793,0.714996875273553,0.163383746660559,1.3574424793944
0,0.338502942647471,0,1,1,1,1,0,0,0,1,0,1,-1.21574971584455,-0.364755579255818,-0.23940202679864,0.0213212979082133,-1.03674589682597,-0.0396557267785339,0.360457342661586,-1.23847196584749,0.248304104812987
1,0.190622606806368,0,1,1,1,0,1,0,0,1,1,1,-0.245109265821485,1.5798569646666,0.103339089633176,0.0642978548211673,0.698237479657507,1.06140033179571,-0.666761331202982,-2.09588724008932,-0.0616782458745465
1,-1.32232846140973,1,1,1,0,0,1,0,0,1,0,1,-0.567494491991893,0.907129258715594,2.19625454405891,-0.744537942787053,-0.071769141731959,-0.221555506323075,0.176183286769558,-0.0663499979052209,-0.916893285270464
1,-1.05061523553751,1,1,0,1,0,0,1,0,1,0,1,1.33915652719876,0.00850904898564241,-0.249785090527378,-0.395378727419216,-1.54500306885182,0.840770388521652,-2.18335751489354,0.277381887523435,-0.160570444027008
0,1.59830244440328,1,1,1,0,1,1,0,0,0,0,1,1.42109915417901,0.153651019333803,-0.403759430730505,0.0898977709515479,-0.516772608536701,-0.525210707892149,0.244207030200981,-1.90030151785666,-0.654067130549817
0,0.179869596236654,1,1,1,0,0,0,1,1,0,0,1,0.825180522355091,0.851068631708221,1.28405984881615,0.217812055780013,0.247753596388079,0.791762023342856,-1.68807264720503,-2.6882392078331,-1.45176923550554
0,-0.639518925049044,1,1,1,0,0,1,0,1,0,0,0,-1.86271491693674,1.58186679681209,0.501837707548963,1.59795873754369,0.0206567628721229,-0.0417586157341799,1.32316065193524,-0.356382505315681,-0.966419834369255
1,-1.12398049025837,0,1,1,0,1,1,0,0,0,0,0,-1.78448833286542,0.355511252164399,0.287674820461354,1.06918506454005,1.77654243572838,0.11531289025155,1.14111182168497,1.43269943173845,0.342727045910707
1,-1.45101589601537,0,0,0,1,0,0,1,1,1,0,1,-0.629561782288315,-1.85084729329216,-0.050991450347959,-1.51875784409651,1.23656366759713,-1.181099638558,-1.79094278799867,0.316926612796062,1.01284095691297
0,0.57916547385822,1,0,1,0,0,1,1,1,0,1,1,0.0273645114425938,1.86930256677726,-0.0952522258052285,-2.99448207905111,-0.7510160451047,0.411506219018042,-0.619612326299765,-1.12599246194421,0.769502415233859
0,-0.42217286008081,0,1,0,0,0,0,1,0,1,1,0,-0.441939779350385,0.546382057714684,-1.11312741297432,2.23965278197538,1.74936199383022,0.43716615577895,-1.71804777251515,2.56001191818705,-0.222755719210125
0,0.13821361631835,1,0,0,1,1,0,1,1,1,0,0,-0.800216976389042,-0.0757650473326062,1.05856225015213,-0.93494012724545,-0.106776856976369,0.347002221519899,0.591417208466401,-2.10994461113575,0.973509612478816
1,-0.244866941669773,1,1,0,0,0,0,0,0,1,1,1,0.216085099956297,0.399005371483877,0.295880084859727,0.875273797963136,-1.19112697297272,-0.183349647861855,-0.980073534643955,-0.877017362263129,-1.00615627296032
0,-0.730613851173219,0,0,1,1,1,1,1,0,0,1,1,-1.25237053923457,1.31866527523651,0.53596392815179,0.694262659594132,-0.853008587468217,-2.53261063746666,-0.769558301081079,-1.8311137735315,0.29863786725752
0,1.9477329345518,1,1,1,0,0,0,0,1,0,0,1,0.0841993507645847,-0.888043725358307,0.108042736070717,-1.87515855861957,-0.577190207618127,-0.751534052487336,-1.92592994206026,1.10912279597684,-1.50259610485697
0,-0.0896706786648563,1,1,1,0,1,0,1,1,0,0,1,-0.777113060256428,1.70720155888091,0.368058101398852,-0.966201244059127,1.46072293111102,-1.88638708221216,-1.2106398477915,-0.393182910598304,2.01032720985766
0,-1.69519621971895,0,0,0,0,1,1,1,0,0,1,1,-4.88873912355762e-05,0.769304537086266,-0.146896951462972,0.957115192851145,0.395870125175328,-1.22854252306242,0.191270933838723,0.739205541857558,0.989119089776164
0,0.282083291570918,0,0,1,0,0,1,1,0,1,0,1,0.311415191962477,-1.33948535588231,1.15905256722048,0.7137891483027,-0.19104258673659,0.580360012927677,-0.0458900978201214,-1.97093995064365,-0.556230853015063
0,-0.037196571353896,0,0,1,1,0,1,0,0,0,1,0,-0.625161706001878,0.560851269820454,-1.95500710593206,0.980912083525858,1.05727820950473,1.09388306292571,2.12551462414636,-1.71744683995145,-0.640791657220593
1,0.816137310028057,0,0,0,0,0,1,1,1,0,1,1,-0.108420933255699,-0.709886461976844,1.4617801493997,0.813735777448057,0.737729561622237,0.133266295781702,-0.0769667646229528,-1.27079484048882,-1.17497782284295
1,-0.522218661790732,0,0,1,0,0,0,0,0,1,0,0,0.476371234733014,-1.22223989491151,-1.32877854267642,1.05814714783353,1.90580056913364,0.848327224139119,-2.50865483301701,-0.686214305874504,-1.02351763529858
1,-0.942693658041353,0,1,1,0,1,0,1,1,0,1,0,-1.23906764528935,-0.0909895019386802,1.5128753959374,1.84146449060993,1.38077844812692,-0.633778115658339,0.601984078432891,0.280628214472407,-0.195191320160236
1,-1.53101825264483,1,1,1,1,1,0,1,1,0,0,1,0.29121821879336,-1.64266527688313,0.412825012474351,-0.798264420037858,0.788062517826709,-1.1456174414418,0.157437592767376,0.465988060037542,-0.99735296181659
1,0.450273412544694,0,1,0,1,0,0,1,1,1,1,1,-0.50038124494461,-1.52879859393131,-0.476776698690272,-0.0998870630952804,-0.25960781431105,-0.526858156868049,-1.40762901859898,1.30129092719299,-1.49431647305716
0,-1.75701497158452,0,1,0,1,1,1,1,0,1,1,1,-2.49678694566484,0.619691230312686,0.00440798482366106,0.365426163669487,1.97628894515768,0.769270374354263,1.18398229241823,1.03574836862636,0.150205642879303
1,-1.62646949111606,0,0,1,0,1,1,1,1,1,0,0,1.64961043611265,-0.364872800433421,-0.0262352501030756,-0.738132348395189,0.205017404132324,0.828826036439163,1.23976583265258,-0.342716091388609,-0.61602177029298
0,-0.72270436326244,1,1,0,0,1,1,1,1,1,1,1,0.797716201151375,-1.65857264853766,0.278256749541097,-0.897523514997323,-1.7370667618455,0.17569274242456,-0.114335624422669,0.694612531071678,1.37923679684246
0,1.36343341981808,0,0,1,1,1,0,0,0,1,0,0,-0.535388906881533,-0.625002623438782,0.111645471397779,1.59126333895992,-1.65499716547783,-0.762788731532457,0.992562961829561,-0.366192470621204,1.90749284020371
0,0.460330909542805,0,1,1,1,0,0,1,0,1,0,1,-0.121807754114652,-2.49335321172449,1.04791628928138,2.01964316028617,-0.883439074048665,1.5228507250675,1.42610243805967,-0.787326177993022,2.21312235129261
0,-0.205755393076517,0,0,0,1,0,0,0,0,0,1,1,-1.71960820015997,0.295696751532524,-0.613294042632159,-2.91287319578803,1.19229739699093,-2.68847965322094,-1.05412543877889,-1.0761477312511,1.03556590619228
1,-0.162969087485329,0,1,0,0,0,1,1,0,1,1,0,-0.121695100632572,0.0452880936433728,-0.735449272299245,1.70063589651958,-0.584205912339009,0.557508713172413,-0.583584202553374,-0.0383638378993539,0.406458805233774
1,-0.0667211763552547,0,0,1,0,0,1,1,0,0,0,1,-0.756748082068812,0.7726987079477,-0.0320992349574132,-0.726934599670522,-0.650390006182855,0.507039518566896,0.377717879838327,-1.41199205659068,-0.15005912171335
0,0.263397448203332,0,0,1,1,1,1,0,0,1,1,1,-0.416770293034885,-0.739303735935129,0.733127263051619,-0.109619993365778,0.351308925198794,-2.833373882226,0.37465898280464,0.071907925260179,-1.99833814652139
0,-0.489981721048017,0,0,1,0,1,1,0,0,0,1,0,-0.551793582213944,0.515637495870482,0.391951702104237,0.720886170918843,-2.23570347692387,1.73625738246048,0.507743737836631,-2.0397258151775,2.65021895664093
1,0.556455788341956,0,0,1,1,0,1,0,1,0,0,1,0.610646489514798,-1.34693695821582,-0.78808867878199,-0.275586483210234,-0.322062310039403,0.947901480384909,-1.00780508878277,-1.77029530176971,0.288891699165899
0,-0.933592726181969,1,1,0,0,1,0,1,1,1,1,1,0.610126558217619,1.35479067656045,0.0770782616981245,-0.18831501758155,0.481975725472739,0.836289046757641,0.589170846395905,0.295800630927406,0.793110583208944
0,-0.0582015913512427,0,1,0,0,0,0,0,0,0,0,1,-1.32267180002597,-0.479780966652417,0.629651431924649,1.51607081628871,0.412418459474865,0.270957702485502,-0.492701539007278,-0.715856214944305,-0.215030116715273
1,-0.181805241216962,0,0,0,1,0,1,1,1,0,1,1,-1.20159538882853,0.0866252293479895,0.929994997028761,-0.0729945908350059,-1.8119250876166,0.557746655315198,0.570542872034148,-0.238739991651593,0.458896956618577
1,-1.24028245304677,0,0,1,1,1,0,0,1,1,0,0,0.532678266427521,-0.516342179517698,-1.17305700968281,0.0525798638098895,-0.0877895431240943,1.32680722595611,0.097260945719474,-0.153910991194098,-0.654472644853031
0,-0.142578783625221,1,0,0,0,1,1,1,1,0,0,1,-0.200967671502016,-1.21010018535224,-0.193003230377754,-0.561289085036024,-1.66480718894639,-0.0328220798012963,0.26370096078815,-0.713605928042001,0.933052162565656
0,0.0186412391571799,0,1,1,0,1,1,0,0,0,0,0,-0.474172261626423,0.0124855070519337,0.398963394414738,0.840022925198154,-0.656495939704121,1.11148405516555,0.960173922124732,-0.330522572633343,1.35069992146082
1,-0.487307036176889,0,1,1,1,1,0,1,0,0,0,0,0.81689217812495,0.342948612070311,0.109744013526596,0.795404401936296,-0.495368516555428,-1.87399489439493,-1.29275778987891,0.121572611940699,0.0634995980774395
1,-1.84765283980463,0,0,0,1,1,0,1,1,1,0,1,0.306522028483645,-0.000640675499476541,0.113402195840099,0.0277990629491286,1.06828231302849,0.0220066772384527,-0.290894214603959,-1.69686521192392,1.51204339772575
1,1.95082592832795,0,1,1,1,1,0,1,0,1,0,0,0.213227408767562,-0.302943672922295,-0.613729675528204,1.45636161946105,0.638512581566673,1.57339369114786,-0.731396100444281,0.00382865630628619,-0.681236626552796
0,-0.688145546713061,0,1,0,0,1,0,0,0,0,1,0,-2.50557144448923,-0.886121878639708,1.1101677763258,-0.0501435544597318,-0.35898544039809,0.559306594185106,0.170814935878615,-1.26833017137215,-0.816719347835483
1,-0.334864083944133,0,1,1,0,0,0,1,0,1,0,1,-1.06249782896475,0.856239507316115,0.0888459194565218,-0.233977789538769,-0.886582477645024,-1.11305630510243,-0.152315443102448,-0.47122256618989,-0.415948808884502
0,-0.319992683134007,1,0,0,1,0,1,1,0,1,0,0,-0.210818394108127,-1.5830929185395,0.313149839496477,0.103689082437489,-1.47985095792339,-0.107688482766576,1.89930365664494,-1.14917696984719,-0.1242231924021
0,-0.232197439516523,0,0,0,0,0,0,0,0,0,0,1,-0.512395888875418,1.33063426213776,-0.787314667674628,0.980755736276138,-0.69191832852658,-1.14796698669808,-1.59188575757819,-1.05830204570618,-0.534834176738108
1,-1.1411107482968,0,1,0,1,1,1,1,1,0,0,1,0.244118681860734,0.356984580027627,-1.60307201774883,-1.52476684484931,0.418133354754565,-1.03789903409439,0.0363189141012033,-0.734692065644798,-0.04994606597178
0,2.02320864481091,0,1,1,0,0,0,1,0,1,1,0,1.73091585744306,-0.967269462346156,-1.21773818070491,-0.384255600125097,-0.170767451201727,-0.573316733663154,0.512780943959773,-0.717043762048074,0.290550612819637
1,-0.65521970004981,0,0,0,1,1,1,0,0,0,0,1,-3.05224319028912,-0.35396208089906,1.76814722833013,0.251100241266359,-1.35550320647817,-1.69791362298773,-0.751656761143253,0.329849016871385,-0.829815085258252
1,1.45803455418277,1,0,1,1,1,1,0,1,0,0,0,1.301187598464,-1.23536417336841,-1.64588059211282,0.0400571690087469,0.963946464278546,1.93524631026545,-1.24301161658482,-1.89600139602822,-1.12046282123274
0,0.242792030734307,0,1,0,0,1,0,0,1,1,0,1,2.17314933544391,-0.838161940479431,0.314041109851393,2.100844460546,0.827303009002056,0.96319298002443,1.85062828234645,-0.0997937861169215,0.628790915568243
1,0.364486326251249,0,0,1,1,0,1,0,0,0,0,0,0.28247549603371,0.25239850915032,-0.0582455468368973,0.377941871496032,-0.0619802921087815,-0.650731063899654,2.79968640468425,0.50480410667809,0.795875402388773
0,1.09355131526605,0,0,0,0,1,0,1,0,0,1,0,-0.632717461778757,0.14524438846918,-1.00644246898637,-1.20803451948494,-0.611865919986461,1.64049406405889,0.1854176028037,-0.283954683058178,1.054370407292
0,-1.17229909982417,0,1,0,0,1,1,0,0,0,1,1,-0.188896903827512,-0.0175912785765966,0.673460699621734,0.635803533912311,-1.93334539774649,-0.708907368380105,-0.117662763740894,0.11726740168396,-0.0173410463137603
0,0.363873691738984,0,0,1,1,0,1,0,1,0,1,0,-0.786923876321537,1.33963077834506,-0.647154872992286,-2.18324527320181,0.141050473228366,0.856427930804164,-0.732737759465729,-0.365464701514447,1.43725722348799
1,-1.1478894294524,0,0,1,1,1,1,1,1,1,0,0,-0.781004283144351,0.915003199417544,0.336063486339234,-0.100803140384799,-0.449179346213339,-0.877087122320042,-0.636934724846499,0.366840188133914,0.668195981680941
0,1.29983473225951,0,0,0,0,1,0,1,1,0,0,1,1.64383964066229,1.15347023077689,1.19399988495584,-0.878302467085014,0.640112210749613,-0.0442275475543538,-0.311386613548488,-1.90189972726854,-1.36441249255474
1,0.874668654796288,0,1,1,1,1,0,1,0,1,1,0,-0.305046960220953,1.25669861217596,-0.184313569264317,1.15646184844017,1.31335591114128,3.23586074834036,-0.262580251492009,-0.2086987392207,0.839664775892177
0,-0.0796516820305336,1,0,1,0,1,0,1,0,1,0,0,-1.74664445928532,-0.0765016694118056,1.32778381735774,0.98127454222327,1.19795873891076,2.47443431914595,0.401560095334739,0.0529122641367434,-0.53399001625211
1,1.62873528691875,0,0,1,0,0,0,0,0,1,0,0,-0.572690764961129,1.92716054841675,0.603423428922019,-0.597445477366456,2.33310652885861,0.929214968995153,-1.13968127853845,-0.999718158779852,-0.981573342441217
0,0.318670134417119,0,0,0,1,1,0,0,0,0,0,1,-0.659005483641653,0.10330245581385,-0.352975291744015,-1.03120332261286,-0.695432672324473,-0.623269957639347,1.84647521968153,-0.208157291478731,1.69918300226295
1,-0.627564272565395,0,1,1,0,0,1,1,1,1,0,1,-0.676841282296512,1.52811754982442,-1.16282549128318,-0.194170071726678,-0.778167410825371,0.714195756076454,-0.406019607685835,0.845426073819889,-0.649332172569759
0,0.219472934243728,0,1,1,1,1,1,0,0,1,1,0,-0.201192844757744,-0.990313030745152,0.131059931730793,-0.664974320863428,-0.561928155196565,-0.432190254835347,0.192158717387984,0.804251091164999,1.44259656380167
1,-1.59096642515558,1,0,0,0,0,0,1,0,1,1,1,-0.162055657027502,1.10896516759622,-1.01739657208125,1.1335248050845,1.22874797549189,-1.29145583331855,-0.0111922014460976,0.599953414520615,-0.336154361395137
0,-0.808799698878233,0,0,0,0,0,0,1,0,1,0,1,-0.750835246947301,-1.38317375743482,-0.621535129158074,0.454917726451607,0.56522938200059,0.577576301545372,0.642531354004941,0.611518014080641,0.566715914503944
0,0.867368367074942,0,0,0,0,1,1,0,0,0,0,1,0.539163062372694,0.399463024413255,0.207279177290219,-1.17765770016842,1.35960647249767,-0.113726722975027,0.422101957331307,1.03706486483154,0.126636232638674
0,0.133861459696957,0,1,1,0,1,1,1,1,0,1,0,-0.80128582278852,-1.77180398361664,0.676503773909959,-0.512444391831839,-0.238275608507761,-0.000187365649131232,0.348773494961591,-0.611716433114693,0.630361750113792
1,0.0791868396895134,1,1,1,0,0,1,1,1,0,0,1,0.800243009479848,-0.927968495463207,0.255161368324793,-1.36003567266127,-0.771296773389095,-0.716395456890353,1.10467012986865,0.431254218606496,-0.0125061512495382
0,-1.01930120352735,0,1,1,1,0,1,1,0,1,0,1,-1.101164369898,0.383259799086984,-1.29174364882514,-1.04128375049652,1.48242098893519,1.11160528309944,0.252122522428204,-1.40461454145197,0.651555042715292
1,-0.403669842311775,0,0,0,1,0,1,0,1,1,0,0,-0.866643376701044,-0.80809188760534,0.484232213733208,-0.843129054018032,0.407948788410676,0.767076942062983,-0.980303944919686,-0.285313364743806,0.597534743716656
1,0.652471615824769,0,1,0,1,0,1,1,0,1,0,1,0.247826016063701,0.57942118828728,0.717492142077426,1.34320916218144,-0.0720838983031974,2.0503894353758,0.924158425628636,-0.452091098687073,0.924294738017664
0,0.15006256764953,1,1,0,1,1,0,1,0,1,0,1,-0.357895574314009,-1.41329577494347,0.837863000604034,0.607762334205752,0.662577169988509,-1.38463634239409,0.917869768649795,-0.770543966677487,1.75938017462417
0,-0.918799773926255,0,0,0,0,0,1,0,1,0,0,0,-0.683521563111963,0.70429281863872,0.576429299229182,0.0987379606555304,-0.55127220184507,-0.71418558666995,0.61267396358905,1.34193981118361,-0.123193264091424
0,0.633113361352579,0,0,0,0,1,0,1,0,1,1,1,1.11807405371323,-0.634177461923055,1.05681802439031,0.396751356265598,-0.676192044492476,0.718652649117475,-0.596310329180754,-0.731306230597628,0.66939256913349
1,0.546673189288368,0,0,1,0,0,0,1,0,1,0,1,1.20311428743882,-0.517806753273438,-1.24620136409634,-1.50286136136334,0.570871902445076,0.311412550565715,-1.15469180145002,1.0539201024688,2.32593753982812
1,1.36046569698612,0,0,0,1,1,1,1,1,1,0,1,0.155515779514855,-0.641321564415221,-0.686784890062187,0.161447450230917,0.943820273399029,0.0523723539688791,-0.983613924563113,-2.000809617624,-1.77535444974437
1,1.12465867214634,1,0,1,0,1,0,1,1,1,1,0,2.11086930780939,0.307468760039423,-0.321903498988751,-0.624784753024584,-1.8306340544126,-1.30815873588833,0.174388714962364,-1.60266111273858,-1.1750235276784
1,-0.473026006721459,0,1,1,1,0,0,0,0,1,0,0,1.56302449764688,1.25527006732133,1.09131122889084,0.168937223048489,0.480527507333562,0.742754147082909,-0.325379073645424,-0.661063492126917,0.273592254053171
0,-1.27932079972244,0,1,0,0,0,1,1,0,0,1,1,-0.524414224496799,-0.921425496791419,-0.0477665629815795,0.392877197143424,0.704219926173921,2.51056280991014,2.09498815080708,1.23998151203695,0.467228541426305
1,-0.856108480093381,1,1,0,1,1,0,1,1,0,1,0,-0.642840497460776,0.198215050885869,-0.49018444801103,0.581403529982007,0.140563704188364,-0.59755228563483,0.0881608434851925,0.293027261564077,-0.20637232776075
1,0.0927986914637599,0,0,0,1,0,0,1,1,0,1,0,-0.692124824160952,-0.796520614233013,1.71506958800962,1.34515032846126,1.34771319082232,0.330055106922357,0.164064184277334,1.43737605094747,-0.330538196162049
1,0.236048757749643,0,1,0,0,1,0,1,0,0,0,1,0.441537422082859,0.910120513815003,0.97153731676943,-0.281306066261545,0.882640799400043,-0.792548331361088,-0.0405583605948924,0.54298372133189,-1.09341332938182
1,-0.0674167293957858,0,0,1,1,1,1,1,1,0,1,0,-1.24343392592655,2.45896778949037,-1.92716762139932,0.349765654934873,0.496435589279222,0.281824192695162,-0.441402233037552,1.85368263498236,-0.187708304952528
0,-0.293111418634174,1,1,0,0,0,1,1,1,0,0,1,1.27050057023274,2.04146317959015,0.133087545398013,-0.693879861756892,0.746491160206249,-0.717888741639579,1.68466109983357,-0.88092444818442,1.59399225177606
0,0.647857576096003,1,0,1,1,1,1,0,0,1,0,0,0.628482315668423,-1.19436745273382,0.201689765119788,1.40208578380411,-0.0766005812180342,-0.577193267332579,-0.869012047823449,0.150390136095891,1.51493838885696
1,0.975198585138546,1,0,0,1,0,0,1,0,1,1,0,0.289730389019556,0.89073524847338,1.13657635008874,-0.163708867603032,1.62485827776948,0.700696025003534,-0.441338042272823,-1.42840920567311,0.0575429905530353
1,-1.97018157085403,1,0,0,0,1,0,1,1,1,0,0,1.52049542669925,0.22126402018716,-0.493984797940771,0.856058142407656,1.26950505682249,-0.0795093915624854,-1.47815585966397,-1.01234983759872,-1.12121464528538
0,0.750110609546777,1,1,1,0,1,0,0,1,0,1,0,-0.16636439459984,-0.507416444350229,-0.563678383665492,-0.0702514556639424,-0.443235898134434,-0.668237151282436,0.330912366449089,-0.156753973174407,-0.431488333074632
1,-1.03526327532572,0,0,0,1,0,1,0,1,1,1,0,0.03589649289238,-0.0355521591690641,0.952962828514839,1.02925831329487,-0.846018087773432,0.939834533551772,-0.881886213865385,0.407038452899721,-1.22960698706236
0,0.613190087138751,0,0,1,0,1,0,0,1,1,1,0,0.179323876904355,-2.39562375911658,-0.657911086110009,0.290713165734529,1.56552763346102,0.106893166583677,-2.58315385833175,-1.20642088470453,-0.636938213253078
1,-0.144181495257403,1,0,1,1,1,1,1,0,1,0,0,0.06244496234745,-0.872999372572231,1.98074048227606,-0.942736602370567,-0.523615670873262,1.03230212263328,0.352609208112503,2.26068405413029,0.563422899179436
0,1.05671857640389,0,1,0,0,1,1,0,0,1,0,0,0.255321184640527,-0.978329477320618,-0.00695256256135273,-0.48393303981912,1.84363284304712,1.03275111150125,0.38873897655236,-1.31804030863632,0.703323520290829
0,0.170704723278088,0,1,0,0,1,1,1,0,1,1,0,-1.81289377718858,-0.293907708123626,1.42189499303918,-0.96246291755921,0.529085925743854,0.844820571729596,-1.64571472697994,-0.248528931440379,1.08176042113209
0,-0.011432294653632,1,1,0,1,0,0,1,0,0,1,0,1.22902055238528,-0.199811585046551,1.84249066486665,-0.43473169920733,1.57104660876613,0.599185033529562,0.729630991512604,0.151886375821413,-1.20544382334376
0,0.920052252586743,1,0,0,0,1,1,1,1,0,0,1,1.23356834491008,0.882595615611154,-0.848550378761606,0.738431608251668,-1.28552313270001,0.439333378998472,1.33503755801424,1.07680408918374,1.3714319667492
0,-1.14069196800925,0,0,1,0,0,1,1,1,1,0,1,-0.717498813046969,0.144232619320075,-2.32968686941165,1.06690207196533,-1.43525027495003,1.77489849464656,-0.0868598040407387,1.57079017751542,-2.06828010256491
0,-1.44694524741591,0,1,0,1,1,0,1,0,1,0,1,0.664012508583172,0.9421881484544,0.550539813820666,0.614082135181405,-0.837826273187546,-0.194946862570844,0.770060963197774,0.341866319377777,-0.371113998835473
1,-0.127221136138685,0,1,0,0,1,0,1,1,0,1,0,-0.308026228902995,-1.99014623624367,-0.318097564246702,1.30452921628854,-0.437115540948795,-1.01625420497644,-0.622046987174067,1.20532859673809,1.04509677084632
0,-3.21912374415784,0,1,1,0,1,0,0,1,1,0,1,0.217063775154131,-0.342527757766583,-0.419589546808258,-0.677778656587155,-0.411150910600293,0.32578040293535,0.483225508498436,-0.576128103685163,-0.319021560862222
1,-1.01084909854555,1,1,0,1,0,0,0,0,0,1,1,1.81442723258125,-0.789634091637989,-1.8977813890971,0.358229938419119,1.5226438795191,1.00414321743015,0.127513378754678,1.26636660962495,-0.0851172926237305
1,0.31311722783644,0,0,1,1,1,1,0,1,0,1,0,0.752723351625659,2.64907558675315,-0.73197679809949,-1.78639018177485,1.05706539540634,0.873193715884572,0.184284610253047,-0.621112802459352,1.01878567997892
0,0.355782196857521,0,0,1,0,0,1,1,1,0,0,0,1.23327211744889,1.12030986196281,1.76476358332981,0.341980854107262,0.331630098407168,-0.766256297743337,-1.02187239610344,-0.29959687726897,-0.374972096517343
0,-0.6425402220766,1,0,0,0,0,0,0,0,1,1,0,0.766274079589546,-0.64553896516138,-1.52651082090673,1.91680060130633,-0.376543651118288,-0.296534184636239,-1.16761007728712,-2.16849758181251,-1.34677201598032
1,-0.73387652625433,1,0,0,1,1,1,0,0,0,1,0,-1.10074546271669,-0.695079287227879,-1.38304734548979,-0.0442966152498926,0.239823726249569,-0.864113839746911,0.347496208630262,-0.44501753006646,-0.329636949019972
1,-0.0598625612186738,0,0,0,0,0,1,0,0,0,0,1,1.4608557946437,0.813252811881164,-0.435819612138474,-0.70147922427421,0.222359369776405,-0.111685079625651,1.30458331231493,1.20835780560842,1.05816774619141
0,0.260319584414487,0,0,1,0,1,0,0,0,1,0,0,-0.0274530703840999,-0.0326913262855145,-0.843852212712884,1.2888151047537,0.504754918991371,-0.100436794076,1.10871910708032,1.41335035126477,1.53436467245693
0,-0.176722669979238,1,1,0,1,1,1,1,0,0,0,1,0.600316698410052,1.1082104786835,0.506428070241193,-1.10491512294103,0.464759943993714,-0.782689443932111,-1.45845431231187,0.257380470359372,-0.873432864511329
1,-1.06413393631253,0,1,0,1,0,0,1,0,0,1,0,0.990631829295982,-0.473406824337743,-0.635931457529423,0.00936146541872646,-0.875280087254559,0.120906397474164,0.935949236394003,-0.416061986753354,-0.411621331511034
1,1.3349191025334,0,1,1,1,0,0,0,1,1,1,0,1.68199479137516,-0.730005741273976,2.12499254311755,0.116112212292449,-0.196882966665471,0.646084258627312,-2.4353291504914,1.79402624466751,-0.694331568467242
1,-0.447910058561832,1,0,0,1,1,0,1,1,1,1,1,1.33078369633392,-2.67276112409955,-1.38913608174139,0.587727075368499,0.0773321189891916,-0.288110265669728,-0.547343267187153,1.08628123728386,0.0933731189920429
0,-0.560237603559802,0,1,1,1,1,1,1,1,1,0,1,0.609978541462466,2.65973843381362,0.712254726288614,-1.0012364207158,1.06457365805852,0.579691759715229,-0.011571544855687,-0.876538741064779,1.784650453907
1,0.484514731487472,0,0,1,0,1,1,1,1,0,0,0,-0.149339925054611,-0.797286721909295,0.25488225451645,0.878643536523162,-1.08587379147761,0.129575992752817,-0.971168212999765,0.142888768738284,0.0117859749344262
0,0.260852467361702,0,1,0,1,0,1,1,1,1,0,0,-1.0711990493332,-0.119227998816643,0.141499930467085,-1.44175034974532,-0.913094581091916,-0.121621787093834,1.58246076247725,-0.559549062840735,-1.41652381588961
1,-0.260594687189891,0,1,0,0,0,0,0,0,0,0,0,1.32208042026513,0.0821475199869329,0.0212851271855833,1.30926161416519,0.196134022828713,-0.0356798370497162,0.381773756485302,0.190179219467773,-1.31209357233535
1,0.415775070400498,0,1,1,0,1,1,1,1,1,0,1,-0.757262838816152,-0.120633737717037,1.14478263952874,1.19388145304321,-1.81393625395864,1.7367310502297,-0.893565084866799,-0.179556310736744,-1.50679803133476
1,0.446733518967444,1,1,1,1,1,0,0,0,1,0,1,0.769947980645778,1.47569928532256,-0.908125177375903,0.768116665079336,1.67707618232618,0.591021899204874,0.876652730810396,-1.30682557856514,1.39204783547173
0,1.0957168324531,1,1,0,1,1,1,1,1,1,1,1,1.21099441657356,-0.461525124854901,-0.527640257958107,-1.01364282087865,-0.439114301395734,0.564998031827245,0.862420441029107,1.32776048387325,3.0272605292667
0,1.79822254258389,0,0,0,0,0,1,1,0,1,1,1,0.192593656513147,2.61420824014299,0.816472052583258,1.55845144260205,-0.753071395195199,1.69680688251576,0.0959816372520262,-0.498758076475144,0.312340383921983
0,0.0354265545488524,1,0,0,0,0,0,0,0,0,0,0,-0.367213083304043,1.26954377069887,0.632428110196842,1.76436691820868,2.19958194854118,0.0720071134673938,1.47091223283712,-0.365296928681502,-2.09910221716447
1,-0.231255016791794,1,0,1,0,0,0,0,1,0,1,1,-0.50914567630423,1.04997121428806,0.149949879872004,-0.932089945632108,-0.533032563168277,0.59026740013986,-0.242831570444775,-0.338274271801559,1.22631198547422
1,-0.781083026824468,1,1,1,0,0,0,0,1,1,0,0,0.159092742262758,-0.147550838212721,-1.61754324209304,0.196963041676649,0.376384859698731,-1.27534975828562,0.0517584989791391,0.538566119684916,0.95458297880277
0,-0.140241905352322,1,1,1,0,1,0,0,0,0,1,0,-2.00424064678216,0.54661189179172,0.233182117356532,-1.70428961093573,0.30675781424861,0.5729188664747,0.341925420236991,1.59281897586219,-0.859329908344801
1,-0.026388996444875,0,1,1,0,0,1,0,1,0,1,0,-1.38771029264452,0.380725711413168,-0.41054489717987,-2.97670155243749,0.235745616152776,-1.59971856661811,0.242222471312731,-0.627353782815439,-0.93491803270799
1,-1.43873842271894,1,0,1,1,1,0,0,1,1,1,1,0.745680539082235,0.840955190982265,-0.663688569028024,1.74171699138477,0.107521798075449,0.142097902645811,1.05633325240551,1.00759371950881,-1.12325740183955
1,1.28763054381763,1,0,1,0,0,1,0,0,0,1,1,0.77137111830791,1.02997725844661,0.673416551340599,-0.21440908407729,-1.76606603568614,-0.634163708813329,0.355501232952727,-0.283511056274442,-0.485756909441214
1,0.0211579900959094,0,0,0,0,0,0,0,1,1,1,0,-0.477821612898527,-0.65891890103774,-2.3566684383345,-1.39089441021134,-0.123667090490901,-0.303680149306891,0.607963642360749,-0.383526083862498,-0.127480315596827
1,-0.904016543330265,1,1,0,0,0,0,1,1,1,0,1,1.87145197211083,-0.954897316622498,-1.58780813562905,-0.734071503745795,-0.264953104630821,-0.0967427203332011,0.164600924876343,-0.187323714444383,0.690566888716213
0,0.641644621264718,0,1,1,1,1,0,1,0,0,0,1,-0.335557813776613,-0.744359074515377,-1.2460680125159,-0.976479711625724,0.804803419808585,2.21998799408613,-0.552429575059231,0.927770058089835,0.766786629644184
1,-0.161656167974558,0,1,1,0,1,1,1,0,1,0,0,-0.48208986848299,-0.02969473260479,-0.151833457747503,-0.345188624332076,0.247287164738308,-0.712803657019172,1.16245126734199,-0.859882610371546,-0.432570443526975
1,0.711180470535028,1,0,0,0,0,0,0,1,1,0,0,-1.49990437751444,-0.542992485992412,0.579555400345687,0.16486017005737,2.21188952403343,-0.198905500184534,-0.655514091445706,0.126659879754626,-0.180063783924813
0,1.12148036131251,0,1,1,0,0,0,1,1,0,0,1,-1.48130015867061,0.256856061123875,0.873868131072293,1.1078209641217,0.393565850366677,0.945112099565261,-1.04707445446694,-0.283761350218601,-0.897777532934935
1,0.180522072289856,1,0,1,0,1,1,1,0,1,1,0,-0.331890405964368,0.349202796186038,1.23004941964751,0.457734343317443,0.776922725237428,-0.761967717718806,0.466736761508369,2.5467509533033,2.06398328709496
0,0.337265648286324,0,0,1,0,0,1,1,1,1,0,0,-0.312652391956791,1.81424755096142,0.713000579365976,0.706733897247788,-0.379114526485441,-0.732320231038977,0.533394942176726,-0.379182376428776,-0.73084875328391
1,-1.01842170256716,1,1,0,0,0,1,0,1,0,0,1,-0.966370776391432,-0.105426038697417,0.816565506739916,1.09608785311701,0.340136586190599,0.666373192718779,-0.59680413480493,-1.39750427364919,0.00773439191094945
1,-0.859526736133092,1,1,1,0,0,1,1,0,1,1,1,0.183275142947751,0.601301774966894,-0.191345198615948,-0.410730433123081,-0.627825509883267,0.707969452452313,-0.194312736510466,0.744325618532561,-0.529146101050903
0,0.355879159354347,0,0,1,0,1,1,0,1,1,1,0,-0.479327661168251,0.654145482185394,-0.132038937777811,1.71610866194481,-0.195624294154516,0.0292567751730368,1.45885928229743,0.292609591106991,0.136830593476955
1,-0.523442061698893,1,1,0,1,1,1,0,0,1,1,0,-1.43304555289536,-1.03190150579506,1.40022802591268,-0.705845732266608,0.349196057834333,1.80812828933191,-0.294097582771042,-1.10568773592392,0.588409685204299
0,-1.40621345120286,0,0,0,0,0,0,1,0,1,1,0,-0.0876930883967492,-1.09308197794499,0.137406520128869,-1.37903797513155,0.224567992013688,-0.514835481427392,-0.759786483448063,0.922490932588624,0.796920590531248
1,-0.582771076534405,1,1,0,1,1,1,1,1,0,1,1,2.50782818722214,0.270120711307554,-0.310925463825035,1.24776388532005,0.635749640109313,0.407044234562217,-0.0572961864893982,0.848072108170869,0.376441014478202
1,0.0275694970129511,0,0,0,1,1,0,0,1,0,0,1,1.00459177914051,-1.96539824634089,0.643701624951508,-1.36415455372282,-0.476853265216647,0.876072584544527,-0.109015868147207,-0.221142534479637,-0.720018301086299
0,1.34024035364473,1,1,1,1,1,1,0,0,1,0,1,-1.552730117688,-0.107465368790149,0.40125886984865,-0.519034255536585,-1.1156692666985,1.57188233336772,-2.36173423440574,-0.750054084518979,0.299111985477875
0,-0.141459238968874,0,1,1,1,0,0,1,1,1,0,0,2.31063790244604,-0.108317941198102,1.5212804427643,0.456092163459856,0.909538643031346,1.15302803595193,-0.563665641278534,0.263936258272022,0.319319505054414
1,0.272515214589249,1,1,1,1,1,0,1,1,1,0,0,0.547442217430351,-1.02366395568088,0.779321743771096,-1.61924057678652,0.164260218540084,-0.934960956430857,0.315678710553416,-0.0596903286397764,0.405194938208803
1,-1.41437630899982,1,1,1,1,0,1,1,1,1,1,1,0.136117726364104,-1.11248396663244,-1.32353122084925,1.35236100165593,-2.34237989214189,0.331287626263961,-0.374807618181323,0.985096978599852,-1.44666783182745
1,1.16025224871805,1,1,0,0,1,1,0,1,1,0,0,0.844638263734573,-1.26686772638265,0.845879652565253,1.4571844734578,1.063295380485,-0.627556506549404,-0.8308736942229,0.581437360279948,-1.31161676796972
1,-0.0127432896720489,1,1,1,1,1,0,1,1,1,1,1,0.84729104211515,-0.0807527716164313,0.550469648472042,-0.154796639058727,0.199445081892687,0.218146625224045,-0.458797184955339,-0.628039264818234,0.402978834200674
1,1.4871698040908,1,1,1,0,0,0,0,1,1,1,1,-0.624907176273398,1.67676918685726,0.484192161257932,-1.68259481719992,0.620463354428092,0.449516286362668,-0.593529069572935,-0.70781994512241,-0.0301466703685842
0,-0.0664188699896853,0,1,0,0,1,0,0,1,0,1,0,-0.402329243035688,-0.675911131158586,-0.181866956281943,-0.496326697726976,0.593956250751048,-0.580735833374364,-0.136900490785925,-0.424261645001372,-0.32137485508211
1,0.122484147031284,0,1,1,1,0,1,1,1,0,0,1,1.77512663504268,-0.52227217680705,-1.29288710599279,0.305024682930259,0.32100215531327,-1.04855109898468,-0.351180773580518,0.63359512937932,-1.69347872144821
0,0.22603277263425,1,0,1,1,1,0,1,1,1,0,0,0.930352614056097,1.00400335685856,0.278509525258034,0.0245640714877897,-0.101835382218632,-1.91292279037163,0.37582600646391,-0.453905105076696,-1.46885479966998
0,0.403501444895592,0,1,1,1,0,1,0,0,1,1,0,-0.49921579708751,-1.01346409589561,1.78746662743167,0.578808204564234,-1.6455972031648,-0.0961167391591727,-0.541143917833391,0.531623957906979,-1.39130570820659
0,1.77698835650047,0,0,1,1,0,1,0,1,0,0,0,-0.57107794323547,-0.155755474685448,-0.930188654185668,0.820793437484467,-0.440715854547724,-0.994428560263675,0.963506226665844,-0.825050286226558,-0.599128236565489
0,0.331698146508248,1,0,1,1,1,1,1,0,1,0,1,-0.846833484551624,0.389672633844714,-0.0420836424042867,-1.62626034104416,0.184423584453973,1.33700988094451,-2.04471297044355,0.757788648287929,-1.84141226381895
1,-0.647512909064392,0,1,1,0,1,1,0,1,1,0,0,0.363939076197467,2.11218340795362,0.0134085013759934,-0.708167448145889,-0.614009470441554,0.547121848697501,-0.119134127959309,-0.091360749185995,-0.105871722609284
1,-0.813297134340252,1,0,1,0,0,0,0,1,1,0,0,0.660813246661297,3.19475090386174,1.00621753376945,-0.0459887549823272,-0.557775173148547,-1.02009630255413,0.995026247753371,1.6366285700139,0.729390503256669
1,-0.267344950071069,0,0,1,0,0,0,1,0,1,1,0,-0.153783231314737,-0.763605575630844,-2.03528161416263,0.0359858715821989,-1.60198695443948,0.505466634700841,2.01234739089557,0.911308246703071,0.336951338735784
0,0.164436936337563,1,0,0,0,0,1,1,1,0,1,0,-1.10003740031349,1.59546202221662,1.46235304958664,1.26852014304738,-0.231639985530574,-0.614281935249239,0.0907329714573547,-0.860056100741977,1.136728088889
1,-1.19067438306342,0,1,1,0,1,0,1,0,0,1,0,0.407413267934702,-0.636421521460591,-1.02102902647348,0.791454503660209,-0.35776377301932,2.50517608668494,0.196791218498965,-0.300332972155715,-1.17737003560237
1,-0.852649236698509,0,0,0,1,0,0,1,0,1,0,0,-0.638285611196258,-0.503901104827681,0.599118693058411,0.688067545457538,-1.41061982936936,1.16645874034269,-0.0856093439917664,0.0110052588784695,-1.9700376824088
1,-0.672400256387152,0,1,0,1,0,1,0,1,1,0,1,-1.59147440138523,2.04107056397445,0.965225510642526,0.96108067155166,-0.253900783175976,-1.27920640752809,0.579255806280283,-0.927618806172969,0.138975558281941
1,1.06639746911172,0,1,1,1,0,1,0,1,0,1,0,-1.02838645409051,1.06585140275121,-0.137590124721277,2.04452538657996,-1.59050618318434,0.758077384864674,-0.648549123993052,0.251417864123226,0.387625783433149
0,-2.06893957847968,0,1,1,0,0,0,0,1,1,0,0,-0.147380009638377,-0.0250679496026364,-1.60889340901169,-1.37486875408208,1.24924935498486,-0.901196593118116,-0.303484431220051,-0.321523832564424,0.620731263635548
1,-0.809548519835413,1,1,1,0,1,1,1,0,0,1,1,0.952992647411104,-1.42748643081964,0.0303212166405092,1.50830031351358,-1.59712283515755,-0.982533964527741,1.03350855549493,-0.242255374568738,0.61044923476592
1,0.198760226405247,1,1,0,1,1,0,0,1,0,1,1,0.525440905125921,0.564608356586341,-1.99471083210498,-0.312796670735191,-0.636594298590568,-0.493753705903209,-0.735553008618027,-0.376699263538424,-0.296556162475881
1,-1.20007196947245,1,1,0,1,1,1,1,1,0,0,1,2.18702715678334,0.55393432485218,0.349176940559428,-0.611787726082757,1.67479781426634,-0.0520820919205594,-1.57636942996314,-0.400934517881578,-0.569375048335016
1,-0.0187384436358858,0,1,0,0,1,1,0,1,1,1,0,-0.906530308304946,-0.206362688128546,1.960296946798,-1.13254674158734,-1.0820951238352,0.625637026349538,-0.793035306394295,1.68728274809578,-0.487539844898072
1,-0.625325258751216,0,0,1,0,1,1,1,1,1,0,0,-0.599619148600638,-0.256722393990421,-0.699362877533435,0.686911504603392,-0.82098890672579,-1.45517853218999,0.373770325923785,-0.265226649009489,-0.58334621775341
0,0.0304587288351999,0,1,0,0,1,1,0,0,0,0,0,0.292076564911914,-0.365596107876398,-0.719497831826818,0.940107863588642,-0.502349493862584,-0.19702224546459,0.928409184620726,-0.292484382260537,0.134825699855383
0,0.734138530959657,1,0,1,0,0,1,1,0,1,0,1,0.603758756120618,-0.151251594022216,2.3119602751491,1.08160702882935,0.759858028176088,-1.54417267813193,0.814803716362118,-1.78757847102965,1.55384845358569
1,0.748307733349708,1,1,0,1,1,1,1,1,1,0,1,-0.32931646773266,-0.801471072157061,-1.85326608930138,1.44785457653223,0.808190860776849,-0.570038132237588,0.441026374340921,0.83864224293863,0.655254853489397
0,-0.372371367775771,1,1,1,0,0,1,1,0,0,1,1,-0.974291744944702,0.655314002602429,3.1963712105611,2.16684883077312,0.066360487007145,-0.185562954749159,-0.0464534792278077,-1.74535789548009,0.602484415786743
1,0.545624786688838,1,0,0,0,0,0,1,0,1,1,0,-0.0131770129382901,-0.888437071923361,-0.453034493829172,1.56155274955188,0.805492161113677,0.480790136938511,1.53026324122083,-0.135756059013621,-0.746413686301782
1,-1.30697009856866,1,0,0,1,1,0,1,1,1,0,1,1.2168200687087,0.444451255444484,-0.107707452742307,-0.539113909367604,1.21210830292612,0.784005759096968,-1.09765082999214,-2.21882850793071,0.243492627850802
1,0.527086437841213,1,1,0,0,1,1,1,1,0,0,0,-2.01478357263644,1.13514054706154,-0.885211036687445,0.208444453685569,0.645241043479428,-0.624339047947077,-0.929767189101486,-0.9262361049053,-1.44029877674041
1,0.271112966017436,1,0,1,0,0,1,1,1,1,0,1,-0.525787209633772,-0.181929737481829,1.07154696031064,0.614219718030753,0.808872844744005,1.0947166901362,-0.692839710183257,0.738089825959065,-0.203071381634238
0,0.0276037802133135,1,1,1,1,1,0,0,0,1,0,0,-0.235562621524581,1.81976662356642,0.970908095624624,-0.951380861725193,-0.184382104344005,1.76807161209608,1.83057704140112,1.56065302176272,-0.16129786796817
0,1.12086713795812,0,0,1,0,0,0,1,1,0,1,0,-1.33629483292578,0.400380455541692,0.383780569469935,0.935569867475792,0.401139563564965,-1.32039090141115,-0.4369315396353,1.84485746114243,-0.0525400519777025
1,-1.20871169835856,1,1,1,1,0,1,0,1,1,0,0,-1.87101376806061,-0.287639704123116,0.739980975150163,-0.257882411054102,-0.584216238070248,-1.50265729457523,0.187557681945576,-0.913132986822713,-0.719077866909442
0,-1.59581465446612,0,0,0,0,1,1,0,1,1,1,1,-0.634918421405594,-0.0338891927080594,-0.297650394338019,0.0839137998937308,-1.24602706016944,-0.359014172815425,-0.811963359009698,-0.815628429042569,-0.641786079302387
0,1.07879531017118,0,0,1,1,1,1,1,0,0,1,1,1.34521570988632,0.234029509209459,-2.27265527769046,1.09212177845329,-0.713761711589542,-0.441052938369307,1.0742756160453,-1.90321202774988,0.368372587867723
1,-0.1947413391467,0,0,0,0,0,0,0,1,0,0,1,0.491692856126104,-0.572534599350755,0.0219657387560435,-0.447484527619094,-0.0960462287993544,1.01562339494765,-0.910158743267523,2.00932241379014,-0.339337216691046
1,-2.31224754437999,0,0,0,0,0,1,0,0,0,0,1,-0.74207286282231,0.320237282799323,-0.571487963487603,-0.71406678561687,-1.23721813082125,0.544088295407012,-0.358731551767612,1.07448617187166,0.115519813522911
1,-0.558857195237791,1,1,1,1,0,0,0,1,0,1,1,0.467852797730636,1.87758935757855,1.59493750210121,0.560378364057432,0.922673033566103,1.52105490679548,1.08382984927312,0.803118936585108,-1.01271404182481
0,-0.564875949230707,1,0,1,0,1,0,0,1,0,0,1,0.877043470459589,1.01237525268404,0.345300507715355,-1.23905786234477,-0.778554790837359,0.297307260183502,-0.867869462527295,-2.22711826213621,-0.0851867587595139
0,0.93401956546083,1,0,1,0,1,0,0,1,0,1,1,1.8765092231039,-0.54062393137765,-0.859966499059676,-0.0209841458210478,-0.241631888418107,1.36402548825001,-1.65303352821523,-1.35899494890542,1.79513636383913
1,-0.589193310435651,1,0,0,0,1,0,1,1,0,1,0,1.69882289668938,0.945664825455142,-0.297484237858201,-0.541231976047728,-1.71014674414031,-0.132467519290276,0.433031956005073,-0.985726861858556,-0.0906001905212513
1,0.288914717512178,1,0,1,0,0,1,1,1,1,1,0,0.980474230098454,0.0336252373346748,-0.0551114917996379,-0.750955288687483,-0.333804503286453,-1.63125299638103,0.860421079521171,-0.808770940319504,-0.293602588631913
1,0.0771173109357705,0,0,0,1,1,0,1,1,0,1,1,0.0885177142974416,-0.884102723124975,-0.0760204766226124,0.289705828346628,1.2600959353234,-0.675945131568881,0.281610045752723,-0.332187554224775,0.0116835356605316
0,0.315079836078273,1,0,0,0,1,1,1,0,0,1,0,-0.534327138210325,1.24882460801325,1.201209357585,-0.459022876723801,-0.298348092409855,-0.980822663139019,0.320578888576644,-0.134802964667639,-0.225721950037247
1,0.170435463152561,1,1,1,0,1,1,1,1,1,1,1,0.0283279419494124,0.471408511094851,-0.370213222633201,0.346692259736987,-0.70567338894421,-0.209190307956846,-0.759082310611521,-1.13092280635641,-0.511860255355986
0,-0.595896928745463,0,1,0,0,0,0,1,0,1,1,0,1.04371220059667,-1.23225209568805,0.321829378783741,0.678959470539756,-0.395285328821458,-0.578083487867226,-0.264995505086792,-1.00236781479166,-1.06533631028115
1,-1.09830600252281,0,1,0,0,1,1,1,1,0,1,0,0.776471524151987,0.0642146726717382,-1.01180482543989,0.00634512236841772,0.790796141592212,-0.968888438298877,-0.586848533648354,1.89413619797055,-0.647967936518385
1,0.0119663680711149,1,0,1,0,1,0,0,0,0,1,1,0.0623516578671135,-0.0178183771383951,-1.61946979089734,-0.742003363598912,0.583272303023245,1.64708433229042,-0.765421264549591,-0.852926606916059,1.29074162471104
1,-0.180547523907739,0,1,1,0,1,0,0,0,1,1,1,0.0832389192774596,-1.07114171654275,0.273950307297398,0.645630340681433,0.610122327085518,-1.63936109717925,2.10793466785213,-1.58173078987641,1.05945719922135
1,-0.801003943219169,1,1,1,0,0,1,1,1,0,1,0,0.0806866518156841,0.0448633962900948,-0.591361726824346,-0.683687734873044,-1.42743101645398,-0.102502418769321,-0.959903652691124,1.02310974233845,0.830259316150238
0,0.759330829921314,1,0,1,0,1,1,0,1,0,0,0,1.11458512246252,-1.09480594194024,-0.672327835767133,-1.0646468553565,-0.290418235442798,-1.31729752637016,1.13880811713644,-1.75819122819354,-0.0617446556806694
0,-0.185994493155383,0,0,1,1,1,1,1,0,1,0,0,0.620057718932575,-1.33439329376707,-0.029718122061223,-0.786385014239117,-0.144832565177031,-0.187202836235323,1.69943758831561,-1.53153863789713,2.11408570594721
0,0.0742096919363987,1,1,0,1,0,1,1,1,1,1,1,-1.03876417588362,0.279123079272526,0.831128675909223,-0.977326313999754,-0.075483714054572,-0.381401596490096,-0.353695739268616,1.583284866153,-0.700044014255424
1,-1.95633595580596,1,0,0,1,0,0,1,1,0,0,0,0.459141428580141,-0.265061889233476,-0.632605419556946,0.504999862054882,-0.0791621136328613,-1.420575756659,1.18163648399234,-0.409247113262249,1.09826414622574
1,0.440793573944651,1,1,0,0,1,1,1,0,1,0,0,-0.608076279202437,-0.356222342709988,-0.165313552328113,0.729491327959774,-0.996277243363902,1.1287590499391,0.167945888121894,1.47407669683965,-0.409674512167813
1,-0.331635142343444,0,0,0,0,1,1,0,0,1,1,1,1.44741816416143,1.05816564990844,-0.0707612661451872,1.35365606129347,-0.194390958905918,-0.0145733039996168,0.156890981450879,-0.145917838341522,-0.335248111463689
0,-1.19434903766073,1,0,1,1,1,0,1,1,1,1,1,-1.45379901835071,-0.135351707049556,1.52416998219833,1.4294397033792,1.39583482966335,0.338043787212173,1.86240171392622,0.484673002622501,0.630930740548599
0,1.14212693026231,1,1,0,1,0,0,1,1,1,1,1,-0.75650634538236,0.854139153662926,-0.941445676222601,-0.128623784504759,2.89287342303654,0.215258316136879,-0.105323145992371,0.078597098345416,0.298340638866379
1,-0.567522183906002,0,1,0,1,1,1,0,1,1,0,0,-0.942219400045889,1.48074157656992,1.75712393048912,-0.131202025038186,-0.375774986028986,0.404904141430911,-0.10727529910174,-0.92367153849033,0.108844690904329
1,-1.7263229216394,0,1,0,0,0,1,0,0,1,1,0,0.806055314466497,0.961193013124878,0.154891879447742,0.998520617765427,-0.622402997264239,-1.68491222241147,0.831152298060689,0.875340645749351,1.81850221483187
0,0.819908543861126,0,1,0,0,0,0,1,1,0,1,1,-0.0892015452947372,0.377827725939611,-0.382591881933338,1.38223553267884,-0.139082199058202,0.352454139080791,1.71211460184395,0.966005761346845,-0.142008263422551
0,0.44551026302587,0,0,0,1,0,1,1,1,0,1,1,-0.148001531558038,-1.51642914407348,-1.02695951147135,1.13255987180168,-0.663941902471326,0.168126221017039,0.548426947858611,-0.221034195782446,0.764740490404692
1,0.75300805500102,0,1,0,1,0,0,1,0,1,0,0,1.12679259621415,-0.254168408535972,-1.51910157748646,0.21921591981896,0.77396157901687,-0.25554279611812,-1.13181881519698,-1.35031578054954,-2.22008032576197
0,-0.699347614517936,1,1,1,1,1,1,1,0,1,1,0,0.976113324772949,-0.88715290970196,0.0546912587031525,-0.834463492397975,-0.676857490871103,0.354202137359951,-0.220394197344334,-0.0684768402522656,0.73581256783876
0,-0.545508550376754,0,0,0,1,0,0,0,0,0,0,1,-0.0475060314796221,-0.261925036382158,-1.31261032711474,-0.523958061649171,-0.73245849918176,0.619796093643603,-0.742897417177614,0.57824008880781,1.29377489456781
1,-0.407840125925913,0,1,1,1,0,0,0,0,0,1,1,-0.857629435743205,0.753202807105828,-0.515482757280502,-0.848640159688021,-0.789191862341434,1.3724227978554,-0.563281134211376,-1.25479203411427,-1.42553381289899
0,-0.335274863974563,0,0,1,1,0,0,0,0,1,1,1,-0.570642486107301,0.212038903955451,0.775494289654462,0.0531288712174536,-0.60570138996986,-0.517876198239553,0.733190014293775,0.847505947245723,-2.30186050568467
0,-0.0381664951009854,1,0,1,0,1,1,0,0,0,0,0,-0.806094533748012,0.384742546555321,0.913890213162895,0.845392798241052,-0.548097197559104,1.5379702870725,1.52869353556844,0.687276274014962,0.825802787172795
1,-1.06253107554177,1,0,1,0,1,0,0,0,1,1,0,0.141043487797025,1.0731045154388,2.39499058898068,-0.643405895462351,2.16451997198254,1.27138025413314,-2.11178215882124,-0.266994846532098,1.8641006862022
0,1.11128236832832,1,1,0,0,1,1,1,0,0,1,1,-0.791545353170324,-0.350251524566112,1.10458894967316,0.198636503078733,2.44418486939056,-0.257297636204251,-0.264836199485816,-1.50743619959241,1.49203939557665
0,-0.503557451301848,1,0,1,0,1,0,1,0,0,0,0,-0.385080306291877,-0.487336066556243,-1.73239496168557,-1.13902092322785,0.225457267749639,1.6273012560927,0.164682679972628,-2.80643137460002,-0.224777760002278
1,-0.497736257227397,1,1,0,0,0,0,0,0,0,1,0,-0.844824548227094,0.0758112441053352,0.412146425373971,0.447314613008803,1.17005268073967,1.72191068455882,0.601037387773528,-2.57728812337753,-0.189474521886503
0,-1.30625692681225,1,1,0,1,1,1,1,1,0,0,0,-0.942042533725436,-0.91407620137683,0.529834106145245,-0.594402246404918,-1.2102130475076,-1.84780942536485,-1.00432610459625,0.00297361768113334,1.47443226807163
0,-1.08408647852782,0,0,0,0,1,1,1,1,0,0,1,-0.786478901258379,-0.777953064361458,-0.68959030741996,1.14439150658027,-0.0500542107500237,-0.0613398308986755,1.0604754425295,-1.53150381557388,-0.376996683805701
0,0.533515188597794,0,0,1,0,1,1,1,0,1,1,1,0.523619665643548,-0.587186033480269,0.616120290729853,-0.196900083056509,-0.298913732714707,0.711144059987273,0.37533633311505,1.07124411009059,0.274480408877697
0,0.833937894760644,0,1,1,0,0,0,1,1,1,0,1,0.306317507262215,-0.263463342709861,0.406909047230136,-0.317672968055769,-0.9943191887459,0.559792739384304,0.249600816623304,-0.144805469962614,-0.0353303098868556
0,0.485694966294039,1,1,0,0,0,1,0,0,1,1,1,0.772256977800504,1.16486201614373,0.00697975432206544,-3.06849079360597,-1.05581446444225,0.29672922495538,-0.402366933900525,0.960400945783221,0.487958361248145
0,-0.672515275935544,1,0,1,1,0,1,1,0,0,1,0,-0.281236454435375,1.2853978852329,-1.71714094330403,0.359247362638255,0.429208292130688,0.782278132736778,2.33501291020123,0.0654680798475624,1.17711989399039
1,-0.457741398988786,0,1,1,1,0,1,1,1,1,0,1,-0.558816973157633,-0.5299787434991,1.4736550829956,1.21962465461094,0.642013927792384,-0.026248749313627,-1.55429887063681,-0.512163232393869,-0.365375524601671
0,-1.8309324548463,0,0,1,0,1,0,0,1,1,0,1,-1.34973919581409,0.249203968223439,-0.518634589644774,0.309718718634966,-0.700599644860356,0.358083654645762,-1.15612519008348,-0.961026487840493,-0.444607478350528
1,0.31069346994665,1,1,1,1,0,0,0,1,1,1,0,0.787358996373787,-0.530692194422271,0.128796186703827,0.305583850276901,0.385048022603059,-1.02667881235196,0.806192101392471,1.20281574360696,0.683446148484525
0,-0.00121476532650995,0,0,1,1,1,1,0,0,1,0,1,-2.21320330482633,-0.471765392062327,-0.368960174947095,0.650192638127681,-0.95081149357554,0.505517883531881,1.76381993323508,-1.7457131141151,-0.760619750955326
1,0.197974781796744,1,1,1,0,1,0,1,1,1,0,0,0.384274160541662,0.0140986320232204,-0.824943759175375,0.165707447259242,-0.413556120261348,-0.470440097564037,1.02239022490098,1.1346840578054,0.625370389227729
1,-1.71429229648427,1,0,1,1,0,1,0,0,0,1,0,1.30112171854676,-0.273224608595189,1.77940983816821,-0.713802919472494,2.93483029593108,-1.31118716114657,-1.17556490291564,-1.65445568781295,0.621383138516885
1,-0.286906367478995,1,1,0,0,1,1,0,1,1,1,1,2.75290328988229,-0.312384922182832,0.0319275775974552,-0.386223125589719,2.02316023009605,0.176811513627861,0.696168782333103,0.449431445748691,0.909322343689191
0,-0.883640024767111,1,1,1,0,1,1,1,0,0,0,1,0.0835370396852497,0.276476400542435,0.0820477426508794,-0.0110287602818839,0.119815812903306,-0.249881947142658,-0.145981089585814,-0.254458473635207,-0.239249887741266
0,1.44830035541779,0,1,1,0,1,0,1,0,0,1,1,-0.601178919627504,-1.17169862957045,-0.281996015775007,-1.26606627772576,1.07643175692804,-0.0303557251619975,0.644374512810292,-0.422166824372398,0.640980716820089
1,0.523819830268051,0,1,1,1,1,1,1,1,1,1,1,-1.50325552991927,0.187556095521169,0.061820488248914,0.442038884754016,0.39421390382193,-0.454303021190105,0.409769428168499,-0.295686041890013,0.769775673080908
0,-2.33951500049692,0,1,1,0,1,1,1,1,0,0,0,0.408190804753095,0.0204012310856367,0.876625456815495,0.852138401883243,-1.08404268841802,-0.0375299120166454,-1.51502361797053,0.752389979837062,1.28874756415932
1,-0.0721706762913573,1,1,1,1,0,0,1,0,0,0,1,1.48249616590581,-0.676588623489495,0.327330720068502,0.688645877196294,-2.17863937033324,0.559526296611083,0.993183150812663,0.723028674465515,-1.08665658211675
0,0.332311389270586,1,1,0,1,1,0,1,0,0,0,0,-1.27581353055106,-0.193828174640919,-0.593532339665738,-0.632917466166689,0.245076270712226,2.27966289426989,-0.868073684649358,0.0211478665630105,-0.572104516705631
0,0.847425791244755,1,0,0,1,0,1,1,1,1,1,1,-0.0931500645707029,0.96068027039228,1.05305828269307,0.165186662944346,-1.96997233304846,-0.351141470584661,1.80747601399273,0.0484643274702371,0.722053441499379
1,1.36678410633952,1,1,0,1,1,1,1,0,0,0,1,1.04333464241077,0.927553460299024,-0.646673891793323,1.00280226819804,-1.90754561767617,-0.756474432323769,0.614519615635102,1.50746071758405,1.30581101270174
0,-0.186872372660175,0,1,0,0,0,0,1,1,1,0,1,-0.331576111240317,0.960789181337857,0.0978519505012158,0.440250385467452,-0.174284710553475,-0.730968800391527,0.170773776119194,1.68942959069223,-0.27502802218392
1,1.17295015610632,1,1,1,0,0,1,0,0,0,1,0,-0.19167696931333,-1.26719556857789,0.0129568527949987,1.83199622265904,-1.6350510206216,1.46795416538037,0.263215106724138,2.5845125973906,-0.619934801588695
1,-0.503376289474708,0,0,1,0,0,0,1,1,0,0,0,0.17744126417113,-0.652803019023023,-0.113008805232741,-0.0638289062757753,-0.378635088569959,0.44950475301609,-1.02306014859508,0.470368249905622,1.17454470501924
0,-0.352644114038356,1,0,0,1,1,1,1,0,0,1,0,-0.300639250604659,1.53838649971224,1.59839019229713,0.0914746158941039,0.0720101744092938,-0.323791786198051,-1.21338149766008,2.12727488716818,0.665857454509671
0,-0.557776466511095,1,1,0,0,1,0,1,0,1,0,1,0.104847679322959,1.16952455012791,-1.68192943652846,-0.336052012316821,0.947471379668737,0.132535599756622,-1.38543717209038,0.995256579643567,0.40254678751722
0,-0.894150103230962,1,0,1,0,0,1,0,0,0,1,0,-1.21943227385068,0.539699969209789,-1.367921828474,-0.807595143247246,0.551020472184511,0.218647266273673,-2.26995886399707,-0.95458789807736,-0.424028764371623
1,0.0891986007093963,1,0,0,0,0,0,0,0,0,0,0,-0.00931032190730453,-1.93860835246668,-0.656026517845698,0.725032744994944,-0.352130953513183,0.449738720611529,1.22466192280634,0.318211328485807,-0.963354905104094
0,-1.54171883516342,1,0,1,1,1,0,0,1,0,1,1,-2.53326359642692,-0.0741101452342438,0.0167882251938345,2.05933367831911,0.807870817236003,-0.145482656024405,-0.515830954529277,-0.922459713669133,0.89916891956621
1,0.25443549480156,1,1,0,0,0,1,0,1,0,0,1,-0.225227551840848,-1.32133758976758,-1.09083486335394,2.20311509855435,-0.198609391857666,0.171211427641913,0.73519625872819,0.913531400821659,-0.357550897544829
1,-0.304537907970323,0,0,1,0,0,0,1,1,1,1,0,-0.201371793070941,0.423284602530342,0.24930113779424,-1.32123716646956,0.0520969666753987,0.103766127602307,-0.0100171202225162,-1.56054315154168,-1.50528922549991
1,-1.45193264716508,0,1,0,1,1,1,0,1,1,1,0,1.28430021225651,1.34950173948866,1.18128098184659,-0.945396468146228,0.780153839323929,-0.694510777905499,0.863043853530837,1.51270100927418,0.214762186161901
1,-0.171611313919571,1,0,1,0,0,1,0,0,1,0,0,-0.52848592873426,0.502115218493358,0.946397540575808,1.02412475536055,0.360721712656265,0.961154023422347,-1.26038933659626,0.263671524173065,0.156324611090124
0,1.5091427796413,1,1,0,0,1,1,0,0,1,0,1,-0.334458117367228,-1.84401243346362,-0.713725516718443,0.401314655803169,-0.0417862294590484,0.74665984345107,-0.633025900297494,-2.14642014446905,-0.62653102205107
1,0.233608378134114,1,1,0,1,0,1,0,0,1,1,1,-0.526738964505867,0.21533549340914,-1.24839219845302,1.72400674016594,-0.365243805308647,-0.690004411242578,-0.200194138952806,-0.584085625964748,-0.474443570032523
0,0.617869087688642,0,1,0,0,1,0,1,1,0,1,1,-0.144824821238841,2.31833366358327,-0.468497551620897,0.521101565408171,-0.440007316609782,-0.374136168219963,0.357324233250622,0.794558929800947,2.86323542938454
0,-2.0417656177483,0,1,1,0,1,1,0,0,0,0,0,0.036223245107986,1.18872484668866,0.75355583055169,1.03547573466632,-0.435051943251834,1.31186821787774,0.908361154882477,-0.060695336304115,1.82018428124536
0,0.628996499163762,1,1,0,1,0,1,0,0,0,1,0,0.290175951918555,1.36250022286078,-0.329114047181857,1.14229973530111,-0.164205437800922,0.245869316773828,-0.90784629982441,0.533215578272769,-2.0924057074696
1,0.908531717339489,1,1,1,0,0,1,0,1,0,1,1,1.04161902190001,0.0628698000531602,0.0921879503488368,0.634830131101827,-0.723788030820518,-2.74576352616115,-1.31394345531989,1.17458551388175,0.456574941273173
1,-0.771458811615706,0,1,0,0,0,0,0,0,0,1,1,-1.63846949628166,1.02437309450737,1.59354968063189,0.518139692320134,1.07545094802487,0.65735685120325,1.0240971989686,0.340631105121342,0.0804586474769662
0,0.453221240163064,0,0,1,1,0,1,0,1,0,1,1,1.77632973734365,1.01223498036056,-0.420634905703953,-0.506693929730652,0.430920211289606,-0.22647468881411,-1.25752030750324,-1.44381675872616,-0.821761286717449
0,0.224864545731639,1,1,1,1,0,0,0,0,0,0,0,-0.851332094274767,-0.993042005055358,-1.83725897229019,-1.52762473546174,-0.422046527007449,0.0385195834858991,-0.404122509106799,-0.371624182824407,-0.284118970282273
1,0.39003759073417,0,0,0,0,1,0,0,1,1,0,1,-0.141779903153429,2.52289753815437,-0.727166373333954,0.329494861674972,0.259862288893447,-1.43215982910311,0.0907243843540662,2.20491703075155,0.806088972230093
1,-1.42462686736517,0,0,1,1,0,0,0,1,0,1,1,0.601814134402616,-0.140129284055456,0.175256962301046,0.501410448637346,-2.20465184066995,-0.287509595648468,-0.316905472999306,0.153764904903846,0.969088686324984
1,1.0248865104276,1,0,1,0,0,0,1,1,0,1,0,1.19592223858036,-0.855203170016463,0.508190890731235,-0.850067065480564,0.802683186147355,0.886321089441109,-1.1388505456384,0.123507385169025,-0.849637710260733
0,0.592246797625078,0,1,1,0,0,1,1,0,1,0,1,-0.895828071535484,1.27831076379713,0.180664906472074,0.913260791778189,-0.760184339368182,-2.08493457012074,-1.41038280598383,1.10923439390317,-1.02499109092718
0,0.707440760632347,0,0,1,1,0,1,1,0,1,1,1,0.459284401225827,-0.127522039186463,-0.640818457049904,1.21305140796632,0.215792903903937,-0.0514137355884968,0.674325182202202,1.45913405894185,0.871112218925221
0,-1.08008478070976,0,0,0,1,1,0,0,1,1,0,1,0.645109881761693,-0.89217522869401,0.764024289388219,1.9660634869994,-1.28204185388157,1.57954042861694,0.146578269248733,1.01051611527489,-1.02004086527423
0,0.590414462855187,0,0,1,1,1,0,1,0,0,1,1,0.443269237682756,-1.29758703085667,-0.786267587313752,-0.504135504437886,0.076880724629747,1.60026147154021,-0.206479232393533,0.458560514118163,-1.60983737505913
0,0.803218114616992,1,0,0,1,1,0,0,0,1,1,0,1.49038309691672,0.693307715284239,-0.151454900016355,1.48130646113055,-0.399517207936967,0.426970941216443,-0.4012824696033,-0.786658509116047,-0.852591534466956
1,-0.764811478566857,0,1,1,0,0,0,1,0,1,1,0,-1.24996442971918,-0.182605531930651,-0.00908947750330039,-1.42430992508048,0.838617609501158,-0.0993689238536795,0.779527967842756,-0.170639164717877,-2.33287876410294
1,-0.384435488425524,0,1,1,1,0,0,1,0,0,0,1,-0.709730774822813,0.512878949448434,1.4055184097184,-1.1007889747845,0.100511971757528,0.576991561183047,1.55874056963248,1.24928026642298,-1.31231737637801
1,0.604153010018271,1,0,0,0,0,0,1,1,1,1,1,-0.428368336089939,0.853485368219564,-0.145413872909221,0.698931511178736,0.242936076829145,0.146504276264468,-0.265320801085248,-1.40797962870619,0.602581668116945
1,1.25944375864724,0,1,0,1,1,0,1,0,1,0,1,0.0876215660699584,0.665018219665437,0.0541076757415374,-1.47291247406461,0.261229455783721,0.257484503737833,1.84977031931687,-1.27160875192211,0.454632967636157
1,1.40534604178792,0,0,1,0,0,0,1,0,0,0,1,0.419085374765663,-1.27386632886754,-0.734641845914072,-1.32058768559734,-1.05174694303641,0.772051390498639,1.91326271745596,-0.754767205459951,0.186644201447623
0,-0.404327683450675,0,1,1,1,1,1,0,0,0,0,0,-1.39196028197156,0.610226798233472,-1.19594450536381,-0.162557283505391,-0.471258106766499,1.15116527691648,-0.65461564768833,0.424612800036092,-2.31042303235031
1,0.890963280160115,0,1,0,1,1,0,1,0,1,1,1,-2.22868147362681,1.05438279775179,1.39910295333298,1.64795908026483,0.119073234224723,-0.503395456576447,-1.30301339187473,1.15210919884185,0.274640632343926
0,0.881736583216127,0,0,0,0,0,0,1,0,0,1,0,-0.00872320016331698,1.58236588940956,-0.296172227077073,1.66973021354978,0.0246642579767882,0.137144494454603,-1.04089498491428,-1.38368985172918,-0.694972723815873
0,-1.31250670731171,0,1,1,1,1,1,0,0,1,1,1,1.12647414697689,0.118840491600972,0.511522098598533,-0.270262196246229,-0.650410739910605,0.516221458385957,1.1684611484773,-1.08093496968934,-0.956695188305264
1,0.370565029340082,0,0,1,1,1,0,0,1,1,0,1,0.203077380324506,-0.165940211018151,0.328938557085092,-1.11829099426602,-1.42411829708999,-0.423267518078616,0.605831354102963,-0.353889719728088,1.3049583479345
1,-0.807203723476299,1,0,0,1,0,0,1,1,0,0,0,-0.0213593216689721,-0.0167796259755123,0.352237228131413,-0.119723190834401,-1.75822679884498,1.53402771579112,-0.985983038859419,-0.643171004526376,0.230471204386283
1,-1.2013901386199,1,1,1,1,0,1,1,1,0,1,1,0.270062231864292,0.209712320268471,2.20443841489299,0.906579043364979,-0.89218337020389,-1.22469656724167,1.18380831721312,0.436952530861292,-0.205985448943529
0,0.176374056571942,0,1,0,0,1,0,0,0,0,1,1,-0.0846270254764648,-2.20456711925088,0.0748950115929271,0.920837674545119,-1.75391283416536,1.86330333622013,0.105207472955583,-0.706487185280232,0.26415197728166
0,0.326346391147242,1,0,1,1,0,0,0,0,1,0,0,0.167807408589331,0.323509837922377,1.2740976813308,0.618679917116219,0.539004210514815,-0.175028427871618,-1.01559578079576,0.641914660779745,-1.04021370579665
1,-0.335639436817219,0,1,1,0,1,0,0,1,0,0,0,-0.252437722983038,1.22416611605082,0.876958873385862,0.428855964477209,0.311801988736036,0.193226628691198,0.996739689863751,0.449361467354091,1.78994117206434
1,-0.0125014100743627,0,0,1,1,0,0,0,0,1,1,0,1.06381166759775,-0.618106816331178,-0.365757351060885,0.597791927138139,1.50850287125042,1.08006793319918,0.582793316089951,0.452712419884707,0.412145964749799
0,0.709989987542202,1,1,0,1,0,0,1,1,1,1,0,0.696136603861708,-0.203575708199152,-0.805929618948836,0.269682731280137,1.597380681065,1.95946240912154,0.0687976046207293,0.662988486597678,-1.15899348115495
0,0.196556178407215,0,0,1,1,0,1,1,0,0,0,1,0.657218431807723,-2.65636550372699,-0.198009468471818,0.663574459943063,0.69130400470546,-0.128571297348732,-1.9858720137107,-0.613788489642374,-0.930817487674577
0,-0.0783709318827853,1,0,1,0,0,1,1,0,0,0,1,0.698522982064909,0.223832499584526,-0.170297912282514,0.664101814207977,0.310274345483548,-2.02855179345528,0.874010082143597,0.701412656533825,0.881210430357511
0,-0.508324183578712,1,0,1,0,1,0,0,0,0,1,1,-0.66368735623579,-0.449771123282267,0.897509799532848,1.83749416570896,1.08308936980531,1.90916767456428,-1.41691340103903,0.0486784779095185,-0.101593776614423
1,-0.506612586131951,0,0,1,1,1,0,1,1,1,0,0,0.21470831348633,0.130800534103785,0.817018639340937,0.255364082248558,1.27604373809086,2.31174857115824,-1.55896120868258,-0.168131738136943,0.103863174075529
0,-0.96732172744182,1,1,0,0,1,0,0,0,0,0,1,0.733307518039442,0.544532033390999,-1.10521110668351,1.54085502464045,-0.255972982921501,0.230802809065459,0.066144550085349,-1.14643415122726,1.16197763377171
1,-0.779796625744909,0,0,1,1,1,1,1,0,0,1,1,-1.53104663265618,-0.0442395133119984,-1.45949601541792,1.04938884075757,1.56035226240407,-0.586044563829356,-0.816116234966663,-1.00783262357982,-1.91279950226051
1,1.46022774435054,0,1,1,1,0,1,0,1,1,0,1,-0.691431421743215,0.383941072099008,0.59741031867277,-0.357457394706236,0.474219063756366,0.0138773322042262,-0.908309873063634,0.873628350283932,0.286344894079105
0,1.47592363013964,0,1,1,0,0,1,0,1,1,1,0,0.876541459417087,-0.0548467108983747,1.53748939256053,-0.997273510749342,0.298962435189716,0.170030068535375,1.56307936196909,-0.360852662560745,1.34684884686495
0,0.773034893435345,1,0,1,0,1,1,0,0,0,0,1,1.0988269617852,-0.862869466060287,-0.513225482048308,-1.6824989163593,1.12705797185923,-1.40218947433384,0.636683817096767,-0.251204476062119,0.856978881754164
0,-1.92636378487506,1,0,1,1,0,0,1,1,1,1,1,1.37714746546302,-0.0952339856160738,-0.184329893244913,-0.0117607292848953,-1.63503431739589,1.46145104083737,-0.458243201010159,0.408641698131683,-0.208589047866173
1,-0.51187755314117,0,0,0,0,1,1,1,1,0,1,0,0.440436131736248,0.531797580723263,1.12358735049871,0.73055766705535,0.321626695360676,-0.0468125133148846,-1.15641232900772,-0.168185948994763,0.0940980973528329
0,-1.23218111047164,1,0,1,0,1,0,1,1,0,1,1,1.49842031769409,1.48450827569351,1.77228521528906,-0.320380726532229,1.32010485027711,0.161098377659681,-1.05716181852344,0.495865071637083,0.585366672247424
1,-0.0436763941872139,1,1,0,0,1,1,0,0,0,1,1,1.69960779443902,0.264467191178422,-0.583443646104086,1.58751478596851,-0.117119739246444,0.225690656122702,0.628705672524022,1.30502154001763,1.142024969104
0,-2.25367964288421,1,0,1,1,1,1,1,0,0,1,1,-0.457648213025088,-0.81548650863794,-1.47813220747594,-0.336012981266731,0.952047885931292,0.782881306659292,-2.93027411298329,1.32757861124211,-0.873516917457577
0,0.133899122111593,0,1,1,1,1,0,1,1,0,0,1,-0.130888871337913,0.973133341734733,-1.10214900679266,-1.02034622633434,0.278262407660061,-1.4543866962673,-0.290054780547225,-0.454148959769513,-0.105923461099589
0,-0.738053057356983,1,1,1,0,0,0,0,0,1,1,0,0.175398222078139,0.0715764929507084,0.716054128761638,1.45593256321278,-0.590404056530994,-0.134389055303771,-0.27793192644704,-1.57284074118851,-0.756669589008441
0,1.59271450124542,1,0,0,1,1,1,0,0,1,1,0,-0.83097976071263,-1.25803887047748,-0.500664986072097,-0.476294702618025,1.22261762803081,-0.567798171552713,0.0349829939273363,-1.38316973801225,-0.900542222287039
1,-0.947950277209965,0,0,0,1,0,0,1,0,1,0,0,-0.186875272166846,0.325721181063929,-0.305810190309164,0.429462317321757,-1.61836978804912,-0.170905805613814,1.56278157121304,-0.382214992379883,0.318069303110941
0,-0.144093931093066,0,1,1,0,1,0,1,1,1,1,0,-0.908323127771407,-1.15356077749769,-0.839957760329731,0.640832890044707,-1.38720678444801,-0.853803154277195,1.28494696045328,-2.00284568813845,-1.97944043402135
1,0.256533307976491,0,1,1,0,0,1,0,0,0,0,0,0.430996294503982,-0.251159786447669,-1.68257435582511,1.59295888111235,2.74247403174989,0.521260686217565,0.372975772137221,0.615778867932881,-1.04128260308516
1,1.41440446335576,1,1,0,0,0,1,0,0,0,0,0,-0.128339962090815,0.167555226147296,0.149218961832439,-0.054287304405572,-1.20840161637332,0.616859126720737,0.580563849987756,-0.278351442167678,-1.0020523423474
0,1.85806191089075,1,0,1,0,1,0,0,1,1,1,1,-0.614484059258921,-0.652729183727771,-0.241028404866489,0.228184048288892,-0.797299739356759,-1.17639957770324,1.26877128930001,-0.0514956208577468,-0.0780732793039597
0,0.496928946098813,1,1,0,1,1,1,0,0,0,1,0,0.249640681912898,0.069905391290149,-0.215610699580186,0.0453794468317685,-0.424730616869631,1.60698057320558,1.06296243007399,0.715156177905278,-0.710990985089548
1,-2.73774869988645,0,1,1,1,1,1,1,1,0,0,0,1.43439386641488,-0.51074898598657,0.9715595775796,0.873226333460474,-1.14339381060756,0.250124314864489,-0.968425810650961,-1.36744997414445,-0.615411733837194
0,-0.961827551141264,1,1,1,0,0,1,1,1,0,1,0,-2.86184921392625,0.724521835620429,0.969608155440145,1.94147144505305,1.06027052823768,0.412071184405814,-0.246878886263853,1.02759761241876,-1.71301967275534
0,1.07383079648632,1,0,1,1,0,1,1,1,1,0,1,0.0383660320733382,0.0805828833266157,0.535523280026053,-0.693683971626077,0.0265823570578357,0.202042056659675,0.391012348316878,-1.40332387200519,0.223345436279076
0,-0.912856351564768,1,0,0,0,1,1,0,0,1,0,1,0.504504350602563,1.21724934815811,-0.631530344877016,-0.481980289221603,-0.00527422475956524,0.290784311896547,0.880763056322617,-0.329408187066893,0.245161907198421
0,-0.742095010219111,0,1,1,1,1,1,0,1,0,1,0,-0.700249310402794,0.970438615678116,-0.177930236670843,0.499889253866984,1.88275988746585,0.948739349280983,0.193471757787334,-1.26696871462783,-0.303769644355523
0,-1.3076581449002,0,0,0,1,1,1,1,0,1,1,1,0.0594656185564657,-1.04377624135326,1.33117775899182,0.818492396781494,1.06442457566763,-0.30198326844702,-0.308898579273428,-0.284530256232207,-0.122502506716106
0,-0.482644173326768,1,0,0,1,0,0,0,1,1,1,1,0.185033295448149,-0.121551165804766,-0.48086257467881,-0.572678550364244,-0.627926605945597,0.404172723287695,0.634221496119484,-0.100494887421592,-0.611595302922271
1,0.0439323301233643,1,0,0,0,0,0,0,0,1,1,1,0.00750253443722138,0.512732322080242,0.221675360021296,-0.517701764708531,1.5191953587178,-0.365351047995101,0.189545321275862,-0.685025446580291,0.144960610500336
1,0.122193803140787,1,1,1,1,1,0,1,1,0,0,0,-1.60214602064629,-0.174158536550876,-0.753862297710814,-0.176031299485915,-0.394840705386478,2.06120939007198,2.78782110221501,0.741747952240218,0.547423224220865
1,0.664778954385134,1,0,1,1,1,0,1,0,0,0,1,-0.268761247763964,1.24818205829039,-1.7539768083924,0.499946670984097,0.35959235989377,-1.05774451484253,1.87741107440165,0.747776043222635,-1.09539402948662
1,-1.06085235033943,1,0,1,0,0,0,1,0,1,0,1,0.6658253530627,-0.477510432454716,0.600714281921353,-1.38458441018665,-0.714935250413389,1.07330833810605,0.30597983908415,0.209372314890744,-0.00717566279477526
0,-1.51192887799626,1,0,1,1,1,0,1,0,0,0,0,-1.55573131783232,-1.04927665843762,-0.261615796844812,1.52502012432222,0.933310597346321,-0.225331199008749,2.86901688820697,-0.735411714017905,0.0633982974317138
0,0.85445590628373,0,1,1,0,1,0,1,0,1,1,1,0.025196977135495,-1.87080132065814,-0.536391855583078,0.593848631211985,-1.13352155481299,0.0449552893914302,-0.237921273924373,-0.441634217995015,-0.558388873216439
0,-1.95833130807541,0,0,0,0,0,0,1,1,0,1,0,1.19628724753168,1.74228385735317,0.042380639944208,0.742831888138525,0.162861925684538,0.708307244942971,0.696698389505909,-0.755611928545723,0.0327549471194542
1,0.0929966644143695,1,0,1,1,0,1,0,0,0,0,1,0.828856545287556,-1.28176788144971,-1.22253717392921,-0.956090143575796,1.70895467910781,0.356322174963072,0.628126141379083,2.48384012522849,0.368106682247133
1,-0.632089876800503,1,0,1,0,0,1,0,1,0,0,0,0.321547647209748,-0.420790342535068,-0.22731229034727,0.387143885089314,0.451420725871094,0.0676476346804722,2.98029718057357,-2.33290532446832,0.313790650598569
0,-1.27595574676076,0,0,1,1,0,0,1,0,0,0,0,-0.0742826255695915,0.649572622388683,0.476512784247163,0.689616338112095,-0.0422139038457769,-0.346123530445789,-0.527950274201796,1.41362967092784,2.5740826157498
0,0.377333754744548,1,1,0,1,1,1,1,0,0,1,0,0.0236353912510496,-0.648008111144979,1.05040028752643,0.290343287755345,1.31500725985907,-2.182505062619,-0.361218700103512,2.29809865741059,0.463777095775971
1,1.03374633228941,1,1,1,1,0,0,0,1,1,1,0,-1.59461529078629,-0.203286312924447,1.46841771565201,-0.435416750658795,-0.138562382129106,2.03826302291647,-1.702813938783,-0.492910286445156,-0.360127654383909
0,-0.330127608383101,0,0,0,0,1,1,1,0,1,1,0,-1.92521156741889,0.476311487592436,-0.492014505735462,1.0194280567778,0.182980280251265,0.668352912170797,-0.321159889603689,1.70775874856387,-1.45666368791363
0,0.455909677173477,0,1,0,0,0,1,1,0,1,0,0,-1.60832528073022,0.626925559977276,0.392348316805172,1.0658084065908,-0.287049015643796,0.729823773971297,1.07909039409974,-0.132408066661227,-1.83386536872483
0,1.28850548345204,0,1,1,0,1,0,1,1,1,0,1,0.875344028044466,0.0804185614669887,-1.41953188264779,0.806575950966988,0.400558577572045,1.32243278231649,1.46772652059701,0.135336422199396,0.702854352535068
1,-0.153206927317828,1,0,1,1,0,0,0,1,1,0,1,-0.165439513008621,-0.981138957827364,0.312031374883732,-0.990127196288825,-0.796297568567837,-0.363039396340155,-0.50317245634951,-0.81676578037086,0.343608553191937
0,2.04881221292872,0,1,1,0,1,1,0,1,0,0,0,0.450226655129627,1.22076169355273,0.349208130026573,-0.650215584391386,-1.1787224789558,0.637203196214331,-0.610620276157426,1.6300041893357,0.322270825127112
1,1.22539353302119,0,1,1,0,1,1,1,0,1,1,1,0.0208121251864589,-0.369013187523805,-0.309397756462828,-0.212938909972275,0.709374023433253,-0.212523466255678,0.998282265340368,0.344001352992507,1.18550996387689
0,-0.370859972295157,0,0,1,1,1,0,1,1,0,1,1,-0.620705846776235,-0.130097846573897,-1.18933931283247,0.103804092006256,-0.664675090546092,-1.30643566312012,1.21898201758172,0.858433159527574,-0.622980287189075
0,-1.76443761094357,0,0,0,0,1,0,0,1,0,0,1,0.25282788866215,-0.428404235401004,-0.636005788380516,0.77427734334759,0.193081379157149,0.738968432708443,-0.658527412590217,-0.104025621876696,-0.715416404762815
1,0.899076603176906,0,1,1,0,0,0,0,0,1,1,0,-2.37739389784044,-1.15589621766855,-1.12210685979497,0.27726893934509,0.0633471607489165,0.0686512310784532,-0.0350804665108386,-1.27592357320609,-0.000258466412678544
0,-0.146041831346016,1,1,0,0,1,1,1,0,1,0,0,0.403944137435459,1.97216430582398,1.77146330190643,-0.0453909634539629,1.42721183636498,0.0910544813168121,-1.21054023872365,-0.367671551750257,-0.0551717870055497
1,-1.15355328901035,1,0,0,1,1,1,0,0,1,1,1,1.68673214344247,-0.132558843265936,-0.631334563050794,0.409718486234638,-0.0944825537665463,0.423496933537455,-0.616502157826344,-0.46168220707547,-0.804472002382497
1,1.12134449545357,0,0,0,1,1,0,1,0,1,0,1,-0.224394127239834,1.04608693638563,0.0124419999535078,0.671879538139846,-0.501810164231065,-0.163913508857918,-1.59443129832134,0.371452565904722,1.25781149902895
0,0.313480312923547,1,0,1,0,0,1,1,1,1,1,1,-0.364919804898394,0.200351883354542,-1.28548987831307,0.137046369145804,0.768199768877527,0.790939310195367,0.45615020789181,0.0833822455198726,-1.18804457205469
1,0.0319945830902522,0,1,1,1,0,0,0,0,0,1,0,-0.776014090720398,0.406582652165234,-0.733419098474286,2.53097725156705,1.16894163075692,0.448658308195491,0.587679247252992,0.431128967678832,0.231172185000865
0,-0.818561118988163,1,1,1,1,1,1,1,0,1,1,0,1.6329263759883,-0.375467283159105,0.467246823537593,1.81773843880944,1.00089779555927,2.12921685925968,-0.2944848562413,-0.895745131003311,0.0663199668625364
1,-0.604068780738571,1,1,1,1,0,0,0,0,0,1,1,1.24064817907115,-0.02813066501272,-0.752568887104181,-0.644835263100302,2.28254028133104,1.92664628050566,-0.948068440671907,-0.216691641050634,0.199481053531234
1,-0.480740180365367,1,0,1,0,0,1,1,0,0,1,1,2.2402389896957,-1.26396823023973,-0.737305651294572,0.549562195813782,-0.66524024821881,0.023493502730717,-0.0112400849568331,1.38196154363637,-2.34598773596825
0,-0.422226642123073,1,1,0,0,1,0,0,1,1,0,1,0.636962022672876,-1.20812772159393,-0.334514945258175,-1.48244966045077,-1.14671906505372,2.19279547172808,0.646451642769874,0.568020904225122,0.0472275316711544
0,0.196993609757213,1,0,0,1,1,1,0,0,0,0,1,-0.841054347948313,-2.90301719348542,0.456997014754121,0.0476294987405418,-0.367367336290369,-0.966703705790024,0.506349890808579,0.0846189312587444,-0.305433383098227
1,0.996463830412551,0,0,0,1,0,1,0,1,0,0,0,0.686911190908517,0.10455540350122,1.11832317028154,-0.309588133614412,0.930659740272018,1.03969284816598,-1.22148366466504,-0.642722611825088,0.135601760587877
1,-0.383599934166286,1,1,1,0,0,1,1,1,1,1,0,-2.4651452265125,0.642638860851104,-0.732010112026768,-0.535746538832659,-0.385214423384059,0.699402536524332,-0.667897828814315,-1.06693658806887,1.29261691855461
1,-1.01426471953913,1,1,0,1,0,0,0,1,0,0,1,-1.04365666412486,-1.08324202256513,-0.154332206626761,0.255230078103096,1.09120521702126,-1.11940132667396,-0.381942941756911,1.68029870692197,0.810662789706242
0,-1.11116549953652,0,1,0,0,0,1,0,1,1,0,1,-0.726516524188442,0.401495108847877,-0.131937629284705,-0.772833787987149,1.00121317797627,0.0975070380823945,-0.572554928215401,0.146910344199281,-1.5586054819972
0,-1.29278584030625,1,0,1,1,1,0,1,0,0,1,0,1.18899429558395,-2.02432705892935,1.00092768619823,-0.147983991843691,-1.17200301971151,0.0842612133601481,-0.417058395977327,-0.233372192313384,-0.678362875493771
0,0.479248892474106,0,1,1,1,1,1,1,1,1,1,1,1.82416873562506,0.376622501730631,-0.600809044794714,-0.767941134937048,-0.582548252103717,-0.252394204940579,1.65147601028441,-0.177258981064069,-0.402597157107543
0,-0.406217757127993,0,0,1,1,0,1,1,1,0,1,0,-1.75268562667878,-0.185358010945986,0.810409444765878,1.27466531277461,-0.125141685575592,-1.11609459808714,-0.409478611616861,0.737697223913446,-0.852103823864107
0,-0.197811511319292,0,0,1,1,1,1,0,0,1,0,1,-1.32580280318621,0.388922284179051,1.20704607975422,1.62985377005595,0.13114051726685,-1.41344080803416,1.18037814397804,-0.169237283445487,-0.322160294523537
1,-1.23748593477007,0,0,1,0,1,0,1,0,0,0,1,-0.157164257060209,0.381211343143146,1.08004225466281,0.132673100738863,0.270446001504104,-0.167117986379369,-0.380407935646916,0.286555362427438,-0.065990085534658
1,0.990361988939871,1,1,0,1,0,0,1,1,0,0,0,1.53449928159886,-0.333419569924802,0.128484719260355,-1.14931872507029,2.5983992306923,0.179176101957359,0.431110917086092,-0.8911975380534,0.565463514149264
0,0.490116587377214,0,1,1,1,1,1,0,0,0,1,0,-0.219300575304584,-1.48533854994247,-0.137524073072378,-0.203728498883465,1.48951799100388,0.465661122908086,-0.242614218968293,0.200290440946958,0.156749512101017
1,1.54722597798911,1,0,1,1,1,0,1,0,1,1,0,1.97326573306861,0.102124754838127,-0.44895941018937,1.74739319847471,-0.883652963680858,0.223336329618871,1.13767234711538,-1.20910430020787,-0.796500041930427
0,0.0628705485834016,0,1,0,0,1,1,1,1,1,0,0,-0.150764615221723,-0.739741919591192,0.971073477563205,0.225167481664071,-0.666883786871725,-0.335572192443967,1.4251898571477,0.173426447346045,0.361731526189857
0,-0.258545501676155,0,0,1,1,1,0,1,0,1,1,0,0.298130305277811,1.77577116170724,0.300617458667856,-0.204461325447839,-0.0406865984907202,-0.688886569896443,0.876464187969993,-1.51310031638601,-0.43349269977578
0,-0.776569714900458,0,0,1,0,1,0,1,0,0,0,0,0.607053126121399,0.1689400020606,-0.447498454901598,-0.0979578301658743,-0.0887235828742156,1.01730082035293,0.712875069841949,-0.801484195356889,0.770793702328102
1,0.331674350296673,0,0,0,0,0,0,1,0,0,0,1,1.80154064339208,1.46162113079457,-0.766796307438045,-0.378500235281142,1.35308243333151,0.895307135600903,0.231430246883466,0.542655194154254,-1.37093833588019
0,-1.0264819825228,1,1,1,1,1,0,0,1,1,1,0,0.605646123003334,0.217012278247241,2.6688622939421,-0.421590439225352,-0.192122981086047,-0.52057718365264,-0.814727773781645,0.365529402456193,0.0459064471982415
1,0.964423544321775,1,0,1,0,1,0,0,0,0,0,0,1.47997420584908,0.921328590549057,-0.529689242106158,0.476725649821958,-1.80165341049395,0.0868470681037817,1.34277544213893,0.487330552520798,-0.794502839426866
1,-0.171246819722248,0,0,0,1,1,1,1,1,0,1,0,-0.434536559611048,-1.66514909580127,-1.99365674201119,-0.899908038058621,0.294223168894623,0.0426095716346882,0.510957756801813,-0.605455706475238,1.26191930704415
0,0.998252288934392,0,0,1,0,1,1,0,0,0,1,0,0.818787730418797,-0.285634771064659,0.194394901266216,0.740409650812374,-1.00050025466349,-0.120992253050008,-0.446985274208001,0.657755840609628,-0.725023458164486
1,0.317815200771484,1,1,1,1,0,1,1,0,1,0,1,-0.617864900258708,-0.224134214594187,0.819376076954208,0.431909803975429,1.16109381217614,-0.519036947452944,0.103797280239684,0.282905949473965,0.423555567923966
0,-0.121331800903275,1,1,0,1,1,1,1,1,1,0,0,-0.977646318832697,-0.00960517179926842,-0.687190124273838,-1.56182182540516,-0.151260692162122,1.01293732817405,-0.850870890710627,0.830220530211734,1.87395123294509
0,0.149710008388986,0,0,1,1,0,1,0,0,1,0,1,0.708067335705392,0.774713636516203,1.82613268448401,0.367922650312903,-1.12314647168706,0.713877789689638,-0.4283878771663,1.1861736026442,0.574132946117959
1,0.397666816866892,1,1,0,0,0,1,1,0,1,1,1,0.075252943806113,-0.49604717998851,1.22956692444864,-1.37620325382991,-0.933526229155603,-0.253334250910979,0.853027929913558,1.38688637803034,0.328627377325108
1,0.170485524079006,1,0,1,0,0,1,0,1,0,0,1,0.639259544324387,0.31737042422754,-1.58146840773834,0.15479148631686,-0.375194180053652,-0.538989311243837,1.26679079252869,-0.122057460817941,0.843447486063301
1,0.542714091578941,1,0,0,0,1,0,1,1,0,0,0,0.19922088562762,1.05145141929346,-0.408606399199455,0.235994945612254,1.10061255026576,-0.297846395039526,1.09608446351471,1.81755988996989,1.98446083947182
0,-0.247196305163765,1,0,1,0,1,1,0,0,0,1,1,-0.145598737257643,-0.369491204134652,0.64463213871286,-0.0309217349252231,-0.609728638594815,1.37483266647839,0.331391382377292,1.27500510101976,-0.467708836767769
0,0.806154216539112,0,1,0,1,0,0,0,0,1,0,0,-0.709879125444893,0.241131673860242,-0.220265662735851,0.326891017132102,-0.283845033282257,0.627549428404803,-0.310498238075518,-0.0544047857429007,0.381118051733353
1,-0.652252668533383,0,0,1,0,0,0,0,1,1,0,1,-0.3482506565808,-2.87463202107162,0.0150281134049313,-0.957282300948598,-0.858958492553278,0.984679636033156,1.60815408465996,0.0456764459455385,-0.35837863655705
0,-0.202091061556684,0,1,1,1,0,0,0,1,1,0,0,-2.60586904797888,-0.649811990902911,1.7736303517619,-0.438724692816235,0.375456603412788,0.194227789972866,0.589602888821945,0.387668501193565,-1.16533609194133
0,-2.54421891437525,1,1,0,1,1,0,1,1,1,0,1,2.20046787461664,-0.571680708780471,0.0906671641069484,0.612190960611643,-1.51536005673352,0.591821138567744,2.70940253890417,-0.866397224673085,-1.68834530612898
0,-0.164717221865349,1,1,0,1,0,0,1,0,1,1,1,-0.509497066752593,1.49581577610036,-2.00028584274973,0.554416385266403,1.16056851414881,0.0872334603128874,-0.149778954955378,-1.13259178332104,-0.54688915620315
0,1.33995717377576,0,1,0,0,0,0,0,1,1,1,1,-0.484699926266149,0.970687632295239,0.114808092103387,-0.388246846571767,0.969480052620991,0.430699539279757,-1.5332825066053,1.18932948719967,1.39852336036856
0,-1.57824494236343,0,0,1,1,0,1,1,0,1,0,1,0.452086058052329,0.176781300029157,-0.191212598535035,0.625156718876466,0.354587435850979,-0.401967563475614,-0.00992195341908344,-1.06922655836874,0.434005094406779
0,-1.35116834852699,0,1,1,0,1,1,0,1,1,0,0,0.487955173332485,1.75740642113396,2.16073340940766,-0.804763326117702,0.140349325779811,-2.60218723308413,-0.14116415782837,-1.95019999573431,1.04079177744493
0,0.157483346597796,0,1,0,0,0,0,0,0,0,0,1,1.28741170082517,1.08262504372141,-0.148771544454854,0.828076021200553,1.2089293246228,0.845830706356363,2.79434296280612,-1.45587919689869,1.70737814523673
1,0.633778685732101,1,1,1,0,1,0,1,1,0,0,1,-0.552741381349814,2.29942604771457,-0.746992139521889,-0.931247537493345,0.713514378873742,0.521006889339076,-0.897075126212029,-0.0923668958603064,0.807141191358624
0,0.32323747255227,1,0,0,0,0,1,0,0,0,1,0,-0.368360254253966,1.28032808249445,0.396713312681154,0.43874171145061,-0.185055386756008,0.381220396583013,1.44047607973303,-0.980457816147593,0.234871674530616
0,1.36576588848045,1,0,0,1,0,0,1,0,1,1,0,1.46592565762983,0.409923109179466,1.0486630718299,-0.165081796009071,-1.19800222286933,0.283176053942054,0.275647071777374,-0.687159655200843,-0.0455823534964711
1,0.013523568753801,1,0,0,0,1,0,0,0,1,1,1,-1.38468480897694,-0.0675309721317453,-0.698237623995461,1.73282805561426,1.310437018161,-0.544541905575071,2.75484122544178,-0.852319002138513,0.308316994693868
1,-0.102899222148323,0,0,0,0,1,0,0,0,1,0,1,-1.28485863133643,1.02096370498988,-0.0328475092170694,-0.588763347151512,0.00546722109403486,-0.0618789777638867,0.718255205552681,-0.719125142204231,-0.78899911409122
0,-1.23950427728052,1,0,1,1,1,1,1,1,1,1,0,2.54421370674525,-0.191052445988523,1.74343128001793,0.59376740001924,1.33129160508706,-0.27499541881781,1.27431992324769,-0.148564666885301,1.03994489222128
0,-1.94575547100017,0,1,0,0,1,1,1,0,0,1,0,-0.193397307555689,-1.60915352409569,0.34264338985754,-1.11160987442614,2.41139003310729,-0.267431203676837,1.24518060640875,0.82286929800981,-0.454857131413487
1,1.42268149923885,1,0,1,0,1,0,1,1,1,0,1,-1.25033291440437,0.00476871953593923,-0.0714344486350156,0.821988544962306,1.43430163106326,-0.0792687254463792,0.90754217071527,0.0775323201362208,0.340466729600971
0,-0.358877079184822,1,0,1,1,1,1,0,0,1,0,1,1.22281340046772,-1.10173853516465,-1.16003498072074,-2.55668886266213,0.0135903177250488,-0.21276898018028,-0.230099022840855,0.13740028390936,0.220359673527893
1,-2.58650378431872,0,0,1,1,1,0,1,1,1,0,1,0.978492161622884,0.736249017928495,-0.899818321335807,0.237230433316054,-0.269500556236878,0.63964141600129,0.211499475854547,-0.396766935990984,0.572762055282084
1,0.432749008245906,1,0,0,0,1,0,1,0,0,0,0,-0.325764567175358,-0.212629860549382,-1.13697230200915,-0.881837322300221,2.08015835440036,0.15797965393464,0.321998326735653,-0.494612294606074,-1.41753705784063
0,0.103150501200489,0,0,0,1,1,1,1,1,0,0,0,1.33004795108103,0.981311326438034,0.514301529075775,-0.993868088600325,-1.25300026751147,-0.114584906165917,3.26793066124921,1.23593454674869,-0.527289970356473
0,1.06992475976428,0,0,1,0,0,0,0,0,0,1,0,-0.687832794535844,-1.15399215269487,0.824974693498703,0.942775869028131,-0.120705691710226,0.127639086474247,0.708603554520683,-0.510683078581165,0.163734100665145
0,0.82436842461754,0,1,0,1,0,0,1,1,1,1,0,1.03618455709641,-2.07995900860995,2.160330763661,-2.20514287592382,0.36951800101773,-0.0201603562123341,-1.25054543621742,0.604205282063774,-0.352770800019485
1,0.105328669623556,0,0,0,0,0,1,1,0,0,0,1,-1.02137474142541,-0.468419496527897,1.72383661486617,-0.564939335083814,0.111198740224635,0.163387231793423,0.202027181299182,-0.354124973171906,-0.835382616882514
1,-0.492319205850456,0,1,1,1,0,0,0,0,1,0,1,-0.166330745024549,-1.31328617839682,0.678327973494472,-0.399649161241307,-0.0765023113259749,-0.280578410979882,0.885202956082707,1.67539035766147,0.203119470450018
0,0.314616319121597,1,1,0,0,0,0,0,0,0,0,1,-0.0679893678403921,0.384150156773625,-1.47792330460066,1.85566215569791,0.795480756943948,0.284121533974231,0.816313529072893,-0.661762498393937,0.44803460927242
0,-1.17150805571084,0,1,1,1,1,0,1,0,0,1,0,-0.54008100297452,0.102745585629037,1.6597138315423,0.399623886207577,0.953436089019165,1.00601628865204,-0.858290103498413,1.12167492340965,-2.05300177359943
0,0.917856367652612,1,1,0,1,0,0,0,1,0,0,0,2.40459705681334,0.232059632973124,-0.326363180959393,-0.772749580223439,-1.02310689791406,-0.614666593485116,0.259555438390262,-0.552093463278591,-1.57813623609415
1,-0.820124770313614,0,1,0,0,0,1,1,1,1,1,1,-0.203841320578137,0.922278940254955,0.412610549537325,0.468537938730172,-0.0525564783085449,0.693293649108548,2.08793523234275,0.395126820665431,0.768381891793434
0,1.84405077680289,0,1,1,0,0,0,0,0,0,1,1,1.04658137761773,-1.12036173931662,1.00700919976368,-0.788248324401676,0.323483154009398,-0.0077976130593128,-0.0402616564056313,-0.116685899646461,0.402387293158434
1,-0.0696719362915399,0,1,1,1,1,0,0,0,0,1,1,-1.09143016388826,-1.09849641966816,-0.03583669933574,-1.17372675708641,2.90042994049881,0.0275255092867343,0.244946235247029,0.0983233148417093,1.35599493511693
0,-0.0912525889493203,0,0,0,1,1,1,0,1,1,0,1,0.044613608989592,-0.382536530817392,-1.02768920904909,-0.541571707434097,-0.627538265787561,-0.858912527882117,-0.81342105485788,0.028132324523471,-0.866685729668519
0,-1.12234882827835,0,1,1,0,0,1,1,0,1,1,1,-0.319415850375743,-0.268776582839566,0.436379477976022,1.05815241223282,0.556165253169738,0.4112971926535,0.739906222184944,0.401837507161368,-0.887580731569002
1,0.828216162285906,0,1,1,1,1,1,1,0,0,0,1,0.482713709967678,-1.03877116674172,1.46517369191732,0.217787464409985,-1.27066090744373,0.703086998832237,-0.921313844389609,-1.06456313224876,2.20843257720225
0,-0.0920756527050358,1,0,1,0,0,0,0,0,1,0,0,0.984033458325469,-0.356294760267775,1.60818973418657,-0.150173323562461,0.4052880798297,-0.254145078887629,0.899244082785696,0.703301558629711,0.77361691847045
0,0.400722910374406,0,0,0,1,1,0,0,0,0,0,1,1.21013521208938,0.653440307530134,-0.0117040421517589,-0.335068595755681,0.821412554584862,0.806370891314401,-0.701994708047542,-0.220626313173871,0.653588438306399
1,1.13362406386197,0,1,0,0,0,1,1,0,0,0,0,0.219401102248367,-0.783478349693961,-1.26071464081345,0.40431793047368,0.270970823575688,0.456992054414712,-0.523039907368775,0.511987830237969,0.365590938558971
0,-1.55080339518519,1,0,0,0,1,1,1,1,1,1,1,-0.378294314583084,0.565112001107213,-0.64893050657952,0.671495518882543,0.276033543818552,-1.85137764243574,1.17148629381507,0.460081369010874,1.7491096130341
0,-0.688899268699551,0,0,0,1,1,1,1,0,1,1,0,0.464351058503746,-0.191714054385137,0.218693429302212,-0.771822661742059,-0.819035258809057,-0.473330752670322,0.275132868425375,0.125043968742932,1.15640726439526
1,-0.172381787931832,1,0,1,0,1,0,0,0,0,1,1,-1.28443272196177,-0.708639252722125,0.360939959821531,-0.35482989861404,1.88403016166556,-0.28717824261432,-0.477969930913982,-2.52322992996954,0.794193464197518
1,0.699701338552166,0,1,1,1,1,0,1,0,1,0,1,-0.668603048650447,-0.499989351343389,0.0150960402937239,0.71802797410152,-0.048211072324269,0.078891146708717,-0.0208346211164429,-0.163797127878601,0.316175645586881
0,1.89456729211036,1,0,0,0,1,1,1,0,0,1,0,0.655746660793815,2.34194404180658,-0.78940147534057,-1.0006584778662,1.06067298569208,-0.571431705377776,0.0667818669647485,-0.742815330349615,-0.319867228153893
0,-0.35334014579701,1,0,1,0,1,1,1,0,0,0,0,0.416524941636727,-1.0096939890982,-1.70285320996065,0.305489087635164,-0.998025512510296,-0.432184575880698,-0.380964626833641,-0.35908968370478,-0.730144621005933
1,1.80398958338219,0,0,1,1,1,1,0,0,0,1,1,2.11516459158346,-1.14170921211359,-0.816403162085571,-1.33106016177854,-0.303449565025873,0.764791326407528,-0.914018876732527,1.35068366608428,-0.750813569816625
0,0.399710457738695,1,0,1,1,1,0,1,1,1,1,0,-1.93752299736291,-0.654762723926001,0.341946946150069,-1.06693461479219,0.969650831724793,0.328808567642293,-0.117052394724387,0.823850288340359,-0.0859765058363808
0,0.902853177785631,1,1,0,1,1,1,0,1,1,0,1,-0.0643491570821716,-1.41824906566141,-0.55842100497952,-1.96653972308402,-0.104632957276437,0.673130046977293,-0.401045373085249,0.400585447884859,0.0636143836819179
0,-0.129499562848577,0,1,1,0,1,1,0,1,0,0,0,-0.438798945292495,0.255948790631514,-0.767805186558183,0.16604171820405,0.32729089467484,-0.0695640716320599,-2.49022799577133,0.718461825784765,2.05836602541393
0,0.737216677185252,1,1,0,0,0,0,1,1,0,1,1,0.09646214848655,-2.61637410946169,0.686900180861827,0.94708899328056,1.13086398515948,0.359219479425934,0.344755559420195,-0.0927828570041396,-1.45725099723453
0,-0.153862672135951,0,1,1,1,0,0,1,0,0,0,0,-0.572101371968182,-1.42299611400605,-1.0104316019896,-0.763636287116175,1.13104076945782,0.0279257536275579,0.0414288149661298,0.535011243698337,0.400361371680282
1,0.990835733778271,0,1,0,1,0,1,1,0,0,1,1,-0.569011064328876,-1.59435330084319,-0.336413809571229,-0.655508186396975,0.280206827412212,-1.13254921768177,0.484601313478704,-0.43362128407323,-1.78808136419716
1,1.13718286950158,0,0,1,0,0,0,0,1,0,0,0,-0.650362158171306,-0.655426703748672,0.151859973204623,-2.40521132226887,1.69090908530515,0.492217186871179,0.379001431630771,0.91060011809922,-1.32968130100656
1,-0.903330415450995,1,0,1,1,0,1,1,0,0,1,0,0.669246817299074,1.33782120453104,1.42514001188986,-0.482660829999056,2.10893076586939,0.0680678833806284,0.815061815381592,-0.503467531227802,1.14658717270776
1,0.387612394659562,0,0,1,0,0,1,1,0,1,1,1,-0.645087462192576,-0.990806813200122,-1.02363963467199,0.840293418711598,-0.470215026544401,1.06920871345135,1.47363709952899,-0.250326296459523,0.878865453020991
0,-1.06772688304897,0,0,0,0,0,1,1,1,0,1,0,-0.0162957964048902,-1.70646805137455,-1.65432391530972,1.09340810385819,-0.173283301218445,0.802972101268552,-0.474272836258021,0.527827115021373,0.150105343228179
1,0.680342987513524,1,0,1,0,1,0,0,1,0,0,1,-0.287691594947889,0.115555459472648,0.361233310784781,-0.979514622170394,1.76323211415556,-1.77006892674506,-0.148478079195007,-0.530445156495916,-0.165185179326229
1,0.657835658123713,1,1,1,1,0,1,1,1,1,1,1,-0.0790761888587303,-1.41233127315836,-2.1131466740793,-0.449016989210609,-0.201755206897529,0.995622024875301,-0.109457293708472,-1.06622127716297,-1.23808696239038
1,0.645127023486488,0,0,1,1,0,0,1,0,1,1,0,0.523358179919878,0.0176671677065751,1.03117502036106,0.328831811475856,-0.505207497836845,1.2101645267784,0.198155850320257,-0.628459361860391,2.00352221981912
1,0.0457543841687772,1,1,1,0,1,1,0,0,0,1,0,1.44094285542785,0.641295912556133,-0.669076511331103,0.293706203441108,-0.486396785211268,-0.245967976923894,-2.51415430735069,0.12952206283173,1.15118420250907
0,1.52730689907081,0,0,0,1,1,0,0,1,0,1,0,-1.08054103262368,-0.20613813896375,-1.12512997781027,-0.389298664705934,-2.20397053495478,0.0784727551857699,-0.821337378200084,1.14239869572333,-0.626271023313375
0,0.795144256842129,0,0,1,0,1,0,1,1,1,0,1,1.07287231814649,-0.613794848322177,-2.12465399176891,-0.678710200262572,-0.521894420030317,0.194300108500708,1.20427314185253,-2.02650425525075,-1.78865207567004
1,1.01537859649121,1,0,1,0,0,1,1,0,0,0,1,-1.07670935933346,-0.121450923392718,1.21755955374395,0.617208253041069,0.720739046338588,-1.34629011147915,-1.34520608512013,-0.233110837129192,-0.207701762073743
1,0.592945998220583,1,1,1,0,1,1,0,1,1,1,1,0.0465101029971535,0.756389653835798,0.0476412620097542,-0.0756268084418799,0.601558711386253,-0.91839016892656,0.159185817573816,0.0135008675358921,0.89267087723721
0,-0.824188657864015,1,1,1,0,0,1,1,0,1,0,1,0.951997147033941,0.706727649086784,0.35674250502194,-0.033651742769648,-0.51837546351125,-1.42451697609067,-0.484978668895204,-0.0385663911981203,-1.20892833166807
0,0.930121032242843,1,0,1,0,0,1,1,0,0,0,1,1.30682586637964,-0.0105436393267687,-1.18639970081717,0.0272418052682435,0.379180882555372,-0.853499210442498,0.143963572003117,2.0386109612566,-0.335772084646342
0,0.969820115419727,0,0,0,1,1,0,1,0,1,0,0,-0.677377594901757,-0.0439486565943634,0.633891327652935,0.889686445812376,0.279685398904409,0.615548693890118,0.701177463252091,0.914846608265791,1.35537360668779
0,0.350307906504194,1,1,1,1,1,1,0,1,0,1,1,-0.188441207539838,0.213298157533593,-0.0468097117801265,0.667156222396874,-2.71979806671941,1.18151160104439,-0.136086237291909,0.835783984944739,0.0357720567691257
0,-0.377457183865211,0,0,1,1,0,1,1,1,1,0,1,-0.639389998827814,-0.735329495650155,0.420858821322821,0.995161117153865,-0.366158147749164,-0.0112160656421162,0.572507987495151,-1.34276053452376,0.258297690254907
1,-0.0681916782060654,0,1,0,1,1,1,0,1,1,1,1,0.713587398669812,1.43140667856859,1.65904144848311,-0.727766052300779,-0.361234702883274,-1.20189980211644,0.67552208321829,-0.423390038479713,-0.604105892746845
0,-0.0741140039729033,0,1,0,0,1,1,0,0,1,1,0,-0.190788957557496,-0.832052306268428,-1.00215534505547,-0.0225327605847965,-0.803623938626117,0.108261178442862,-0.596305267312797,0.790676693896748,0.560334154243684
1,0.451376896547164,1,1,1,0,1,0,0,1,0,0,0,-1.01986836419572,0.186998666239693,-0.635320680269897,-0.982415764128596,-0.41801092290711,0.243502149890022,-0.111907086160376,-0.416777010208275,1.38447234203379
0,1.89433762902107,1,0,0,1,0,0,0,0,0,1,1,2.11978529573826,0.297965564740506,-0.615042116498166,-0.00645486307739361,-0.979452235778994,-1.76530886918747,0.173491436483355,1.5711255603693,0.175642155412009
1,0.167351377937458,1,1,1,1,1,0,0,1,0,1,0,0.409764673613597,1.35494383050571,-0.552348766209538,-1.21579263887277,0.391136074138434,-0.228370012484844,0.619088205052644,0.488370536086539,0.487078191632158
0,-1.59074079457709,1,0,1,0,1,1,1,1,1,1,1,-0.884467285725875,-0.839125441173611,1.40424226008478,-0.091984937552878,0.101086656885818,-0.86703018211471,-0.235601824774744,0.778864059661558,-0.0784620500649186
0,1.1092374651067,1,0,1,0,1,0,0,1,1,1,0,-1.7432623990572,0.796913957230678,-0.22662759940623,0.246696966126559,0.044024581626933,-0.937685197778674,0.403592706732101,-1.07201209087292,0.982620029029564
1,0.640963155237454,0,1,1,0,0,0,0,1,1,0,1,-1.55803070254092,0.965767300747213,0.787737834049695,-1.71817143700346,0.834607273403779,1.15783024902394,-0.782715011389658,0.544612511851053,0.995935698606338
0,0.56251484267742,0,0,0,0,1,0,1,1,1,0,1,-0.220328155301463,-0.982574572202234,0.0908060833217736,-1.58230353652229,0.203071188559663,-0.469183820894061,0.345924202589358,-0.662670233697634,0.450863239982296
1,0.826185015868859,1,1,1,1,1,0,1,1,0,1,0,0.687039386997771,-0.466741674834619,0.424403112072418,-0.444864389143208,-1.18758570874799,-0.172541735411401,1.16297414776507,-0.13675816282857,-0.483785838891114
0,1.73357091469427,1,1,1,0,0,0,0,0,0,0,0,1.4794760192762,-2.33739779649548,-1.4942364186934,-0.181911526708773,-1.86693185305248,-0.156412255127545,0.791493373462281,1.64377044683087,-0.60073748363711
0,-1.64607620182034,1,1,0,1,0,1,1,1,0,1,1,-0.570984769651193,0.231768228243976,0.589617392228018,-0.381843326830211,-1.7062992357368,-0.530082383526823,0.464121623036365,-0.274271953272159,0.322173174360442
1,-0.213644494854472,1,1,1,0,0,0,0,0,1,0,0,-1.25616509457242,1.52093001930165,-0.837952512497996,-0.401973676174019,-1.67475938175263,0.0431272458151742,-0.254550600147238,0.331159192270318,-0.382657995336454
1,-0.582962009001913,0,1,0,1,1,0,0,0,1,1,1,-1.72542878591049,-0.524186780034952,1.77409530186337,1.08522517424771,1.13939515954863,-2.43386732889697,0.783476627169212,0.0120651531689222,0.17540185463335
0,-0.978986303359648,0,1,1,0,0,0,0,0,1,1,1,1.74779932847581,0.359084868294184,0.0673638910663759,0.00439366841170921,-0.43246059210166,0.65863462706921,1.07019425469234,-0.978717059262397,1.53455218578343
0,2.21774329769275,1,1,0,1,0,0,1,1,0,0,1,-0.324622126730792,1.2384247296837,0.859976727888258,1.47488003210019,0.174211959592652,-0.239870806613441,0.69760419938766,-0.198945889192867,0.237106402057829
0,-1.02142823001662,0,0,1,1,0,1,0,1,1,0,0,0.502676444649968,0.149700175560442,1.90722189633875,0.627051136417493,1.58968759601709,0.562513574896091,0.834481223304996,-0.623807357932939,0.627135010033248
0,-0.63607780169169,1,0,0,1,0,0,1,0,1,0,0,-1.67358300939794,1.93147195226445,-0.502602601829328,-0.743042706887156,0.904214779691073,-0.912712790520698,-1.74927262461899,1.53626365971544,2.42598694733561
0,0.818189315862451,1,1,1,0,1,0,0,0,0,1,0,-0.525602479539801,1.1954934348906,0.73386117276404,-1.01234628298641,-1.14449379554056,1.30433436940117,0.489690517584927,1.10090196677378,0.174795806309306
1,-0.164791003178605,1,0,0,1,1,1,1,1,0,1,1,0.413765421471014,-0.573787043911748,-0.336902241888746,1.44758631453081,0.737519100208455,-1.1799643044695,0.347886240172249,-1.60198200027984,0.105612597943929
0,-1.8677850198133,0,1,0,1,0,1,0,1,1,0,1,0.428895769005368,-2.37259854696178,-0.51896741877727,-0.989931355785112,-0.558609283693883,0.62582434030264,0.585565448617543,0.859770803756756,-0.868170728701168
0,1.37476871258393,1,0,1,0,0,0,0,0,0,1,0,-1.58413872408243,0.550835817164419,0.827602131394831,0.634833656564524,-1.19557212899015,-0.608339833754376,-0.90910059866655,0.0451950223141555,-0.615542075564559
0,-0.739458017812177,0,1,1,1,1,1,1,1,1,1,0,2.45961826756004,-0.207055922003011,1.25239635566041,-0.288882822586707,1.96552039267192,-0.348444511222035,0.678883480732193,-0.0387361840202524,0.0361950725272177
1,-0.623307714180556,1,1,1,0,1,0,1,0,0,0,1,2.15469610504758,1.19994793437514,-1.30375458894291,-0.078873892573064,1.68613141962577,-0.479526342461932,0.490135972141061,-0.26186038996133,0.247149888002808
1,0.885487188763304,0,0,1,1,1,0,0,0,1,1,0,0.61455707556342,-0.506202276053833,0.339586886600719,0.216409432789796,0.258314186670499,0.886778045629486,-0.210853460792671,1.85076835996324,0.996507774186677
0,1.13311731436473,0,0,0,1,0,0,1,1,0,1,0,1.05470397932786,0.642977072409379,1.26254782401053,-0.810001318942538,0.0717401256218119,1.11460743689242,0.747746701267737,1.33898966007033,0.0758450874751041
0,-0.662974379656007,1,1,0,0,0,0,1,0,0,0,1,0.507565809136075,0.508995365636617,-0.285325018842463,1.87528378495374,-0.432343857601314,-0.792944223662566,-0.281214447551177,-1.90152200932173,-1.15701100779788
1,-0.399528425536144,0,1,1,1,1,1,1,0,1,1,0,0.891904564671923,0.349872626244742,1.02190047131742,0.803630434067848,1.94280043313495,1.51391793895047,1.23799063957247,1.44978440045266,0.298789305405908
1,0.44587161324215,0,0,0,1,1,1,0,0,1,0,0,-1.33704471475491,0.301472079944544,0.422495337354178,-2.24321117507452,-0.890923667300648,-0.0802646749047421,-0.858322006128516,0.313215229672578,-0.297558907102021
0,-0.726168326049505,1,1,1,1,0,1,1,1,0,1,0,-0.63334156414233,-1.51816918773913,0.402983495049873,-1.23213928230381,-0.436716154787887,-0.618757641238717,-1.89399675096103,0.126496371440104,-0.673781696094956
1,0.771581531051672,1,1,1,0,0,0,0,1,1,0,0,1.0895667011786,0.322480753944625,0.654323893271739,1.36003743695745,1.19217476621305,0.739990173042129,-0.0355960139643821,1.73333520101088,-0.162854206903037
1,0.845749992147909,0,1,0,1,0,0,0,1,1,1,1,1.31858458184517,1.08813257402546,-0.970518494409603,-2.33200213745065,0.294011103608832,-0.0275907822643142,-0.417406609591294,-0.751881075705198,-1.03437732381972
1,0.999971595210487,1,1,0,1,1,0,0,0,0,1,0,0.62149403167965,-0.0888394194808611,0.0929174814710729,-0.275087651137225,1.26648924226505,-0.125560871652953,-1.50153172841258,0.0993724060094429,0.154579656828313
1,-0.863691321444551,1,1,1,1,1,0,1,1,1,0,1,1.59939594371128,-1.33897034310415,0.13957494566081,0.770174564203591,0.358644882423577,-0.986903082264563,2.68259572815094,-1.16267850473769,-0.605286685034509
1,-0.985961040933216,0,0,0,1,0,0,0,0,0,1,0,0.449395264990657,-0.370256812301434,-0.0270345339364684,-0.824746651173976,-1.17817835392574,-0.524395726699249,-0.335122899793107,-0.308396657831699,1.06698130369182
1,1.36731028693474,0,1,1,1,0,0,0,0,1,1,0,-0.696148322183485,0.0453491115956282,-0.801833087450396,-0.456432858316836,-0.864720742765405,-0.738459061270746,-0.810865427277439,1.48572464935589,0.41958446879431
0,-0.408241180298805,1,0,0,0,0,1,0,0,1,0,0,0.120942000335913,-0.0728676783869662,-0.29150978811569,-0.235426623278981,1.53682033462479,0.66412489700628,-1.23215288169288,1.39160583891354,-0.474903408307933
0,2.89418960523027,0,0,1,1,1,1,0,0,0,1,1,1.16620243069009,0.941593652414622,2.46786275907357,-0.741990455156352,-0.341060260287651,1.52000511195054,-0.955586895061468,0.505425074100521,1.16014746142084
1,0.048812059226706,0,1,0,1,1,0,0,0,1,1,0,1.91615068969567,-0.186572676730177,-0.361673476342267,-1.49181953953069,-0.761844408301058,0.0499923927757974,-2.17386416045052,0.207689371226448,0.376256760811984
0,-1.79105168939865,1,1,0,0,0,0,0,0,0,0,1,-0.288778699340207,0.736312664918505,-1.33201801931858,-0.585694853413491,0.0380648006513682,1.49525206563297,0.760313125425118,-0.458039908884215,1.73125762519698
1,1.47467699624422,1,1,1,1,1,1,1,1,1,0,0,0.292736859302728,0.221291879039422,0.933063591940059,0.933555093629314,-1.51234600249348,-0.628525886795624,-0.983430118649243,0.54424829808568,0.21968816037714
1,1.73620556582181,1,1,1,1,1,0,0,0,0,1,1,-3.33482550469299,-0.250478051381407,-0.440932798164851,0.843781433053828,-1.49370025820057,1.01117467542457,-0.0550778496734987,1.50960458137297,0.304808043424351
1,-0.985890992601519,0,0,0,1,1,1,1,1,0,0,0,-0.739767631613508,0.653443448277977,0.874509203611659,0.689853143921077,-3.04493424239566,-1.84560556147566,0.517796426228816,0.580248562381238,0.544647400275296
0,0.902408941649417,0,0,0,1,0,1,1,0,0,1,0,-1.22792991223948,-0.635973603349094,-0.595947751866781,-1.07686243492217,0.661357219879542,-2.31724116030275,-0.309504654002025,1.36282466100327,0.373506520820694
1,-1.15765487075648,1,1,0,0,0,0,0,1,1,1,0,0.542809955111032,-1.01259461248515,2.32452527021507,1.98720051211552,0.400276663330587,0.165453217138608,0.0187791535102985,-1.3274449913379,-0.0147548244422595
0,-0.0989849074181538,1,1,0,0,0,0,0,1,0,0,0,0.453001161868613,-0.987911665675425,-0.746239309120438,0.255432662366817,-0.430727624010084,-1.91280063763309,-0.176950981963182,2.10079020082651,-1.3304014667348
1,1.23574904221106,1,0,1,0,1,1,0,1,1,1,0,0.977935122596365,0.138889166314204,-0.54899927661146,0.410273171814766,-0.314817300963974,-0.0613407786621362,0.00863809541859652,-0.352497896991495,1.12620045254083
0,-0.591845655306541,0,0,0,1,0,0,0,1,1,1,1,2.22929853118217,-1.59663592559446,0.33908631883985,1.55118766404123,0.628591894953942,-0.72587847219208,-1.33224616706381,2.30848440702638,-1.02232963953472
1,1.49938245412266,0,1,1,1,0,0,1,0,0,1,1,-0.403736428889713,0.85077811349861,0.273461717707501,0.399054317695811,-0.055963676888217,0.732313604684594,0.426554520756377,0.350721863918069,0.0498836607978973
1,0.463648499247996,1,1,0,0,1,0,1,0,1,1,1,-1.54279849208157,-0.254329031878758,-0.898257520749092,-0.229903350157115,0.121495441461092,-0.911774806844133,0.866516324430789,-0.300982625594387,-1.13544760480364
0,0.949367753074365,0,1,1,1,1,0,1,1,1,0,1,-1.35698623096526,-1.46654331327586,-0.428606614313168,0.642923288712165,-0.16879186103017,1.61511864805968,0.0120290675338543,0.0197958439141222,1.44300879551465
1,0.821339972433597,1,1,1,0,1,0,1,1,1,0,1,0.544852024550867,0.221354607344535,-0.831825287493731,1.22363793564758,-0.868215115752092,-0.383409662654113,-2.42472864659987,1.34156930501548,-1.20279782429431
0,-0.767836693825446,0,0,0,0,1,0,1,0,0,1,1,0.0922960503490926,2.47070774196853,0.211688094113504,1.5427564500097,0.510668611929921,-0.502613841467907,0.0292619699530954,0.0309832770076481,-0.412483025193466
0,1.2554660441215,0,1,1,1,0,0,0,0,1,0,1,-0.694918099043399,-2.20192220776792,1.52154881997886,0.601326986659909,1.42707577611528,-0.164385605009478,1.5405625497422,0.500834329051766,-1.08074652938897
1,-0.275076693110203,1,1,1,1,1,1,0,1,0,0,0,0.729384172196415,0.47221242154772,-0.506698423252613,0.607060245496749,0.558740889338073,-0.142571964280055,0.531687751240059,0.737224905949548,0.0654874946900702
0,1.50812787260741,1,1,0,1,1,1,0,0,0,0,0,-0.617384392125309,-0.893414751904442,0.647254274398069,-0.0354364067812516,0.717216986021375,-0.168751315732741,-1.03105773341093,0.0846420923965377,0.500552877190742
0,-0.847236193009982,1,1,1,1,1,0,0,1,0,1,0,1.00743314385504,-0.245828679886512,0.386196581127989,0.546109880637431,0.269930852531023,-0.293807685671073,0.654367852667182,0.660593593333661,-0.60085114158033
0,-1.21157247578523,1,1,1,1,1,0,0,1,0,1,0,-0.455914773447748,-0.0180466008318524,1.47877531000372,-0.614877029113343,-0.488407813783345,-1.14176047450912,1.09462907343825,1.11355374721587,0.638103996277337
0,0.663376189623205,0,0,0,1,0,1,0,0,1,0,0,-0.241031435233605,0.601492317923559,0.0388474929094414,-1.25054631042004,-1.58925950203806,-0.636563472447009,1.02943567628936,1.7449568976011,0.69808997437864
0,0.698656914377206,0,1,0,1,1,0,1,1,0,1,1,-0.141558728009969,-2.23953204771919,1.06631825026403,-0.274112459937039,-1.30145424220746,0.974023431040905,0.0897358061078973,0.548281805190605,0.0765459474156999
0,0.0351994383667124,0,1,0,1,1,0,1,1,0,1,0,-0.614227455170346,2.59081560704623,-0.874426577214803,0.343475596091422,-0.726915751479177,-0.914646250846066,1.9778952824647,0.620056386955968,-0.398761251167395
1,1.86196952074987,1,0,0,1,1,1,0,0,1,1,1,0.519485278757207,-0.733398374180257,0.0362538496396278,-0.670063624233825,0.216164333863561,-1.26986743454637,0.29229487178308,0.755073334693501,-0.91689808916419
0,-0.6942585291141,0,0,0,1,1,1,0,1,1,1,1,-0.553801619447032,-0.105282352950643,0.820819079745215,0.704805154032963,-0.102984853286629,1.68830555623694,-1.06467575870899,-0.119092490913986,-0.586967431826488
1,-0.893994633467786,0,1,0,1,1,0,0,1,1,1,1,1.67743951131714,0.402877683365971,0.741118188467529,1.73180069644403,-0.971247063372424,0.44183670375837,-0.917491501508303,0.724409587154018,0.923316801678985
0,-0.524057517300201,0,1,0,1,0,0,0,1,1,0,0,1.09448977050211,0.485379688428642,-0.00510723242134502,0.614674740933629,1.43263989297165,0.317530676334964,-2.2010568635952,1.00098163809099,2.10399417517269
0,0.346941752323554,1,0,0,0,1,1,1,1,0,1,0,2.02745864418733,-1.5802709226082,0.301486408141837,-1.76558313192515,0.273391217966333,-0.810249215103482,1.51575248417802,-1.2930304152018,-2.20924443539804
1,0.160437272510088,1,0,1,0,0,1,1,1,0,1,0,0.273254347490214,-0.184957055276323,-0.215733326414834,0.293183603471978,0.601217591822551,-0.0624848954125065,-0.153821760837205,0.0199604912225726,-0.831387323342023
0,-0.408985774387312,1,0,0,0,1,0,1,0,0,0,0,0.775729888982433,2.46959942786597,1.36198847659259,-1.72683663870398,-1.26568905258815,0.593039629322858,1.29017756616123,-0.281592605293176,0.255443283068022
0,-0.435211546852092,1,0,0,0,1,0,1,0,1,1,0,1.80549655105507,-0.782449842264265,-1.69276119748914,1.26822678612631,-1.44268731872759,-0.442231281696024,0.740538010397342,-0.362904099524202,-0.768286867291797
0,-0.81800486921882,1,1,1,0,0,0,1,0,0,1,1,0.754865786598587,-0.803334251031065,-0.58670814467865,0.551110019078956,-0.358889017709182,0.460129465097723,1.55336351506098,-0.635404511857135,0.836932154957866
0,-0.468244077422722,0,0,0,0,0,0,0,1,0,1,1,-0.986613842167539,1.00652689701999,-0.417894105981328,-0.599124644605234,1.36799936021648,0.206363101476297,-1.89164034026588,-2.00866309577667,0.367192396574222
1,-0.624228558580815,0,1,0,0,0,0,1,0,0,0,0,-0.38508738034901,1.14436309519411,-2.04347432261655,0.157125600172106,-0.161473397071966,0.209314266800823,1.07037530859266,-1.34474639530066,-1.51473110651475
0,0.729547013633187,0,0,0,0,0,1,0,1,1,0,1,-2.12565610790393,-0.329909738895589,-0.430756922583281,-0.141224850270972,0.637619868117422,0.789035606898006,-0.992582654164636,-0.00314648739174677,0.331654773572505
0,-1.03226794501587,1,1,0,1,0,1,0,1,0,0,1,0.212724154245459,0.210322398589749,-1.40039316591944,-0.219057830215826,-2.14212386977397,-1.29350362960883,1.39123894274135,-0.0204767813137151,0.477023331924664
1,0.315416007479262,0,0,1,0,0,0,0,0,1,1,1,0.262676782410426,-1.17667006512859,-1.04656312617044,-0.00440594027291799,-0.333585758827603,-0.58984897970531,0.447610625779585,-1.27724996002591,0.486292549613189
0,-1.05952072313317,1,1,1,0,0,0,1,1,1,0,1,-0.367188134896824,-0.669876650062317,0.813442861681756,-0.281462397489988,-0.17227785601385,1.32283022720747,-0.196269050080163,0.56684557719102,-0.97926131849783
1,-0.585236795720151,0,1,0,0,0,1,0,1,1,0,1,-0.0737881464112833,0.975820509648032,-0.139025325650517,-1.92371626005541,0.483667745090983,2.60361397357909,0.650139963524924,-0.212868326998059,0.301814079138074
1,-0.108806490244611,0,0,0,0,0,0,0,1,0,1,0,-0.578323013319937,-0.107424338282331,0.677775092698238,0.238591195614719,1.71844503394676,-0.907703999169563,-0.710012385306432,-0.0895856809234908,1.05442447462717
0,-0.71871354765831,1,0,1,0,0,0,1,1,0,1,1,-0.789183974061374,-0.537904985363706,1.5727090513652,-0.42155097379818,1.02141500652496,0.544665399161597,-1.11137690256974,-0.787493538097153,1.28186604662613
0,0.721825870971221,0,1,0,0,0,1,1,0,0,0,1,1.88362050647375,-2.35063542521214,-0.382950151569379,2.20943891202665,-1.29589598089439,0.355748892424925,-0.507336389150413,0.0425503596083823,-0.146157930504403
1,0.531095249419629,1,0,0,1,1,1,0,0,1,0,0,-1.59907909822714,-0.392684717832644,-2.40934895380889,1.90528957688934,-1.19673368618287,0.388760801585908,-0.0244693058795517,-0.755695956014681,-1.53560654214249
1,-0.898966566810925,1,1,0,1,1,1,1,0,1,0,0,-2.11692678210202,-1.13223405833463,1.56090020999673,-0.00357343884374188,-0.252983602171406,-0.0540285132058821,0.580187255402724,0.949214399828965,-0.627716019788096
1,-0.782448629131937,0,1,1,0,1,0,0,0,0,1,1,0.367647543720702,0.80239010860858,0.105238273044505,1.03913453013121,0.613199537199832,1.13733487206882,-1.97498571515608,0.547790926973277,-0.629226357475046
0,0.167002208560646,1,1,1,0,0,0,1,0,1,1,1,0.433126744793479,-1.13961881796607,-0.631240244252065,-0.552705704423296,-0.806451900545887,-0.0878713927915699,-0.493742311416345,-0.0923001032088201,0.684123486257063
1,1.29068354863958,0,0,1,0,1,0,0,0,1,0,0,1.47713658487945,0.53683245422395,-1.56951368679344,0.365330673194606,-0.754120269413502,1.9235224207769,-1.26734856364654,1.18448438674058,0.52799730112934
1,0.0364423748546931,1,1,1,1,1,0,1,1,1,0,0,0.99513379760658,0.169674193093201,1.30554638024099,-2.35063575137321,0.777359707129384,-0.982462356058705,0.664422254515596,-0.372159695269112,0.275485440310266
0,-1.17113956163436,0,1,0,1,0,0,0,1,1,0,1,-0.611871404804251,-0.913936197067574,-0.921575868166686,-1.37953283431993,-0.717633223715306,0.4761854706992,-0.778937992931828,0.252692452475822,-1.10094428341938
1,0.580928607298892,0,0,1,0,1,0,1,0,1,0,0,-1.1953136283622,-0.774477005507461,0.530972746487393,0.67702098577949,0.736657130478123,-0.295619119798316,0.204839116631134,-1.93414032617361,-0.527591846873545
0,-1.17607526923059,0,1,0,0,1,1,1,0,1,1,0,-0.424246616979216,-0.259013349961066,1.06537969466992,0.148284105535049,0.213181359612287,0.125215917555608,-1.17779752592749,0.122801193979583,-0.209884760078192
1,-0.873878541567161,0,1,0,0,1,0,1,1,0,0,1,-0.119196160759627,1.59582341923505,-0.808455489878186,0.516177162821997,0.982532396452633,-1.5105276587757,-1.56864639936998,-0.225155570791997,2.49175441092253
0,0.210813085873037,1,1,1,0,0,0,1,1,0,1,0,-1.42539530178563,-1.09772276386894,-0.0667488450061417,0.472494068725336,1.25262282665068,-0.196659731586124,-1.32600625852228,0.942231461658324,-1.52154760453608
1,-0.638973852860549,1,0,0,0,0,1,1,0,1,1,0,1.28868666008965,1.39132251408506,-0.18663399911717,1.14020653340387,-1.77137041603724,-0.340208962278309,1.52746140490599,-0.350082521844591,1.06320718003989
0,0.677142108263046,0,0,0,1,1,0,0,1,0,0,0,-1.20996711633511,1.31028719006083,0.434410575022139,1.0552360416211,-0.0394900189609038,0.346325595935451,-1.64816612748195,1.48367657801691,-1.44629145287183
0,-0.617815073796042,0,1,1,1,1,0,0,1,1,0,0,-1.54898594475014,0.766991441969548,0.0250576085758385,-1.32996629144015,0.582552388488535,0.127243850717986,-1.9026155160326,0.0198293235392749,1.49165809356219
0,-1.09924046765606,0,1,1,1,1,0,1,0,1,0,1,1.04372580925168,0.714855060585114,0.470058068092034,0.373844035862889,0.218089912976571,0.281321141936364,-0.726440184807683,0.160629383993599,-0.527117221641495
1,2.61729336769473,0,1,1,1,0,1,1,0,0,0,1,0.192102182682984,0.446497596956326,-0.0040868047920318,-0.932834454270067,2.24767469978828,1.83659675866257,-0.280866182758677,0.314402441591323,-1.66036322581968
0,0.710479041716097,0,0,1,0,0,0,1,0,1,1,1,0.582780301199413,0.64637316868184,-0.248830664143705,0.053946857153082,-0.138277756049271,-0.447852562928418,-0.976445849402987,1.06490898474356,-0.869097249201179
0,-0.0614106897480631,0,0,0,1,0,0,1,1,1,1,0,-1.22396578070681,0.300913503668326,0.336920832752812,0.281844505715634,1.59847438843556,-1.66687204099705,-0.214022196457001,-0.0262789919282708,0.133054585821902
1,-0.394707282117153,0,0,0,0,1,1,1,1,1,0,1,-0.337388908055454,1.81900118745775,0.57718330065086,0.960548109185283,-0.220525166758204,0.211745733596258,-0.0747330161862257,1.54712441337188,0.658639507399243
1,2.44779834441111,0,0,1,0,0,1,1,0,0,1,0,-0.441254079522588,-0.488933278998222,-1.19220326170597,-0.38283615358691,0.470831036000695,0.344854649465655,-1.69184690855346,-0.196880000903926,0.438475518464787
1,-0.38902139344505,0,1,0,1,1,1,0,1,1,1,0,0.12117779090329,-0.213732655039621,-0.680372843796413,-1.07611620592535,-0.441799665671668,0.392512411610458,-0.753858973178267,0.91778259183757,2.63948285585066
1,1.64239310671875,1,0,0,0,1,1,1,1,0,0,1,1.35665812890005,0.150280433203084,1.05578453288131,0.556040859610582,-0.281763221843003,-1.396595157185,-0.590247116510936,-1.04551000818246,0.460593876807433
1,0.575181228857901,0,0,0,1,0,0,0,0,1,0,0,-1.44629852768255,-0.22193770205801,0.352919043140806,0.910451300962217,1.97819661943008,-1.53180289333798,0.22508264684822,-0.540419617695509,-0.0421082198730793
0,-0.299198558076058,0,0,1,0,1,1,0,0,1,1,0,-0.988532969828184,-1.17350955933675,-0.392464657052775,-0.494499135544514,0.992439386157748,-0.346323833812577,0.480509852804248,-0.183216397359701,-1.12042838618835
1,0.618084891304259,1,1,0,0,1,1,1,0,1,0,0,-1.34482534712508,0.577789517384938,0.0367040463133762,0.848705328034509,1.71207298294098,-1.12610310354129,-0.16643067729283,0.60468170338741,0.896056655491601
1,-1.18858047502064,0,1,1,0,1,0,1,0,1,0,0,-1.03140262915186,-0.40222241092369,1.03045178728681,0.12318671182639,-1.49655221748691,-0.66389116996089,0.185396760900695,-0.152778600087696,-0.182755754989173
1,2.15342104821363,0,1,0,1,0,0,0,0,0,1,0,0.598485773072297,1.19818488938823,0.318598247465513,-1.28462151147888,-0.410783237307605,1.05918857615009,0.778499132943703,0.864923206349266,0.612352389102953
0,2.10507751313506,0,0,1,0,0,1,1,0,0,0,1,-0.38894712121409,1.15160870109338,-0.0308428666706814,0.113341703758943,-0.804188609161866,-0.0464319704535119,0.731959449249631,-0.260029318902614,-1.00641629367639
0,-2.23671976960699,0,1,1,0,1,1,1,1,0,0,0,-2.06453208611532,0.948352599130114,-0.21288299739452,-1.88627461792177,-0.888880530323317,-1.55536003496365,-0.0869202064214231,-0.534510441615448,-0.0870627545524969
1,0.476256533954007,0,1,1,0,0,1,1,1,1,0,0,-0.0794464555574715,-0.187917821209099,0.822102088110483,1.94261773163901,-0.466277215607117,0.19593791592969,-0.508496549899785,-0.696582774343086,0.0574382924110558
0,0.599880923069063,1,0,0,0,0,1,0,1,1,0,0,0.0275849843751729,-0.494122929247709,0.573754211042262,-0.310755707109387,-0.886260004175203,0.472197628988492,-0.263138714867588,0.0248277808049184,-0.480365315317822
1,-0.241690344734352,0,0,0,0,1,0,0,0,0,0,0,1.02593734946366,0.521152241463764,-0.944373260025307,-0.616679446660375,2.19979705665821,0.235470733003168,-0.491252238875271,-0.835555465310406,-0.866822757126409
0,1.32792314133678,0,1,0,1,0,0,0,1,0,0,0,-0.543454737562417,0.211520967493432,-0.288338641568593,-0.0482343528034389,2.27383729010917,0.0639150641890947,0.193460693004477,-1.92522368581753,0.690659555846808
1,1.24324943251801,0,0,0,0,1,1,1,0,0,0,0,0.724662025792879,-0.539621417003855,-1.40838920325736,0.769760191980733,0.0281321060003686,0.059327457970229,-1.91425825950743,-1.08510262210332,0.944624498613135
1,0.161027195688281,1,1,1,0,0,1,0,1,0,1,1,1.29689878643837,0.362781194387426,-0.497073103290462,1.26992849510701,0.747796377316654,-0.72570551647509,-1.42993274032005,-0.396212618945016,-0.74793600418191
1,-0.218410719235067,1,0,0,0,1,0,0,0,1,0,0,1.88461824126981,-0.549327409520189,0.783183271128096,0.514736996830681,-0.203019177821126,0.00647818810252279,-1.02361727191579,-0.291047856598581,-0.623721810081006
1,-0.180355777032333,1,0,0,0,0,1,0,0,0,0,0,1.36374191587675,-0.529012864575364,-2.07802424204147,0.393762950665269,-0.00114388824769863,-2.77518882373328,1.5075702562499,2.00637338836266,-0.243840320490891
1,-0.225381976545184,0,1,1,0,1,0,1,1,0,1,1,0.342543532899311,0.283847912939983,-1.04469821334006,-1.2053526469369,-1.04249239854817,-1.04972362607091,-0.728024049794188,1.1304993191801,0.438220126668654
1,0.135554738082179,0,0,1,1,0,0,1,0,1,0,1,-1.28918403408871,0.922379400571826,-0.92773226199396,-0.618126489836821,0.409630499604376,-2.25489222347145,-1.39996780036634,0.923549212591876,-0.198204185607631
1,-0.12242882566137,1,1,0,1,1,0,1,1,1,1,0,0.0830699385975818,-0.369767147997671,-0.0126403301348738,-0.101567873184728,-0.28300227239823,-0.148630079948622,-1.35309154013873,0.258249080019117,0.00255965984406292
0,-0.538314474164629,1,1,1,0,0,1,0,0,1,0,0,0.149156125407049,-1.12340757933663,-1.1014634696436,1.58825415334002,-1.11450383487676,-0.428354188608813,-1.86092855573782,0.465159368813771,-0.0410227127510448
0,-0.204005587061131,1,1,1,1,0,0,0,1,1,1,1,-0.452890692189393,-0.652148767593757,1.20604229924666,-1.47086509586804,-0.890141770030938,0.176051907062128,-1.34379082177405,0.945174347325661,-0.494262441798042
0,-1.18886532962001,1,1,1,0,1,1,1,1,1,0,0,-2.58358878946443,-1.27299953317938,-0.0366629696488709,-1.10790488717414,1.50696675338984,-0.284805954885106,1.7656571993253,0.90165409172148,-0.270230684290256
1,-0.11624706414267,0,0,1,0,1,1,1,0,1,1,1,0.0597902836651231,-1.38018112845209,-0.603299554881574,0.349621779623858,-0.2763395032409,1.08811379295037,-0.928936597753945,-1.33689705325557,-0.0771831016935017
1,1.61588494513765,0,0,0,1,1,0,0,0,0,0,0,-0.554047796981168,1.56053389636254,-1.49686000708732,1.16234504043621,-0.929459278838594,-0.563897345147136,-1.028228871002,-1.28954742998254,-1.15224434616102
1,0.335162372251053,0,1,0,1,1,0,1,0,1,1,1,1.33666154959531,-0.239216551807137,0.393965061719422,0.696089351392427,0.752993638329623,0.361142199142664,0.371988310115628,0.114637855032875,0.900083653781483
0,0.0635167064496656,1,1,1,1,1,1,0,1,1,1,0,0.642564205386303,1.23772449745687,0.015221663771174,-2.57830677589592,0.516292490914606,-1.00677035125742,0.651803443256964,-0.638400864504169,-1.18464750705893
1,-0.392715556045718,0,0,0,1,1,0,0,0,1,1,0,-0.758631129549751,-0.222682869298654,-0.622408106541053,1.71902284919718,-0.603434032394269,-1.03473838037635,-1.38123173780093,0.125305770049215,0.347577720623349
0,-0.393780532382583,0,0,1,0,0,1,0,0,1,1,0,-0.30745958757575,0.690829218658572,1.05033416398117,-0.872394467630173,1.05275380340879,1.02957732938357,-1.49569700592138,0.763234892276076,1.15062393000899
1,0.502426017629799,0,1,0,1,1,1,0,0,0,0,0,1.64103867051929,0.0891548786360801,1.07312116943071,-1.01143309128255,1.23273681302932,-0.324617970169084,0.264147116471789,-0.838371448524456,0.559168546998417
1,0.179217742605895,1,0,1,1,1,1,1,1,0,1,0,0.222450435337983,-0.682024288862972,1.46510033701224,0.814867642731132,-0.225945788180044,-0.401221865175671,0.113476282343703,1.48903826883134,-0.881672965271619
1,0.190566910590487,0,0,1,0,0,0,0,1,0,1,0,-0.212395323626389,-1.53278738440065,-0.131528646359977,-1.44648085358815,-0.0426754526830064,-0.175531707437801,-0.12254804080733,2.4836563683166,-0.00279186658454347
0,0.798821697800484,1,0,0,0,0,0,1,0,1,1,1,0.293418673041285,-1.09669319794861,-1.89366120737714,0.330147739872644,-0.909642058218467,0.785977028406281,0.295714507099198,0.813604997468587,-0.829272246207669
1,0.438802472141559,1,0,1,0,0,0,0,1,1,0,1,-1.03672904856223,3.18425949777269,-2.41350640302301,-0.0537071320967626,-0.96071141736263,1.35255159369175,-0.553502379111819,0.0908329788937621,-0.912290588089413
0,1.41771919110237,0,1,0,1,0,1,0,1,0,1,0,1.06613038442866,0.0103749328968279,0.19412710319903,1.04729939017433,0.271265451447494,-1.14935877569414,0.0807949639652689,-1.88618779708974,0.12168458122431
1,-0.332396273312891,1,0,1,0,0,0,1,0,1,1,1,-0.258431754730878,0.77880251324008,0.463808642423414,-0.113843624609144,-0.725011972416395,-0.261028338430675,1.06058802317072,-0.776250727610692,-0.251686155439578
1,0.0632842971505486,0,1,0,1,0,1,1,0,1,1,1,-0.584251832198951,0.47899527677952,0.882187398129426,-0.800698575490743,-1.60989895377567,-0.782744265448709,0.902313002193743,0.632447598897392,-0.831420130080648
0,-0.934185878924946,0,0,0,0,0,0,1,1,1,0,0,-0.882422743767049,0.186326589064668,0.985307917975567,-0.600857262142253,0.243038287928089,0.214472565519959,0.343913618314117,0.601695429800296,0.324679213301576
0,0.958525653066325,0,0,1,1,0,0,0,1,0,0,0,-2.21729488597108,-1.7194716497336,0.101059701551172,-0.190576639457036,-0.0355110998250501,0.37876050868129,1.72929128325356,-0.59940290937301,0.697239119255455
0,-0.78346567364633,0,1,0,1,0,1,1,0,1,1,1,1.20650323083628,-0.312790705327855,0.0859385703179075,0.0602508946426771,-1.15893101368765,0.0111805680795036,-0.0863957193195929,0.302307290747825,-2.39312870983808
0,0.333959798100066,0,1,0,0,0,0,1,1,0,0,0,-1.11889142943906,0.623901503571475,-1.96702302783371,-1.09157416317982,0.805806610992147,-0.0709219197439828,-1.04386788620501,0.993842629108536,-0.412855248914419
0,-1.78379770685408,0,0,0,0,0,0,0,1,0,0,0,0.442660972780099,-0.0581235616518997,-0.0210289154270605,-1.66360665130528,0.210918077346665,-0.334036016920631,-3.11352580706392,0.705266851743604,-0.211356140916919
1,1.51605661601881,0,1,0,1,1,0,0,1,1,1,0,-0.92209003928117,0.29921203576064,-1.45149815081159,0.975772362937451,0.231867316577257,-0.683961697833995,-1.49830759533199,-0.106237958085149,-1.2341784066051
0,-0.721458654751581,1,0,0,1,0,0,0,1,0,1,0,-1.58290659442727,0.65274453156617,0.177156126696293,1.131447271911,-0.172908869942839,1.25512369322642,-1.35983784466427,0.655656064452158,-2.59393817961055
0,1.07474348668001,0,1,1,0,0,1,1,1,0,0,1,1.18003093853019,1.74444763480381,0.79372900591108,-1.17094670588979,-0.85527316255928,1.17287602652362,0.298694860306429,-0.015197722615893,1.66993031278206
0,2.09483667984592,0,1,0,1,0,0,0,0,0,1,1,0.975424800217669,0.238449147666027,0.36125674301241,1.18945492649148,0.941497924625815,-0.71430142699437,-0.743545276313014,1.19633891842364,-0.272205094999401
1,0.636802569227379,0,1,1,0,0,1,0,0,0,0,1,-0.799346405574104,0.212145536176399,0.513142291349226,0.032109928389727,0.711477503838744,-0.221935369540532,-1.14858848159851,1.72530999526579,-2.59062478127469
0,0.0606035147404528,0,1,1,1,0,1,0,0,0,0,0,1.58948724388829,-1.02220314938123,-0.30377893006833,1.2601767622191,-2.31850417431283,-1.02134121151176,0.37990953559367,-2.00209784544494,-1.46202162774744
0,-0.322432848767079,1,0,0,0,1,0,0,0,0,1,0,0.844679101460463,0.267387324465216,0.00472889007487764,-3.03174146569161,0.325011977756527,-1.34193749047802,1.45235113509702,1.07924585898941,1.10930849735837
1,-0.456285501853022,1,1,1,1,0,0,0,1,1,0,1,-0.911332239469423,-0.372416476885306,2.00171028820277,1.70423758179033,0.634144430421433,-1.0046391559127,0.448536155269419,0.465398077581441,0.125543141605982
0,-0.471708991248964,1,1,1,0,0,0,0,0,1,1,0,-0.741511633945281,1.3095926870987,0.425552375077089,-1.33592900252954,-1.27527411932655,0.480170998218128,2.53837754017871,1.27587224979594,1.87212004870802
0,-0.245435036396048,1,1,1,1,1,1,0,0,1,0,0,0.427613607525117,0.655429887196418,-0.237240533487559,-0.232983650867349,1.12792957684154,1.28742234092058,1.14648900611444,-0.18995645300477,-1.55608686593959
0,-0.165833236809723,1,1,1,0,0,0,0,0,0,0,0,0.416080358155344,-1.53036814437832,0.594380681031496,1.1163179091066,1.08317903142612,0.370116374815785,-0.942079753373731,-1.78443189865901,-0.0100173829231306
0,1.11339842750908,0,1,1,1,1,0,1,1,0,1,0,0.576741852592291,1.37732106780522,-0.498441910860495,1.61001791848408,0.549885116718472,0.30969253608058,0.0507523280831357,0.0369864351552139,-0.218928985053189
1,-0.832612239518392,0,1,1,0,0,0,1,0,1,0,1,-0.350507001959689,-2.00598547124545,1.09510224749511,-0.144336592165999,1.4116815055087,-1.14407954502116,-0.0928110443839609,1.75967697709236,-0.290820282281365
0,-0.553518354386694,0,1,0,0,1,0,0,0,1,0,1,0.200279357937066,0.581166464819957,-1.31922127346976,-0.13145350513142,0.785669789058268,0.768130112255578,0.846486506837516,-0.787166821918871,-0.665576288867835
0,0.704876442691011,1,1,0,0,1,1,0,1,0,0,1,-0.317471091902294,-0.505397232365482,-0.132506102291534,1.15680537828407,1.32728075816967,-1.75745921455179,1.24817974146594,0.670650176744014,0.285558381113198
0,-1.20452430315396,0,1,0,0,1,1,1,0,0,1,1,-0.991833194882676,0.619719119388364,0.682215072019912,0.232725836017391,-0.277215250296556,-0.411646774404578,-1.78157665793717,-0.60828612199558,-0.967330107643378
1,-0.45224727770187,1,0,1,0,0,1,0,1,0,0,1,-0.442434231025499,0.649271670898184,-0.399229994007046,0.0844308091298804,-1.39056229673578,0.197849024596768,1.66691818173895,1.20565313042808,0.00896247792395704
0,0.154586473403363,0,1,0,1,1,1,0,0,0,1,1,0.484002063844493,0.879080858499494,0.636285578671217,-0.470087554574533,0.355887785697917,-0.623469790011428,-0.116063176350404,1.05141594645669,-0.759416808800152
1,-0.512707707100961,0,0,1,0,0,0,1,0,1,0,1,1.44303692555912,1.40598393633544,0.743373531081161,0.0119545258311722,-0.429955136875493,1.31642690031137,-0.13202259492213,0.429281154366289,0.582293044954024
0,-0.182408452974314,1,1,0,0,1,1,0,0,1,1,0,0.182007798097741,1.62674167781306,0.447361568013192,-0.916215804100557,-1.52037382331306,-0.514336364394265,-2.56819541552908,-0.934519784677502,-0.375671895686935
0,0.540565482383084,0,1,0,1,1,0,0,0,0,1,0,1.48656014616967,-0.994483253475132,1.6183652466476,-0.496040518850902,-0.366106948280848,0.532586254606368,-1.67220336193344,-0.340747205746618,0.832449304333484
0,-0.673025782307075,0,0,0,1,1,1,1,1,0,0,1,-0.0838938914904817,1.18633275829217,0.428901985968255,-0.354188898998073,-0.398846235702602,-1.75549391014945,-0.460376541994786,-0.439431351720295,1.03847137703337
0,-0.330623191596765,1,0,0,1,0,0,1,0,0,1,0,0.330782453213782,0.624627627241688,1.12608517348221,0.160361086690038,-0.813563368158193,0.490797704761947,-1.66816300600689,-0.39632953666936,-2.02711718227389
0,-0.0471262939745085,0,1,0,1,0,0,1,0,0,0,1,-1.35109944317015,-1.51690016608483,-1.80158797580872,0.0176296911171969,-0.26278244811841,0.392290819927904,-2.097687821047,0.271045608246693,-1.17930221091073
0,0.399722432050557,1,0,0,1,1,1,1,0,0,0,0,-1.71036887029556,1.037621291216,0.818777643042438,-1.26916646756835,0.266195695337605,0.339824665888315,2.39062878506184,-0.772960607385893,-0.835322423356013
1,-1.5846466777376,0,0,1,0,1,0,0,0,1,0,0,-1.37701124861254,0.701210781873838,-0.472383305652675,-0.0484217954074861,-0.4678532421229,1.13498438228496,-0.345181092125962,-0.00584285520938535,0.843302379262402
0,-0.332801181677415,0,1,1,1,0,0,0,0,1,1,0,-0.0380624061688063,-0.248776560738074,0.587171121695902,0.18103175270573,-0.246284514898763,-0.895586486019534,1.34064013408462,-2.66587429128966,1.65982521894478
1,1.46461745754436,1,0,1,0,1,0,0,0,1,0,1,0.881530088824293,1.17212214668701,-0.803130772091515,-0.798060508363948,0.985269451891391,-0.655533430168861,-0.462485847388604,1.0590450145737,-0.173801793165795
0,0.466023436021055,0,0,1,1,1,0,0,0,1,1,1,-1.08282456877074,-0.171617284295845,-1.96690359970107,1.38721390983569,0.776894449870084,0.159667932035933,-0.115708408685204,-0.0425214607709433,0.208192278210877
1,1.36091153723368,0,0,0,1,1,1,0,0,0,1,0,-0.409028951800305,1.04720979663585,-0.322107423706523,-1.1838534100951,-0.331907890623216,1.20610173355777,-0.101899843396543,-0.0709034546806049,0.0119996162729702
1,0.415223142376031,0,0,1,0,1,0,0,1,1,0,0,-1.07403148194044,0.227790379941411,-0.520606821127839,0.410129906503456,-1.0621376548004,0.427755073321272,-0.37194070441928,-2.62081870350142,0.756347362912156
0,-0.57292939080322,1,1,0,1,0,0,1,0,1,0,0,1.17638984726432,0.428422258439913,1.3438952722394,-0.813803114749818,-2.34327714155734,0.782436163883042,0.542588786932853,0.891793939103263,0.877155495581284
0,1.05220181182088,1,0,0,1,1,0,1,1,1,0,1,-0.0813584681445583,1.70587103078149,-0.1425598455969,1.69144647125907,1.10298432544562,0.127436926464395,0.0621558387486465,0.152153296672605,-1.355796260142
0,-0.985847618452758,1,1,0,1,0,1,0,0,0,0,0,-1.16781710163666,1.40396821351315,-0.817736872338667,1.47847600350393,0.141813964251174,-1.93946109595975,0.279343046947137,-0.233452676337581,-0.455364764556605
0,-0.934079245041517,1,1,0,0,1,1,1,1,0,0,0,-0.844593319703805,0.844786203933661,0.045170781974172,1.1274686649318,-0.233198167406142,0.864093319119922,-0.137994458343913,1.0924478687282,1.18543622555394
1,-0.578031169331555,1,1,1,1,0,0,0,0,0,0,0,-0.666031149490279,-0.824255339660314,0.446400565992713,1.26828531356193,0.369988792520179,-0.0850209344507525,1.50145040384765,-0.625163494033119,-1.30987504646929
1,-1.2068670565134,1,0,1,0,1,1,1,1,1,1,1,-1.14262579987724,-0.112348241152915,1.15380131647948,0.89870912778766,1.03787302593475,-0.842574059437858,-0.254389520471627,-1.57245730834649,0.499393736506073
1,-1.79585919744653,0,0,1,0,1,0,1,1,0,1,1,0.819205895238291,-0.368319171865794,2.62115607161919,-1.3691390633046,0.398218822870068,0.42639210620564,-0.299181027022754,-0.951107622561522,-0.805630786291667
0,0.620657071582962,0,1,1,0,0,1,0,0,1,0,0,-0.422301171946703,-0.18056189819137,1.04728943564559,-0.399144916534198,-0.360329318285716,1.34689235585574,-0.273132032468774,0.813001764166563,0.418477456216114
1,-1.56940750598581,0,0,0,1,0,0,0,0,0,1,0,-0.737306416602273,0.328570491605717,-0.366830961941514,-0.525294637264918,0.467473138615434,-1.32712875193009,-0.270345887200999,0.04375893476052,0.591368058067946
0,-0.0296705936861339,1,0,1,1,1,1,0,1,0,0,0,1.33490424542518,-0.350069925201676,0.0610892138728305,-0.792781978806107,-1.34814633863727,-0.443788892453439,-1.0507325463045,-1.53126272308733,0.705590488549797
0,1.83080417334595,1,0,0,1,1,0,0,0,1,0,1,0.543002543315487,-0.379910968679866,-0.216464720588553,-0.965056730641021,-0.986259822179959,0.0631994071850181,1.20599387560538,0.0490101977363445,3.31323832639392
0,0.0682984883879985,0,0,1,0,1,0,0,0,0,1,0,0.74589449946948,-0.673926291718161,-0.708486796914706,0.439755101985435,0.381834095949894,-0.318127502325852,-1.6564757873131,1.88924778710429,0.11871767953419
0,0.51875767968934,0,1,0,0,1,1,0,1,1,1,0,1.22253822849495,-1.06369043782113,-1.72892818862738,0.410694483375416,-0.201944595639393,0.611922472055292,1.38048483327169,0.0368717380376171,0.525025983788069
0,1.55542701809935,0,1,0,0,1,0,1,1,0,0,0,-0.403004270929674,0.244200707784376,-0.0944702236412922,-0.403337150818451,0.386679740877812,-1.18461028164856,-0.993832285930952,0.720313249916063,0.480319691603948
1,-0.133895713954114,0,0,1,0,0,0,1,0,1,1,0,0.0973787147992571,0.00942650622836414,0.405606480514178,0.185306077407807,-0.538617533940959,1.94047708010721,0.55337502921747,-0.250561054509404,0.762923243719091
0,1.39150243183144,1,1,0,1,0,0,0,1,0,1,0,-0.0919164565522042,0.740338472507807,0.57120275631513,-1.19925165896632,0.0781696016108433,-0.345298842103881,0.68090653460714,-0.229571192101482,-1.54466690340257
1,1.90927906271917,0,0,1,1,0,0,0,1,1,1,1,-1.52974036244082,-2.35181080927574,2.06563894409191,-0.427767553374458,-0.783018069407661,-1.3284611633914,2.56144123550685,-0.0102139308622364,0.116523056787681
0,0.681970976837789,0,1,1,1,1,0,1,0,0,1,1,0.225314370629321,-2.11092690023249,1.17373699964186,0.217958422232661,0.378475413105992,-0.913362627435778,0.681967745413416,-0.769770663197728,-1.87416194858176
1,-0.378793787623271,1,1,0,0,1,1,0,1,1,1,1,-0.416528178029503,0.813397629968313,-1.50006152861917,1.54907520898837,0.265494613611032,1.19506892186154,-0.299657449797068,0.0930939349296047,-0.678271611883183
0,-0.975823016523743,0,1,1,0,0,0,0,0,1,0,0,-0.525760540183374,-0.765965532491024,-0.0799952299304148,1.12600557785621,-0.735116125902079,-1.46638460677868,-1.06057095592516,-1.85847912437439,-0.772293042266687
1,0.4541793935415,0,1,0,0,1,1,0,1,1,1,1,-0.788249708990889,1.02055678427197,-0.00878431193761586,1.01369269839558,0.91445938890904,0.10688411186262,-0.127033846646999,0.538476209843282,-0.605605344247838
1,-2.06207707012747,0,1,1,0,1,0,1,0,0,0,0,2.00427813406139,1.46018732856843,0.777200329151795,0.64740684124203,-1.00693972238024,0.690269674311033,-0.702488145015132,-0.588744389540569,0.876405905906791
1,0.571105032204068,1,1,1,0,1,1,1,1,0,1,0,0.0356192516192546,-1.60727740259142,-0.386771640385549,-1.54424724029326,0.0411882409461916,-0.339873035316825,-0.38956713064558,0.0424879954391319,1.21098239360914
0,1.56479742712561,1,1,0,1,1,0,1,1,0,1,1,-1.05171199375164,-2.12496301436411,0.724355496287052,-1.30753769204266,-0.0928656139922808,-1.49698223377265,0.104636314325274,1.60515977009691,0.842431125787175
1,0.409175483828998,1,0,1,0,0,0,0,0,0,0,1,1.17062883598314,-0.782213963705674,1.02762365946118,-0.147304033112756,0.851939852726366,0.806032077585058,0.0183155870085275,1.31823257575614,0.66349279837394
0,-1.74722075948688,1,1,1,1,1,1,1,1,1,0,0,-0.132138903958514,1.66101567940221,-1.92924125459213,-0.680988712742379,2.41198799299688,0.409772711338516,0.0250340392332957,0.792628571778432,-0.201979921467695
0,-0.6329605717813,0,1,1,0,0,1,1,0,0,1,1,-1.53971546062737,-0.171725986047748,0.0890501918635835,0.254888320495186,0.232567461768692,-0.760676907742557,-1.53557869702787,-1.18585552708682,-0.166357878746092
0,0.600019025791987,0,0,1,1,1,0,0,1,0,1,0,0.255356764802856,0.285572914457751,-1.07443908699864,-0.366194476046287,0.0530015327638183,-0.271739230389269,-0.39895011259716,1.31051397167243,-0.345594754748982
0,0.677029571757929,1,0,0,0,0,0,0,1,1,0,0,-0.215573953027123,0.775040827361589,-1.87274054334079,1.35376984115928,0.0437231265468257,1.4781047974479,1.05785575981839,0.448661123650289,-0.126952917885025
1,-0.298646715588202,1,0,1,1,1,1,1,0,0,1,1,1.37589169953088,0.809085689901113,1.37420693319447,-0.382984589528312,-0.0660131052816472,-0.402048715489755,0.0569753953622803,-0.599982952518495,0.406221110028549
0,0.000815253169653554,1,0,0,0,1,1,1,0,0,1,1,-0.0307074892513685,0.537763356961463,0.062245180055097,1.06612660394517,0.406984888702456,0.626779409292867,-1.47207107076762,-1.12868726663931,-0.7630568114012
1,-1.24355135412635,0,0,1,0,0,1,1,0,1,0,0,-0.704794121145954,0.397945640699533,0.28849120952179,-0.576446050880713,-0.225811630539318,0.189872108204366,-0.769322035772086,-2.08999596692757,-1.33767354144305
1,-0.630496961929254,1,1,0,1,0,0,0,1,0,0,0,0.135534277674021,0.500568470613982,0.855777038980413,2.33724853099074,-0.0124094403351228,-1.30295945644328,-0.255661812830867,0.23820189812804,-1.09582216012346
1,-0.696399458235239,0,1,1,0,0,1,0,0,1,0,0,-0.468492896609175,0.584940716833346,-2.30233107913101,1.29140326248701,-0.45587563920561,0.573176401503342,-1.61671050668638,-1.74653083684755,-0.114671393349993
0,-0.370054281620425,0,1,0,1,0,0,1,1,0,0,1,1.38024593402354,0.707310287209348,0.389833892974505,-0.460122770629647,0.0527219286566022,0.773555716014659,0.668491791853394,1.15568747850111,-0.212962121419546
0,-0.467610724954298,0,1,0,1,0,0,0,0,0,1,0,0.45953114914507,-0.587270506371851,2.37784783764944,-0.219460458441492,0.835316400616709,0.0970597838426389,0.321569837388483,-0.0740240629555592,0.0395876782475493
1,0.986307156066507,1,0,0,0,1,0,1,0,1,1,0,-0.876362909056859,-0.282763527585736,0.580750658745308,-0.614363194688678,0.62422655553725,0.0224235495047129,-0.701381933130428,0.958047951291619,-0.948455525309679
1,-0.312197053302843,0,0,0,1,0,0,1,0,1,1,1,0.858189702168507,-0.611210270410966,1.4762145479614,0.885111115551447,0.394931705559802,-1.51535683567972,-0.475471652886497,0.287854261696769,-1.36990750040825
1,-0.367135104506349,1,1,0,0,0,0,0,1,0,1,1,0.998556616017103,-0.739681867080403,-0.467217947180157,1.48415558599442,0.281176765645319,-0.357114837747404,-0.199652007263038,-1.06132330261602,-0.431828533667577
0,0.774970889192457,1,0,1,0,1,1,0,1,1,1,1,-1.19098509954868,1.07693949817274,-0.942640500079948,-1.00175250237112,-0.727539721300989,1.0964890827826,-1.78470405998866,1.74167842101397,1.42974693780997
0,0.695730494164131,1,1,1,0,0,1,0,0,1,1,1,-1.37033573803743,0.423679221757166,0.0540743361654436,0.7996969199126,-0.340368978838091,-1.08008920818212,1.88197175513211,-0.0892987745326304,-0.593281320227281
0,0.708569789625455,1,0,1,1,1,0,0,1,0,1,1,-1.175401968505,0.669726689133186,-1.68594895312693,-1.02362037314409,-0.308580028203461,-1.24597094111948,0.692394256741394,-1.75341460894684,-1.65370297546037
1,0.764339092823808,1,1,0,0,1,0,1,1,1,0,0,-0.0454482275189775,0.903760535384552,-0.85169624383093,-0.0235683643947592,0.872866623871499,-1.57540765911469,0.1359516659543,-1.0728674973919,-1.90800402439063
0,-0.719324538340969,1,1,0,0,0,0,1,0,1,1,0,-0.842555358545837,-0.077330489459234,1.21480763415749,0.470304561762053,-0.285442014192746,-1.29348935889322,0.590173212499668,1.2387318255511,-0.208486528094482
0,1.01679417290996,0,1,0,0,1,0,1,0,0,1,1,-0.837454664498724,0.790980089119905,-1.360620637907,0.336199687495391,0.672494604684669,0.18746480961561,-0.315416708320234,1.09416931110396,-0.777802234375499
0,-0.649447914707121,0,0,0,1,0,1,1,1,1,0,1,-1.11619512176612,-2.27929180330075,2.20376862930912,-0.583543917122503,2.88781395725264,-1.061122410734,-0.0702707427364311,1.1781073524795,-0.97656991828179
0,0.346381192797847,0,1,1,0,1,0,1,1,1,1,1,-0.904257475681631,0.667756942787962,0.552356127722746,0.951151301825358,0.387619372262838,-0.849436956342375,-0.4452853716078,-0.479842313671667,0.171433234697488
0,0.79286321999278,1,0,0,1,0,1,0,1,0,0,0,1.73348012686978,-2.32707473174962,0.915457400395113,0.0133102902350757,0.566627142454445,-0.952399811153324,1.0106492635645,0.767255780469312,0.643338163566792
1,0.030280930456973,0,1,1,1,1,0,1,0,1,1,1,1.97564295876948,0.961941211124723,1.26247409082577,0.479468645298446,0.413454587424338,-0.684256261958213,-0.149991722815908,-0.179090196436728,-1.20229266310429
1,1.3091847600372,1,0,0,0,0,1,1,1,0,1,0,0.0459576601369727,0.69253457231223,-0.916092317661672,-0.640891051923539,-0.268314798168745,0.0157288720229644,-0.0986212466779409,-1.38923605336349,-1.39402201727708
0,-0.113863743986365,1,1,0,1,0,1,0,1,0,1,0,-1.15132527428567,0.11748507977144,-0.316251404583573,0.726561196021937,-1.3243934752565,0.464579795360643,0.51224599193968,1.01171570238805,0.420712473856781
1,-2.41963950575337,1,1,1,1,0,1,0,0,0,1,1,1.07612073671022,1.04088516245378,2.23808893663284,0.241881537848803,0.463656455896791,-1.34055419389148,1.29954890366736,-0.516939420737016,-0.571922358295583
0,-0.745079878323179,1,1,1,0,1,1,1,1,1,0,1,2.41433125305116,0.840821760289731,0.0761426124573913,-0.865092694250212,0.669222054152953,-0.407134202635413,-1.28042105353907,-1.31677714096207,0.0789961211922651
0,0.341614842197729,1,0,1,1,1,0,0,0,1,0,1,-0.763946476338575,0.607798493761801,0.484602558736905,-1.13319687193798,-0.666962615231022,0.716428368855583,0.42874003725329,1.09536716067837,2.55216716727442
0,-0.134061824410435,0,1,1,0,1,1,1,0,1,0,1,-2.28656832893102,1.1411322906228,-0.924024492702829,-0.659237408927449,1.12445264249892,-0.252341037365603,-1.5174508637924,-0.602167308441669,-0.611851314891131
0,-0.929771803273456,0,0,1,1,0,1,0,1,0,1,0,-0.63141876047265,0.672795855360084,-0.0211566930128216,0.276132802978526,-0.156331891494596,-2.13784853970736,1.24270137142143,-1.43509627276133,1.95197936376941
0,0.910392675863901,1,0,1,1,1,1,0,0,0,0,0,0.414151927388085,-0.227624234403752,-0.0285588564056582,0.0893075075691191,0.822698378001818,-0.724605887823417,-1.54599366347288,0.129152089114326,0.107364251219043
1,-1.6488005971381,1,1,0,0,0,1,0,1,1,1,0,-0.71912774148793,-0.560143744260173,-1.05356551450213,-0.893183770581606,1.20246227532513,1.36876527880515,-1.69318039351322,-0.140408639222987,-0.638036076137851
1,0.380643323441358,0,0,1,1,0,0,0,1,0,0,1,0.585275612355554,-1.05532994511568,-1.40335738123372,-0.25488577157438,1.15345081189304,1.60035069181887,0.622815570220766,-0.34776920528972,0.900785681804325
0,1.69931615762195,0,1,1,1,1,0,1,1,1,1,1,-0.732788019039453,-1.4837259961857,-0.513165975038005,-0.809998219986779,-0.250288063066186,-0.27625234101144,-1.88298836052022,0.931783278887599,0.762275201194458
1,0.460892634278373,1,1,1,1,0,0,0,0,0,0,0,-0.228439386642766,0.502084783356172,0.63406025925543,-0.707133035366938,0.650761780702562,-0.129236777383995,2.62240546687945,-1.96358582886717,-0.659336139523299
1,0.0262732813217813,1,1,0,1,0,1,1,0,1,0,1,1.07688880773702,1.07692218850074,0.292613787587562,-0.502089226213305,0.0242941396992366,0.231358845117548,0.370272073194792,-0.564822452704653,-1.01821964034174
0,-1.47840931322174,0,0,1,1,1,1,1,0,1,0,0,-1.1252624684197,-0.490492885384263,-0.992335185558429,0.139469905740056,-0.643855678778311,0.466564365099202,-0.897727373012247,0.1934388645729,0.0301900567547395
1,0.0378584500395945,1,1,1,0,1,0,0,1,0,1,0,-1.75049179072687,1.43373576766827,-0.876799702488103,-0.0941370601155793,-0.0433772917330642,-0.67361222224912,0.90379535697415,2.16510631449498,-1.42221132119008
0,0.725153656447849,0,0,0,1,0,1,1,1,1,0,1,-0.543104114714653,0.986175619293122,-1.47094120405045,-0.655418617615712,-0.154427420707581,0.545260606350681,0.226358133373213,-1.62112334146997,-1.59065827012633
1,0.239238684277188,0,1,1,0,1,0,0,0,1,0,1,0.86025535032359,1.53367422329912,-0.47384413571997,-0.60441482971052,0.466082241301803,-0.0254963462329335,-0.699421769140496,0.523414073616363,-0.318919460898371
1,-0.60411784577209,1,0,0,0,1,0,1,1,1,1,0,-0.282722903535537,-2.15079603593966,0.998780639724711,0.59155426024582,-0.207804220512727,2.00635572698101,-0.668272502925841,0.483257555789602,-0.426616340149424
1,-0.692492001395513,0,0,1,1,0,1,0,0,1,0,0,0.90632260222435,1.2083089184439,-0.200478257517712,1.43498024193807,-1.1922833433817,-1.4466159765779,2.92747830246363,0.383196710020078,-0.40059076198208
0,-1.28282408061911,1,0,1,0,1,0,0,1,0,1,0,0.169816348096094,-0.885340458642208,1.33447633397628,-0.922627972863687,0.238806411023961,0.858792808608073,-0.179327184397918,-1.48097566850473,0.155908031170991
0,1.21100478830014,1,0,1,0,1,0,0,0,1,1,1,-0.403682134134645,0.660985640211805,-0.263744624876818,0.26175529591037,-0.089001306248454,-0.0626515633801356,-0.417593265852906,0.715317355568,-0.781988497196501
1,0.151552077345625,1,1,1,0,1,0,0,1,1,0,0,0.140646271618447,-1.05479371310621,0.856196703370515,2.07162927347516,0.820821171535885,-0.48007977164056,-1.8806083893487,1.28766090265892,1.48855108334807
1,-1.20408789753283,0,0,1,0,1,1,1,1,1,0,0,-0.425524859029368,0.598737533292053,0.0302612114755955,0.726750357253402,0.0279429709075131,-1.73190054391053,0.384157611060297,-0.477485561683806,-1.03022171396297
0,-1.05341671142345,1,0,1,1,1,1,0,1,1,0,0,-1.5530803757432,1.5290921702505,1.43946008519418,1.6381120909604,-1.38603766864725,0.585952371361203,-0.794800212613592,-0.984229236614207,1.17262931186563
0,-0.685854949069164,0,0,0,1,1,0,0,0,1,0,0,0.208219180446762,-0.37784057602278,1.5932907180126,-0.290431654669904,-0.953423362443848,0.332945945788005,-0.0280805431555638,0.972670544429397,1.31590951212843
1,-0.907594506652844,1,1,0,1,0,0,0,0,1,1,0,1.56225628715099,-0.432352860726298,-0.00616435731791848,-0.346390168789237,0.0482500126463585,-1.6911047315921,-0.190011414658897,1.6889313311133,-1.29933065260665
0,0.21435601503328,1,0,1,0,1,1,0,0,0,0,0,2.56310027648199,-0.424503227203868,-0.692673035352332,0.179052931525878,0.830058146745855,-0.309251846810296,0.577804904761636,1.37874953447064,-0.121513382176337
0,1.78572322238573,0,0,0,1,0,0,1,1,1,0,1,0.943954106296262,-1.19708750409645,0.256631727557672,1.75831617190382,0.393459255659796,-0.867841134547915,-0.804096309017805,-0.857230831571484,-1.3485579787475
0,-0.788545414695894,0,1,0,1,1,1,0,1,0,0,0,-0.268567221173941,-0.444979848314296,1.08147878803383,0.537372473320511,-0.126898648980303,0.880965615904266,-0.0879910977908081,-0.181237072847223,-0.545775598177741
0,-2.45292772471449,1,0,0,0,1,1,1,0,0,1,1,0.0560550469348849,-0.905835863145056,-0.61513184162965,1.14494210761837,-0.716013994010613,-0.403661440761389,-1.29592940706504,-0.553994538017499,-1.75003994547505
0,-0.726047786939884,1,0,1,0,0,1,0,0,0,0,0,1.81090812956541,1.32064014563482,-1.0764720539719,-0.814559346837014,0.153262020228684,1.12149351979193,0.501578625729763,-0.155043333814598,-0.748834593115506
1,-1.01290386669368,1,1,1,1,1,1,1,1,0,0,0,2.32648052503356,-0.821278535083432,0.658170117355032,-0.0586438926705388,-0.226943942781404,-0.117701138787946,-1.12051068332429,-0.181339256551082,-0.211319902397844
1,0.898916057863734,1,1,1,1,0,1,0,1,1,1,1,-1.08220190226559,1.68868290566555,-0.00263070677316262,0.0275074215776574,0.259104678443923,0.0385938036861634,-1.14983286620689,-0.844895327791197,0.809416368820527
1,0.287677916258196,0,1,0,1,1,1,0,1,1,0,0,0.853905754716716,0.349975174465626,-0.350719315809418,-0.41347524020066,-0.3361219657476,2.03169783149579,0.970575062250643,-0.124000116849117,-1.45284774754872
1,0.571459956607184,0,1,1,0,0,1,0,1,0,0,1,-1.48949768156892,0.511044323979575,0.26772403427192,-0.688141247021706,-0.470414312734941,-0.393364740480008,-0.687239099500741,0.14114085099686,1.47838606701704
1,-0.649059474504117,1,0,1,1,0,0,0,1,0,1,0,-0.482457867866846,-1.95567394808891,1.0174287544868,0.0357348230877048,-0.57964487812364,0.838233464911434,-0.00535377500578626,0.34764458859249,0.0144195171656407
0,1.16840909098984,0,1,0,0,1,1,0,1,1,1,1,0.114700147022369,-0.380014626575501,0.41546850666474,-1.72868945532809,-2.01773630262791,-0.219331361396616,-1.26059556965629,-0.212351735906612,0.805172683385695
0,0.558404520093126,1,1,0,1,0,1,0,0,0,0,1,0.391836339815884,1.59636409240969,1.23671570243337,1.89527782465552,0.845174405972299,0.519025148037397,-0.154934415784687,-0.880595561013046,1.61135396698821
0,2.0615217617717,1,0,1,0,1,1,1,0,0,0,0,0.178725202545315,0.865948413330835,0.193797439175441,-1.20292827683051,-0.38626016638135,1.70091425394462,-0.290384181452633,-1.4168475766067,0.14230250820882
0,-0.900135017350074,0,0,1,1,0,1,0,1,1,1,0,1.35257012101399,2.65095541972922,-0.700011401604413,-0.14985120905436,0.780610991621807,-0.851429767937072,-0.323742993640922,0.266622658827097,0.607042178304393
0,-1.68454077803592,0,1,1,1,0,1,1,0,0,1,0,-0.851836065667893,1.61228443891955,0.246916752283692,0.364253362037107,-0.474850831291219,0.27600157366251,-0.81061948650168,0.458174164545171,-0.427338384881126
1,-0.12945815196362,0,1,0,0,1,0,1,1,0,1,1,-2.24434678294185,0.0830760296593891,0.827998164205798,0.12099675958117,-0.140238903996695,-0.218232942143442,0.349605265173089,-1.3634946479254,0.495631944132363
1,-1.29436057541207,1,0,0,1,0,0,0,0,1,1,1,-0.904489098883232,0.947990336347519,-1.16827596833758,0.309547395710752,-0.499706182144918,1.19983303182165,1.24719007256871,0.72891405323397,-0.917144134815397
0,-0.776851187354737,0,0,1,1,0,1,1,0,1,0,1,-0.035827804219603,0.300003141295956,0.0830823174716408,1.14433772191033,-1.45529860293598,-0.180098646138996,0.292059174560067,-1.22719319711062,-2.20944318223675
0,-0.584623146125751,0,0,1,0,1,0,0,1,0,0,1,1.62832352986701,-0.29300603012244,0.324152609106807,-0.084943983939141,-0.163004923503153,0.353950458420044,-0.203434369148518,0.0218011926978689,-0.920403835454801
1,0.428626149511344,0,0,0,0,0,1,1,1,0,0,0,0.069560466131749,-0.229419052746283,-1.0754138431805,0.424079046610285,1.42912991100245,-1.67386746659786,1.88167717542997,0.240715673677722,0.47797788441968
0,-0.324447949952492,1,1,1,1,0,0,1,0,0,1,1,1.53929803195019,-0.178545736150981,0.496018644911576,0.0011008402876298,-0.893478544507786,-1.09275698383263,-0.698032144493675,0.826397721416149,1.0723913598005
0,0.939433056042537,1,1,0,1,0,1,0,1,0,0,0,1.50753464104284,-0.96402075065319,1.32955264500899,-1.03002897156101,-0.40939771856514,0.902635021053143,0.198171607163661,-0.654526491506312,-1.0957527998671
1,0.105227175206477,1,0,0,1,1,1,1,0,1,1,1,-0.480927408909098,1.86815020212681,-1.95331971473462,1.0115505653891,-1.72997658349158,-1.65297841335514,2.04071492691819,-0.115617811684553,0.141397121823244
0,0.0765429747171405,0,1,1,1,0,1,1,0,0,1,1,-0.631773291256388,-0.209046014506939,0.0546603189198882,0.171655594193508,1.25096872514979,0.00109959224335218,-0.110799775849244,0.504355671184844,0.900438345259656
1,-0.9480179402304,1,1,1,1,0,1,0,1,0,0,1,1.10391486367462,-0.901102394536958,0.125750701203201,1.05841068481313,-0.572270887047369,0.296625228394165,-0.481861295089629,0.00735670187666839,-0.210595240231284
0,0.434346796855922,0,0,1,0,0,1,0,0,1,0,1,0.590662957538903,-0.246442108166748,-1.44723382937338,-1.6098447200655,2.17472829082844,-0.286310428543605,-0.375861869480897,-0.0829827594454561,0.0503570119670435
1,0.554088412275368,0,0,1,0,0,0,0,0,0,0,1,-0.494587353384073,-0.940389539274141,-0.600468652776981,0.48745059316926,-0.791370931598529,-1.21431881649531,-2.45295002633127,-0.548470841283259,-0.167785454649646
0,-0.365220803676757,1,1,1,1,1,0,1,0,0,1,1,-0.332651512191775,-0.293184051324057,1.80715778481247,1.07777953544548,2.86749405804383,-1.0285490389292,0.426064988546925,1.23989899345547,2.22169117638992
1,0.488135157759849,0,1,0,0,1,0,0,0,0,0,0,-0.121009208201175,-0.176764052973377,-0.39805629592707,0.510491330672724,-1.07468849194225,0.437935350420435,1.35853191909545,-0.0457877184257434,-1.10360477738059
0,-1.74897749032067,0,1,0,1,1,0,1,1,0,1,1,0.294949451289938,1.04904874150044,0.428158190793357,2.13054575752579,0.182998682458288,-0.56839908741744,0.312340428326144,-1.25719635195836,0.236925648801425
0,-0.09992256080576,1,0,1,0,1,1,1,1,0,1,0,0.289544551500419,-0.612133593640145,0.270276457721956,-1.47017515380662,2.23891064840466,0.183647486817682,-0.363216790101152,1.86651042117751,-0.880221001326393
1,0.92102969527176,0,1,1,1,0,0,0,1,1,0,1,-0.770382514516223,-1.654563793752,-0.101067629879781,0.392991054082913,-1.79583835380942,-0.650880794901426,-0.0237103388871678,0.601561547282124,0.0941487338484159
1,0.708297856266249,0,1,0,1,0,0,1,0,0,1,0,-1.25631431409914,-1.52161898517897,-1.86230306772201,1.1288550081827,-1.05186650255662,0.125894504161857,-0.376732573758027,0.539259264697802,-1.64975462518627
0,-0.333515330499021,0,1,0,0,0,1,1,1,0,0,0,0.708353856349077,-0.640530452452151,0.0616360712567664,-1.59260122166107,-1.31767730948298,-0.628766138233346,-1.14884199645093,-0.822874239117412,1.43390702832257
1,-0.146364287041115,0,1,1,0,0,0,1,1,1,1,0,-1.3022314447582,-1.23901435493087,-1.02468184700168,0.366943422351139,0.330458340077166,0.114678750073325,-0.593275999700319,-0.026379114839011,1.2744485660877
1,-1.08225270016069,0,1,1,1,0,1,1,1,0,0,1,-0.684253774363937,-0.49390860487274,1.33323547417544,0.789703784433891,0.911917361751242,1.13284498719227,0.365365537000026,-0.656843887936455,0.596702040090798
1,-1.02039180851641,0,1,1,0,1,0,1,1,1,0,1,-0.10049720157406,0.91308272642214,-0.918679084381713,0.487405816099272,-0.295193658113298,0.689379386660497,0.533819367072165,0.979448845246424,0.0888047968039412
1,1.41784073798486,0,0,1,0,1,0,1,1,0,1,0,0.341961530449605,-1.02922132914836,0.462647014975235,-0.554870111155083,-1.63096185413448,-1.06848232886817,-1.23870122571924,0.252856189116815,1.0066876843847
0,1.09374981952034,1,0,1,0,0,1,0,1,0,1,0,0.620838694169176,0.235539911856376,-0.626847833595981,0.710523874037825,0.720142323625035,0.930709277977435,0.472423839886482,1.74112197760151,-0.027419389533886
1,0.0520049648900576,1,0,0,0,1,0,1,0,0,0,0,0.385045755731512,-1.35064464771169,0.377703142138686,-0.142929680736945,0.798746945076675,1.69706393079479,0.0887643219677156,-2.39524910938443,1.94198785185436
0,-0.177337568229371,1,1,1,1,0,0,0,1,1,1,0,0.100739781637271,-0.467446183153301,-1.61330828536174,-0.10610731131736,-1.53482324653997,-0.555356729200146,0.834953850888303,-2.11304038143223,0.66347086588198
1,-0.0362214193398309,0,0,0,1,1,1,1,1,1,0,0,-0.0438916585176279,-0.671783209578245,0.206136068120179,-2.21656154145118,0.241476670155818,-0.531431473600142,0.479433763029871,-0.766882030078011,0.225149154307102
0,-0.763500449589429,1,0,0,0,1,0,0,0,1,1,0,-0.18202157999705,0.686706367275257,0.827401638743386,0.849102215886398,2.31690813578386,0.9809930397497,0.160936768925527,1.07637808833881,0.359314718073885
0,0.370460811291336,1,1,0,1,1,1,0,1,1,0,0,-0.296806951036772,0.642119085996193,-0.257376775360579,0.0658907957698014,1.22742223624174,-0.632423897995216,-1.15280073602713,-0.585374995969845,0.0175733319852177
0,-0.0333592250585066,0,0,1,1,1,0,1,1,1,0,1,-0.0504197278383129,-0.866142261272267,0.637252736051177,-0.657788975198375,1.33594814236859,0.266172594522568,-2.47790406474543,-0.832316835027902,-0.0408569011670523
0,0.164147381432624,0,0,0,0,0,1,0,0,1,1,1,-0.360945047941989,0.988797804148268,0.779845057395208,-0.193506040435498,0.358501370256313,-1.23200657659397,-0.523214655692955,-0.142341255260984,-0.169864801713233
0,-1.20856715580719,0,1,0,0,1,0,0,1,0,1,1,2.50830927658963,-0.148514148606695,-1.11067958470747,0.657245940677774,-0.589196241787299,-0.675413224569722,-0.771007115700208,-0.0665013849403203,0.18747684868736
0,-0.686444560259892,1,1,0,0,1,0,0,0,1,1,0,-0.257976604117106,0.148746114082222,-0.14451115189779,-0.37075412998993,-0.114068274188885,0.347134648698771,0.523409901135701,0.895236269118193,-0.955224214677979
1,-0.399789611525559,1,1,1,0,0,0,1,0,0,0,0,0.147304869008247,0.513816676415823,0.525682915642788,1.36560442851615,0.104519683256255,0.238435535575867,-0.599164528119319,0.33236781569432,0.0369590247595255
1,0.33304911707902,1,0,0,1,0,0,1,1,0,1,1,0.866174246685342,-0.462203416992882,1.88318175996651,-0.0399511912554075,1.07501760150672,-0.141312002695416,-0.00766990076289663,1.35408898757225,-0.744540187977483
1,0.718999370611866,0,0,0,0,1,1,1,1,0,1,1,1.86613054779565,-0.704512615968838,0.677096368018887,0.120515140684814,0.155631004047245,-0.00768542524779215,0.629564431204095,0.359186896769888,-0.0206095776116082
1,1.32207766708769,1,0,0,1,0,0,0,0,1,1,1,0.0913168761919644,0.966281429602346,-2.80825996851446,2.06465015799685,1.00554094532381,0.72596448141421,-1.72879418052626,-1.46034245087619,-2.72506454325038
0,-0.459369264038052,0,0,0,1,0,1,0,1,0,1,0,-0.513036854425049,0.112996530046021,0.638824550516583,-0.390662717195411,-0.289769277068257,-0.543149586496111,-0.286120331426447,0.900780060669918,-0.767254299405713
0,-0.529589844889541,0,0,1,1,1,1,0,1,1,0,1,1.07605167453756,1.16530415965986,-1.26511901691296,-0.320398083573179,-1.01772330586915,0.192521379558994,0.670835762705793,0.841666609396563,0.890157484304912
0,-0.830048743331083,1,1,1,1,1,1,0,0,0,1,0,1.347175091391,-0.183224685221416,-0.343389862819082,0.655011172494786,1.06905945921615,-0.771926362489231,-0.899296151554404,-1.4275842880235,0.171747421728282
1,-0.0805472869706026,0,0,1,0,0,1,1,1,0,0,0,-0.582960539212892,0.111969181055133,-0.634065972575739,-1.20233125677214,0.65028819065662,-1.05387308536969,1.48413733027664,-1.5069151839843,0.862446904690569
1,0.170431923807171,1,0,0,1,0,1,0,1,0,0,0,1.08520464351857,1.03317083945237,0.451436228554117,0.134133060265154,-0.181768801834188,-1.2024618710749,-1.38021093978189,-1.30701244327777,-1.14385837664848
0,0.585079208940495,1,1,1,1,1,1,0,1,1,0,0,1.66667556642063,-1.13890651708868,0.229913369325573,-0.384696623336916,-0.00249746522380524,-0.60033983789669,0.0662710202681607,1.77740106543789,-0.411825014495312
1,-0.482083426451608,0,1,1,1,0,0,1,0,0,1,0,-0.562181372572007,0.175454675560211,0.0795541754998335,-0.216884156580932,1.55082051436657,0.221725124033285,0.223711331078655,-0.827757023759653,0.649178852389161
0,-1.72408198101413,0,1,1,1,0,0,0,0,0,1,1,0.0660541722821983,-1.68454328224759,0.0904346106078424,-1.51501686011322,1.28380621320149,2.40488654901156,-0.256583437913696,-0.636331912712402,0.501062427888828
1,-0.632424123836524,1,0,1,0,1,1,1,1,1,0,0,-0.438254201847705,-1.05260611117348,0.476309265429104,1.45860473455926,0.618662312641777,0.966525870151594,0.0190500165879053,0.274312408452561,0.582525074233972
0,0.984042917967114,1,1,1,0,1,1,0,0,1,1,0,-0.633776231951305,-0.405736483274926,-0.704224019742798,1.01867731492455,-0.107896710776427,0.273475477688111,-0.705095815783839,-0.615173119162236,1.48384845602297
0,-0.79960696316307,1,0,1,1,1,0,0,1,1,0,1,-0.805823396860071,-1.26759539120396,1.05164425820452,0.288663587696151,-0.896208399563436,-1.1320872161961,-0.215366782290811,1.35555540215282,0.760378417145022
0,0.689819048260837,1,1,0,1,1,1,0,1,1,1,1,-1.26909580843217,-0.899640683713222,0.307492411819561,1.05526151679525,0.71191746949769,-0.617004625195335,0.214961721457876,-1.03397961803251,0.950797430120538
1,-0.420555120544248,0,0,0,0,1,1,1,0,1,1,0,0.846238295696642,-0.968309962300003,-0.669372921794383,-1.49514889778801,-0.0370696651880834,-0.6459188618079,1.2784295777821,1.0711682535859,1.13234315412824
0,-1.08864006580057,1,1,1,0,1,1,1,0,1,0,1,-1.73299213997646,-1.15725161902649,-1.00195276020036,0.647703336173805,0.223988645873579,0.235554657416617,-1.69232194256839,1.81565315356381,1.87187926738112
1,1.56216009876381,1,1,0,1,0,1,1,0,1,1,0,0.259438547124352,-0.588475638875737,-1.58531716180537,-0.513165396333567,-1.77497314238809,-1.1202427839517,-0.229547244969081,-0.410274430566847,0.478793361302494
1,0.119432648129473,1,1,0,1,1,1,0,1,0,1,1,0.353772958469305,-0.511360364898222,1.17030366322547,0.440199500636864,-0.434955142645448,-0.696170607407953,0.946112888170047,-0.909615509759003,1.31411816899194
1,1.08673839774964,0,0,1,1,0,1,1,0,0,1,0,1.44484201791218,0.66941814855395,1.18868000115248,1.43978296930313,1.30129663759491,0.838011623926368,2.71764767405067,0.763899748815024,1.67083395264095
0,-1.00815270733036,1,0,1,0,1,1,1,0,1,0,0,-0.147091860669282,-1.72871841189172,0.18252646287537,0.550017931467673,0.707228110047803,1.53260381420654,0.0869498457726793,0.620736523603171,-0.615289388473996
1,-1.43269256414033,0,1,1,1,0,0,1,0,1,1,0,0.572902726418887,-1.87106188178736,-0.700876014155932,1.62398242426508,-2.14652421007232,0.370164071263715,1.7239207105202,-1.49473862622915,-0.0900326434750899
1,1.44112699140782,0,1,0,0,1,0,0,1,1,1,0,-0.293729922724513,2.62498892545418,-1.25430202027128,-0.384639501281563,1.05852193206274,-1.97586812025246,-0.577025510752353,0.163803852134273,0.101022064227479
0,-0.0119862933686215,1,0,0,0,1,0,0,0,0,0,1,1.35138042073967,-1.38512216684854,-1.8631543573674,-0.0515236963628199,0.355297749948296,1.03975781153288,-0.108521920792152,-1.24721457493449,0.356116383814183
0,-1.17234752029725,0,1,1,1,1,0,1,1,0,0,0,-0.484578902844956,3.18673682905802,0.927717711104535,-0.425625073010165,-0.956019806798693,-0.578330065970701,-1.78985288555379,0.330991874658413,-0.322447961026384
1,1.6623835930608,1,1,0,0,1,1,1,1,0,1,1,1.09740420901366,0.969214851064944,-0.263020828515447,-1.73968590376236,-0.659333070265295,0.112848892571625,-1.05483831917521,-0.308053924910172,-0.907525681362744
0,1.55882745422966,1,1,0,1,0,0,0,1,0,0,1,-1.47310246610706,0.264430709469314,0.191103447617264,1.21751603192569,-0.448556501724951,0.330201839050176,0.381048908308219,1.27270980832023,-0.234268050433664
0,-0.36125619441717,1,0,0,1,1,1,1,0,1,0,1,0.0121712724623307,0.844328876388972,0.940881778322016,-0.199223825078198,0.458816250240637,-0.496879530661044,-0.185837495076809,-0.0789864808109869,2.33648836481253
0,1.2721793416171,0,1,1,0,0,0,0,1,1,1,1,0.302870609308929,0.798416564571429,-0.891315843129226,0.22528999338481,0.301273306567776,1.1515018432797,0.928708778231988,0.0213450554003828,0.32357567708377
0,-0.0920455012558896,0,0,0,0,1,0,0,0,1,1,0,0.442194700411512,-0.44661997517303,-0.0418272803462277,-0.221039592638887,1.39046430845232,-1.62325482458712,0.263559313358183,-1.05294115321,1.17196573928182
1,-0.819853355131171,1,0,1,0,0,1,1,1,1,0,1,-0.51435155444328,-1.07804357249215,-0.289412044985111,-0.373705294768024,2.60308548770589,-0.3816961144445,-1.08133812768558,-0.12190446535998,0.205711238265346
0,1.7058919031018,1,1,1,0,1,1,0,1,1,1,0,0.558267576906296,1.33123275242867,1.90452745965905,-0.306793088048176,-0.304993246832897,0.572265636177921,0.596847188005217,-1.3106481554731,-0.124325142591556
1,1.74743223845498,1,1,1,0,1,0,0,0,1,1,1,0.29303371212307,-0.73133596138992,-1.87171293477733,0.612522836334848,0.826951397963832,0.0203007918772317,1.17217538907771,-1.54607559694922,-1.96483459876423
0,0.110777193405134,0,0,1,0,1,0,0,0,0,0,0,-1.95121468183648,-1.34379579798937,-0.600773337538519,1.28765964996108,0.0746781934540286,-0.644393388629625,-1.15563738903602,-0.412281770021894,0.103870035762651
1,-0.213982069692003,1,0,0,1,0,1,1,1,0,1,0,-0.43854957635956,-0.316458289323705,-0.323104532385005,0.175727916360475,-0.0759411108328,-1.24876787535697,-0.56126630794676,-0.20865962860706,-0.659465634392949
0,1.08695469579284,1,0,1,0,1,1,1,1,0,1,0,0.0616172037225194,-0.981204059404612,0.325624673205749,0.227003383125853,-0.870690513585357,1.84507820291769,1.35843475738535,-0.335526011019374,0.362865396573069
0,-2.05888595771977,1,1,1,1,0,1,0,0,1,0,1,1.01270062348245,0.429214075105358,1.1358949744408,-0.660685713614878,-0.161617888358699,1.79796569710226,-1.40360182825825,-0.356372688216531,0.0616264685372122
1,-0.259935608631579,1,1,1,1,1,0,0,1,0,1,1,-0.80519660978656,-1.75094792281548,-0.683104472267448,-1.54782344125997,-0.582779546430624,0.230008700605159,-1.53803433991528,-0.382757991403177,-1.00859067168482
1,0.694706910712804,0,1,0,0,0,0,1,1,1,1,0,-0.471470219198626,0.226324869853015,-0.915339729310184,0.942651454579163,-1.02529242735235,-1.15934476506533,-0.979932431056467,2.12481932627244,-0.272731367133141
1,0.236850577415466,1,0,0,0,1,0,1,1,1,1,1,-0.83434336479392,0.734741166985785,-0.377692714266324,-1.21203390895708,0.41114258011739,-0.819053593919844,-0.735809352099423,0.549695796618818,-0.776018606099385
1,-0.626567074692889,1,0,1,1,0,1,0,1,1,1,1,-0.539649304582206,1.58002296401433,1.4403981848515,0.27164919646174,1.28179129618588,0.613071858500524,-0.573342957839491,-1.42945378411868,-0.481061399997921
1,-1.19327283222223,1,1,0,0,0,0,0,0,1,1,0,-0.332451307917885,-0.487712791838082,0.0460877265719846,0.536085642251144,1.11765621765217,0.215217712879274,0.938662545509803,0.497814855436832,0.0817113520110643
1,2.61801019157836,0,0,1,1,0,1,0,0,1,0,1,-1.25776784579596,0.836972235714415,-0.160705636341071,0.0147056408185842,1.90754786696402,0.485078244743548,-0.380628558360176,0.0945950093193126,0.0133614756167825
1,-0.011382504248218,1,0,0,0,0,0,1,1,1,1,0,-0.513384485195346,0.540393182595134,-0.338199889297296,0.903960313584692,0.340980524323338,-0.247137597399207,0.764285112531808,-1.0111973175437,0.0744352712506643
1,0.628104744289602,0,1,1,1,0,1,1,1,0,0,0,-1.00287572855759,2.41404445019223,0.579683722110084,-0.772313184560541,0.518660531469039,0.970267107605753,1.80372644442619,-1.02237614360242,0.26653581819211
1,-1.81393675969132,1,1,0,1,0,1,0,1,0,1,1,-2.10937413492711,-0.386620090871342,0.937639088407349,2.0565542472589,-0.311038459071111,-1.36017739902007,0.464331363139617,-0.152911086828469,-1.36438608970171
0,0.808589966100045,1,1,1,0,1,0,0,1,1,1,1,-0.187858744220275,-0.731022188397773,-1.30833825178469,-0.332547136996034,0.448959505070447,0.156084452482288,1.47328383391355,0.501763103578678,-1.11163034587239
1,-0.841598063045651,1,0,1,1,1,0,1,0,0,1,0,0.209156628283271,0.617090500911419,-0.192022563944904,-1.04374009602693,1.28126225775195,0.695877816251891,0.768283952439998,0.59630450204871,-0.825456524303622
0,0.295786940607544,1,0,1,0,1,1,1,1,0,1,1,-0.904281924770688,1.30512694959495,0.489838053907689,1.42969851179284,-0.328593750709267,1.28451065873023,0.0573695981942908,-0.521843553791673,-0.606537528106902
0,-1.07545284394808,1,0,0,0,1,0,0,1,0,0,1,0.320400081301441,-0.976357803596976,0.966458415491425,0.233292863220751,0.329737200176097,1.5272567162789,1.4197421484045,1.86561291786391,0.15259397900483
0,-0.637323498120238,1,0,0,0,1,1,0,0,1,1,1,0.223641516661401,-1.15816945816714,1.07274049433086,-0.517948189155453,-0.517008607651046,-0.484327923257668,2.12549642880214,-0.742227012497106,0.647061724395403
0,-1.47038002420867,1,0,0,0,1,0,0,0,1,0,1,0.617832581891547,-0.276101463401278,0.525433795409185,-0.707993455448413,1.43777120250237,0.101070493781878,-0.334172048045336,-0.729997752213292,-1.73162862204306
0,0.678126065169976,0,1,0,1,1,1,0,1,1,1,1,-1.11426922348114,-0.0769175321098667,1.27382848061006,1.45958408412924,0.465112501254914,-1.04117080555289,0.518410438088586,-2.11534504179426,-0.198251747159029
1,0.357685353518938,1,1,0,0,1,0,1,0,1,1,1,0.983366074047361,-0.270024136420185,0.920044960498855,-0.566935926581151,0.438900901058949,0.0844006352734935,-2.40660448154361,0.667906713036147,-1.70472447152501
0,-0.922826332247561,1,0,0,0,0,1,1,0,1,1,1,0.256638694829523,0.456210951678769,-0.648548826175994,0.4341423917308,0.868061646439892,-1.3369350646229,0.976228299977101,0.226950300001963,0.123957147262232
1,-0.0121400329204898,1,1,1,0,0,1,0,0,0,1,0,-0.714009275086881,-0.59966790771445,-0.729681229650216,-1.01229441784695,0.741346579569202,-0.525894215023846,-0.182728091092183,-2.02626677968435,2.16831456074377
1,-0.204371569872126,0,1,1,0,1,1,0,1,0,0,1,-2.52101801873778,0.824062171745771,1.29901031382456,-1.43609178028642,1.04966672160982,1.22510145612082,1.85217503960185,-0.0366423940567387,-0.264294512364832
0,-1.7103849835341,0,0,1,1,1,1,1,1,1,1,0,-0.89417716917275,-1.12789271287457,0.0145941094574082,0.719196301877632,-0.147235565702171,0.122996829563303,0.668405346464876,1.258777786669,-0.746663632038532
1,-0.221219521351613,0,0,0,0,0,0,0,0,1,0,1,0.676060904209836,0.572526203872377,0.425133411915583,0.857534931712012,-1.28690386478779,0.88574204025412,-1.03048257466944,0.869057006429776,0.264198393503818
0,-0.166993723499491,0,0,1,1,0,1,0,1,0,0,0,-1.05362717066332,-1.20869410954257,-0.0813871041282496,-1.31053369579281,0.414721145889559,0.565467501321002,1.71849725175461,-1.1213013816226,0.00518164716915835
1,-3.05480905387304,0,0,1,0,1,0,0,0,1,1,1,0.740687028911298,-0.958056245608328,2.21345559542213,-1.10627573335001,-0.0787523214645488,-0.448596436257251,0.561275100043972,0.915521173070252,2.85435117637991
1,0.376623021864793,1,1,0,1,0,1,1,0,1,0,0,-0.141880531582586,-0.921530789836382,-0.345585003224355,-0.0286080156305135,0.203012807712041,1.23467005355599,-0.306402029595187,-1.20224615826964,1.2750293787956
1,-0.354678975927644,0,0,0,1,1,0,0,1,0,1,0,0.605005050369837,-2.55405119203488,0.473876740008628,1.42707139122499,1.50387455476621,-1.12309070662551,0.14586198127467,-2.02918867310692,0.76543040435506
0,-0.354781286171592,0,1,1,0,0,0,1,0,0,1,1,-0.288886405183988,-0.557154360101118,-1.15727553137761,-0.00314581388657256,-0.936848068042352,-0.409599457516259,-1.00258647258306,-0.25951059503035,-0.694710172286389
0,2.38584949565514,1,0,0,0,0,1,0,0,1,1,0,1.14993845312312,0.162119635140916,0.779828836431378,-1.40227544961329,-0.540623264006385,-0.138730922542309,-1.36502373592684,-0.227769594125059,0.240368505445364
1,0.965187774027781,1,1,0,0,1,0,0,1,0,0,0,-1.70164054625913,-0.132023843253556,1.29380141458141,-0.381251217118306,-0.603660863459778,0.365731890623045,0.491894905996107,-0.240751360134664,-1.21086795423515
1,1.33089036419639,1,0,1,1,1,0,0,0,1,0,0,0.449654417136985,-0.475012106623717,-2.14304715007118,0.519539460384869,-0.657992441655626,-1.48749929182577,0.874099408042949,-0.746582231062744,-0.0636377886156698
1,0.917704331682237,1,0,1,1,1,0,0,0,0,1,1,-0.0667102504819067,0.110029891019361,-0.65967427253612,0.0135152799048072,0.210812528048766,-0.962084314271456,0.609470166635293,-0.785615840439455,-0.756546557921397
0,0.75743180132737,1,1,1,0,0,0,0,1,0,0,1,0.599964782247758,0.638693910781969,-0.796797778593095,0.581999658504944,-0.900273600522423,1.1937682127072,0.905765813610251,2.94881816070699,0.341872909078093
1,-0.183015641980002,1,0,0,0,1,0,0,1,1,0,1,-0.684087680956401,-0.95534868070423,-0.913703699726377,-0.081214006773866,0.707100715046134,1.24766868406935,-0.0748454405064015,-0.711356658012228,1.73889702992161
0,0.975330485001034,1,0,0,1,1,0,1,0,1,0,1,-0.320673506547782,-0.931810374302035,0.243542261773123,1.22448319147944,0.00461590138876469,0.265625803483278,1.02164861876353,-0.909773226282902,0.644621085524099
1,-0.979075709113603,0,0,0,1,1,1,1,1,0,0,1,0.964182944186051,0.321457297677853,0.938629998726973,0.280137073073181,0.455142036667931,0.476221110581791,-1.42189616361922,-0.00854234149898094,0.336140937047625
1,-0.43472958205026,0,0,0,0,1,1,0,0,1,0,0,0.989913958069219,2.45875587305349,-0.720839817455371,-0.225755437657674,-0.4385147285105,0.546901026602022,1.33294034281878,0.662834535519582,-0.964263397969148
1,-0.282476781458908,1,1,1,1,0,0,0,1,0,1,1,0.481967416001673,-0.863161141379272,1.07480512066447,-2.0257709691569,-0.97753214893254,-0.425476619114678,-0.707229023789417,0.700289251190496,0.110220859810598
1,0.670888476314852,0,1,1,0,1,0,0,1,0,1,0,-1.49458066070282,-0.802426338288889,-0.192449444687398,-0.247587043396326,0.0652508354861612,0.0886932107100062,-0.860682319712062,0.482787514376169,0.984965491593096
0,0.829770702642502,1,1,1,0,0,0,1,1,1,1,1,-0.579575595061667,-0.565758159689143,0.645167137705666,0.580202019294866,-0.199468414923946,1.89025420156687,0.325632432798935,2.37072316090012,-0.791607092088341
1,1.14591004239983,0,1,0,0,1,0,0,0,0,1,0,-1.47956614956708,0.285907259912562,0.19063599060095,-0.395215413715145,-1.00429294452801,0.863659913944091,-2.20618345337811,2.11373835763172,0.429409957865466
1,0.935827054370306,0,0,1,0,0,1,0,0,1,0,0,2.95202624113031,0.0371911218560253,-1.13852139932071,1.33209292662744,-0.886045877908215,1.21270041551145,1.59495271745852,-1.15952789534909,-1.65118444161611
0,-1.05927456005553,1,0,1,1,1,1,1,1,0,1,0,-1.40796299017672,0.42885392756262,-2.03961358052093,0.232402809295412,-1.15874593050902,1.65847164742037,0.923873249386161,-0.151522499759045,0.363784088767634
1,-0.412170246566348,1,0,1,1,0,1,1,0,1,1,0,-0.699446573562375,-1.00115734758142,0.180995958277358,0.806202651763094,-0.358119326571782,1.86232329721393,0.507996289316493,-0.336627569014984,-0.879723485116398
0,0.60833670867,1,1,1,1,0,1,0,1,1,0,1,-0.0789535018224041,0.963563923279552,0.10701366221459,-0.121129301430685,1.4805081867764,1.15385643551963,-0.250437603812651,-1.87456998497426,0.995725798212008
0,0.798643852281365,1,1,1,0,0,0,0,0,1,0,0,-1.83333871661177,0.416305810384447,0.72074090732059,1.43729261233278,-0.376615405149942,0.0985378160540732,-0.547744395058008,1.26275463514186,-0.0392839430250064
0,-0.495109311691599,1,0,1,1,0,1,0,0,1,1,1,-0.512018213904538,-1.07020679187915,1.64610218077307,-0.412429160727239,0.460458802872988,-1.32719685483727,-0.420015572817821,-0.503673807526498,1.56136259015521
0,-0.253443302599389,0,1,1,0,0,0,0,0,1,0,1,-0.73062936611692,-0.0773063257454602,0.702740518697591,2.98455775877687,0.794083435118516,-1.13518283648706,1.00517551790091,0.220219782797317,1.63547587483504
1,-0.708616073749924,1,0,0,0,1,0,0,1,0,1,0,0.0829863867543243,1.60888223458487,-0.368409029788395,-2.0349255755723,-0.394347021776101,0.534640945984694,1.22076093296555,0.220016556854655,-1.24569315218803
0,-0.441735747386832,0,1,1,0,1,0,1,0,1,0,0,0.313260236421593,-0.573936910239579,-1.2824840256936,0.916792612670287,-0.940676715538043,-0.849877383981618,0.465045223385131,1.23716474520646,-0.476776682730784
0,0.313113405525253,1,0,0,1,0,0,1,1,1,1,0,1.25525202615077,-0.260731752260673,-0.517727096533508,-0.233090118957013,0.183912309567237,-1.65764951633108,1.83310438349445,-0.061664643402995,0.377937996686552
1,1.49930201528742,1,0,1,0,1,0,1,0,0,1,1,-0.392904809162893,-0.998445856978364,-1.05677487452891,-1.5780261924827,0.619092724187566,1.72476619099291,-0.717153430498873,1.03502457307424,1.48190356183098
1,-1.01866668428534,0,0,0,0,0,0,1,0,0,1,0,1.77153837263165,0.31290178921692,0.574068168278385,0.655029235764691,-0.36399587377356,0.739555951432484,-1.83453150689033,-1.06648034980218,1.35108085030407
0,-2.19232440847238,0,0,1,0,0,1,1,1,0,1,0,-0.393712830959853,-0.82816383357489,-0.910946693401651,-0.974198412763017,0.396000223958444,-0.448458572615685,-1.98102974176527,-0.996649430142113,-1.8704972026817
1,0.8331336670115,1,0,0,0,1,1,1,1,1,1,0,-1.25199108152836,0.617971221200934,0.223426698673573,-0.274905200508315,0.539455256127297,1.78262381132348,0.179191140521262,-0.366889390476989,-0.294317777047036
1,0.470546741085527,1,0,1,0,0,0,0,1,0,1,0,-0.44254706439755,0.128076126777191,0.41664748088735,0.607066371303104,-0.131277529963694,1.49825515853151,0.525342030844303,0.298168787496846,0.602152660539032
1,0.848935488703779,0,1,0,1,1,1,0,1,0,0,1,1.95675856002878,1.05390494550279,1.22862109856069,0.801996326520264,0.33428645025105,-0.761316525409138,-0.995163460525742,0.326935445881167,-0.0977832602835347
1,-0.0866654737555593,1,1,0,0,1,0,0,1,1,1,0,1.41359085874793,-1.65566372236571,-0.944288429063351,0.680877179355759,-0.996771236285043,-0.168410120636527,-0.615423512231554,0.4783869643347,0.895207065403349
0,-0.811301716873207,0,1,1,1,0,1,1,0,0,0,0,-1.83692731391376,-1.57653655737559,-0.793067949545095,-0.587176466331384,-1.77195126028318,0.0154099769929027,0.258003126941547,0.871080168081594,0.589340523050903
1,-0.582530415438469,1,0,1,1,1,0,1,0,0,1,0,0.429569738949235,-0.075400929102273,1.60894538422078,-0.721236458080885,-1.64247057530303,-1.1134343017414,-0.491984148575063,-1.77328549863057,-0.188898112027725
0,0.364468513839215,0,1,1,0,1,0,1,1,1,0,1,-0.954486408558487,-0.809152456585238,0.299527582468707,0.461710552957883,-0.83576303258698,-0.159266114256421,1.32817122692709,1.35030471983784,0.567549266188261
1,0.915041029296746,0,1,0,1,0,1,0,0,1,0,1,0.958645490937891,-0.264965563371254,-1.15229592064679,0.157681100749965,0.61176301854006,0.269859937180626,1.700738110606,-0.788589768994438,0.849988414728227
0,1.43234120919312,0,0,1,1,1,1,0,1,0,0,0,0.835324999143026,-2.82001558582372,-0.0867992632997668,-0.0966034726843846,-0.433104091978535,0.436096161887896,0.45401123918014,-0.705451240401452,-0.0797450464812205
0,-0.689237211434349,1,0,0,0,0,1,0,1,0,1,0,-0.495257109189779,0.0835778943159901,-0.745455274969299,-0.739177135123171,0.561234360593965,-0.196865764465578,-1.00960293880941,0.371765960671957,-0.87773178939499
0,0.429857580375146,1,0,0,0,0,1,1,1,1,1,1,0.242688863644349,-1.47810670248354,-1.2557335270231,0.167838248908039,0.826346057209711,-0.011135986370233,0.451119074615299,-2.56785414301961,0.468081400267532
1,-0.460421427406896,1,1,1,0,1,0,1,0,0,1,1,0.618364861616235,-0.225927245351139,-1.02516738346961,0.0340668520220534,-0.383526944280866,0.960382613032175,0.121128345405936,0.190575703978162,1.04873251903101
0,-0.00303602794955024,1,1,1,1,0,0,0,1,0,1,1,1.26369368480062,0.271404150205981,-1.72555318850753,-1.24699056727014,1.05975610747574,-1.37815552544488,0.408501290971253,0.942471573443204,-1.18288163677152
1,0.454921378259092,0,1,0,0,0,1,1,0,1,1,1,0.842665043593654,0.253392283208963,0.0743567484716703,1.29234826762546,-0.400109555725648,0.0303799148495032,0.010753127258435,-0.955564698619664,-0.820137913655915
0,-0.948243645283247,0,0,1,0,1,1,1,0,0,0,1,-2.39089177164004,-0.795892056576387,-0.847288423166546,0.816324461460798,-0.0144685507627243,1.27400338789612,0.12995946955628,0.0067187592217404,1.55788569401994
1,-0.666985790027332,1,1,1,0,0,1,0,0,0,1,1,0.867559830431595,2.19466143618869,-0.378325965900381,0.624730905429898,0.79905440159653,0.624273391723073,1.80185798319146,1.4760685239934,-0.104847638843827
0,0.105785558925369,0,0,0,1,0,0,1,1,1,0,1,1.96698182355949,0.0275469049771725,0.105431281585261,-1.41385366658506,0.287613043018046,-0.644692537283874,1.38692065751336,-1.52455667990651,0.0483464168755447
1,-0.550939522983295,0,0,0,0,1,0,1,1,0,0,1,0.58640103286432,-0.192118121374186,1.04344323097449,-0.506148730509782,-1.34943690120112,-1.06016028722359,0.583088955420237,0.671294883496704,0.677301778788528
0,-0.651642189749723,0,0,0,1,1,1,1,1,0,0,1,-1.67269604524407,-0.45730124501076,0.92611508339798,-0.404642273546885,-0.0616407342583934,0.0723015481452289,-1.11037080003494,0.35287497583251,-0.273727248748856
0,0.614430201444847,1,1,1,0,0,0,1,1,0,0,0,1.76931471061638,-1.18347918644647,-1.28277715108021,-0.392474692521152,0.688426648908673,-0.64001638783741,0.422594154546247,-1.18932647262835,1.67628861994496
1,0.989518800098127,0,1,0,1,0,1,0,1,0,0,0,0.0143102357899986,0.68322984771375,-0.829278948402193,0.0626869561571712,-1.01501743421545,-1.15678224178363,0.667479692055693,0.0433128224621699,0.54315337091076
0,-0.227820473302003,1,1,0,0,1,1,1,0,1,1,0,-0.814862825934996,0.246291104843878,0.0988250706347132,0.919054555493672,0.504099869324328,-0.876023305274666,1.17568795407236,1.38800511140978,-0.380642344933736
0,0.351151894196653,1,0,1,1,0,0,0,1,1,0,1,-0.483043224751362,0.787776072954329,0.111926931645289,-0.483238655234774,0.0891944553524302,1.61987476449502,0.158729293561835,-1.57668966446861,0.233915333750252
0,0.591255000816517,1,1,0,1,1,1,1,1,0,1,0,1.19831236844278,0.353913115318577,-0.811261732775644,-0.173292274482338,-0.116749335676459,-0.87445555674348,-0.622600640575116,0.840855013186687,0.202421654152885
1,-1.67055270295024,0,1,0,1,0,1,0,0,1,1,0,1.03300800997757,0.968585552918483,-0.442375419081062,-0.679982170816569,0.677486966089759,-0.920924193027336,0.343559398261575,0.835390810091352,0.156587548907001
1,-0.317545391380249,1,0,0,1,0,1,1,0,0,1,0,-2.58991573090064,0.339209150199146,1.04610433492447,0.272150957435146,-0.390790805982331,0.186754121285765,0.4218722546274,-0.124918196590037,0.687653888459299
1,0.583998155906285,0,1,0,1,1,1,0,0,1,1,0,0.394051663216436,1.44585075912283,0.79168289468267,1.47668622407328,0.455961488830048,-1.16278648187888,-0.582824100379128,-0.993223867419116,-0.367269516379076
0,-1.22210801508245,1,0,0,1,0,1,0,0,1,1,0,0.135092726079496,1.83499587638598,-0.420797321944853,-0.270001817041494,1.39940581636004,-1.49496842897809,-1.45350595160118,-0.406371243603996,2.47887662043064
1,-1.1573458562969,1,0,1,1,1,0,0,1,0,1,1,-0.636140767554541,0.299744175276889,-1.83592155584407,-1.19241583863441,-1.20121357984849,1.48712972175878,0.739740377194266,-0.224314644793055,-0.502990188473925
1,-1.90289834176584,1,1,0,1,0,0,0,1,0,0,1,1.26567644590561,-0.139660068826074,-1.6443963821712,-0.149821262362071,2.0184580303095,0.219654700524487,-0.636273140681347,-0.433621710485855,-1.3911693007554
0,-0.204125392017592,1,0,0,0,1,1,1,1,0,0,0,-0.516889976085281,0.58393855276454,-0.867878968044565,-1.31424138392321,3.33896672206829,-0.644732825183597,1.49625382644521,1.08515940355251,0.942513382526029
0,-0.997611231281711,1,1,1,0,0,0,0,1,0,0,1,1.47418567670564,-1.26783891315386,-0.115981588873499,-1.16601765886564,1.03089272133747,0.77095901303979,0.107033642579732,1.20981366287554,-0.512079816916313
0,1.0874987129826,0,0,1,0,1,1,1,0,0,1,0,1.81553333170384,0.192579612085483,0.215430788125233,0.260631565387019,0.0340405636671443,-1.18497121955158,-0.727826506706662,-2.70170789885042,1.74902112801489
1,-0.849670159470441,0,1,0,0,0,1,1,1,0,1,0,0.623049948861121,0.333955732504118,-0.57254714531705,-2.43375444146844,-0.0790234417873683,0.690739014635612,-0.834613926096509,0.556988380031954,0.754403337150775
1,1.55686135347134,0,0,0,1,0,0,1,0,0,0,0,0.615663621441017,0.624908989880745,0.512171741152666,-0.706615454017592,0.884423087444522,0.375681169042481,-0.396843969434931,-1.54457419706828,-0.100402628989492
1,-0.142468808934092,0,0,1,1,0,1,1,1,0,1,1,-0.371952827809354,0.0221510846753375,-1.48426608816503,-1.81125482066801,-2.27657445729558,-0.0618736868481067,0.649557578935424,-0.526607702515812,1.10124402547016
0,0.478998114042068,0,1,0,1,1,1,1,1,1,1,1,0.649405870375296,-1.40779204063297,-0.0440353456254136,0.145262544913027,1.62353744456921,-0.208425474852044,-1.15885878544603,-1.29074920928151,0.807417978085515
1,-1.31141771440667,0,0,0,0,0,0,0,1,0,0,1,-0.278625067577705,0.696073690284664,0.681648677965722,0.378192961077223,0.0822734655938375,0.629572509919338,-1.39021109874059,-0.391756002899521,1.09748347561407
1,0.174793805997434,0,0,0,1,0,1,0,1,1,0,0,-0.905071743009451,2.51538427073067,0.047815986418082,1.38793204044957,0.497210980090209,-1.80534092934025,0.276157946236833,0.650155394701623,-1.25499313622723
0,-0.565297750769376,0,1,1,0,1,1,0,1,0,1,0,-1.11895172442594,0.785787453382285,1.36581803733565,-2.92197877308292,-0.0938629501201318,0.205178692487724,-0.417571301905682,-0.733941474635133,0.581163942510803
0,1.74115339924539,1,0,0,0,1,0,0,0,1,1,0,-0.626499142357748,-1.11766837461025,-0.0629657362100858,-0.455698468537064,1.1886806233232,0.738859564264399,0.61428345288763,-0.642848284837713,0.249006771762997
1,-0.317584397803448,0,1,1,0,0,1,1,0,0,1,0,-0.685569962085845,0.4650980666745,-1.17128339769952,0.565324637952875,-2.14577649443035,-0.593643072280157,-0.186857023564301,0.608300180222268,-0.315977278494617
0,-0.51911617173602,1,1,1,1,1,1,0,0,0,1,1,-1.15913441240256,0.73284063609152,0.326705124039232,1.16143248132954,-0.727465562778527,-1.80657567485167,-0.0731645348480511,0.213852661840359,-1.00797352879896
0,0.0427851996008056,1,1,0,0,0,1,1,0,1,1,1,-1.09158721423284,0.881541924248426,0.916651275695477,0.418603773510072,0.205824094353352,0.746392859807209,-2.48252392709672,0.334704456392602,-0.185819977426591
1,0.522074578914262,0,0,1,1,1,1,1,1,1,1,1,-0.58738799078886,-1.79209534422613,-1.3302415999784,-1.8689893315315,0.319747409926468,-1.22004145824932,-0.156933965516217,-1.11259248860011,1.41329474130743
0,-1.41737051936651,1,1,1,1,0,1,1,1,1,1,0,0.764921161171074,-0.53379656565742,-0.446228992523874,0.0877771491108545,0.740541779581181,0.131103885775455,0.412512987655405,0.0254794725628678,0.220609774235531
0,0.571556220488835,0,1,1,0,0,0,0,1,1,1,0,2.28337833921726,0.927938743752216,1.18066894452394,-0.501062704051927,-1.04563930485333,0.332740080551491,1.04181273260784,0.800862894607359,0.819179419043121
0,-1.40030417674312,1,1,1,1,0,0,1,0,0,0,0,-1.35144826146603,1.8522877390014,1.62452455970444,-0.45698613367649,-1.55686585171291,1.89036315099243,-0.500969508838435,0.311956664626715,-0.798346442061451
0,-1.57716438693427,0,1,0,0,0,1,0,0,1,0,0,-1.85703949814874,0.576395724953559,0.03518509525066,-0.209966138542508,-0.258041821725532,0.048157084279019,-1.1249789784996,0.603705625533674,-0.798057139084365
0,0.164403575759692,1,1,1,0,1,1,1,0,1,0,0,-0.650005008241774,-2.25819350778757,-0.0497520291363644,-1.13823733668548,1.75661058660457,-0.239485799319125,-0.793423610703407,0.471347611891401,-1.20196525778469
1,0.792707498202234,1,0,1,0,1,0,0,0,1,1,0,1.3020763144602,0.841419466195618,-1.33841620363274,0.27202922425161,-0.463579766064274,1.39104351090688,0.783714438193971,0.231562439826965,-1.45043068863511
1,-1.63258714702602,1,1,1,0,0,1,1,0,0,0,1,-1.8759112429536,-0.355704787352172,-1.23765629595772,-1.47984031158156,1.26174108910257,-0.561514607136687,-1.18333903951206,0.0755731857768916,0.306362575176337
0,1.60201820096244,1,0,1,0,1,0,1,1,1,1,0,-0.294856972436714,1.59749517042865,-0.842819965190133,-2.21367989920638,0.42580232018539,0.140987170570421,2.00980447850237,-0.425033618437719,-0.178283011302707
1,-0.214746613537678,0,1,1,1,0,0,1,1,1,0,0,2.10817958226007,2.32241856253226,-2.40630206281888,-0.340245758331869,-0.166851468986603,0.287507356520709,0.423495187045731,-1.11866048847768,0.547700351004065
0,-0.278498145892022,1,1,0,0,1,1,0,0,0,1,0,0.880097325810244,1.59285914490149,0.946674407495629,-0.0540260889903401,-0.296308148407914,-0.379311215250107,1.0349094779259,2.22352369280937,0.247853856154915
1,-0.793324364556565,1,1,0,0,0,0,0,1,1,1,0,1.24731302918411,-2.0686788650173,-0.374340931071005,-0.127071300317185,0.0823609413800912,-1.14463383450302,-1.43050198497966,0.565319771186962,0.657049410429768
0,0.519815179689111,0,1,1,1,0,0,0,1,0,0,1,-0.74827194284606,0.952259512570754,-0.567375327502588,0.591402651700233,1.7268022146902,0.747722981982281,-0.526779624921196,-0.70798505862876,-0.541005212716536
1,0.706594888981714,0,0,1,1,0,0,1,1,1,1,1,0.497412714080211,-0.566980578578022,-1.12936573325981,-1.28207714129868,-0.154279237695241,0.651627593079218,0.690326358142674,-1.04487324596061,-0.47074723460111
0,2.47921777466608,1,0,1,1,0,1,0,1,0,0,0,-1.44385669494805,1.98918515606146,-1.16411707653251,0.00405731834478442,0.223076690667273,-1.25252229579865,2.03623724041775,-0.0509969206007424,-0.727530367646503
0,-0.20174031480857,0,1,0,1,1,1,1,0,0,0,0,-0.411766060804789,-1.32443596923068,0.689952850454342,0.036012170323205,0.68758355651555,-0.0666596777023985,0.36613485173135,0.00544198689173783,-0.421510519137025
1,-0.550922578790692,1,1,0,1,0,0,0,1,0,1,0,-0.521213905072363,-1.72590864121847,1.89055827018296,-0.914903711684463,-0.90372535479994,-0.663643647248419,0.994278673625373,0.926942561496448,0.238279934840709
0,0.647972441650133,1,0,1,0,0,1,1,1,1,0,0,0.766494236379932,0.61823685548738,1.18485102421312,-0.613926203198918,-0.419760528034795,-0.731826735144205,-0.129034671898644,1.75919045361039,-1.36050116648871
1,2.15171093216217,0,1,1,1,0,1,1,1,0,0,0,-0.054197506718061,-0.956231977762943,-0.994223862059574,-0.363052058478478,-1.33813896764084,0.0128349928712922,3.28427874313348,0.998409428794164,-0.012273174848119
0,0.450166231616166,1,1,0,1,0,0,0,0,1,0,0,-0.141417115388812,-1.48729575102548,0.368116848259708,-0.131590708051861,-1.43488143681158,-0.763604108729498,-1.08694981821095,2.19906680294828,0.172023028104599
0,0.0432189762368146,1,1,0,1,0,1,1,1,1,1,1,1.47358192049568,1.14419713809638,0.331834935923845,-0.381509563948967,0.58015326900464,-0.801567237521466,-0.237755331981327,-1.34573650093037,-0.402957466345749
1,0.582040527290205,0,0,1,0,0,1,1,0,1,1,1,0.34695295453543,0.707059224943237,-1.63631755929123,-0.885963381807683,0.138681710551631,-2.30560498835158,-2.05306802940469,0.279699554638684,1.10705556184213
1,1.35623040679058,0,0,1,0,1,1,1,0,0,1,0,0.806075284683106,-1.37200624453769,-1.82588291551652,0.582919589755482,-0.303641483012713,0.380800374053559,-0.73879599135744,0.618871464806576,0.0915704888565415
0,-0.418224692882107,1,0,1,0,0,1,1,1,0,0,0,0.497983484234019,-0.298021753885172,0.368774753441495,0.195231901149529,-0.81441067198003,-1.19566648943423,0.345770505095107,0.373535600615262,-1.13379132523601
1,0.437512200921167,1,0,1,1,0,0,1,0,1,1,0,-1.00533715981747,-0.0953678661204387,-0.154885645888043,-0.867044212869834,1.6962592422034,1.99597646238085,0.339737397801242,0.447378461629822,0.837292748311711
1,1.48869184460348,0,1,0,0,1,0,1,1,1,0,1,1.36907176522963,2.40020597355709,-1.26522809559524,-0.827216783969824,-0.838113366164173,-0.632795894371992,0.541872039711536,0.0199628904852721,1.09640921764333
1,-1.58479247190772,0,0,1,1,1,1,0,0,1,0,1,0.303356254037803,0.239886963099335,-0.368893879800066,-0.311090774928521,0.464816474960078,1.48641846098283,0.000555172896116053,-1.21534956983118,-1.36535524690393
1,1.68033399847081,1,0,0,1,0,0,1,1,0,1,0,0.0602271838065688,0.428958159736406,1.42578334709832,-1.50150666742985,-1.26787370342966,-2.22296353538134,1.40897349938127,1.41834232736288,0.346743018138347
0,-0.67160220571082,1,1,1,0,1,1,0,0,0,0,0,-0.810861189270818,0.836821598070288,-0.0905251629898918,-0.705852279528555,-1.38570924563426,-1.52412532432131,0.316391607304399,-0.142689179723987,-0.630627840802068
0,1.4780672361624,1,0,0,0,1,0,1,1,0,1,1,0.0223336174828451,0.256803372593536,0.199657813927995,-1.06308941438643,-0.0781475778763411,0.697556016172507,1.88078067736175,-0.82906550443047,-0.41373012172775
0,1.43495909523015,0,0,1,1,0,0,0,0,1,1,0,-1.02733691987241,-0.292224331393677,0.616439812790076,-0.243436047618125,-0.869458076446469,1.48940905182999,-0.812824467252531,-1.66694049502776,-1.18607324675155
1,-1.22927533146391,0,1,0,1,1,1,1,0,0,0,1,-0.548611171277166,1.21707059497823,-0.883713014887855,-1.16045414743377,0.59125912090587,0.777572868284246,-0.349874078413556,-0.895380304853978,-1.43750550969898
0,-0.102326656115814,1,1,0,1,1,0,1,1,0,1,0,1.81397100501372,-0.126137473462222,-0.170801030006963,-0.886284086407034,0.027212403597717,0.156866857644828,0.739348049164995,-0.447924329670928,-0.158034007946514
0,-1.25315448909072,0,1,0,0,1,1,1,0,0,0,0,-0.289683781534479,0.430714442067153,-0.147007332810498,-1.09750524745153,-1.23442567190175,0.96580957515366,0.320950489633688,0.716443741867108,1.80032220259554
0,-1.38073769150537,0,0,0,1,1,1,0,0,0,0,1,0.493300518663773,1.17635299969055,-1.87886532422743,-0.0076447512986669,0.686458218946182,-0.13666087328373,0.202295985166408,-2.04085779692004,-0.145356293833456
1,0.819523807241709,1,1,1,1,0,0,1,1,0,1,0,-0.663488069632998,0.226507080965998,-0.664957859599988,-0.0204801610434263,0.427374899990241,-0.499189945716259,0.0179523100372629,1.08439514066199,0.425670171397964
0,-1.36448763723623,1,0,1,1,1,1,0,1,1,1,0,0.200075299248132,1.0444981934759,0.799650073487604,-0.581278842050883,0.904789299560761,-1.46121078624562,1.61499403149573,-0.991937304395351,-0.139178077587563
1,-0.41422724211241,1,0,1,0,1,0,0,0,0,1,0,-1.80829272442505,1.03765053927797,1.00165334573144,1.04774432684962,-1.79663552208023,1.89028865587476,0.216574738178695,1.34318629769718,0.285625999245796
1,1.37448241896054,0,1,1,0,1,0,0,1,0,0,0,-2.49522765612473,1.91594072585569,-0.284751824610336,0.0320717739318222,-0.54511094309353,2.21408049805746,0.179935545185546,-0.475823825114173,2.07432465748027
0,0.594105397412798,0,0,0,0,1,0,0,1,1,0,0,0.0258458284671776,0.43217834664036,0.616918419462307,1.61788914141596,0.356105500304049,-1.18125558923545,0.195852199303743,0.757482030144978,0.998646575446165
1,0.613324652811114,0,1,0,0,0,1,0,1,0,1,0,0.381841918173731,0.329815726200876,-0.121737036030598,1.43802647276393,-0.189804531804854,0.635972289644148,1.11900844322044,1.13648630431031,0.306582810365695
1,-0.0328039597108748,0,1,1,0,1,0,0,0,1,0,0,-0.529922318015206,-0.762488016585186,-1.28728456803126,-1.06887571364858,0.34073210074437,-2.03005275028775,-0.991401902424382,-0.979764979511402,-1.30569801534668
0,-0.971939693399064,1,0,1,0,1,1,1,1,1,0,1,0.801794802790044,0.644899510752493,1.66782724690894,1.35608438996575,-0.156509898025044,-0.75890776487805,-0.385161215408219,1.08412729847926,0.455926151822295
1,1.18851164259211,1,0,0,0,1,0,0,0,1,1,1,-0.39300472505558,1.28824489131441,-0.0636041885461651,-0.397202399602853,0.888524126866994,0.536917239944476,1.19302781799727,-0.684969084114115,-1.98925251976921
0,-0.649655797504362,1,1,0,1,0,1,1,0,1,1,1,-0.0873095187558039,-1.56171691838676,-1.41762444314872,0.0382297586699734,-1.46939051393426,-1.10852198260651,-0.152622458895587,0.311995736457037,-0.374723436095145
0,-0.235054913616623,1,1,0,0,1,1,0,0,0,1,1,0.0684496856291039,0.25658552277493,1.21100681331835,1.12877185600364,-0.0678413469819762,-0.514565345224063,-0.252495943751465,-1.71931861182189,-1.91471140310331
1,-0.754870982054864,0,0,1,1,0,1,1,0,0,0,1,-2.14587762679492,-0.146645523950814,0.3049929324734,0.250446943370999,1.27178062115274,0.825997507247222,-0.963104462728834,2.56483280106885,-0.994013726524649
0,0.641771121825044,0,1,0,0,0,0,0,1,1,0,1,-0.770138192531751,1.86526916430881,0.4206984275545,-1.17744265502916,0.0136843394910725,-1.58019825701468,-0.433844696133379,-1.48690364491414,-1.81533650947506
0,-0.0572189381932294,1,1,0,0,1,1,1,0,0,1,1,0.038638340803193,-0.162964261904525,1.66089057624045,-0.760750360746854,0.361256764351778,-1.01748755066276,0.516487589776612,0.45955377823612,-0.910496418395633
0,1.34446427058385,1,1,0,0,0,0,0,1,0,1,0,1.16691858952346,1.08309519491991,0.524860929570183,2.45461607678086,-1.52128282621909,0.493426029708887,0.198547147342374,0.300856704723139,-1.0234827453868
0,-2.04946701973379,1,0,0,0,0,1,1,1,1,0,0,0.583530360346028,0.172393696988404,0.101673180920309,1.37243583696915,-0.936767962555891,0.0521638974828152,-0.460986154205615,1.22805326844883,0.479211903845255
1,-0.998133634055993,1,1,0,0,1,1,0,1,0,0,1,-0.856352499791435,-1.01529812826341,0.125121924729463,-0.563579231196769,0.242571536797183,0.399652911823926,0.93149213038123,-0.527123784320807,0.724763600523334
1,2.31399775538479,0,1,1,1,0,0,0,0,1,1,1,1.99076518500299,-1.25972904413141,-0.748210796845369,-0.743944057582707,0.674400573532787,0.031451447499211,1.00379330857534,0.62122740270199,-1.13571913503307
0,0.452897409915338,0,0,0,0,0,1,1,1,0,0,1,0.931592226569057,1.48248147452201,1.19209565257618,-0.465088618582186,-1.64426140000254,1.01034400836342,-0.0125221107137162,0.862920082699387,-0.976764711881352
1,0.450016325054138,0,0,1,0,1,1,0,0,0,0,1,0.28175001225686,-0.233280037065569,0.43070894135755,-0.155369795586169,-1.52232268428284,0.0760471931760292,-0.146081545605542,-1.68763098086068,1.68041899478034
1,0.891304242986637,0,1,1,1,1,1,0,1,0,1,1,-0.406782992391334,0.425484662339085,-0.589074550054949,-1.02534236510464,-0.465822005359909,-0.378553795356547,2.21907823686842,0.969203900807259,-0.48930438237034
0,-0.202501665579638,1,0,0,0,0,0,1,1,1,1,1,-0.561506341555391,0.501916630565952,-0.870488308358159,-0.461456564369257,-0.685829144695996,0.172578863839688,-1.90089164752758,0.256590523103895,-1.81329414787248
1,0.48774757687891,0,1,1,1,0,0,1,1,0,0,0,-1.92937943252255,-0.197708543747861,0.600628571761278,-0.141590554694277,0.248075263441649,-0.485381890287945,-0.335641300014414,0.206124614881911,-0.378560818355588
1,0.173849831651033,1,1,1,1,0,0,1,0,1,1,0,-0.222067603715839,0.236802622736221,-0.644527592209602,0.0123871802099236,-0.148897917725676,-0.663700388180458,2.78496133538585,-0.331467051381016,-0.832694966022968
1,0.132028356513407,0,1,0,0,0,0,1,1,1,1,1,1.66756856170048,0.234902423261656,-0.424997866064786,-0.603842129497557,0.0716846795881209,-1.41311158078943,-1.82096696224878,-1.31364980228812,-0.646509608867812
0,-0.0117770703736403,1,0,1,0,0,1,1,1,1,0,0,0.643311616021124,0.93481784208511,-1.03426597140999,-1.04634364920779,0.557717946469802,0.0171942693657937,0.273765543949742,0.352224083107687,1.00681666687456
1,-0.167288866194616,1,1,1,0,1,0,1,1,0,0,1,1.25934694610211,0.30874588022785,-1.33159920541092,-0.681048369950447,0.444894002996761,0.522125413597999,0.687009711567792,1.04373720775605,0.311107824050269
1,0.616985376330879,0,1,1,1,1,1,0,0,1,0,1,0.94486914155726,1.86443088391752,-0.964008518358187,0.351505316819706,-0.231621398268685,-0.479952149224864,0.604310430042298,-0.864392896361938,-0.497544537619171
1,0.188154940438672,0,0,1,1,0,1,1,1,1,0,0,0.170333094092869,0.930526984610665,-0.300768713034887,-0.803766558611604,-0.113565539149714,0.489823299414578,-0.639158038133855,0.930025914141924,-0.246478982468885
1,-1.04020019791387,1,0,1,0,0,0,1,1,1,0,0,-0.850373093133124,0.479028779073156,-0.595219467759715,-1.27047728531983,0.125422837232269,1.50262988488934,-0.994128004956945,0.186378800573342,1.49995069173825
1,0.25824651245604,1,0,1,1,1,1,1,1,1,0,1,-0.441098219422276,-1.21722136002703,0.653270750595324,1.40402837797286,-1.98964777759158,-0.276441900580775,1.14526480928104,1.21885002693679,0.603361629307525
0,1.13310586795711,1,1,1,1,1,1,1,1,0,0,1,-0.960054283939552,1.31943943829292,0.728240289202478,-0.149400503254756,0.488443243713154,-1.15458491557108,1.20061340366844,-0.173700470764001,0.54042306227528
0,0.167643772916279,0,0,1,0,0,1,0,0,1,1,1,0.904438315644748,1.09862437708537,1.12095779882715,1.136960100464,0.23362344078198,-2.44756890586923,-1.93203964123625,-1.21870115498166,-1.28414688716563
1,0.0537496039607883,0,0,0,0,1,0,0,1,0,0,1,-0.532369671836737,-0.0989291750891021,-3.03063702808295,-0.682449584614739,-0.330378690441278,0.291956997259858,-0.438381321703697,-0.118977254730804,0.930009457245438
1,-0.0954347556766118,1,0,0,1,0,0,0,1,1,0,0,0.43448541166395,0.232387483089353,1.18533128218236,-1.16318732886644,0.4952967292302,-0.129130420108355,-0.298143662397998,-1.63800675264428,-0.483812686818762
1,0.134865890701142,0,0,0,1,0,0,1,0,0,1,1,-0.574533549018347,-0.275579790961719,0.048882420771607,-0.27810708951183,2.30786735836648,0.582285835109188,-0.470991668237485,-0.510667343577249,0.453477567416376
1,0.46303671234626,1,1,1,0,1,1,1,1,0,1,1,-1.25902349266279,0.0760316417921598,0.0716364454784883,-0.239436157432579,-0.133414337701736,-0.439347415565872,-0.690882516180657,-0.90223317182912,1.35214792639391
0,0.219765351737024,1,1,0,0,0,1,0,1,0,1,0,0.423345073325163,-0.04348349726033,1.98081546652005,-0.528081192949583,1.01643612560286,0.502837246611485,1.129573076933,-0.211265068651756,0.562062986666602
1,-0.190730676100637,1,1,1,1,0,1,1,0,0,0,1,0.910390679137011,1.54116364464841,0.796880577242392,-0.739860398341848,0.635325146843894,1.21621623819574,1.02307182090658,0.29972491189217,0.101068922961312
0,-1.73501923512996,1,0,1,0,0,0,0,0,1,1,0,-1.22946310481855,1.19426568072583,-1.5877536913554,-0.382581181320217,-0.877931664591547,0.233044156420723,0.834183876386672,1.62701597781981,-2.73265875586417
1,1.67683505830489,1,1,0,0,1,1,0,1,0,1,0,0.919903405653488,-0.730829718750977,-0.696319445070694,-1.67000824471666,-0.70578485146171,1.15102696000239,-0.444025310940672,0.202086759614746,0.674340065583164
1,0.839493275359482,0,0,0,0,1,0,0,1,0,0,1,0.952653679659815,0.725393851322513,0.32692654470594,0.739023798514296,-0.470523623103123,0.883030351701923,0.0907706931392179,0.294783539871425,-2.19997234356329
1,-0.0577206378395968,1,0,1,0,1,0,0,0,0,1,0,0.532744376129531,0.674701559956776,2.00458868491309,-1.16518271425658,-0.667646174783405,0.548115607738774,0.0799549894771583,-0.439997140558204,-0.00188186085155142
1,0.895812889652057,1,0,1,1,0,1,1,1,1,1,0,0.387239767394508,-0.595567933703474,0.0430786668187624,-1.54776266982036,1.82043628654635,1.35275748524677,0.82294162128295,0.611451202515479,0.0413690381877025
0,-1.01648875400726,1,1,0,0,0,0,0,0,0,1,0,1.49820057659208,1.5436626992303,-0.62028131453228,-0.565418330763759,0.0303822465031635,-1.33353291827204,-1.90598718746232,-1.70719591797809,0.938312203657579
1,-0.748792363199344,0,1,1,0,1,0,0,1,0,1,0,-0.643754733743031,-1.02695495485382,0.931167720624888,0.402783259203415,0.584958426209925,-1.73745431245436,-0.0857622988068543,-0.318451879515547,-1.00997091511865
1,-0.0517304224553194,0,0,1,1,0,1,1,1,0,1,1,-0.280026666036194,-0.981368812877272,-0.0829859461799999,-0.198605003177856,-1.75305291119188,0.112934539795375,0.524266387732125,1.29721571007588,-0.270968994607243
0,-0.138506915601581,0,1,1,1,0,1,1,0,0,1,0,-0.82523518695171,0.228881364905589,-0.0891952748168924,0.561831184461838,-0.701985824647383,1.27999126769527,2.29021172091528,-0.399346708813119,0.872761263276562
1,-0.233423209087914,0,0,0,1,0,0,0,0,1,0,1,-0.334271568411231,-0.0376160670116167,1.24221624121283,-0.783452657514703,0.713190146526632,-0.354598356650273,-0.0166647154399385,0.893980455244856,0.873305014180197
1,0.0545882251092483,0,1,0,0,0,1,1,0,0,0,1,0.296858491448123,-0.078277830456789,-0.232281621383941,0.932888946792371,-2.05005596913406,-0.995543579917152,-0.241815255177096,0.396560259048906,1.9245720250885
1,0.00187267620281367,0,0,0,0,1,1,0,1,1,0,1,-0.151396917162703,1.24861810013061,-0.690649004696383,0.704187062152084,0.382168731373818,-1.86430333087273,-0.697933821353033,0.672800431190701,0.86902235892182
0,1.0466354748992,1,1,1,1,1,0,0,1,0,1,0,1.20801171836463,0.633862754277739,-1.03364614201026,0.538220940405991,-0.507421692786144,0.20425093403929,0.862059616934409,0.240914374289226,-0.443984834804205
1,1.82207451810765,1,1,1,1,0,1,1,0,0,0,0,-0.242904415099482,-0.168825334848887,0.375471530622413,-1.02262849563137,-0.915480931458175,0.0744018532666556,0.743670895811093,0.100798539734555,1.97132486684464
0,-1.37998061102516,1,0,0,1,0,0,1,0,1,1,0,-1.28568460956366,1.22517893940212,0.163693475302813,-0.938154266250456,1.16486015111073,-1.2409341384839,-0.983732088126734,1.63570813834523,-0.899757105719408
1,0.495578810215999,1,1,1,0,1,0,1,1,1,0,1,-1.0516183506388,-0.620350846305419,-1.71696276009504,0.184562885248414,0.742498664709075,-0.802344216518793,-0.846850458068899,-0.0988699125902301,-0.945875018486767
0,-0.371390293311331,1,0,0,0,1,0,0,1,1,0,1,1.8414659592069,-0.00904275689231242,-0.57517261259666,0.252905161964092,1.07484624016102,1.406964577749,0.616145706533927,1.40540384351682,-0.320624184584117
1,-0.259225474721444,0,1,0,0,1,0,0,1,1,0,0,0.82075496121822,0.944852216273395,0.0819008362035585,-1.36471490012983,0.93588549243755,-0.81129197271674,-0.618291076124575,0.238297794671455,-0.876157243515932
1,0.0171816317918323,0,1,1,1,1,0,1,0,0,1,1,-2.3172613605997,-0.517942700769094,0.990459844798596,2.15719871896237,0.972277291607207,0.985034924066795,0.0932252009892822,-1.1059137212811,1.69814798467262
0,0.0609982503765916,0,1,1,0,0,1,1,1,1,0,1,0.947525164920181,0.937518904175284,-0.234604865444066,0.240768148232834,0.16489070722675,-0.0762627285512589,-1.22404416566905,0.779688098337062,0.515465795878762
0,-0.0573048826415439,0,1,1,0,0,1,1,0,1,1,0,1.55894895040448,-0.39147670143818,-0.770206865799575,-0.418245359806591,-0.507919539601257,0.569907731639963,-1.76941447205813,-0.88190665603883,0.115309225614184
0,-0.564619410638649,1,0,1,0,0,1,0,0,0,0,0,-0.300892241631348,-1.15021635159828,1.59647319786539,-0.717360046351669,-1.1322390827249,0.571557857082178,1.63729168811325,1.09704188514208,-0.87279206976338
0,-0.102500656830488,1,0,0,0,0,1,1,1,1,1,1,0.413037671242997,-0.284498843891659,0.563594021966304,2.01010611559926,1.00260042805633,-0.217699593215016,-0.0860678890618514,1.18130296942814,-0.0616773130767052
1,0.587669141995986,0,0,1,1,0,0,1,0,0,0,0,0.937718082214043,2.01998458501506,-1.61785877898287,-0.61377234910524,-1.21266732969046,0.170481904092884,-1.7200739551948,0.323352550249977,1.21513981670386
1,1.14964350860606,0,0,1,0,1,1,0,0,0,0,0,-0.243487738605117,0.985527072319203,1.15055174876662,0.978786010157137,0.141367822540427,0.23519266939013,0.71628239312852,-0.0819026223682874,-0.283392187457744
1,-0.508722417576711,0,0,0,1,0,0,0,1,1,1,1,-0.907707990082736,-1.75671737290352,1.93614210765421,0.600557087467251,1.32416208994861,0.882081902957672,-0.0566413839922163,-0.412302210173694,-0.0751015643952305
0,-0.392181556525458,0,0,0,1,1,0,0,0,0,1,1,-0.263904307485252,-1.38101153062668,-2.08830074287255,0.108222268820972,-0.197055902372513,1.61307699686474,-0.872828366212758,0.155289972170991,-0.200562220989548
1,0.787662631637689,1,0,0,0,1,1,0,1,0,1,1,-0.261286793683474,-0.901895864531246,-0.143899835706751,2.64881271765222,0.682733013814183,-1.22031746618339,0.452755278526427,0.934413810504752,-0.513218750735454
0,0.298131336682087,0,1,1,0,1,0,0,1,0,1,1,0.189368386845679,1.22376108177505,-0.631822052105623,0.814822047061274,-0.498736856909034,-1.11848956527694,0.736208406008043,1.09915319074121,-1.10535251176451
0,0.319816830233013,0,0,1,1,1,1,1,0,1,1,0,1.34358338684987,-1.28990628215615,1.43408902140545,0.22861437347666,0.30003191494406,0.0135037274617955,0.905505018769837,-0.475172790267541,-0.867759472257201
0,-0.893738216304899,1,0,0,0,1,0,0,0,0,1,0,-1.70281400239886,1.37863317337459,-0.0504187499808414,-0.903357211132811,-0.783779316769131,1.12247358890166,0.113041223342906,-1.25859915304333,-1.29554194675152
0,-0.827637519415976,1,0,1,0,0,0,1,0,0,1,0,0.0238946806472507,0.161861128203325,-0.940122603133279,-1.33812706332085,1.52965679162436,-1.49059712378935,0.0712245208289068,-1.4771831835861,-0.970477131340658
1,-1.71386794276727,1,0,0,0,1,0,1,1,1,0,1,0.03754213012052,1.36657106818522,-0.275180413142038,-1.25486655581182,0.128929617188163,-1.13529510005971,-0.636691707798432,-0.606583214888508,-0.541593983907885
0,-0.35607880257347,1,1,0,0,1,0,1,0,0,0,1,0.0951514940989709,0.837768812858609,-1.7147392527627,-0.728835716217271,-0.434545771816034,-0.194672236018225,-1.08674199807627,0.105556234458016,0.527763792475962
1,-0.80063478724619,1,0,1,1,1,1,1,0,1,1,1,0.541968811862084,1.33750465727889,-1.080781625248,0.604537175136406,-0.395184864456811,1.35863226611694,0.727457553752538,0.719421233528221,-0.472416585845697
0,-0.0724148773223966,0,1,1,1,1,0,0,0,0,0,0,2.01003421657545,-0.561620031780864,-0.226138577833083,0.770052703840816,0.606936048704417,1.2142933208409,-1.17012654660096,0.23300620180445,-0.0792084897227365
0,-0.897914801828518,0,0,0,0,1,1,1,0,0,0,0,-0.360903740608217,-0.982170576527505,0.397553028359758,0.837731133398581,2.74958223995928,0.969878240423792,0.924940661187268,-0.324834393284694,-1.68008241637744
0,0.881287137763672,1,0,0,1,1,0,0,0,1,1,1,-2.64239539019505,0.2436232131775,0.169859872860665,-0.244160401822231,-0.488751621664284,0.143057781837427,1.45351492782759,1.50660265700303,1.08894159211587
1,-1.22594154944711,1,1,1,0,0,1,1,1,0,0,1,0.368923863616088,0.964197164623457,1.54171087358687,0.0444018010555253,0.430403773729362,-1.06944497113218,0.0872289742776959,-0.196593503702541,-0.716331893915502
1,-0.0912803168945277,1,1,1,0,1,1,0,0,0,1,0,0.00239670133634692,-0.793692619167597,1.55728698093095,1.39171350576935,-0.0833957581273485,0.420880490388308,-0.0676626582302245,0.827020845653489,0.425958541095036
1,0.964905047982337,0,0,0,1,0,0,0,1,1,0,0,1.49803175266494,0.451980308523179,2.49966523437865,0.918997370761284,0.282258948530908,0.362252762931743,0.191926331115401,0.132944234120862,1.22978661514152
1,0.870254426668613,1,0,0,1,0,1,1,0,1,1,0,-0.222793593799846,-1.70534326762437,2.69954355380477,0.173584626188214,2.89268429566556,0.930602401844508,-0.1666102192346,1.42893777247544,0.352569842978939
1,0.360603148992557,0,1,0,0,1,1,1,0,0,0,0,-0.993689905393781,-0.431859308670775,0.376988262806962,-1.88512245608313,1.41689517286676,-1.57452990174473,0.674439009835911,0.798299347955886,0.869048036083368
0,0.0100761553711283,1,1,1,1,0,1,1,0,0,1,0,-1.35569696955875,0.103573690029217,-0.697199232730654,0.463654693754318,-1.85925655785547,0.762537452722099,-0.738485931475383,-0.508828826543615,1.57614071626612
0,-2.12679888435836,0,1,0,0,0,1,0,1,0,0,0,0.00893665155281345,-0.577757098220184,0.856845494626167,-0.367420709350751,0.435287072772778,0.67188162151627,-0.407232312123004,-0.192645661406327,-0.950144163109276
1,0.502152844401575,1,0,1,1,1,1,1,0,0,1,1,0.341849802338172,-1.7725038297175,-1.51955624322602,0.0100257955241702,0.350784564420591,-0.766281811203007,-0.371986088972307,1.08846912249579,-1.40083489179203
1,1.47498898310229,0,0,1,0,0,0,1,0,0,0,0,0.754626129961866,0.291122948824535,-1.21283704161726,1.57556026233298,-1.45428510099864,0.902885902949691,0.459224881935061,-0.226433167973027,1.62556175043089
0,-1.16031258873882,0,0,1,1,0,1,0,1,1,1,1,0.31455017089169,0.317612554453753,-0.557263936309107,1.85427111111188,1.03436267586096,2.09669292991622,-0.256843190204936,0.425299943682903,1.30689279516846
1,1.53663989940813,1,0,1,1,1,0,0,0,1,1,0,-1.05451657900019,0.981687729888787,0.189981911030803,1.01546766438561,-1.92780478220033,1.08657578685354,-0.105857786999356,0.181787521244432,-0.693292830776106
0,0.736631807596847,0,1,0,1,1,0,0,1,0,0,0,0.498761651453498,-0.297439881427762,-2.04610021286976,-1.75060778056627,0.951384056963469,0.343895453006536,-0.378616222146192,-0.378963029371674,0.830456464742465
0,-3.0958789455714,1,0,0,0,1,1,0,1,0,1,0,0.491000993658845,-0.653690104041948,-0.194488680106919,-0.892582361090209,0.769543745899739,-0.303811456773627,-0.199905179415755,1.4735508344884,0.0849162977553381
1,1.94537909542546,1,0,1,0,1,0,1,0,0,0,0,0.101572193532422,1.19174397211977,-1.52225775422848,-0.366391487142211,-0.361289841029205,-0.660378364391111,3.36535209066295,2.13902422232578,-1.81682142056621
1,-0.628333182124721,1,1,0,1,0,0,0,0,1,1,1,0.631572471985602,-0.171147575847805,-1.61438069704663,1.82896285527716,-0.0817279981151738,0.866353770644852,-0.243510720351419,0.503292228584711,0.970130137061189
1,0.30448241783012,1,0,1,1,1,0,0,1,0,1,0,0.975013499346807,-0.497764734226403,0.434775902868899,-1.09369500819451,-0.327986337913891,0.262357135606234,0.0978511827108168,-0.28071353488237,0.313821406701177
1,-0.677532790938247,0,1,0,0,0,1,1,1,0,0,0,0.245246676552609,1.73759542306174,1.03237627238679,1.13614798516137,0.978393019398655,-0.399451020470719,-0.726317934058497,-1.84191328089007,0.182318395713205
1,-0.358756195117263,1,1,0,1,0,1,1,1,1,1,1,-0.540038172689345,-1.94281190288624,0.55488616861102,0.180813973812108,0.349230847427013,-0.255706757513633,0.326354210751201,0.521815509609282,-0.937793297829023
0,-1.05990310981575,0,1,1,0,0,1,1,1,1,0,1,0.125212133389337,-0.909427130213997,1.24200132063105,0.902499140415162,1.75135218745469,-0.439924334078934,-2.13382565151135,0.307198551309039,0.0487972002843367
1,1.37775987433358,1,1,0,0,1,0,1,1,1,1,1,1.01110736563345,1.18450856306079,1.8640464821639,-1.28439516710615,-0.928597755997566,-0.736866753835559,0.325066716182747,-0.453722619192136,1.68671641982712
1,0.629187177039908,1,0,0,1,0,1,0,0,0,0,0,0.295499970287257,-0.483394697675801,2.22135091258235,0.354471163922014,1.00657434321618,-1.66912182546869,0.288119154455443,0.0222699680845717,-1.56180072999639
1,0.0970865284827695,0,1,0,1,1,1,0,0,0,0,0,-0.43607630213679,-0.367065954659801,-1.05623913277942,-1.26370258199416,-1.01083735671898,0.5131268405332,-1.89796156361223,0.541413867723732,0.0649374264173547
1,-0.866665395650737,0,1,1,0,0,0,1,1,1,1,0,0.336377338240312,0.996092000116509,-0.527902985952484,0.0955240069463191,-0.794697288945229,-2.47129500503078,1.81104393594267,-0.518625356573407,-1.45756855320392
0,0.478336965597983,0,1,0,0,0,0,0,0,0,0,0,0.728536227804168,-1.60478554375665,-0.99855351467618,0.608416799592257,-1.05276365939317,-0.0405718186761363,-0.118954486266609,-1.51037811547314,-0.402249724953719
1,-0.940624439371744,1,0,0,1,0,0,0,1,1,1,0,0.233711711038172,-1.27281697889887,-0.894443947037672,0.143859106627055,-0.690303786399854,-0.881415159910286,-0.475073835052422,-1.07640116649926,-1.01349404262268
1,1.13679513348263,1,1,1,1,0,0,1,1,1,1,1,1.85146400908871,0.257906203110247,0.622747476780192,0.177584809493569,1.69672474632325,0.184965591419054,0.686607734648364,-0.0172508064181998,-0.715801726646268
1,-0.197583456481784,1,0,1,1,1,1,0,1,0,1,1,-1.50310809690312,-0.525444551268357,-0.620453547366171,0.395035385124562,1.47062153208582,0.408805671124309,0.815661832514531,1.6563811761492,-0.294963522591836
1,-0.0755009567228947,1,1,1,1,0,0,0,1,0,0,0,0.208715991972136,-1.04619681789972,0.263512762799344,0.99396153567949,-0.589823203255641,-0.337253137158583,-0.792214513469467,-0.572879710903093,0.258822382909902
0,-0.175809043814769,1,1,0,1,0,0,0,1,0,1,0,-0.129646585958938,-0.833896461217731,0.506906540391301,-0.293650479019851,1.68403647404454,-0.840229423368333,0.345326809811674,-0.209967366787911,-1.14351938936825
0,-1.07874107266621,0,1,0,0,0,0,0,0,1,1,1,-0.363197465773586,0.0131294092354208,-0.381582699858619,0.886414902036171,0.736275022820561,0.86203612949264,1.04340163826439,-1.20124517866488,-0.0718395993976923
1,0.278303465925241,1,0,0,1,1,1,0,0,0,0,0,0.224235357836264,1.77710590611932,-0.581485980991049,-0.664503501136801,-2.18051810623542,1.08521053607459,-0.801899364388456,0.825611365264997,-1.2063007383171
0,-1.32887344861944,1,1,0,0,1,1,1,0,1,0,1,2.23139672631209,0.347394823898411,0.299772902842895,2.0855691126388,1.89402048809098,-0.125432605090985,1.56749486606922,1.11042057578814,0.457364226537277
1,-0.306674268343139,1,1,0,0,0,1,0,1,1,0,1,0.764643514798285,-0.678408990565245,0.309782396915837,-0.221494600772684,1.98832562594226,0.521618495784078,-0.329959297196012,-2.10100317261688,-0.905022738530882
1,0.326989228295233,0,1,0,0,0,1,0,1,0,1,0,1.30157286835132,1.9166736764706,1.16386226833961,1.53588106697783,0.338268952092671,1.69267415855318,0.0178846224962826,0.0607499887491195,-1.90145312852885
1,-0.827937707964693,0,1,0,1,1,0,1,0,0,1,1,-1.9418280831904,-0.602340401777639,1.19864350358022,0.366455347177133,-0.852952306303681,1.26493898366364,-0.596482693625892,-0.648123633783769,-0.10829909726263
0,-1.56791001734683,1,1,0,1,0,1,1,1,0,1,0,-0.789888819880817,-0.237415701709419,-0.383577558517615,1.70392322889649,-2.65579333051148,0.757148222550735,2.65245780229246,-0.889150937372681,-0.499349243508781
0,0.452186360176919,1,0,1,0,1,0,1,1,1,0,0,1.09342204607204,-0.655345219314398,-0.543233353555948,-1.13248084674413,0.719433280875696,0.561682259999659,0.568037462358112,0.246428043600603,1.38163432814287
0,0.0376439054974372,0,0,0,1,0,1,0,1,0,1,0,0.222222928296258,0.228338330324202,-0.339446286038582,-0.201513174020215,0.0979765480425487,-0.127711730597572,-0.804663125593226,-0.0164194329232496,-0.586893704701911
1,-1.52692293354697,0,0,0,1,1,1,0,1,0,0,1,1.0839172778117,-0.984656944630009,-0.380907094914647,1.56816372299969,-0.323118252692312,-1.6085459205196,1.219165836715,0.86252530992019,0.814401265988631
1,0.249522020344376,1,0,0,1,0,0,1,1,1,1,1,-0.702821252826986,-0.87545976593569,1.39981802739603,-0.112359656249958,-0.518194377387852,1.78468666632605,0.18532702287405,0.55925214290335,0.406834390853067
0,-1.40942177909123,1,0,0,1,1,0,0,1,1,1,0,0.487610924528295,3.31632701840996,-0.617253014662512,0.743077453269688,-0.742214764923173,2.1337148819478,1.04462003777577,-0.0666242815099839,-0.619511834010362
0,0.934866534951453,1,0,1,1,0,0,1,1,0,0,0,-0.577679460188766,0.0594835051115056,0.680827193861374,-0.103542078512232,-0.582839571144183,0.998716957114265,-0.0889281082931137,-1.02304462478059,-0.867206290120574
1,0.205167651064745,0,1,0,1,0,0,1,1,0,1,0,0.46405360249756,-0.365936858462333,-0.0168096884205229,-0.651726615104145,-0.877765248370795,-0.677630052002598,-0.640326709541019,-0.910232357924334,-1.88154267917017
0,1.91197502793958,1,0,0,1,1,1,1,0,0,0,0,0.620607604037979,-0.4058840559043,2.12678145365207,-1.30453091328297,-1.58505786559584,-0.558497093981835,1.30159470309678,1.63866666152053,-0.197998601923625
1,1.14958356341979,0,0,1,0,0,0,0,1,1,0,0,2.26234913276345,0.190425666257366,0.139895515540418,-0.839341611793298,-1.21357256809489,0.01425474977236,-0.190473582831735,-0.738048963868634,0.234241687492573
1,2.91264339739114,0,0,0,1,0,1,0,1,1,1,0,1.38735637885993,0.123722711232313,0.968077903279657,-0.410844794501875,1.26062154549014,-0.0573248220297332,0.886280841559638,1.7720982519051,0.567389049404462
1,0.776070851135772,1,0,1,1,1,0,0,0,0,1,1,0.0720620285018833,-1.42543448312582,-0.0774973112558493,2.26119392448021,0.687463460283456,-0.0556261035842739,-0.290458084457034,-0.712757054475003,-1.46139069928041
0,-0.0505208016635259,1,0,0,0,1,1,0,0,0,0,1,0.0230384415154422,-0.655515747383297,-0.565321060005684,0.0339633440689383,0.648382758459624,0.940870754375145,0.628357318698956,-1.69944062671858,0.523428285522348
1,-1.30168464742029,0,1,0,1,0,0,1,1,0,1,0,-0.398266999282711,-0.521764308482852,-1.45797402082885,-0.811446971181648,-0.119420042267228,1.10475277566585,-0.106720901908461,-2.02480347592539,1.5383024611347
0,-0.508716585371147,1,1,1,1,0,1,0,0,1,0,0,-0.099674731268369,-0.546174361477789,-0.241521747627495,0.255485459898168,-0.382529649143251,-0.458217493467607,0.654245827031716,1.24002178856595,-0.933740711208367
0,0.648744859349026,0,1,0,1,1,1,1,0,0,1,0,-0.724623974274273,-0.131831320698309,-1.69825629718239,0.941329579390485,0.0668631906756192,-0.422857872410818,0.198247393865764,-0.872336697329536,0.968085349700879
1,-0.0140666950804999,1,0,0,1,0,0,0,1,0,1,1,0.830465810681962,0.527637361354024,1.16671056223872,0.505875155703596,-0.321331068711831,0.971275710404271,0.619888740023655,0.982162590361228,0.342207305640492
0,0.484106665713801,0,1,1,0,0,0,0,0,1,1,0,0.135789165129606,0.378442029318959,-0.507057586297422,-1.88763706393423,-0.799786713280087,1.58260129567914,-0.402190607066248,-0.764501038365589,-0.30328064081346
0,0.215699614099347,1,1,0,0,0,0,0,1,0,0,0,1.51341655140107,1.21729523941491,-0.0351839963588788,-0.434948092883189,1.37470888809107,-0.839374282253431,0.12350947509123,0.182299757380082,-0.0749368656329563
1,0.876533272976043,0,1,1,0,0,0,0,0,1,1,1,0.0123164261229986,-0.17658373130134,0.702070433087489,-0.121389472185068,-1.0979380141455,0.00467809610974795,-0.504254823504816,1.00860805066596,0.357863055650437
0,0.781100723452954,1,0,1,0,0,1,0,0,0,1,1,0.280505395111087,2.44756325121568,0.716790471404763,-0.566134537920341,-0.628181015275186,-0.65080754390403,-0.350398829764439,-0.138502538531366,-2.4373121567575
0,0.858799471431769,1,0,0,0,0,0,1,1,1,0,1,0.752007369221793,0.630417905228204,-2.00579267779351,0.72162826456737,-0.360292440664475,0.489138942032917,0.445694473352484,-0.227122428071053,-0.893494868450761
1,0.0950776435553263,0,1,1,0,1,0,1,0,0,1,0,0.768754570774645,-0.0305880368678707,0.94314533093846,0.522486723627975,1.73992560790723,-0.185459036959004,0.837970934750476,0.139795279511048,-0.0942772855551037
1,-1.23509182661852,1,0,0,0,1,0,1,1,1,1,0,-1.63236300413772,0.147022155220085,-1.24103186146602,1.30983820850636,0.603865443011562,-0.620700323279973,-0.679977277919559,-0.994387109370829,-0.823649315316987
0,-0.316397181748807,1,1,1,0,0,0,0,0,1,0,0,0.878429197260956,-0.970968869313209,-1.45603072286581,0.049034281488416,0.218391927506375,-0.955716845575284,0.275330953984633,1.51555341890837,-0.416697370093753
0,-2.41910126719078,1,0,0,0,0,0,0,1,1,0,1,-0.133586456823978,3.02085306032303,0.521306401674653,-0.300053984308674,-1.24399000256829,-1.15370258546021,0.403361956362805,-0.954749282614514,1.54399789826285
0,-0.19394968840588,0,0,0,1,0,0,0,0,1,0,0,-1.14164337818099,-1.26432295588436,0.738087329401374,0.340386597468027,-1.89691179255185,0.604855971724689,-0.40032669649614,-1.11126445037219,-1.74481421077668
1,-1.66536435024252,1,1,1,1,1,0,0,1,0,0,0,-1.30864699663276,0.819411804771957,-0.736962635822815,-0.172384037653122,1.4180455928306,0.172411717872119,1.20315144798628,0.712104786324748,-0.475813819914704
1,-2.63302681206462,0,0,0,0,0,1,0,1,0,0,0,-0.110747844135887,1.96744325339899,0.827219687152356,0.190863542986347,0.321382367303536,1.65747110474075,-0.214953533793827,0.125702359307326,1.71601455229431
0,1.80074751329855,0,0,1,0,0,1,1,1,0,1,1,0.153470752101782,0.322230674704475,-0.688230006271852,0.0599309984656849,-0.818780588056188,-0.590527610716146,-0.512117347193764,-1.10755911986354,-1.33327626695391
1,-1.67273976911259,0,1,1,0,0,1,1,1,0,0,0,1.34775280005093,0.715172539204478,-0.50777669818533,-0.348186465068472,0.0542060277646602,-0.0435701639672145,0.147771814391727,-0.453256873593111,1.00797949828801
0,-0.344446796290461,1,0,1,0,1,0,0,0,0,0,0,0.813460306914099,0.224655409872417,-1.36982100717577,-1.59298572502728,0.956674681241209,0.73668130355149,0.361798913782314,0.45666838241057,1.6275694725085
1,-0.11129050358846,1,1,0,0,1,1,0,1,0,0,0,-1.74161781988494,0.705671168222694,-1.45547378119862,0.0980175261302997,-0.0106353591492888,-1.22568385417754,-1.12374227713434,-0.0519024815754096,-0.926219814055503
1,-0.167165027946039,1,0,1,0,0,0,1,0,0,0,1,0.00773056410611991,0.504363495244573,0.113087456248595,-0.855378633719569,1.73601754327881,1.31352713607972,1.71646281333331,0.3473581975317,0.160532421710589
1,0.923085660213277,0,0,0,0,0,1,1,0,0,0,0,3.05888496735193,0.68841934902006,-0.532118399518856,-0.278819628766775,-0.364713278840783,-0.28970744634253,-0.304685199617395,-0.107813113616534,-0.943179215005376
0,0.976245346532487,1,0,0,1,1,0,0,0,0,0,0,0.0904143128554243,0.788654565221472,-0.135558047380491,-0.294207343655555,0.14712779596003,0.856028282766919,-0.448269087869262,-1.71452595164841,-0.239505508090338
1,0.33529194580216,0,1,1,0,1,1,1,1,1,1,0,-1.55836466568488,0.232835167571962,1.25841119250535,-1.17479948734016,0.247040886780747,-0.917549738643687,2.03918842262403,1.42297937874962,0.246102920319401
0,-0.859876042683586,0,1,0,1,1,1,1,1,1,0,0,1.20647811251201,0.701798355822915,-1.4042699114577,-0.982041224618059,-0.900051857857367,-0.37366108370797,-0.175339439858956,0.565538899228005,-1.00832390430488
0,-0.739439670944338,1,1,1,1,1,0,0,0,0,0,0,2.32993712689184,-0.0642336911722031,-0.622491464548944,0.505806632705779,2.31271994690129,-0.722775207740009,1.19826343561959,-1.25572672296686,-0.254069314851863
0,-0.569785109031841,1,1,0,1,1,1,0,0,1,0,0,-2.36835472034738,0.18936131275287,-0.77878255524512,0.236653138612866,0.154928234343513,-0.748733530381423,0.249425332796527,-1.60812989963034,0.765630311310486
0,0.125223172058924,1,1,0,0,0,0,0,0,0,1,1,1.14513524835871,-1.44401327524971,-1.81318836925726,1.32437232548849,0.268100991732168,0.0956538139807695,-0.754464823792854,0.51376264313459,-1.1115306799878
0,-1.99864259754304,0,0,1,1,0,0,1,1,0,1,1,-0.964641715987915,-1.43709789943436,0.19573883881864,-1.14811883465805,-0.436163962171872,-0.85813624172889,0.830126685716274,-1.85867855448726,-0.335477731891159
0,0.245435472468402,0,0,1,1,0,1,1,0,1,0,1,-0.255163170902913,0.129417691772816,1.24691859342474,0.650440446077256,-2.01653226666931,-0.407038315414589,0.967142787936045,0.976439947283687,-1.90412044894472
0,-0.0265792163736274,0,0,0,0,0,0,0,1,0,1,0,-0.479768220459418,-0.617163622594868,1.24400015612348,-0.147749560897991,1.30314033266003,-1.13391282428826,-0.336987433127242,0.582084556920767,-0.48968203474648
1,0.539891221508158,1,0,1,0,1,0,0,1,0,1,0,-0.900092928592765,0.0529842386839931,-0.134060637047313,-0.91870156751658,-0.95562639075454,-1.41751970778357,-0.078153162066708,0.34415601364832,-0.929353360443437
1,0.34465223621451,1,0,0,0,1,1,0,0,0,1,1,0.0425758761100894,-1.28944518367955,-1.39820193617965,-1.09159934648607,-1.54983581719205,-0.8842472900691,1.27532116549514,0.417062977009067,-0.638857247262478
1,-1.04822342540925,1,0,1,1,1,1,1,0,0,1,1,-0.425910803643783,0.0356836581801211,0.54787877768121,-0.659895823392635,-1.34227311167833,2.05298251252604,-0.509012587244068,-0.976492158719676,-0.208262022907662
1,0.122511941478217,1,0,0,1,1,0,1,0,1,0,1,-0.586990144053275,-0.970761336487417,-0.156138195150406,-0.840103997877721,2.08989907303617,-0.585891822311457,0.322208492342516,0.322441477335214,0.707999133816365
0,-0.88817228811152,0,1,1,1,0,0,0,0,1,0,1,0.432326049704465,0.0587777444600714,-0.353135091394025,1.05323386980999,0.626506713435635,-1.33862008767153,0.65156228746343,0.293665631695116,-0.713617517579261
1,1.51110398143057,1,0,0,0,1,0,1,0,0,0,0,-0.172853214464583,-1.25048857225245,-2.03845142123121,-2.43607000949506,1.01863429531526,-0.505736522440455,-0.533447582715642,-0.239441992227948,1.94551450224716
0,-2.18336738691246,0,0,0,1,1,0,1,0,0,1,0,-0.375686163313139,1.04558238164492,-1.04765028124272,0.109479672578949,-0.534604277726169,2.05537634643417,-0.617846130057092,0.253456756901683,-0.18015077926627
0,0.339245533917689,1,1,1,0,0,0,0,0,0,0,1,0.570126259480906,-0.0961045544053888,-2.12764039728333,0.940945689810217,-1.06823517911343,1.00101869688473,0.0515726216305266,0.0472960985495135,-1.63353510144691
1,-0.0564999683717284,1,0,0,0,0,0,1,0,0,0,0,0.702776467137872,0.545811498587292,0.173735603010695,0.714080497043743,0.794733557608197,-0.283419467918994,0.586470799542998,0.539836872392031,-1.11682177375043
0,1.04195635667841,1,0,1,1,1,0,0,1,0,0,1,-0.325515330236536,1.3614682449647,-0.385938783130881,2.38457752725881,1.34360706697792,0.970061787409447,-0.557418081491572,0.258410307944274,0.96707203808801
0,0.878996280808465,1,1,1,0,0,0,0,1,0,0,1,-0.556139318570487,-0.527115733410096,0.375775717908099,0.352840256553285,-1.00610016463335,-0.496947716761408,-1.24266380494382,0.641745715842384,0.228791830547102
0,-0.347703278760811,0,1,1,1,1,0,1,0,1,1,1,-0.786425527238496,-2.30500581897497,-0.324478722219348,-1.68206160148294,-0.57695280040447,-2.61785541191281,0.46321034941071,0.834256067368179,0.654134866393546
0,1.20919503188387,1,1,0,1,1,0,1,0,0,0,0,-1.01413024963673,-0.803441563466412,-0.090145101960857,1.3870133687334,1.24189928876067,0.00437147868957617,-0.74125312045491,-1.34528599420515,1.39796623371861
0,1.17250660382266,0,1,0,1,1,0,1,1,0,1,0,0.0419269161553372,-1.42400684467686,1.32754432453903,-0.16248040583333,0.10607965377883,0.397444168053621,0.491999222593144,0.145266510161582,-1.21932835273146
0,0.351215844531878,1,1,0,1,0,0,1,1,0,0,0,-1.06637862260661,0.761680416996549,0.588881622674296,0.428595622133372,-1.23087238521121,-0.447184035995339,-0.964344810682143,1.49076909171846,1.27914567602107
0,-0.395894618556326,0,0,0,0,0,1,0,1,1,1,0,0.833760589747632,-0.101999402802575,-0.939385958426485,2.08459196168876,1.43278025346951,1.82767754710085,0.13859273412579,-0.677543007769344,0.945838862441348
0,0.37735658105818,1,1,1,0,1,1,0,0,0,1,1,0.871141854988892,0.807060145729723,0.682756230995115,-1.81184684677147,-1.15418895444497,0.863918322817526,0.761815127970292,0.337928397841508,0.568703717116279
0,-0.578284342597524,1,1,1,0,1,1,1,0,1,1,0,-0.485952555566108,-0.901249243665562,0.202281440613885,0.963734351179313,-1.92198637204059,0.166528764370928,0.0504341038020989,1.26472624438077,0.279942469556333
1,-1.17595752285574,1,0,0,0,0,1,1,1,1,1,0,-0.819114734531714,-0.6406319779819,0.328653153709276,0.500801915863148,-0.34270086065428,-0.206881340733779,0.41138363945752,-0.320130017709054,0.366088428230173
1,0.606516508227292,1,0,0,0,0,1,1,1,1,0,0,-2.09923583158542,0.159062905061357,0.454206656743897,0.418413458097178,-0.322905801262082,-1.74214706784494,-0.298049213371878,1.68924283486244,-0.325220032918927
0,1.50131658975118,0,1,0,1,1,0,1,0,1,1,0,-0.965659236882811,-0.210439443658029,0.663329073834783,-0.790341333028909,0.867720835935413,-0.760529848683254,-0.970842012909821,0.0157987127223696,1.91217818327181
1,-1.09640497484407,0,1,0,1,1,1,1,1,0,1,0,-0.481179102178528,-1.89592227032169,0.00840478150246375,1.24733928307568,0.938738476377381,0.0747047478354435,-1.10972404192336,-0.216602534864506,0.761253618910082
1,1.82459649830028,1,0,0,0,0,0,0,1,1,1,1,0.552051714608681,-1.03584317830132,-0.482320901717371,-0.244279655623631,0.363827440731822,-1.9794195964069,1.10124294905401,0.0611566354046708,-1.03743548853879
1,-0.0225961257811379,1,1,0,0,0,0,0,1,0,0,0,1.16965052934282,-0.551307691531194,-2.50235776514246,0.542183965563116,1.08373954732335,-0.880726602068819,0.14128980482516,-1.76687638668018,0.912188199636877
1,0.219948429926585,0,1,0,1,0,0,1,1,1,0,1,1.02365928504703,-0.862753703650288,-0.168241919657129,0.0770957752328982,-0.636036432497002,0.0760091860216443,-0.669908619822018,-0.606936809256221,-0.190612858013552
1,-0.666271062366791,0,0,1,0,0,0,0,1,0,1,1,1.77810603974446,-1.35514971332005,-0.446884763059638,-0.536886915480546,0.0921929597017712,0.570302500032913,2.34524880832201,-0.696358682608778,0.416974100379472
1,0.747902109503054,0,0,0,1,1,1,1,1,1,1,1,1.26733785060564,0.132017644381212,0.639539608496286,1.3380008401287,0.445136918255469,-0.645788776897309,0.363942235477662,-0.23109485287987,-0.581865635367293
0,0.0706066622093071,1,1,0,0,1,0,0,0,1,0,1,-1.24789318808751,1.02242249488233,-0.975915805890718,1.0734024002479,1.9257274166761,0.676771821689331,1.69997855373598,1.35285218195232,0.0295291462738187
1,-0.29638278815092,1,1,0,1,0,1,1,1,1,1,1,-2.86828482953482,0.303819802440001,-0.907143708636016,-0.877191939068288,0.650126240801561,1.56959140624367,-0.107904632371303,-1.10672274057131,-1.02418608592996
1,0.351445158529366,0,1,1,0,0,0,0,1,1,0,1,-0.354207401690055,-0.763148059954073,0.145845326238703,-0.713205843518843,0.123761250770096,0.8425264072807,-0.699110034413655,0.262377365647974,0.724837221753871
0,0.754936108356878,0,0,1,0,1,1,1,0,0,0,1,0.31762671680248,-0.0531300232998461,0.486582244647038,0.794362779927537,-0.569249970353376,-0.72148747950676,2.30850264615361,1.12054866096024,-0.278465737820509
1,-0.694962275712974,0,1,0,0,0,0,0,1,0,0,1,1.11299434063594,-2.14709160101937,1.39267170482692,-0.581963982833069,0.805676347246036,-0.225038776897864,-0.125414680884887,1.49006033348425,0.8402768486634
0,1.60242501450828,0,1,0,1,0,0,1,0,1,0,0,-0.237874686348041,0.581977619047766,1.52741246982107,0.36672311568633,0.49400401063153,0.32125677057351,0.334991298033116,0.067591424910342,0.900721464130798
0,-1.05867032686007,0,1,1,0,0,1,1,0,1,0,1,1.93096389029024,0.134402510465818,-0.7544150944281,0.116983295863748,-2.03141591456165,-1.17821018224312,-0.224606032821596,0.696817818258178,0.534968285957506
1,-1.61632580884419,0,0,1,1,0,0,1,0,1,0,1,3.06321986516971,-1.0950918336336,-0.297488932311604,1.11333556304154,0.540639326534916,0.0363488481648475,-1.85744655930562,0.371955921948255,0.0530591697033379
1,1.00036439151314,1,1,0,0,0,0,0,1,0,0,0,0.708920728794348,-0.557887957985439,0.00342145077826389,2.20030749678081,1.02028081553707,-1.28855260779812,0.64816815336318,-0.820260430589777,0.5670449040914
1,0.661663913731437,1,0,0,1,0,0,1,0,1,1,1,0.0483960842024511,-1.49105716660466,0.150508678589547,-0.222699439929901,0.685412907489168,1.03089370242911,1.25804304469633,1.60360068462891,-0.111694957122455
1,-0.388252600774889,1,1,1,1,0,0,0,0,1,0,0,-0.219685869444041,1.71157383431473,-0.670318150744802,-0.935284857584999,-0.266638366066851,0.331471326943123,0.168709126515064,-0.351364621800285,0.123957337809367
0,-1.01924621615354,1,0,1,0,0,0,1,0,0,1,1,-0.202115932007165,-0.322782477087712,-1.26302428946844,-0.197552023778197,1.33993203917986,0.163749327277948,1.35973210478684,-1.2910335189137,0.497389468010452
0,-0.537856170540078,1,1,1,1,0,1,0,1,1,0,0,-0.348559104391832,-0.053739448478722,-1.57149247667049,-0.071586127357032,0.965083253281001,-0.191333110952834,0.202772289414394,-0.282627274770636,0.0569395354280809
0,-0.913234997088624,1,1,1,1,0,1,0,0,0,1,0,0.940371046905539,0.14092056353059,0.109303824915074,0.377213570397077,0.285970224426072,1.26974171304326,-0.252383748980322,0.383903059719308,1.38985394932922
0,-0.530962263337313,0,1,0,1,1,1,0,0,0,1,1,-0.258584610895912,0.979072617678256,-0.618782499402469,-0.12978901294534,0.569573016665584,0.817818780290502,-0.377697927191148,-0.951427258746998,-0.517104379165659
1,-0.995023751542089,1,1,1,1,1,1,1,0,1,1,0,-0.84403220461704,1.12187590502978,1.85235098610607,1.14689059183655,-0.966259040346742,0.132289473558365,1.96015775997746,1.44030647462571,1.41080268793894
0,1.21235514017687,1,0,1,1,0,0,1,0,0,1,0,-0.558503291314232,0.175036851770916,-0.0873401435348459,0.0368420113599093,-1.14202994980081,0.762708803536547,-0.745924168256494,-0.792594239172326,-0.966821489781306
0,2.08250567558445,1,1,0,0,1,1,0,0,1,1,0,1.65485405752255,0.122533862323359,-0.092492530588535,0.00433462711690887,-0.617914844513502,-0.522786236792485,-0.138304919911448,0.591619659004843,0.827936897961231
1,0.646334102873923,1,1,0,1,0,1,0,0,1,1,0,0.0103132720460615,-0.518047509976228,-0.497486317851557,-0.211033029088487,1.7140583618048,0.612317919011973,1.2626585634021,-0.592253954419744,1.43250499349543
0,1.8466325297223,0,0,1,0,1,1,1,1,0,0,1,-1.2303611348175,-0.080873147203627,0.0543341537177908,0.666306615005223,-0.758864184273569,-0.68166809677252,-0.834981585454153,-0.593062508488534,-0.512240056955578
0,-0.588956744538344,0,1,0,0,1,0,0,1,1,0,0,0.334000163086637,0.285643523884334,0.341658720228919,-0.331179633396342,-1.26520982603612,-0.298437496748817,0.171288272873714,-0.287779177680963,0.28257509894794
0,0.323981479779813,1,0,1,0,0,1,1,1,0,1,1,1.47909023506908,0.152405968776057,-1.07253617863991,0.0564699259446587,-1.58824842506437,0.61134633689389,2.69728056305111,0.858257083855249,-0.282851847662988
0,0.510127858682552,0,1,1,1,1,0,0,1,1,1,0,0.559394427035761,0.131721238216653,-0.0352726245104929,-0.20543296177343,0.119157312734696,0.632260874397393,-0.00471783469636917,0.579071902398213,-0.106414687083713
1,-2.32149705325727,1,1,0,0,0,1,0,0,1,1,1,-0.667624923980416,0.44475673906436,0.947328322323287,0.225688415640894,-0.738692686274628,-1.03218348225474,0.0885585256479334,0.813072837101139,0.117160509231641
1,-1.9322225065503,1,0,0,0,0,1,1,0,1,0,1,0.251442460756706,-0.226729499354345,-0.350002586073941,0.614379911846359,-1.36061472705572,0.190513716565009,1.08891405025835,-0.373432537949627,1.40377067651767
0,-0.729602900838141,1,1,1,0,1,0,0,0,1,0,0,0.722721285081153,-0.101869539453955,0.214293438546998,0.123109994368882,-1.19574013870614,0.965105412661515,0.849479065797908,0.166024650264187,1.92832218554471
1,1.03709255049204,1,0,1,1,1,1,1,1,1,1,1,-0.113373936447186,0.00219157136718352,1.86921478260533,-0.0623149281406495,-0.0115376673207754,1.36673295774145,-1.22136030237787,-0.122878649085651,0.33377799617092
0,0.407995895797958,0,0,1,1,1,0,0,0,0,1,1,-1.13504450825103,0.694138925196163,-1.01029034433177,1.07607538765762,-0.151544609770812,0.688351065710365,-0.974988299639425,-0.122010413932498,3.1301730880981
1,1.376004593615,1,1,0,0,0,1,0,0,1,1,0,1.50801834304349,-0.0192039255229406,-1.14950706786821,-1.34679661280082,-1.84501397599626,1.89180595407658,0.123585513482961,0.203094543116796,0.498032514026066
0,-0.796842107885879,0,1,0,0,1,1,1,0,0,0,1,-0.0547977619734144,-0.651455613400781,0.33879727574423,-0.398237874924584,-0.186073519129658,0.64509055939712,-1.07655387872698,-1.08692888639479,-1.97218499332717
1,2.03283716502701,0,0,1,1,1,0,1,0,0,1,0,0.387495512190618,2.64962641778218,0.314646867864933,-0.630272386839046,1.05971972127964,-0.146904433414744,0.718970465478959,0.541399323657726,0.921249540455565
1,0.451195537450923,0,0,1,1,1,0,0,0,0,0,1,1.08107418689522,0.184108295315682,0.408707105399282,-2.01030694018834,-0.537384131519724,-0.269890621609988,-0.169470407646458,2.18581900012804,0.13641317607702
0,-0.952368104860446,1,0,1,0,1,1,1,1,1,1,1,0.124966853680054,-0.0081814388872828,-0.832737993518455,-0.329676481520463,-0.147243719316808,0.341414633255708,-1.0398489993497,0.503631483245455,-0.537670818196273
1,-0.266292130662025,1,1,0,1,1,0,0,0,0,0,0,-1.08810417090518,0.902624867848406,0.925887333929085,1.36670667552104,-0.833747588008286,1.38767935321866,-0.485332905870302,-0.0898301708813892,1.15030646041402
1,-1.73714221577651,1,1,1,0,1,1,0,0,0,1,0,0.258409455678092,-1.03221658617245,-0.579519555497691,0.520895892150728,-0.242995737988766,0.273407967797458,-1.34723653358984,-1.93268426183766,0.441819685826257
0,0.056964707185047,1,1,1,1,0,1,0,0,1,1,1,0.342384464457138,0.597847959985647,-0.595779147550668,0.187056573690143,-0.262422840757033,1.68839762179209,-1.3044092094806,-1.27382951561207,0.298704857863117
1,0.711945154459009,1,1,1,1,1,1,0,1,0,0,1,-0.183865658339131,-0.957291005002111,1.71071305440717,0.0879141967090419,-0.2427389148549,0.729837690955417,0.192208408465354,1.93342793182106,1.43489932046881
0,0.201223213167096,1,0,0,0,0,1,1,1,0,1,1,1.88460533847338,0.0513816840728433,-1.00042687518713,0.436064032366074,-0.190216685957545,0.252018724908905,0.61569391161675,0.284199516463026,-1.19555009648294
0,-2.02745851541768,1,0,1,0,1,1,1,0,1,1,0,1.33474167584911,1.07765280247519,0.954372916727576,0.753583577896593,0.00498714691785803,0.0847083443324383,-1.22061899476004,-0.306079430767035,0.250316143916252
1,-1.91364761054075,0,0,1,0,0,0,1,1,1,1,0,-0.37757371890612,-1.16883605896323,-1.18397959899852,-0.0347597136817331,1.37890404976236,-0.433775568330466,0.524466610548054,-0.69780361688715,-1.26704458678356
1,2.2233468854999,1,0,1,1,1,1,0,0,1,1,1,0.136781262319611,-1.27238781880643,1.76320846834082,-0.969001499080121,-2.20276257694087,-0.0325282348409945,0.0633412017287456,-1.58339533858997,1.11886447671779
0,0.46034207286842,0,0,0,1,0,0,1,1,1,1,0,-0.656501241530493,0.545866572122122,-0.305438726558872,0.10121130715486,-0.368470775402117,-0.97692640916355,-0.598381793713088,1.89507768200767,-1.81345519948526
1,-0.719560887829737,1,0,1,0,0,1,0,0,0,1,0,0.177532937196722,-1.00473271854977,-0.480069766168944,1.12907119956224,0.114296645287925,-0.823929397361135,0.464659206583045,0.168110277300952,-0.367498115505633
0,-1.11608240126892,1,0,1,1,0,0,0,1,0,0,0,-0.753487034859986,0.982434875412485,-0.128096626834318,-0.175705458883798,-1.03727210040647,0.2468943955875,0.925682258043019,-0.159099053577313,-1.18399481963154
0,0.14702517910335,0,0,1,1,0,1,1,1,0,0,1,-0.285679733752491,1.06373856501952,0.660091007538729,-0.01589374841661,-1.06476940920977,-1.03771270379606,0.568773653489443,-1.38301963731051,-0.548758512160802
0,1.25351078871386,1,1,1,1,1,0,0,0,1,1,1,-0.102977513065565,-0.821177857992784,-1.25105808399438,-0.583726822723326,0.204969715531847,-0.352385619807477,-1.48743275170833,-0.326772277819289,0.632657100206371
0,0.439699988001995,0,1,1,1,1,1,1,1,1,0,0,1.88688776826217,1.45593685720325,-0.605443732417017,-0.845486858868766,-0.0221257062855202,-0.70454580000584,-0.729297676632384,0.109893200102132,0.993931102212691
1,0.5687659599714,1,1,0,0,1,1,0,0,0,0,1,0.933076094010106,-1.19552498923479,0.656939572209037,0.870010545132046,1.07717082530879,0.569528780771284,-0.11822157477779,0.542813194055118,-0.134600877201069
0,0.18777252051182,0,0,1,1,0,1,1,0,0,0,1,0.912856931428482,-1.26952139958753,0.151482737363497,2.16358071289641,0.513342602804223,-0.0117303683990334,-1.44546255926357,-0.248454989505615,1.22370778877252
1,1.43811678391723,0,0,1,0,0,1,1,0,0,1,0,-0.0717466006045303,0.96982791625982,1.73192576549966,1.98078950862585,0.700746481672007,-1.59193613320282,-1.08667629355297,0.576303390237294,-1.85957894821981
1,-0.738635847309106,0,0,1,1,1,0,0,0,1,1,0,0.636469915274847,1.526424871585,-0.771067058360286,2.42066429412734,0.156634953582266,0.552782620004332,0.861850411811436,0.438042931080827,-0.0142815802036566
1,-0.304167271930261,1,1,1,0,0,0,1,1,0,1,1,-1.1687055427537,-0.0569830626383018,-0.499927603726309,0.777339648720613,-0.865186586135197,0.507994180040438,-0.289778054863124,1.22052841678995,-0.945596673206692
0,-0.760180426648928,1,1,1,0,0,0,1,0,0,0,1,0.632415060574068,0.560162022943123,-1.19714489162348,2.13589330383368,-0.5602632742332,-1.15632812853223,-0.75885237515121,0.826913048296323,1.33493078766249
0,-0.212331510810526,0,0,0,1,0,0,0,1,1,1,1,0.0272552859894011,0.212902144033811,-1.90314641781345,-0.0473301389518433,0.928658380989724,-0.449521166723048,0.317944045689532,0.710912991438658,1.08478081576356
1,0.714601412782518,1,1,1,0,0,0,0,0,1,0,1,-0.175652745653062,0.71815179995477,0.733908545947679,-1.9916959676796,0.366932704292435,-0.881192913718198,0.663439901516168,0.848403669186252,-1.64536502869873
1,1.29059442167582,0,1,0,1,1,0,1,0,0,0,1,0.378470619595116,0.325578151474754,-0.451851112082104,-0.194586765195052,-0.962232973189015,-0.589056333354218,2.83303378460584,0.764323307862379,-1.78224425682924
1,-0.264371382471688,0,0,0,1,1,1,0,1,1,0,0,-0.402458408384804,-0.0825652547662775,-0.699551751254172,-0.17525617614885,-0.570007753354361,-0.480481628671876,-0.708731014564328,-1.11859930183517,1.18819085692619
0,-1.49295760804699,1,1,1,1,1,0,0,0,0,1,1,1.46213006642976,-0.191334872263755,-0.0301387932141093,0.525451491730606,0.7252847764865,-0.800626375285048,1.38334876800767,0.370381642180764,1.46348314963784
1,0.11444262517556,0,0,1,1,0,0,1,0,0,1,1,-1.59773053846957,-0.15004514068072,0.431859265164433,-0.637247402417326,0.199050387283026,0.682162920374278,0.0236941677057348,-1.40340388466751,0.610135286967107
0,0.982806348075396,0,0,0,1,1,1,1,1,1,1,1,0.173239528884856,0.603349806292751,-0.332541553853869,0.107495300249909,-1.27489272957353,1.43702414808689,-0.965693444259315,-0.242915829476662,0.75158097750543
0,-0.781021473323159,0,0,0,1,0,0,1,1,1,1,0,-0.265780622931649,0.362196022469199,1.17148957333003,-1.69850252751134,1.67805098827728,0.184351141959905,0.864920111602765,1.95658811362934,1.7279242756785
0,-0.0656698532290731,0,1,1,1,1,1,0,0,0,1,1,0.975651638911983,1.36336779437068,2.05107074668012,-1.14280745189786,0.277597476636052,0.279972015320804,-1.40577155931357,-1.70856483098532,1.81780158030951
1,-0.227208018476744,1,1,1,0,1,1,1,1,1,1,1,1.91791237586875,-1.07025563827407,-0.651294613130669,-0.149875725665294,-0.557690556557146,1.16417804523707,-1.10544891528505,0.970580650577377,0.641531607203302
0,0.125594132496226,1,1,0,1,0,1,0,1,1,0,0,-0.591990912982957,-0.550679276377351,-1.54673544381476,-1.44502730848228,0.384406943165307,0.278343808739082,0.612212658646032,-0.438998460949829,-1.36231352810473
0,-0.180179647791575,0,0,0,1,1,0,0,0,1,0,0,-0.709865921418555,0.325598130419906,-0.320782466240534,-0.350139592600886,-0.106174124243964,0.202959026016732,0.37901503617419,0.130220270922013,-0.992462987261078
0,-0.0111097970223679,0,0,1,1,1,1,1,1,1,1,1,0.188548276247054,-1.08935256668376,-0.766278407464053,0.100597220901635,-0.367987759969965,0.466585303808898,-0.695311926636231,-3.0161177043338,1.76724007210616
0,0.0770987297928796,1,1,1,1,0,1,0,0,0,1,1,-0.0631788548721125,-1.19402979701429,-0.436279971483572,-1.37368289968276,-1.27181423703542,-1.68954849434226,0.221448629382522,0.222000569424932,-1.51655073402666
0,-0.204646028741818,0,0,0,1,0,1,1,0,1,0,1,1.34860932603388,-0.636749362151166,-0.460110556262819,-0.0606013064894177,1.69834605062109,-0.580435594897375,-0.63788712786584,-0.0993998743827019,0.805928260292994
1,-0.0143474888942763,1,0,0,0,0,0,0,0,1,0,0,1.06571930915018,-0.633422723199033,0.66343194939464,-1.52687562362238,-0.0969710388442683,-0.487142311218329,-0.0666750039970893,-0.363865264663876,0.405618329584305
1,1.5353968289295,1,1,1,0,0,0,1,0,1,0,1,-1.37312082580875,0.0538795097070251,1.12465587571568,0.382103654637797,0.0191981787073953,-0.987304242866403,0.83260278667369,-0.428044656636517,-0.0482414191984739
1,-0.35786308586559,1,0,1,1,0,0,1,1,0,0,1,-1.46084257742744,1.73386116244732,1.65613663541922,-1.28999334880537,-0.105972350221844,0.595797425666277,0.776499965656235,-1.05231624564196,-1.7631921148603
0,0.539973963086942,1,0,0,0,0,0,1,0,1,1,1,-0.661587475908943,0.84129511381624,0.301839315412584,-0.201160336290631,-2.86857159759259,-0.168482124267847,-0.811631491689466,0.732735176793529,-1.36161502259898
0,0.168470384954657,1,0,0,1,0,1,0,0,1,1,0,-1.43808999654116,-1.48569889518084,0.257259394615974,0.399379371551459,-0.72274900866447,-0.973870927749458,-0.442478061679704,0.0427767190957169,1.28149799490383
0,-1.4327002040397,1,1,1,1,1,0,0,0,0,0,0,0.246399129710786,-1.16060796618518,-0.449800018877786,1.4407597554626,1.19032605198876,1.77857201610173,0.203933989907052,0.778512197095427,-0.623912057777781
1,-0.251729430804614,1,1,1,0,0,0,0,1,1,0,0,-0.3903222467949,0.220640265657448,1.19166965169949,-0.370042302567103,-1.47460676848288,0.473441973504309,-0.0423601685626279,0.25254984603085,-0.746375501209002
1,-0.48054586305625,0,1,1,1,1,0,0,0,1,1,1,-0.739678067133573,0.569005700567282,0.428271368078953,-0.946382926546497,-1.02329211959056,0.578587067948412,-2.1210500319128,1.58239439750598,3.05572243195229
1,0.43899918947844,1,0,0,0,0,1,0,1,1,0,0,-0.930432565510368,-0.438768967410786,-0.0529258671768278,1.61420568691629,-1.14127069337431,-2.52519919395707,-0.448275091679414,0.561480325173214,-1.82818527924677
0,-0.302759228824883,0,0,0,0,0,0,0,1,1,1,0,0.688241226123691,0.00426341789222414,-0.26861888268815,-0.11775335984229,-1.25402221706634,-0.24357637553825,0.122680250117354,-0.378074862272328,0.298264911888664
1,0.90824086159594,0,0,1,0,0,1,0,0,0,1,1,1.66370448521636,0.0252581862938445,0.360330962296473,-0.302889514709301,-0.233440261194858,-0.022576761361126,1.04950390366134,-1.56224924201973,0.542894980238891
0,-0.305612298637923,1,1,1,1,0,1,1,0,0,0,0,-1.02591217598573,1.5193134273087,-1.18139630745585,1.11847369036017,-0.21073173804223,-0.164334048551224,-0.673585471203391,-0.0939761350042096,0.582823444828555
0,0.379069289809613,0,0,1,0,0,1,0,1,1,0,1,-1.60167843578173,-0.240079647582987,0.852742566236164,-0.1522789684237,-0.17124397209868,-0.00171941560100649,-0.965946969199249,-1.62057693318451,-0.887279259551191
0,0.714342037502882,0,1,1,1,1,0,1,0,1,1,0,0.636474974183063,0.879486490560814,0.404330330089619,1.59402762638212,0.936214653061944,0.923189700750635,0.946515213616737,0.723752180779098,0.80730118957482
0,1.54432680474905,0,0,0,1,1,0,1,0,1,0,0,-3.12096726988028,-0.251189680182296,-2.81206921488257,1.30004417788178,-0.533485220573982,-0.853635926422232,1.38993270876851,0.530185839650813,-0.763843276672529
1,-0.499351306186705,0,0,1,0,1,1,1,0,0,0,1,-1.44798066826727,-0.201565124307989,1.85379807411689,-1.91372663938893,-0.136139150827248,-0.201678570354018,0.454905218515347,2.53716103391235,-0.149841223440011
1,1.42133391448256,0,0,0,1,0,0,1,1,0,0,1,-0.450789366329007,0.293416435730114,-0.395509579980668,1.09721222336171,-0.165870667214727,-0.791479190047118,1.49904036326826,-2.52606423257082,0.634955838275329
1,-0.618140312063754,1,1,1,0,1,1,0,1,1,1,1,-1.29913513454432,0.442277869201302,0.884139738558108,-1.60729917723666,-0.476817223469238,-0.165125434555572,0.235709721068007,-1.37437122972631,-0.0153745158206053
0,-0.381918180498277,0,1,1,1,0,0,0,0,0,0,1,0.350631393152512,-0.889455049187012,-1.26608648502852,-0.224108446635665,0.261257036547285,0.346210381169245,-0.0280428421054893,0.0921273081060786,0.820203225466971
1,-1.12436755197884,1,1,0,1,1,0,0,1,0,0,1,0.11932361668334,-0.391196967658451,-0.194848785684428,0.480183564974449,-0.492404537378247,-0.102623733121512,0.0616238123326626,-2.68254545441816,-0.579660147736944
0,-0.0279179256788945,1,0,1,1,1,0,1,1,0,1,0,-0.64457025914819,0.6203018181287,0.729289607944764,0.882562368178572,-1.11333172461161,0.655891796569868,-0.327767222826872,-1.24132701580771,-1.76933207353386
0,-0.152483177969315,0,0,0,0,0,0,1,1,1,0,0,0.757848871557164,0.0717631672769349,-0.239780258817499,1.57263156816711,-0.572464215843266,-0.486457452803506,0.30613457075077,-0.232090079738793,-1.2995160989918
0,-0.27916916730044,1,0,1,0,0,0,0,1,1,0,0,-1.10722437972669,0.134415854043781,-1.65731756379246,-1.02648525296359,1.35101805153259,0.423692104428352,-2.18633228463997,-0.505539499394545,0.964002244269127
0,0.206557423024396,0,0,1,1,1,0,0,1,1,1,0,-0.789935462079532,-2.01240344134492,0.203296138667969,-1.10944043116318,1.30675490792522,0.241916834349217,-0.469476572752147,-2.08494054717478,-0.937363441578073
0,-0.245339474618923,1,1,0,0,1,1,1,0,0,0,0,-0.628589148393062,1.36427175526642,0.0555488524243283,-0.683721547003761,-1.05153047868086,0.42821553149278,-0.708561789537665,1.10941799158257,-0.101424046017502
1,0.493028528711914,0,1,0,1,1,1,0,0,0,0,1,-0.95370247530294,-2.08850010719991,-0.263007504734384,-1.08801265100009,0.864543251414904,-0.366721384130948,0.901938115323914,-0.8994503839734,-0.316374271081373
0,0.357093606493461,0,0,0,0,1,1,0,0,1,0,1,0.118179548003912,-0.21309797240897,0.425301494709364,1.35196962489048,-0.0640988360337323,0.128919155809,1.53880344133556,0.124103853917324,-0.472306156307068
0,-0.0558208867911732,1,1,1,0,1,0,1,0,1,0,0,-0.910657474308275,-1.73630761760505,-0.253121431909051,0.699697963301849,-3.00637925464199,0.582632575518912,-0.827557748663354,-1.04245478789434,0.430639818229223
1,-1.00516167793689,0,0,1,1,0,1,1,1,0,1,0,-0.151091365672512,-1.27394380763515,-0.372007518619684,-1.24592659438055,-0.489687624330083,1.11021356637315,-0.380304241953026,-0.370288699541268,1.34941085603274
1,1.25931304868702,1,1,0,1,0,1,0,1,0,1,1,0.254203170694922,0.0440891526207609,0.43669700640964,0.407575992164321,-0.0485484405843236,-1.0452385064553,0.69318610630462,-1.56123034645483,-0.26113091666493
1,0.0455559997753586,0,1,0,0,1,0,0,0,1,0,0,4.1479218939831,-0.48279912596451,0.688045497501939,1.0681704930861,-0.555619028034994,-1.62085324351867,-1.63317622591799,-0.0466428318268329,-1.01263890492242
0,1.34988924267556,0,1,0,1,1,0,0,0,1,1,0,0.687304048972496,-1.44910684324236,0.142597887319739,1.20626824453531,-0.597620162675232,1.32517097877354,-1.46623962918547,0.316373053307935,-0.143876880758191
0,1.5185990404096,1,0,1,0,1,1,0,1,1,0,0,0.267401102635617,0.633501975501889,0.303217741161107,0.449862508034536,-1.02107437099719,-0.554351140132391,-1.88479864793808,1.30090041190963,-1.2952203356473
0,1.37739888854391,1,0,0,0,0,1,0,1,0,1,1,-0.0988921701391253,0.0641820689483211,0.311768484764582,1.41648360193586,0.0975168645094903,0.694699595067684,-0.148994860124025,0.319134507099377,-2.02543421198513
0,0.471466900784156,1,0,1,1,0,1,0,0,1,1,1,-2.05832937149532,1.82400286451001,-1.18547919146907,-0.626617171839204,0.294082130782712,1.02188774995059,-0.665661964137849,1.27030673284041,-0.0116582410368538
1,-0.373427470237214,0,0,0,0,0,0,1,1,1,1,0,-0.184352580426109,-0.371378094638159,2.21902122818328,-0.101338375035632,1.22591880834563,-0.167954607596176,0.0163484338175211,-0.46228618548513,0.530765986456013
0,0.582613776984472,1,0,0,0,0,0,0,1,1,0,0,-1.02450106955701,-0.981528286709052,-2.23037444289267,-1.1260308809628,0.733219317153926,0.181952229085535,1.60969087166986,-0.969669348223882,-1.73608134612191
1,0.273604334791664,0,1,0,0,0,0,0,0,0,0,1,-0.715064639777666,1.370148241248,-1.77894396704531,-0.389401666136208,0.716345730130746,-1.08931189579275,-0.560655880572095,-1.14796828143899,-1.50414944402878
0,0.992504347618959,1,0,0,0,0,1,0,0,1,0,0,-0.187390377623889,1.36027350410583,-1.1347843542313,-1.19862344238062,-0.025507749600918,1.55766460712159,-0.196968593989591,-0.738844328401939,0.717619524489785
1,0.516172340589277,0,0,1,1,1,0,0,0,0,0,1,-1.52789758254566,0.165996962387254,-0.443672924361675,0.745332688676113,0.0309068414102406,-0.246149266645571,0.0722683212095675,-1.12219782901015,-0.970799802086814
1,0.414417001931419,0,0,1,1,1,0,1,1,1,0,0,0.849583189675233,0.989875017640583,2.29363141457044,-0.32694070502184,0.837523601106551,-0.784480503828109,-0.371165390539251,0.259468138937576,1.04649702347217
1,-0.6020831253538,0,0,1,0,1,1,0,0,1,1,0,0.663243139244837,0.990404250542968,0.49020154481863,0.905642564874683,0.0976887286184541,-0.655956538731047,0.0681557239621127,-1.45190095517558,-0.909454725175033
1,1.05099973911946,1,0,0,0,0,0,0,1,0,1,0,-0.265340720126386,-0.4329911807264,-0.110436168146375,-2.21313170771243,-0.454396890966727,1.26718827921121,1.85598719880135,0.518286595692433,2.69846597087878
0,-1.63293210715937,0,1,0,0,0,0,0,0,0,1,1,-0.369435769107706,1.07978812217215,-1.02822945068312,0.405587946090741,-0.365894529368378,-0.961899703464173,-0.260472597250571,1.89878384838517,-1.08058323972296
1,0.808571058037454,0,1,1,0,1,0,1,1,0,0,0,-0.737537632114703,0.178989984724223,1.47621723617922,-0.0783342835348729,0.697588694180972,-1.34603021353807,-0.778487209691186,-0.170755332664099,-1.18568797914632
1,-0.911339199160965,0,0,1,0,1,1,1,1,1,0,1,1.20407107797743,-0.221922973480387,-0.02968291464176,0.551640585267324,-0.461568627870111,-1.02737101563163,-0.400243139303731,1.57851653050323,0.631320435870763
0,0.438070052491637,1,1,1,0,1,0,0,1,0,1,0,-0.352722347186575,-0.564800851661885,-0.796884018778808,1.29652921736327,0.24829335598243,0.579519195651882,0.744582915095413,0.778190918192523,-1.01749542604891
1,0.262326813216299,0,1,1,0,1,0,0,0,1,1,0,-1.25475194061112,0.0739947779515044,0.255506968812398,-0.741040734377078,-0.421461264255384,0.448487885409512,0.942810947705491,1.46926278436464,-1.29899506540688
0,-0.0236579129697768,1,1,0,0,1,1,1,0,1,0,1,1.72592000462642,-0.07893926271608,0.282019476624717,2.25355372930639,-1.30580574162309,-0.478365604254319,-0.595237163932679,0.888000967928705,-1.23976454703582
0,-1.83161981386965,1,1,1,1,1,0,0,0,1,1,0,-0.0867391042670781,0.93089385927628,-0.554312608977957,0.942508393282923,1.25185292846932,-0.561451829029685,0.585041513533666,1.38424203860566,0.705539544229478
1,-1.23012163993543,0,1,0,0,1,1,0,1,0,0,1,0.957969903916349,0.607979685643192,0.581572392215793,1.55933609760562,-0.559281787261625,-0.62584516140017,-0.584930335061429,-1.1844172721145,0.0862699430841006
1,-1.71754131483665,1,0,1,0,0,1,1,1,0,1,1,-0.678444512760543,0.267359368234424,-0.387067918815411,-2.85669718838217,-0.483086334209086,-0.722043017762798,1.65897658696153,2.37153807828664,1.7992424267597
1,0.6411461296531,0,1,0,0,1,0,1,0,0,1,0,-1.19596094656088,0.10422631988898,0.733474070167595,0.790714204790548,0.787927643813692,-0.968464086986195,-0.536632205561181,0.421327601877689,-0.509271882043638
1,0.131989946090659,1,0,1,0,0,1,0,0,1,0,0,0.361938177671668,0.413011813103094,-1.08108071780809,-0.626604869066382,-1.46083166951004,-0.244301145541914,1.41628524945168,-0.936644156382729,-2.56509557239313
0,1.6123222245301,0,1,0,1,0,0,1,0,0,1,0,-0.344474939101545,-0.394209871305838,-0.692976909153695,-0.658254738272626,0.217353530990427,-1.07263609834817,0.114413225507891,-1.214924563367,1.15515392633338
0,0.465181220513845,0,1,0,1,1,1,0,0,0,0,0,0.684911622038119,1.12481514713587,-0.282253637466228,0.94779558036132,-0.0472362862004398,0.311763871810359,-0.828129415536584,0.735791385469089,1.0753744278139
0,-0.0676626997054109,1,1,1,0,1,0,1,1,1,0,1,1.21021860868703,0.0262661826810926,0.312655901321765,-0.304019289901684,0.211698699515273,2.83536447597194,-1.31741459995518,0.230930458252948,-1.10190411097521
1,0.338936517201298,0,1,0,1,0,1,0,0,1,0,0,-0.00404016498550345,0.0246950229807567,-0.0603841114683782,-0.306517679713925,0.773632186694059,1.25418322636106,-0.35115720193476,0.93956670817493,-1.28184705577295
0,-0.560178704545457,0,1,0,0,1,0,1,0,1,0,1,2.92278835480555,-1.14164694180573,-0.225964711478858,0.89689467024638,1.36179445612112,-1.31995311610009,-0.652923912114441,0.0711227790362191,0.767682726690639
1,1.52505731127481,1,1,1,1,1,0,0,0,1,0,1,-0.985156622165915,0.260413471212503,0.621887505570169,0.452862352552625,-0.228235534111145,1.54194439999184,0.216206891113667,0.266108472117135,-2.58086055889338
1,0.239338956996484,1,1,1,1,1,1,0,0,0,1,1,1.76589820286945,-1.14115785253568,0.689760872260501,-1.30225139303841,0.337271378513622,0.511451521861186,0.156268231364546,-2.07738579668629,1.0075661915771
0,-1.08914934472336,0,1,0,0,0,1,0,1,0,0,1,-0.159356521122567,0.438987749451792,0.556495065186398,0.304787494976749,-0.820160140526293,0.65162741655234,3.35010623301756,-0.86581488653797,0.978526971658194
0,0.463997615658507,1,0,1,0,0,0,0,1,1,1,1,-1.20860915464806,-0.477021975577521,1.10605074994499,-0.813159239587306,-0.565859107585185,0.0958999192533536,0.0337229423785381,0.0892964183940893,0.331616237912452
0,1.96286437600987,1,1,0,0,0,1,1,1,0,1,0,-0.154637237891623,0.255610055189034,1.31347273315366,-1.99570553972811,0.611591097317677,0.87358646640314,0.66690608111483,-0.764593691880004,0.185767777256787
1,-0.0498835325427469,0,0,0,1,1,1,0,0,0,0,0,0.408658455715996,0.0914151142655289,0.87342401736102,0.0642912866434572,-0.138462297189449,1.07757078919359,0.88593122417065,-0.806646755754171,-0.230263458139348
1,-0.212522478721817,0,0,0,1,1,1,0,1,0,0,1,-1.32007457353822,-0.499216781214124,1.70320856458573,-1.79447797417921,0.431506937059094,-0.349122597132494,-0.224502334843686,-0.582213360042459,-0.498635555069524
1,0.406545562078285,1,1,1,0,0,1,1,1,1,0,1,-0.163398011528637,-1.32411758695416,0.861499502091582,0.0766079437564336,-0.252792493827623,1.08486245714442,0.274805448555903,-0.18192934836598,-0.0734558958179072
1,-0.792509900357578,1,1,0,1,0,1,0,0,0,0,0,0.508306350912715,-0.317939617367726,-0.256483337158276,1.24652310030174,0.868695261469376,-1.59096133519979,-0.740096847627649,-0.935266801443559,-0.13856326844643
1,2.14341829913962,1,0,0,0,1,0,0,1,0,1,1,0.0408478456850368,0.465451937083339,-0.936047946814904,0.354554620870079,-0.23488430666164,0.0350886664336898,0.227537097383836,-2.0978951966522,-1.318970377926
0,0.955872641953211,1,1,1,1,1,0,0,0,1,0,1,-0.118708091016924,1.04255429681524,0.136788032962925,-1.64399997801162,1.55959496306679,0.694498860362792,-0.177692821560664,-0.0919346426589402,-1.65757371788787
0,2.12246294486146,0,1,0,1,0,1,0,1,0,0,0,-1.32847693306618,1.57845503416308,0.146812963260314,0.0242863222102581,-1.67126746280666,-0.638336644266708,1.22358156611138,-0.226601903701589,0.000564251929642581
0,-0.459268604798074,0,1,0,0,1,1,0,0,0,0,0,0.481938523774371,-1.20031455851898,-0.57119281114933,-1.23599541339047,-0.102307308716582,-0.765040454411617,0.325057208004702,-0.483463280842488,-1.89894595740037
0,-1.33059614751097,1,0,1,1,1,1,0,1,0,0,1,-1.19966935771862,-0.976801694968886,-0.196504196268719,0.902357417196373,1.36500655613039,0.177515660049259,-0.495943439316654,0.721500411330446,0.574707419053105
1,0.481927621317007,1,1,1,1,1,0,0,1,1,1,1,1.71785808500194,0.538815292222368,0.929644186390553,0.532044054269058,-0.628526542944737,-0.248568455327777,0.387331864825245,0.239031559970128,-0.756112506962709
0,1.3885669778414,0,0,0,1,1,0,0,1,0,0,1,-0.242196836334415,-0.418372308643139,1.38059257168281,0.876949202863372,-1.4436172687197,0.0346559119645695,1.02052735978756,0.514624597564049,0.343041553957978
1,0.61740451612313,1,0,1,0,1,1,1,0,1,0,1,-0.126485049089111,-1.62622376597691,0.0170517028834733,-1.13163068084529,1.73005531495905,-0.779881590394001,0.639518382304292,0.34323390026369,-0.822658443847912
1,-0.278770324083135,0,1,1,1,0,0,1,1,0,1,0,0.0429178212589705,-0.307798370945613,-0.10409270959608,1.52169219104169,1.63289364620198,-0.416643189126098,-1.57837116391335,-0.686206208804859,-0.636843542712004
0,-1.26493736691945,1,1,1,1,1,0,1,1,0,0,0,-0.507354129446333,0.458404791471217,0.936157211993985,-0.64173874466937,-1.46149813674587,-0.20178806785088,0.543847143753478,1.24323802282958,1.15005388742346
1,1.076634475674,1,0,1,1,1,0,1,0,1,1,0,0.999591310523985,0.290947752055572,0.208362281440423,0.844649012322125,0.357515421205195,1.74274272630356,0.169669225279265,-2.50687148573299,1.64609266523181
1,0.388104949060068,1,1,1,0,1,1,1,1,0,0,0,-0.131040302900439,1.08041598729753,-1.8809546418069,0.268172227129321,0.229616555008691,0.165336146560704,-0.122474941213198,0.790683646859857,-0.00984129135642126
1,-0.0461125245345345,0,1,0,0,1,1,0,0,1,0,0,0.385915177479537,-0.117502934573213,0.709636825694431,-0.670203293972598,0.510359165539187,0.342434457140348,-1.05812159873883,0.161976070574384,0.618745923993395
1,0.449049961393155,1,1,0,0,0,1,1,1,1,0,1,1.03587352990924,-1.01622180361306,0.383168353802272,0.142923594930359,-1.50429570434873,-0.226507172514886,-1.06296077264615,-2.08862384601857,0.608613991027184
0,-1.45343511658482,0,0,0,0,0,0,1,0,0,1,0,0.256539339073589,0.748411887251429,-0.22516969532046,0.00013847358938676,-0.364962466422708,-2.2684632797394,-0.0151682790640861,1.6463117330091,0.0554731047039724
0,1.2016416468593,1,1,0,1,0,0,0,0,1,1,0,1.84147946344336,0.208688180284884,-0.719189827862822,-0.12371210882749,-0.197167903258614,-1.15926360483405,-0.305215990330579,0.0450340919058603,0.228106309914831
1,-0.17599486193984,0,1,1,1,0,1,1,1,1,1,0,-0.352077720521488,-1.5534515802023,-1.94414143714611,-0.62048631588765,-0.358818973851064,1.26461581163289,0.885472672740386,-1.46940908281569,-1.66209490575201
0,1.34443928370815,1,1,0,1,1,1,1,0,1,0,1,0.551215367562812,-1.7538060551901,-0.708949205426883,-0.36066163894938,0.244357561894865,-0.491713309012384,1.91973382490391,0.933440286513989,2.87134236016726
1,-0.342760392603662,0,1,0,0,1,0,1,1,0,0,0,0.288857824712152,-0.0539916640393275,-0.329686175040488,0.646732629003782,-1.47679349724774,-0.158254547686574,-1.06440928354042,0.545464870137605,1.67810020644639
0,1.54726058298114,0,0,1,1,1,0,0,1,1,0,1,1.77738817414405,-3.48073644293978,0.377000957106021,0.901024013090654,-1.46273194319911,1.28762341259624,-0.0117336350213541,0.278828738872406,1.67759006966583
1,0.713087851406212,1,0,1,1,1,0,0,1,1,1,1,1.97463733174822,1.36759742078912,-1.5008919669513,0.405301129828247,-0.775548773614446,-1.11987022751313,-0.607459878053578,-0.141858642303906,-2.33529097917856
1,-1.35930948682768,0,1,0,1,0,1,0,0,0,0,0,1.94338369565497,0.169615484303655,1.32846947581615,0.440487458602989,-0.0638659685247313,-0.820246042422583,0.0107773685005285,-0.471465856264729,-1.09073350505865
0,-1.0691755839669,1,1,1,0,1,1,0,1,0,1,0,0.932414253459972,1.07618646715515,-1.08274997207293,-0.0356347471515853,-0.647444571677858,0.133319998943136,1.0136971695361,-0.225390328294084,-2.00079588296237
1,0.628794605087928,0,1,0,1,0,1,0,1,1,0,0,0.0859338397148904,0.290884288230831,-2.25786757686783,-1.92972985077869,0.626299695930295,0.718716066191774,-0.445876893093448,-0.177958882253237,-0.0826491199886647
0,1.15269530372412,1,0,0,1,0,1,1,0,0,1,1,-1.83673310480809,-0.00655669053334578,0.722528847304646,0.3943019993211,-0.285593875701781,-0.422387108054055,0.636000003030078,-0.108934019634362,1.18714309623812
1,-2.18941150042399,0,0,0,1,0,0,1,1,1,1,1,-0.851705650974608,-1.9743338833883,-0.617952175593713,0.497862117671215,1.60591037280864,0.786358645585699,0.395352365338332,0.578652430465528,-0.702842350428644
1,0.382621774474764,1,1,1,1,1,1,1,0,1,0,0,-1.79194141046426,-0.161013165397971,1.33706863408973,-0.66887841381994,-0.92117163595396,-0.823004536633238,1.32570422175809,1.06617165101624,0.381633681633496
1,0.981560117530534,1,0,1,0,0,0,1,1,1,1,0,-1.64800178030606,-0.672354176868076,-0.792972107359304,-0.727050212719234,0.406250603901709,-0.233565925075139,0.442655874883576,-0.332106475026654,0.618427876382323
1,0.985898375941874,0,0,0,0,1,1,1,0,1,0,1,0.333687025346831,0.600382756346878,-0.577284033413959,0.90392044566816,0.85174102849989,-0.986039725319658,-1.49751997539829,0.191759625601159,-0.740051973822787
1,0.551919459723991,0,1,1,0,0,0,0,0,1,0,1,0.0392054677452484,0.636693151488657,0.0830891210864643,-0.0686665179402355,-0.764570467757744,-1.04483058421993,-1.03380997554194,-0.811001116107399,-0.297570925717115
1,-0.668270066264277,1,1,1,1,0,1,0,0,1,1,0,-1.83001843312308,-0.520260076599016,-1.75443663469382,1.55259779777085,-0.89880173579867,1.28839994922405,0.135235013735444,2.62801726227011,-0.719886507608275
1,-0.108917732899818,1,0,1,1,1,1,0,1,0,1,0,0.286286877355698,-2.03738496638223,-0.0305059526207502,-0.0576059853772056,2.80917432689897,-1.04724045380573,0.687518336953106,-0.672569193740878,-0.956973183708353
0,0.556570747679718,0,0,1,1,0,0,0,0,1,0,1,-0.275040919689064,-0.7642747689781,-0.240830967867358,-0.372161821647551,-0.891956047834831,0.250387769715373,0.370505492467811,-0.152500311084746,-0.820960546596386
0,0.417162193592457,1,1,1,1,1,0,0,0,1,0,0,-2.47361758622861,-2.03790838779588,1.71219002857361,1.57287757907949,2.40094106791414,-0.781781965684294,-0.367458344482916,-1.10467504506963,-0.278183467302125
1,-0.653180609661041,1,0,1,1,0,1,1,0,0,0,1,1.31032416146281,0.539310176210436,1.8146964148298,0.967936378975602,-0.263910820204097,-0.167851282615933,-1.44033137036354,-1.24411248752494,0.0212825189401608
0,-0.686028231173373,0,1,0,1,0,0,0,0,1,1,0,1.49229203676701,-0.65132279166569,1.32940770874816,0.433420997739982,-1.39502401768874,-0.237793796647647,0.399249477935291,-0.499201425138895,-1.09774438977842
1,0.751955360006031,1,0,1,1,0,0,0,0,1,0,1,0.765898339121916,0.813092826259668,0.472937797665976,0.83463091721927,1.8258642318779,-1.46600872147722,-1.7026271593763,-0.360728112600298,1.43889172986652
0,1.54377411446196,1,0,0,0,1,1,1,0,1,0,0,0.600884934152557,0.852840477013611,-1.29271719726218,0.721846056471211,0.773407021915177,0.289055944581658,-0.50502919796785,0.112019168796829,1.44348470704178
0,0.0421694452496647,0,1,0,0,0,0,0,0,0,1,0,0.539656548012735,1.03188099673581,0.271996668162135,-0.647367067835014,0.677981296363742,1.85792580052385,-0.716817701381931,1.1790208495741,-0.646655884694378
1,2.16933122441902,1,0,0,1,0,0,0,1,1,1,0,-0.279510977150531,0.220610196161347,0.815251214682934,0.595858593057464,0.168344745331575,-1.63807540086951,0.0210396903155837,-0.450785700819776,0.174608703655672
0,0.459130482009983,1,1,0,1,0,0,1,1,0,0,0,-1.6439308125303,1.04969145940868,1.3023385623821,-0.243709207512915,1.62806185627852,-0.480893882006414,-0.709606071056453,-0.338355686336189,0.919974659760927
1,0.299389405591333,1,1,0,1,0,0,1,1,0,1,0,0.00487162588337439,2.16661812449841,0.698548242094371,-0.459851680269961,1.12963157125116,-1.00770244688328,-0.246309192294106,-0.726144385873065,-1.33981763032282
1,0.972287479720902,0,1,1,0,0,0,0,1,1,1,0,-0.284325446353277,-0.249349122733217,0.804584325655751,-0.20503284615996,-2.19453156203126,-1.25565342055278,-1.19266574627977,0.828024187056312,-1.67697583871691
0,0.879726211734636,1,0,0,0,1,1,0,0,0,1,1,0.448259910048599,-1.70543398787269,-0.515374415481511,-0.199265150432586,0.651651632271552,0.70167527559116,0.682214257331336,-0.255537238821493,-0.255830391638068
1,0.0760262070862029,1,1,0,1,1,0,0,1,0,0,1,-1.34230721688452,0.802252526076133,-0.491108293151739,1.10952722595083,1.62360053339834,0.852860002809818,1.25007377601341,1.08032443961867,-1.86411075926233
0,0.382368301778875,0,1,0,0,1,1,1,1,1,0,1,0.115508124574016,1.2271375534944,-0.202933218203277,-0.265854107313696,-0.881254583084864,0.883284640012039,0.344377924723465,-1.05438709414954,-0.356968498585573
1,-0.121449850393453,1,1,0,0,1,1,1,1,0,1,1,0.732959632764956,0.0278895926647124,-1.16410526317272,1.7035563233051,-1.34059283553732,-0.145601957153862,-1.66199452926182,-0.304098207029541,-0.582780041794987
1,0.224089990913226,1,1,1,1,0,1,0,1,0,1,1,-0.0988939353903528,-0.155259315950734,-1.2679493359815,-0.358957837805985,0.615618751505814,-0.305473562449166,0.398535602662874,-1.01392144583896,1.79042059900245
1,-0.338319135033461,0,1,0,0,0,1,0,0,0,0,0,0.977599612845255,-0.0148508151085755,0.715193515784338,-0.715112547338818,-0.692336749165411,-0.765396232572365,0.243364839827603,0.38503067768896,-0.243841150484793
0,-0.316269369921832,1,1,0,1,1,1,0,1,1,1,0,-0.750659508346535,0.0331524097271754,0.301068812508691,1.51436217425406,-1.49216949410815,-0.180023320702591,-1.05521503248434,-1.42816913710991,2.71652989280328
0,-1.45428905575431,0,1,1,1,1,1,0,0,0,0,0,2.31264833770087,-0.151037622213606,-0.297615039395074,-0.240895958580171,1.073669687589,0.880123946959947,0.13910859424064,0.0161844606174683,-1.27702335587163
1,0.896108936358848,1,0,1,1,0,1,0,0,1,0,0,-1.0312522945497,2.13197304459132,-0.278013385103121,2.07047830452051,0.289956578807289,1.96093204455214,-1.0350508935426,-0.860824629041379,-0.198257998080044
0,0.0880875123289157,1,0,0,0,0,1,1,0,1,1,1,-0.334529649317764,-0.70976345635735,0.434073421209683,-1.39906139918248,0.937797949417179,-1.31296143618932,0.613983460671531,-1.13511664346421,-0.880943038024312
1,-0.75784268908807,0,1,0,0,0,0,1,0,1,0,0,-0.855742180143193,0.646680557657446,2.29251491482035,-2.04226597788736,0.0864947672429952,0.043054161975462,0.919618649741678,0.391037400215067,0.906474739209512
0,-0.577274937131545,0,1,1,1,0,0,0,0,1,1,1,-0.871476908386413,0.730503179406767,-0.433517258903931,-2.13011609630402,-1.43779143238838,0.164431842385231,-1.24624914159419,-1.63649820001158,-0.357128786817913
0,1.45119863429004,0,1,1,1,1,0,0,1,0,1,1,0.163144888280519,-0.906494075094559,0.240328156605934,-1.09815292696291,0.653476190847405,-0.571121643580039,-0.799233930502684,0.504581802456031,-0.0995165378232522
0,-0.423819516902674,0,1,0,1,0,0,0,1,0,1,1,0.0704236703491868,2.99358115369227,1.89804956185226,0.204929103201809,-0.692386853747576,0.0369460955797136,0.559863859354376,-0.0875896373386324,-1.36570990607167
0,0.0784670902788786,0,0,0,0,0,0,0,0,0,0,0,0.0593262496458171,-0.163613976266746,0.969163563723965,-1.04711442118059,-0.793591383173906,-0.182113585693325,-1.85562831816908,0.524869471234616,0.213764084022415
1,-0.850929365317313,1,0,0,0,0,1,1,0,0,1,0,1.01056838550427,0.542545896973709,-0.0273279329685897,-0.379800943432742,0.115403924910244,0.961149238291284,-0.541227235882652,-2.56631874927186,0.458595792071135
1,-1.58673062530308,0,0,0,1,1,1,0,0,1,0,1,2.37902624065778,-0.483745934883782,0.108803289714231,-0.590131405889122,-0.976048710341082,-0.0387901419731443,-0.169142825200001,-0.390355688327115,-0.627076367880523
0,-1.31521639330776,1,1,0,0,1,1,0,0,1,1,0,-0.432786230596732,-1.03801941372451,-0.21255023178714,1.00322069426503,0.387701086571988,0.827160393123034,-1.42436774667224,0.667751033417232,0.223066481259403
0,1.2984553473653,0,1,0,0,0,1,0,1,0,0,1,0.959021718700393,0.0123769815308546,0.16119744659368,0.96601855857753,2.02746023923331,-0.11577687255515,-0.638698328961883,-0.11613035396726,0.279101645604836
1,-0.14357242664802,1,1,0,1,1,1,1,1,0,0,1,0.575980014568253,0.0227098361312703,0.794950679154179,-0.594350429237463,0.135705087166403,-1.9848996409333,-0.529314501116966,1.48674072866401,2.64098479171668
0,-0.304075138334879,1,0,1,0,1,0,0,0,1,1,1,1.65348211084759,-0.906256766583183,2.95078579074822,0.374608095071956,0.610787617365214,-2.16745505287884,-0.16509806153843,-0.65053451511679,-0.00594827446218536
1,-0.300392611463436,1,1,1,0,0,1,1,0,1,1,0,-1.05001167929464,-0.944083538404067,-0.896272063020533,0.521846469558305,-1.39206671609602,0.654171838051781,1.20535302137844,-2.04756664034216,-2.25860578800263
0,2.5574248385941,1,0,0,1,1,0,1,1,1,1,0,1.5901886640707,0.258246017596199,-0.379876389104655,1.03563622688247,1.84854493298435,-0.536804425189254,0.0413479308214612,-1.55262817987326,0.349007125573967
1,-0.398393090155273,1,0,1,0,1,1,0,1,1,1,0,0.78920255224625,1.14129147364012,1.4521067359382,0.786410489989685,0.646701456775722,-0.913630617589076,0.304362979836388,-0.516646515719055,0.0321642203378489
1,-0.549469292181157,1,0,1,0,1,1,0,0,0,1,1,1.11254413901015,-2.23965478357257,-0.040905030846069,-0.585706603706749,-0.632680758196889,0.179452748492002,0.904883359559092,1.4809812544475,-0.0486358281001097
1,0.688325653135351,1,0,0,1,0,1,1,0,1,0,0,-3.16845450447564,1.69026092768282,-0.645036935270783,1.03927195121988,-1.6617165607085,-0.967664791285743,1.31563824477134,-0.163207308886019,0.831624347082252
0,-1.34077972424734,1,0,1,1,1,1,0,1,1,1,0,-0.22006315612005,-1.26783460420823,0.446852953736464,1.4490664533713,-0.112377073625348,-0.738249262327237,-0.659301014608867,1.56829926070055,1.46731879402948
1,2.07015507410066,1,1,0,1,0,0,1,0,0,1,0,0.336812732008626,-0.642969134753824,2.0165613295597,0.543609534236412,1.38481183240442,1.11219967489367,-0.460030926908177,0.234875184746135,-0.77527628844867
1,-0.546238992182277,1,0,0,0,1,0,1,0,1,0,0,-0.674934764363586,-0.318375730304152,0.37187800415163,-0.478979061946782,-0.905161309121746,-1.13552235058372,-1.61737356821511,-0.624966042385871,-1.4010659834781
1,0.0531842738197671,1,0,0,0,1,0,1,1,1,0,1,-0.822921298966463,-0.0756416962359423,-0.0432508104739795,0.373618648337642,1.38116131400414,0.665099930073423,0.0605829462714537,1.33081052162689,-0.531654791497343
1,1.61708624476077,0,0,1,1,1,0,1,0,0,1,0,2.16776600665012,-0.778901188440766,0.924653356452071,1.36684816998127,0.563639054417418,-0.44942438903102,0.928491676663735,0.357628397165774,-0.600438412623663
0,-2.28729566399005,0,1,1,1,1,1,0,1,0,0,0,1.62925601538325,-0.536882385994605,-0.350314746457624,1.93298018893832,-0.611386153134559,1.99770149413998,-0.245229117324454,-0.247094879330275,0.782456977892554
1,0.181258157669366,0,1,0,0,1,1,0,0,0,0,1,2.32149374085114,1.06089202163615,2.1438539243143,1.11979054541715,-0.220662532006202,1.26322517005679,0.263005987986749,-0.798731137583715,-0.249613184819427
0,0.808482789786506,0,0,1,1,1,1,1,1,0,1,1,-1.10239330687715,-0.0421912900158151,-1.89826118424832,-0.336745553547124,1.32875880096514,-1.14033094726945,0.299683899331381,-1.86634873420853,-2.75532206811763
1,-0.00530349734102558,0,0,0,1,1,1,0,0,0,1,1,0.345517203531345,0.661657039520863,-1.1981435057265,-0.408095199379113,-1.9461513786178,0.475633980100434,-0.329221966802935,-2.33353628655268,0.258845090304978
1,-0.670481168307531,0,1,1,0,0,0,0,0,0,0,0,-0.0342877984791052,0.192735244217293,0.427898155444355,1.02723063794082,1.78041129402701,0.849114857975449,-0.304983371451361,0.282979215514857,1.40070998255255
1,-0.0332695501001434,1,1,1,1,0,0,1,1,1,0,1,1.17012372792424,-0.166264795403743,-0.102146366117354,1.11671615259928,-1.95633020520529,0.280348764072079,1.89316680076017,-0.617681084744856,-1.0375740755947
0,-0.122786614212724,0,0,1,0,0,0,0,0,1,1,0,0.356953987190996,-0.424625609763332,-1.08714794868093,0.774896753597063,0.791368818612881,-0.29284924501982,0.310406320214411,0.795543113815643,0.784319191115469
0,0.648276107375904,0,0,1,1,0,1,0,1,0,0,1,0.233849263822305,0.846125866901264,-1.74035418473285,-0.478594176543666,1.15716779972848,0.423570138982036,-0.329138124600223,-0.903249779082998,-1.81430308979122
1,0.969151253864762,0,1,0,1,1,0,1,0,0,0,0,-0.285598616142273,0.42511798465708,0.40525722151616,-1.20145852808377,0.930785159409098,0.41728964701087,-0.867383413907344,0.318415779937125,1.85114753091731
1,1.52697092523991,0,1,0,0,0,0,1,0,1,1,0,-0.0621591009856571,2.55614957716571,-0.437280494878016,0.130803858348366,-0.222193531610346,-0.124895918957634,0.012102710859628,1.7798829194615,-0.0288324435558056
1,0.0427603780898012,1,0,1,0,1,0,0,0,0,1,0,-0.776216903053932,1.22122985148216,-1.81360612868043,-0.640519474782343,-0.590085752544295,-0.14505873800154,0.0886539286484249,-0.156588365111081,1.10953723523218
0,-0.592924130878093,1,0,0,0,0,1,1,0,0,1,0,0.158715685875746,-0.298876128357691,0.123878900714586,0.267792843289642,0.180752762118901,1.89292606542532,-0.148535786300255,-1.56800810556615,0.33886187976339
0,0.8963560224565,1,0,1,1,0,0,1,1,0,0,0,1.75359894682768,0.861611100687085,1.53970784564153,0.173551553581434,1.16833904653343,1.00258536351857,-1.59902931576771,0.755092168341138,0.249416395816274
1,0.927418785386497,1,0,1,1,1,1,0,1,0,1,0,-0.182219648036452,-1.60497925749254,0.581276275797883,1.51486830266747,-0.405182492644504,0.81454688197226,-0.212203666952016,-0.399919664381275,0.190685051053284
0,-0.483508704028777,1,1,0,1,1,0,1,1,1,1,0,-0.798230535454914,0.969243217977131,-0.577241448091597,0.399859453423784,1.60463362824755,0.849363120527139,0.315841873379662,-0.549303366087811,-0.026341029226287
0,-0.341919742870949,0,1,0,0,0,1,1,0,1,0,1,-0.641094836503196,0.378535400692199,-0.376684824929639,0.980055414956805,-1.62806953109098,0.507783371410667,1.21231282230591,1.05272491708439,0.371291549138826
0,-0.00763299782791728,0,1,1,0,1,1,0,1,0,1,0,-0.944254229355563,1.17367606422925,0.789827636607549,-0.277013253738703,0.379162349462689,-0.324916593556181,-1.68260604108341,-1.14630252766886,0.158277069795013
1,-1.07273571292937,0,1,1,0,0,0,0,0,1,1,0,0.327862639131235,0.0465486133360509,0.0101858641808744,-0.45278678644032,0.477029027507367,0.955943373694188,-0.573504352252722,-0.605779292929224,2.05503462147844
0,-1.1269321636638,1,1,1,0,0,0,0,0,0,0,0,-0.579085617791412,-1.33128905809661,1.11496049781223,0.0289368185284537,-0.331540980270068,-0.15613985776352,-1.42175516468071,-0.0679436750992317,-0.177498119441304
0,0.174992996303191,0,0,0,0,0,1,0,0,1,0,0,-0.154540320503707,0.0322408840592786,-0.78637877414414,-0.778223378152138,0.110336980770049,-1.48122293430684,0.367518887237605,1.2830614081408,1.41085735038438
1,-0.117163118907411,0,1,0,0,0,0,1,1,0,0,0,0.437533416375462,2.78213694758497,0.0732008741605856,-0.168357085959783,0.447604939238994,0.271087351911814,0.42665249809174,0.227955797453119,0.912407302286401
0,-0.632950500450521,1,1,1,1,0,0,1,0,1,0,1,-2.51922795576344,0.440323550637115,0.468629831865366,-0.861836777365962,-0.659258975716555,0.570716067907436,0.842525991829846,-0.328694597361905,-1.05776699912393
1,1.13234130333357,1,1,1,1,1,1,1,1,1,0,1,-0.00492882925427605,0.315511217891869,-1.82480404513419,-0.71522666698587,1.34809016102137,2.03734608888505,0.372970924056672,-0.396835483113619,1.35879866368468
1,0.060503088977502,0,1,0,1,0,0,0,1,1,1,0,0.0441838545770929,-0.389547061229399,1.90504168676913,1.83783026450351,0.773425863287286,-0.157416153612464,0.78243530590587,1.1231181576317,1.81341461508498
0,0.465619517826783,0,0,1,1,0,0,0,1,0,1,0,1.14261227582683,0.931652718313506,1.08757474381762,1.4452516721302,1.80025941056865,-2.23441054880832,0.531924607225558,-0.412648559329127,-0.72030384078885
1,1.1461309768635,0,1,1,0,1,0,0,0,0,1,1,-1.05265236762162,0.139323264538457,-1.35282192683322,0.204220494015046,-0.759809117369229,-1.79134465787656,0.253395595485699,0.979679362339509,-0.865227284332657
0,1.37530194781327,1,0,0,1,0,1,1,0,0,1,1,-0.922580027443937,0.271488773443107,0.267468516639003,0.0423548885815731,-0.12713145505421,1.83289656448982,0.516711384127176,0.550775367390483,0.483653486967385
0,0.507936587435424,0,0,0,1,1,0,1,0,0,1,0,1.38366231008427,-0.749421488371759,0.954371763825569,0.450999181715697,0.247270239336499,0.363187975932416,-1.24720869358507,0.0963726852566507,1.08623490972691
1,0.713897794853801,1,0,0,1,1,1,0,1,1,0,0,0.876947369572486,-0.0713136308997092,-1.19280865063079,0.466547067513249,-0.112935804380972,-0.204270869808521,0.466885663103254,0.427669540905716,0.503551967284679
1,0.487517757347985,0,0,0,1,1,0,1,0,1,1,0,0.899052322592172,-0.263010504135282,-0.0392849213739722,0.083971926723244,-0.0845391241027805,0.211744818371282,0.991064043073827,-1.25948239496626,1.7014379803188
0,-0.6585913566547,1,0,0,1,0,0,0,0,0,1,1,0.980116342881753,-0.492513088717096,-0.451711566827175,0.11908542016833,2.39880206726615,0.980699410266874,-1.07873413392085,-1.48406846170803,-0.74431515411636
0,-0.746790129610677,1,0,0,1,0,1,0,1,1,0,0,-1.43016943591566,0.155842809486178,-0.288912885369404,1.26162401148263,0.419833802860673,-0.420627249488278,-0.952539799302609,-0.870083172788951,0.266292534531322
0,-0.815159333126202,1,1,0,1,1,1,0,1,1,1,1,1.0589443073101,1.47479831550638,-0.143715653744764,-1.66174602951631,-0.220766429878051,-1.78896364348482,-1.56517764829667,-0.701230101399935,0.978719148192682
0,0.708886832653272,1,1,1,1,0,0,1,0,1,0,0,0.301320384812168,-0.461696678660961,-0.0914532731741203,1.13728766789426,0.0349206325458047,2.97522976740998,0.104939869954805,-0.883467462869188,0.26759471634414
1,-0.444529557624644,0,1,1,0,1,0,0,0,0,0,1,0.38629281003041,-1.89363867626333,0.643097410443565,-0.107112490584153,-1.23920468255454,1.41711257194554,1.04832189787698,-0.0373458683164466,0.0185685660094865
0,-0.571145692221748,0,1,1,1,1,1,1,0,0,1,1,0.653033178650686,-0.0106478842623267,-0.763647278012143,-1.02223993179179,-0.435677921085747,-0.477459304005654,-0.67157281543294,-0.428492589205506,-0.0595624516764144
0,-0.496194987503648,0,0,1,1,1,0,1,0,1,0,1,0.781165190354796,1.1999948756714,-0.49894256724922,0.655629000276041,-0.5750773299884,-0.31944080177818,-0.682244021559381,-0.4113544975128,-0.539382791155505
1,-2.02628379276138,0,0,1,0,1,0,0,0,1,0,1,-1.91296766662517,-0.278864490132245,1.64960913808969,1.09850112592587,-0.885401199155668,0.168576323650713,-0.438096460126914,-0.095827268412296,-0.452757651832127
0,0.7414356364834,0,0,1,1,1,0,1,1,1,0,1,0.762238566514304,-1.04067917962122,-1.64725610650424,1.21372289460372,-0.169184290834725,-0.428057492519645,1.14013465863415,-1.26177981125858,1.23603590732393
0,0.0917551171950352,1,1,1,0,1,1,1,1,0,1,0,1.39446584064564,0.489118540491206,-1.65290504834575,-0.908401253517633,-0.150550043759022,0.0878690115369434,1.67703470973272,1.3870673603448,-0.283149094093703
1,-0.645210180757374,1,0,1,0,0,0,0,0,0,1,0,0.400533546430528,-0.975872560866466,-0.0881609179978456,-0.780822851796017,0.1886705679457,-0.0239020566996217,0.40703051972598,-0.385890596548913,1.67052710448004
0,-0.461741833895576,0,1,1,1,1,1,0,1,1,0,1,-0.24003997282835,1.43892065101992,-0.435908204254299,1.14685751994706,0.60991765405941,-0.829380696703546,0.0496149190648744,-0.240920231689435,-0.439647673873577
0,-1.52648287123008,1,0,1,1,1,0,1,1,0,0,1,-1.54064207860149,0.779999456315209,-0.255070537784322,-0.253779985235359,-2.0949434949515,-0.599468604913442,-1.53422921770835,0.564124073603215,0.215608283789949
0,0.739807315565369,1,0,1,1,0,0,1,0,0,0,1,0.28239657512927,0.378090189669556,-0.697622048068029,-2.15064787944525,-0.777337580930682,2.13382568652403,-0.30179182353411,-1.53510400117141,0.948303974019916
0,-0.0278885240471898,1,1,1,0,1,1,0,0,1,0,1,-0.343873209635344,0.854983812580553,-1.10486635222382,-0.476408055896911,-0.650045365324311,0.464690787955725,0.0996807913063069,-0.423463129107799,0.30975829343337
0,1.21924377770716,1,1,1,0,1,1,0,1,0,1,1,1.71638725054429,0.567380453992253,-0.185169477522549,-0.518445689546315,1.82466902912464,-0.0833874791324335,0.354594041513329,-0.309300065290256,1.27887349959746
0,-1.04864071074755,1,0,0,0,0,0,0,0,0,1,1,-1.19335247315999,1.03253238771762,0.435280212310423,-0.387778368610232,0.147913911251007,0.155936905275998,-1.36545890880703,-0.897016148036046,0.441921186762282
0,0.0317235282429595,1,0,1,0,1,0,1,1,0,1,1,0.968176948111364,0.201133866340497,-0.535593234629498,1.78779980077527,1.36309340761356,-0.0666592800506763,-1.36201001836932,0.00930923860465318,0.408650148646348
1,-1.57056078335395,0,1,1,1,1,0,1,1,0,0,0,-0.174240631471349,-0.917569682618305,1.13928506899629,2.1720110507343,1.53991242453713,0.879051363078695,1.45912013791658,-0.167989292851812,-0.0922083689017848
1,1.34995637121209,1,0,0,1,0,0,0,0,0,1,1,0.527591679459817,1.32604400807851,1.42296530008815,-1.14861281157158,0.420540089899323,-0.896457191154399,0.116581084145302,-0.189135113897942,0.915131597225115
0,-1.44606384898351,1,0,0,1,0,1,0,1,0,1,1,-0.525937071640861,-0.0802765721831467,-1.77258453946704,-0.402591496290809,0.752216564813038,-0.432617752561264,-1.41929671893421,0.847545314761722,-0.645868074937761
1,-0.110894573673504,0,1,0,0,1,1,0,1,0,0,1,0.257526257401694,-0.0772886083143025,-0.315444616808669,-1.03327355323856,-1.70261661605317,0.84875018880881,-0.564729510665959,1.15157682114873,-0.800175444246792
1,0.415543706894852,1,0,0,0,0,1,0,0,0,0,0,0.189738188969134,0.30948117049802,-0.104278915932888,-0.424495542748399,1.430961808583,-0.144426433370423,-1.52947679589528,-0.337056926422184,0.261040372118082
0,-1.19841168303395,1,1,0,1,1,1,0,1,0,0,1,0.551369844701282,0.881219986674335,-0.369169444137876,0.137170262688497,0.760840325244951,0.604718109311332,-1.02269397537469,-0.585287998645594,-0.711066277245605
0,0.567249020839376,1,1,1,1,0,0,1,0,1,0,0,0.648301277419071,-1.11201346570547,0.291486940252635,0.855558633530679,-1.19338863871686,-1.05927335570335,-0.797482850681737,1.61290326167275,2.31334810477389
1,-0.706061708200464,0,1,0,0,1,0,0,1,0,0,1,-1.64062260028618,-0.334381986622346,-1.51688804780552,-1.08094900935762,-1.8715089286148,0.421060756190268,-1.56253994469341,-0.112947719386508,-0.224024633419355
1,-1.24168114760626,0,1,1,1,1,0,1,1,1,1,1,2.07890891377548,0.928202813822041,0.717103779105332,1.47555632711672,1.82407965305337,-0.551952573558801,0.485018640568152,-1.91379702075833,0.0324362928833281
0,0.445623060685132,1,0,1,0,1,0,1,0,0,0,1,-2.81541748306586,-1.10481724299088,-0.481510287840649,0.107039170203674,0.135386494672849,0.84334374259201,0.0796830328221875,-0.179027083465979,-1.01953105967453
0,-1.05600528865745,0,0,0,0,0,0,1,1,0,1,0,-0.581554371743292,0.455768875553701,0.228382337852093,0.328810248188265,-1.32836549830387,-0.198765161490573,0.154699312020462,0.0756387002814484,0.987777014344783
1,0.188395488635018,1,1,0,0,1,0,1,1,1,1,1,-0.465612284518582,2.05250948080475,1.90718202484591,-0.587508931534982,-1.06376725956339,0.607823533438018,-0.481217012668602,1.60382898109459,-0.937831387608607
1,1.84692848761006,1,1,1,1,0,1,1,0,0,1,1,-0.0702803556164439,-0.280651327539252,-1.46911458374439,1.19528812518482,-1.31715514036214,-1.42294760111007,-0.625175836412502,-1.1541532776428,-1.42583120378872
1,-1.12071916969121,1,0,1,0,1,1,0,1,0,1,1,0.253923414199441,-0.214695202730975,-1.28344137448637,0.727935962434843,0.212889062748198,0.223976526306121,-2.61257202608184,0.196383179392093,-0.549071771443932
0,-0.588436429105256,0,0,1,1,1,1,1,0,1,0,1,0.186773844008702,-0.185320727734879,0.32121604582972,0.719012483558363,-0.747424207603274,0.475371126676336,1.86062712744011,0.812059946725943,1.02335984951675
0,-1.24957164702926,1,0,0,1,0,0,0,0,1,0,0,0.969508937903447,0.0549650596062208,-0.56734209677155,-1.11618742861177,-0.222351028160395,-0.157624179311119,-1.59799563090123,-0.807706805689477,-1.32616820019354
1,-0.558446543131886,0,1,0,1,0,0,1,0,0,0,1,-1.37904565942574,-0.453321935377503,-0.692271569537024,0.381986502228751,-0.0887183811564906,0.30399389739559,0.672713118910492,1.52315573277324,0.458680228241642
1,1.2399923924158,1,0,1,0,1,1,0,1,0,1,1,1.53424119001371,-0.852716485260023,-0.699100163593158,0.177467742190333,-0.553739407760086,-0.313525785220693,-0.458487678553115,1.48795131566909,-1.50374631661558
1,-0.113219764133915,1,1,1,1,1,1,1,0,1,0,0,-1.09691142859691,0.376110857377999,-0.192071607747061,0.594917101062925,-0.795505789368998,0.366930803390367,2.21883743164685,-0.424606097525896,0.843060170320121
0,1.10155139925578,0,1,0,1,0,0,1,1,0,0,1,0.0160359292122145,-0.0835562976630322,0.0340936571799684,0.418571033433465,-0.147056295314477,0.440872083625777,1.54546078044567,-0.30669482791856,-0.385968087260492
1,1.55994450879262,0,1,1,0,0,1,0,1,1,1,1,-0.221881396930133,0.917545622305119,-0.922007639194131,0.35158028485287,-2.12054645339141,1.09322397470557,0.381016532399766,1.50547070046581,-0.885608650364481
0,-0.869841683032776,0,1,1,0,0,0,1,0,1,0,0,-0.918985023330796,-0.41368631317426,-0.247259631135921,-0.307845084335303,-1.77434243667404,-0.464285771190033,1.73538873866137,0.0119144978673197,-0.369312754873432
0,-0.0307478839967479,1,0,1,1,1,1,0,1,1,0,0,-1.62494986790756,0.543010542021246,1.34654847489166,-2.32719802252045,-0.151401769681864,-1.28817620597001,0.0896436168879684,-1.04117797343636,-0.816532262340957
0,0.653141913730126,0,0,0,0,1,0,1,1,0,0,0,0.242529517647841,-1.00962744519419,0.387625760851101,0.0896860437694151,0.0488890437273703,1.22143563687037,0.616060277605118,0.425128884327177,-1.58945634052203
0,0.273332391029939,0,0,0,1,1,1,1,1,0,0,0,1.88540593777709,1.06057791282208,2.18392386146089,-0.0772933760534152,-0.595679354493962,-0.884692093895122,-0.0899050736892674,2.16650112901839,-0.375386585956131
1,0.0538815106300469,1,0,1,0,0,1,1,1,0,0,0,-0.459111806558083,0.241464305811423,1.1067940016862,-0.903916811683988,0.916888456299118,-2.04301505768337,-0.919884664412101,0.0314811895610804,-1.05319874049642
0,1.09656055117372,1,1,1,0,1,1,0,0,0,1,0,0.201669574465505,-0.874008817981121,0.915952521339649,0.220891569019379,-1.63061170387823,0.723136757498899,-1.18979532336231,-0.145977788964711,-1.50453111615153
0,-0.516363821243233,1,0,0,1,1,0,0,1,0,0,0,-0.813017229955472,-0.00382250945769153,0.388881161172893,1.72608100137454,1.42887762296227,-0.319350399525393,-2.37323677595864,0.471542409847157,0.392575292586671
0,-1.26766607880696,0,1,1,1,1,0,0,0,1,0,0,0.622347046705867,-0.434572886017351,1.06079153587857,0.233512414671181,0.155662200213523,0.262044931909434,0.728000860845131,-0.870394930191799,0.275753644213137
0,0.708499240980681,1,0,1,0,0,1,1,0,0,0,1,0.0604020794892633,0.713374229051623,-1.62097260018353,0.127693850351708,0.356344735403582,-0.68640864870796,0.0481486562317714,0.195915771604037,-0.288770773188612
1,-0.0841176022840773,1,0,1,1,0,0,0,1,1,0,0,0.460679618216735,-0.381894549325467,-1.66358304541429,0.71503334739585,0.0285141302123864,0.558626735154756,0.868523239512816,0.21141027673089,0.386080972252732
0,1.59356549142162,1,0,1,1,0,0,0,0,1,1,1,-1.37930953353875,0.666429982484317,-0.0499429153070805,0.783879031193685,0.0307636130749698,-0.561914781448009,0.318003481380854,-0.410416508185748,0.208560774417997
1,-0.463366816793994,1,0,1,1,1,1,1,0,1,0,0,0.967523830695869,0.32104941015293,1.43926485026937,-0.706396017330533,-0.609103055779309,0.294212378898156,-1.12010861885402,-0.964037051338722,-0.276506066665275
0,-1.77667551323311,0,1,0,0,1,1,1,1,1,1,1,-0.726620465258402,0.0392370026449857,-1.5991902903506,2.00040904512154,0.0152764021840583,-0.16375649436214,0.85289482484396,-0.344540614502656,-2.11712213303787
1,1.29638365437144,1,0,0,1,1,1,0,1,0,1,0,1.96541351570089,-0.0875037723925563,-0.812596452806357,-0.779281677983296,0.640335870701539,1.27449624626682,0.23328555050854,-0.300943740299047,0.143594301398588
1,-2.04840600115514,1,1,0,0,0,1,0,1,1,0,0,-0.0748606643675897,0.523758462163305,-0.457436861917849,0.555748306385902,-0.0276920153226662,1.27265995196776,-1.55042014502357,-2.39715504408241,-0.198484073114915
0,0.0218974216914812,0,1,1,1,0,0,1,1,0,1,1,1.47914343158502,0.0730913594019945,-0.337773302584022,-0.715814844966707,-0.0473162483557736,-0.864836895548286,-1.09597900365474,0.547156261995924,0.811651091518763
0,-0.74178969308994,0,0,1,1,0,0,0,1,0,0,0,-0.467981982321789,1.60344316315119,-0.359089016944806,-0.442727000657587,-0.247218912150202,-0.290199450513852,-0.383884308314459,0.153001287792702,2.28246053076795
1,1.5163306133929,1,0,0,0,1,0,0,0,0,1,1,0.0546833192045127,0.0237348932701735,0.289022139943977,1.13239705542106,0.82262241246658,0.287174457291097,0.0380325537342337,0.296508470006799,-0.481955796686978
0,-0.936680416037705,0,1,1,0,0,1,1,0,1,1,1,-0.389899833007639,1.7079898006764,0.237479384575455,1.16940043629261,2.3040517775658,0.277146207157449,1.25465163581269,0.168991541388062,-0.559805370578057
1,0.12667606866511,0,0,0,0,0,1,0,0,0,0,1,-1.92534470464364,-0.950010105380483,0.629916069021964,-0.261305426389511,-0.623395302575962,1.06853275183522,-0.346803024063317,0.243563884672877,-1.19855827851309
1,-0.0762292670967118,1,0,0,1,0,1,0,0,0,1,0,-1.79825602602564,0.699253718105653,0.647706310592853,0.444413302514704,0.658009745510117,9.41414580747841e-05,0.77104638837488,-0.274025236392582,-1.27228595674541
0,-1.13978607442403,0,1,1,0,1,0,0,1,0,1,1,-0.990707572824045,0.556838413797667,-2.49066794264115,-0.547209709816769,-0.142852507681017,0.689460620351133,1.25987558482267,-0.294963009998471,-0.834116179816984
1,-1.38321696690127,0,1,1,1,1,0,1,0,0,1,1,0.626501936880092,-1.051160271237,0.0907714250204198,-0.751351441907849,-1.17747632327092,0.42479253433597,-0.654196469543942,-2.37041900581362,0.235363165586941
0,0.193959354486099,1,1,0,0,0,0,1,1,1,1,1,-1.48146087787065,-0.207555307935197,0.491293103564682,0.445865285129114,-1.31973266385983,1.01519871840351,-1.44124727093869,2.52223994197492,0.620722219241623
1,-0.980149801341249,1,0,0,1,1,0,1,0,1,1,1,0.112418624856948,0.541042044848943,-1.10807221211294,-0.585770257971514,-1.10191994494392,1.00104682570777,-0.816712982872062,0.556948389366278,-2.62440105686317
0,0.361625987360235,0,1,0,1,1,0,0,0,0,0,0,-0.708254913188196,0.451677421812328,-1.65198737931635,0.839837926141161,-0.427516418284857,-0.69883928084095,0.767165191774836,0.635417598425848,0.69924312959234
0,-1.78028773832095,1,1,1,0,1,0,1,1,0,0,1,-1.34486506336735,0.284016712440849,0.315649974976277,-1.59256350231447,-1.30581077583828,-1.18917348920801,0.633182412992604,0.994580384444461,0.329810565397119
1,-2.13847460445752,1,1,0,0,1,1,0,1,1,1,1,0.338502859548204,-1.03665910464752,0.609394598455243,-0.106725813994016,1.3753582463509,0.148362120527449,-0.176542404925793,0.288596077366245,-0.0790239930645596
0,-1.37765108643591,0,1,0,0,1,1,0,1,0,0,1,-1.67326298942597,0.125116766695178,-1.9773736897245,-0.473120401657954,-0.13043517150638,-0.55178218990185,0.589938673304473,0.6167792238307,0.253542936392794
0,-0.249804560322441,0,0,1,1,0,0,0,1,0,0,1,-0.979316694224585,-0.447697613599906,-0.277956975385456,-0.218810019296384,-0.139768181257768,-1.51648557421578,0.229033630539781,-0.541442561994693,-0.373678379477109
1,0.74329296058035,0,1,0,0,1,1,1,1,0,1,1,-2.0448111021321,-0.146254213313389,-0.225407941039935,-1.52732874441922,0.749787217091441,0.688168505862695,1.39176994273708,0.16277314008702,0.552931700326258
1,1.42527746592319,0,0,0,0,0,1,0,1,0,1,0,-0.24631758046307,1.49631514277398,0.679042832149374,-0.144961406218003,-0.595499833537187,-0.00138137658701458,0.930484877553369,0.565748949433741,1.7380620173858
0,0.94843752423,1,0,0,1,1,0,1,1,1,0,0,-0.116694764663478,0.079493491721698,0.724794003977722,-0.504235906057002,0.750832536157284,1.05370428626503,-0.232445436697578,-0.230592739473949,2.21673512784914
0,1.42979148419394,0,0,1,1,0,0,1,1,1,1,1,-0.0913824883770105,0.586310453064535,0.391000182185849,-0.647394897428867,1.36986543698414,-0.382680464522564,-0.683688626946136,0.979073054961007,1.27182169490737
1,-0.637614117683248,0,1,0,1,0,0,1,0,1,1,0,-0.981655365861588,-0.0514713802513825,1.1261928242148,0.0824676970322878,0.680659775373281,1.81582794382067,-0.0488032137919083,-2.2132531881655,-0.388613953407024
1,0.143805981233985,1,1,1,1,0,0,0,0,1,1,0,-0.520432780881235,-0.286082956729569,-1.09447328978016,-0.347167357215391,-1.380965310265,0.667462139436038,-0.135667548648441,-0.0227420557181556,0.132934652527578
0,1.88970754220828,1,0,1,0,1,1,1,1,0,1,0,-0.682853558084896,-0.587564630750292,-0.729583770195116,-0.691566157500796,-0.498818630384814,-0.833722179348634,-0.441616357319529,0.731813093866819,1.49479244723416
0,1.36130744159424,1,1,0,1,1,0,1,1,0,1,1,2.1470970500045,-0.204074635377233,-0.294784288524097,-0.246440012265177,2.07784269803544,-0.475539973041064,-1.62854263863468,1.19027604800263,0.668680432620879
1,0.42130736799948,0,0,1,0,0,0,1,1,0,0,1,0.12241117733292,-1.17225571461585,1.20203995937822,-0.668540387310168,-0.203507571862333,-0.371327795286489,-1.26720297137425,0.425482154737801,-0.573615146783034
1,-1.94258682531626,1,1,1,0,1,1,0,0,1,0,1,-0.0632122066088209,-1.12778021469371,0.721736098165568,-1.34412998169794,-0.873415593202394,0.481422325598577,0.318303770643852,-1.24926327432598,0.104722723982447
0,-1.13423849055583,0,1,0,0,1,1,0,1,1,1,1,0.469801681011214,-0.501401968712919,-0.741395571140052,-1.29236043053878,-0.306609070306932,1.35322172778174,-0.463195622862147,1.16687620328015,-0.337177236444984
1,0.765815953140237,1,0,0,1,1,1,1,1,0,0,0,-1.00009467044388,-1.82516004694519,0.581123868050304,0.489082408524591,-0.461260910305296,0.462813917677005,-0.522148774027417,0.391771916539443,-1.99751609271115
1,-1.4122225833551,1,0,1,0,1,1,1,0,1,1,0,0.331120941801392,0.969370226157744,-1.27160400868585,-0.963705581821298,-1.55868775156633,0.395459112732583,0.301279121073226,0.52956495518031,0.966743946831588
0,0.589440075802701,1,0,0,1,1,0,0,0,1,1,0,0.823328636927976,-2.23110737044542,0.969853400247498,0.42359288038186,-0.789050016333817,0.542639030717664,0.628175369610763,-0.217925799724318,1.26871034637202
0,1.00989093120243,1,1,1,1,1,0,1,0,0,1,1,1.00153248513183,-0.585626268244598,1.18840394049813,-0.76593282529373,-0.0164689921266602,-0.208162653960355,0.10791604447187,-0.443026601712001,-1.87001684661663
1,-0.174468277782967,1,0,1,0,1,0,1,1,0,1,1,-0.580807116942682,0.333878038533313,-0.552125452500036,0.582707917454686,2.20066747724573,-1.05951540175727,-1.23280668098599,1.81078457581467,0.435278364854009
0,0.0302421238483853,1,0,0,1,0,1,1,0,1,1,1,-1.43701040585936,0.818647031892753,0.335278741063575,-1.31903007766455,-0.869530449379505,-0.455751546893123,1.11923229766768,0.152987348290149,-0.649095642056971
0,0.53332527136429,1,1,0,1,0,1,1,1,1,1,0,0.740466673624063,-0.270460799458954,-0.51138710143865,1.16089887878441,0.758748042472079,0.29576748801571,-1.21081341505556,0.717751652306079,-0.0507607319685343
0,1.52503608878811,0,0,0,0,1,0,0,1,0,1,1,-0.109090839436207,-0.5294413572926,0.17184580867585,0.434149779872065,-0.441426063440285,-2.00500612568884,1.16829601035183,0.323690108744044,-0.516152963166357
1,0.302709988742052,0,0,0,1,1,0,0,1,1,0,1,0.268936823943485,1.62740971962675,-1.80499034531756,0.674120887291226,-0.0696899764185329,0.525126423856299,-0.389213379060572,-0.813565483363596,-0.365872290252289
0,-1.34930376610691,0,1,0,1,1,1,0,1,0,0,0,-0.746547697655694,0.675376547437482,0.624052630164275,0.827911875724825,0.863802695797522,-0.232245423560437,0.640326576751484,0.679704400659324,2.09885780121629
0,-0.892392553054173,0,1,0,0,1,0,1,0,1,0,0,1.1143871674622,1.51632469818293,-0.274002580372247,-0.753968013494427,0.969616508558671,-0.352642383203118,0.347975357356452,0.866122427758524,1.60150621639808
0,-0.550108897281102,0,0,1,0,1,0,1,1,0,0,0,-1.27543216426228,0.991862126158049,0.48053828305304,1.21878321005608,0.774231024538795,-0.743633176833802,-0.863194902563301,1.27502772548994,-0.229172270539295
1,1.99801567501959,1,0,1,0,0,1,1,0,1,1,1,-0.0508405751230354,-0.45584278593726,0.820614577727752,0.585075571754908,2.45111490255293,0.0579322567811933,1.01043586018046,0.266050693240745,0.928676882352919
1,1.50155487745247,1,1,0,0,1,0,0,0,0,0,0,1.76572739901319,-0.862840350505715,0.52374079046604,-0.529558694484195,-0.121342226249317,-2.08303884085582,-0.206590636191593,0.683474706420613,0.237790778728516
0,0.165567258974006,0,0,1,1,1,1,1,0,0,1,1,0.881486803296522,0.386708087507928,0.588951139210915,-1.51354990651184,0.767705618314166,-0.664437680325813,0.35898504060429,0.0837985586179956,-0.73506623494939
1,-0.849622410464471,0,1,1,1,0,1,0,1,0,1,1,-1.20678078242528,-1.44477340759205,0.252265243745519,-0.984043759150658,1.70083558076862,0.557226069877865,0.542195513808188,-0.0228791587550681,-0.75410107382074
0,-0.120070588045449,1,1,1,1,1,0,0,0,1,1,1,2.10570754575624,0.848079388480729,0.207026789552136,0.82454659712598,-0.349039311727573,1.10978751246126,1.88789140510917,1.07832763719178,-0.291299823808796
0,-0.285715954670397,1,0,0,1,1,1,0,0,1,0,0,-1.11751942453925,-2.1442963326851,-0.630643361510385,0.865443322740902,1.07032159281127,-1.44569497816664,0.992631068768674,-0.971935550204331,1.08645316495235
0,-1.0201201324756,0,1,1,1,0,1,1,1,1,0,1,-0.728955465408023,-2.14313204671279,0.864701493050889,-0.560849763165018,-1.20000198956069,-0.0777677250117645,0.829883920441144,0.044248204619912,0.88943128982745
0,-0.566143680249469,0,0,0,1,1,1,0,0,0,0,0,-0.836413208994945,-0.108348506971926,-0.30125845314006,0.573981253712381,0.810944360863358,0.459808978354359,-0.623228749922197,-0.545201899944752,-0.930163559941698
0,0.214083037599012,1,1,1,1,0,1,1,0,1,1,0,-1.13587013893467,1.05921378303641,-0.414355772250602,0.559077827008343,1.55270350822634,-2.26435852667593,-1.19554807664233,-1.44469119213457,0.917668260314955
1,2.04867916641176,0,1,0,0,0,0,1,0,0,1,0,2.11692401147371,-0.893978692783272,-0.427598170893798,0.282443536169221,0.972080755068428,0.87717039447571,-0.220328142688796,-0.160294603026638,1.35503631786459
0,-1.01647991797562,0,0,0,0,1,0,1,0,1,0,0,1.17286327602339,0.241478982007233,-1.07251288672892,0.560735512492928,-0.882841253032801,0.927694210321464,0.043765208524094,0.384418022490367,0.659249279411657
0,1.1468868418623,0,1,1,1,1,0,0,0,1,1,0,-0.293312127436839,-0.322995505055827,0.378768645687225,0.339372238078112,-0.0721455356644891,-0.829887234565073,-0.405848628233746,1.14354422742197,-0.928044234910755
0,0.15028155035891,0,0,1,1,1,1,1,1,1,1,0,-0.492555282508939,0.355056452042689,-2.59386301651682,0.103315126970262,-0.182990426094648,-1.1341625837242,-1.85714439637132,-0.0827889943741148,0.185351075770314
1,0.239951019230099,0,1,1,0,0,0,1,1,0,0,0,1.51096140427593,0.246059338035356,-0.362464129351254,-0.639630825446853,-0.33287856294394,-2.12709826045755,-1.17403212234536,-0.00691421022389558,-0.925243700527972
1,-0.404793566709295,0,0,1,0,0,0,1,0,0,1,1,2.06700957838597,-0.625588022649208,0.421925849850791,-0.530151253539177,-0.677169609742522,-0.623611351366097,1.44708027628883,-2.89079024724697,0.335367664818217
0,-0.181948326470746,0,0,0,1,1,0,0,0,0,1,0,1.61852258048635,1.39485163148856,-1.85350740152804,-2.18991146219243,0.855772807041682,0.937864300120749,0.277689161382734,-0.24051366346151,-0.631355889091884
1,0.83506829567223,0,1,1,1,1,0,0,0,0,1,1,0.108347606492372,1.02658964724364,0.221570332483959,0.851127067485186,0.10788423866265,-0.277922594657048,-2.01504207685841,1.55249832881123,0.571674819004079
0,-0.264781980237445,0,0,0,0,0,0,0,0,0,1,1,-0.464657412883549,-1.58075434626742,-0.429570532312431,-1.44290186932848,-1.3502857959522,-1.17144785055348,0.084813139811532,-0.688236295565173,1.03322081080181
0,0.752201020195242,0,0,1,0,0,1,0,1,0,0,0,-0.487297973459705,-2.41631373311119,0.193831538402637,0.897965299356109,1.46043196116266,1.52646159691866,1.91554163648822,0.787638614564274,-0.152256298396902
1,0.487902932504123,1,1,1,0,1,0,1,0,0,1,0,-0.427780113863955,0.856218649523003,-0.476756176112996,-1.10071821624526,0.332098576195645,-0.336064297344573,-1.47249810819156,-0.909420529374328,0.11336903581032
0,0.180400750605916,1,1,1,0,1,1,1,0,1,1,1,-0.851288174289851,-0.831115312950416,0.29255120057311,1.2911021651691,0.67406876557613,0.575160398558809,-0.382776331026958,0.557141337064991,0.582633720117264
0,0.781689065070075,0,1,0,0,0,1,0,1,1,0,1,-1.61796220026968,0.331928362259761,1.06974276292086,1.31273698723262,0.781844292688183,-3.62291966918629,0.829817550077755,-0.258474774982814,1.06168978535123
1,-0.307406102504507,0,1,1,1,1,0,0,1,1,0,0,0.150948877983563,1.15606731725344,-0.128192234950551,-0.0532918251900252,-1.48141974695421,0.1673372120556,-1.30081997738299,0.814228252519441,0.328365681600253
0,-0.149193098731355,0,0,0,1,1,0,0,1,0,1,1,0.409458982839498,-0.506967498841597,0.379727512365176,0.288468272706009,-0.473197521917991,-0.335132542844312,-0.609154644985376,1.91668520123096,-0.168156678237529
1,0.250326436574045,0,1,1,1,1,1,0,1,1,0,0,0.589945459286013,-1.65521362868392,0.177534532956665,-1.45960134739914,0.844618307489099,-0.389331436587059,0.0391783413194822,-2.39248329528355,0.195057890991272
1,-1.40745705175662,1,1,1,1,1,1,1,0,1,0,1,-1.94272395139712,-1.18993560917484,-0.372554815800786,0.901490327374959,-0.293162960026238,-1.80254518082708,-1.05581243168393,-1.18310954990072,-0.836058199101215
0,-0.180017852563546,0,0,0,1,0,0,1,1,1,0,0,-0.512929004897043,-0.759542833415154,0.113021144960543,-0.0306851355581859,1.560106538037,-2.10222687387435,1.70367380873466,1.32761222405962,-0.252212190614556
0,-0.358119849919558,0,0,0,1,1,0,0,1,0,0,0,-0.400716986610812,-1.31987585179568,0.993931587697683,-0.971835375434515,-1.17236573983316,-0.473678150673858,-2.09817660241522,0.965109525625609,-0.074561552114216
1,-0.557904437661976,0,0,0,0,0,1,0,1,1,0,0,0.066327627820905,-2.4546487787461,-0.961304742130611,-0.622745193685415,-0.539889040255365,-1.16908702383446,0.326179213614979,-1.1127238419895,1.13389228813373
0,-0.199168034970249,0,1,0,1,0,1,0,0,0,1,1,1.72730952982521,-0.339393183283483,0.413961163306794,-1.24839736871987,-0.872207404923001,-1.39774579464392,0.122342683306221,0.781686559953705,0.912980793068863
0,0.973018987202192,0,1,0,1,0,1,0,0,1,0,1,1.10136741064955,-0.47786091938939,-0.173973954962426,0.472400879495995,0.625314044460742,0.970372287211891,0.59491103380015,1.37891263612821,2.49977370189669
1,-0.327592583937745,0,0,1,0,0,0,0,0,0,1,0,0.647233702100012,1.25647142532592,-0.0584470515615006,-0.415616288913891,-2.08555689369418,-0.123406693029716,0.0497210257860353,0.0555216438899797,-0.072427157255427
0,-0.821274265508056,1,1,1,1,1,0,0,0,1,0,1,0.282800921495085,-0.496347434027217,1.7506817554035,-0.386471933518016,0.878264757156454,-0.0319345560307983,-0.635056495572247,-0.358112978229801,0.169778345955431
0,0.393000780772361,1,1,0,0,1,1,1,1,1,0,1,-1.01124630829373,0.274393195500541,-1.02114977587162,0.281850491108721,-2.1286165432679,-0.164393250019613,1.1254474927623,-0.494218386200522,-1.39264848589107
0,0.373175450802686,0,0,0,0,1,0,1,0,0,1,1,0.682462648927735,-0.780105976726357,1.64842392990013,0.559956961689377,-1.63123003712516,-1.92161341530982,0.454714027346029,-0.528634433193525,-0.599250402936947
1,-0.0700947974956663,0,0,0,0,1,0,0,1,0,0,1,-0.507786910564731,0.0021375383115924,-0.770734969374596,1.90688339080835,0.392874741226256,-0.476522209023153,0.0545619610368597,-1.93825245280546,1.93610957717795
0,0.938861799572124,1,1,1,1,0,1,1,1,0,1,1,-1.53462054042695,0.448594145638105,0.0936547887492747,-1.40420409430937,-0.762528279516843,0.211956458377081,-1.55588511034817,-0.557791292175711,1.7012002250413
0,0.681204846258656,1,0,1,1,1,0,0,0,1,0,1,-0.44324198159654,-1.54999847138717,1.28577987101186,0.464057718014945,-0.0309725412028068,-0.592707181844928,-0.661875038443884,-0.284782702536333,-0.282427400223542
1,0.0878139327759244,1,1,1,1,0,0,0,1,0,0,0,1.62229386145492,0.80392116787543,1.34384281482328,0.0233554710853071,0.064308618716402,0.172528690736274,-1.23209456627166,0.644246718322932,1.27340219058028
1,-2.38461943039322,1,1,1,0,1,1,1,1,0,1,0,0.398789181284839,-1.20988815271456,-2.29124044510067,0.156758628670463,-1.11762675612497,0.411969994175784,0.153552943834085,0.375479449025776,-1.62831828470272
0,-1.13853303531711,0,0,0,0,1,0,0,0,0,1,1,0.0923326144836018,1.37938415047361,1.83496656732296,-0.441299478859714,1.40001086337984,-0.803967174787238,2.737356846834,-0.726462578506299,0.428309185273601
1,0.955495371564315,0,1,0,0,0,1,1,1,1,1,0,-0.552024381382556,0.319690546872961,1.75187793453171,-0.99495354363463,-0.981505348243203,-1.30324665865033,-0.325497029644574,-0.409671825094837,1.59563075083799
1,-0.561285828509761,1,1,1,0,1,1,0,0,0,0,1,0.540486495380401,-1.30546266258033,-0.830252440110681,0.0787131281035579,-0.655177459896871,0.34617974844301,1.30948349685904,-0.0680455797102556,-0.523545525744086
1,0.176054268456931,1,1,0,1,1,1,1,1,0,1,1,0.397784294039847,-0.103054576905681,-0.734718854173865,0.320853190632954,-0.0347514903762724,-0.587045092044627,0.0280020627097147,-2.56058155122047,-0.847561322376914
0,-0.587662739405544,0,0,0,0,0,1,1,1,0,0,0,1.66711955354002,0.456829883568382,-0.720591568737166,-0.761932222770599,0.93072162746072,0.287948231828855,-0.911581696646823,0.83692497626546,0.126202929140528
1,0.00352161182274679,0,0,1,0,1,0,1,1,1,0,0,0.566396200496071,1.56547434825448,-2.05103424663407,-1.02395266554235,0.525666271503471,-0.611820046151538,-0.668368631972402,1.01043589852641,0.183784067102856
1,0.688003413331951,1,1,1,0,0,1,1,1,0,1,1,-0.0699460735028099,-0.135610274766474,-1.52655772097999,-0.311997993422895,0.120987723128396,0.928054902797166,0.857223878819902,0.416443966843146,-0.52584806314156
0,0.0431196434189704,0,0,1,0,1,1,0,1,1,1,0,-0.147911301371143,-0.340279223386755,-0.272162169759991,-0.554371048426167,0.0123653913146599,0.439648890390775,-0.307984110881021,-0.938994875162365,0.80827235605167
0,-0.166993243490435,1,1,0,1,1,1,0,0,0,1,1,-1.00457717709098,0.452227548781871,-0.0258535271749321,1.10795423699689,-0.146857384837973,-0.145667498836819,-0.605623255115853,1.97342178121938,-0.342820901485103
1,0.395181392178045,0,0,1,1,1,1,1,1,0,1,0,0.75050394481504,1.67262855409159,-1.17944519157359,-0.733102211819004,2.8921503789652,1.12066882708872,-0.162136358511058,-0.564306956818302,0.52606359883655
0,0.735419935615805,0,1,1,0,0,0,0,1,0,0,1,-1.89558334194277,-0.422810574110706,1.36153791286361,-0.309663778013217,0.0456127256386234,-1.89876809424166,-0.63048985186539,0.950009045537412,-1.28485581571857
0,0.158995076663251,1,1,0,1,1,1,1,0,0,1,1,0.344919445787482,0.774148214419582,-0.286906326284968,-0.705397453949523,-1.63275866396243,-0.834147130011497,0.332691219917606,0.807468900425797,0.741756967236387
0,-1.72742836847738,1,1,1,0,1,0,0,1,0,0,1,-0.698995677842765,1.82990972341791,1.10517571811383,-0.463341217625208,-0.212829723521756,0.351462361663594,-0.00943880233565815,-2.21174934363785,0.212930383330044
1,1.08431022237157,1,0,0,1,0,1,1,1,1,0,0,-0.330350871091125,-1.51575437615087,-0.00925748004234737,0.456403466963309,-0.013011974433198,-0.653336808918941,0.475421357032868,-0.39125421026567,1.79439210980685
1,0.159418875798389,0,1,1,1,1,0,1,0,1,0,0,1.23495166931089,0.0321665276548465,-0.46022244592551,-1.06702542927764,-1.83343621228108,-0.423126216319828,0.537069628230174,-0.546333198481442,-0.703959551810748
0,-1.1828889273217,0,1,1,0,1,1,0,1,0,0,0,2.33530345468424,-1.481145584481,-0.705145215542701,0.756414945597967,-0.779241162077334,-0.653443264639186,0.937448480729513,0.207771701156325,0.226307865109943
0,0.134719099924363,1,1,0,0,0,1,0,0,1,1,1,0.323362730617044,0.197212420127964,-0.916887284077172,2.64575355092289,-0.485152908968375,1.59856295124609,0.498032152284921,-0.567032243495,0.389975606165416
0,1.17445265170103,0,1,1,1,1,1,0,0,0,1,1,-0.26568362405252,0.200601540470348,1.77064175960287,-0.430369843718523,-0.258133464775232,-0.310944845916446,0.761689233990062,-2.05643576199152,-1.26835605835394
1,-0.131808081029163,0,1,1,1,0,1,0,1,1,1,0,-0.105742657147694,-1.49955266961299,-0.572539258472008,0.500332815401109,-0.202704946903559,-0.887490472624533,0.853945564724331,-1.24417756900952,3.04940119256747
0,-0.467360119588871,0,0,0,1,0,0,0,0,0,0,1,0.0947794222605371,-0.808542862711705,-0.39564373503044,-0.0776704836159711,-0.428409782730724,-0.657623647037401,-0.317394750301411,1.09607780328761,-2.17992092458404
0,0.134245200581359,0,1,1,1,0,1,0,0,1,1,1,-1.03505647296131,-1.23904454425504,0.0693056236396131,-0.232672226262454,0.51058619417805,-1.3438481890846,0.529861372670226,-1.13240339691966,-1.30657913784822
0,2.78513035547834,1,1,1,0,0,0,1,0,0,0,1,-0.321027362043645,-0.62050397570753,1.840275554153,-0.238977764801152,0.343321794847131,-0.553028379874574,0.0877058693907619,0.059704761380043,0.501002698041916
1,0.586976014331815,1,0,0,0,0,0,1,0,1,1,1,-0.658049868102907,-0.704458315538051,1.15257808899927,-0.840392301698218,0.445662894852473,0.349965826633085,-0.721248663148041,-0.83784848475445,-0.749309677335317
0,0.47957881510783,0,0,0,1,1,1,1,0,0,1,1,0.617774383200254,-1.21445237765073,0.0809944190447712,-0.526333385573536,-1.25011590933437,-0.411027657715469,0.267728435603377,0.891997199130969,1.24929466069572
0,1.74068512993167,1,1,0,1,0,1,0,0,0,0,1,-0.74133156844171,-0.615962253235905,0.576271485896451,1.1126715042543,0.892100930085401,-0.554984579255254,2.06225683969207,0.0956401903634208,-0.856899691729595
1,0.203934563229267,1,0,1,0,0,0,1,0,1,0,0,1.98243614226458,-0.259601015583229,0.954686797076549,-0.767990808720755,-0.234695929757581,-0.102333259614495,-2.25932450791267,-2.18922632041837,-0.415105139398934
1,-0.935949758931751,0,1,0,0,0,1,1,0,0,1,1,0.0518648542435988,0.707576554607815,-0.416567044122598,1.04007171528249,0.332633533170122,1.11005017668163,-1.17183274989145,0.0611561919302375,1.3359061468581
1,-0.329318002432997,1,0,0,0,1,0,1,0,1,0,0,0.648081718280294,-0.44535313691513,-0.0734024323344491,-0.266080013696421,0.612446045875731,0.56351250306149,0.447200923369039,1.43297352528684,1.04121635529652
0,0.0603028836186265,0,0,1,1,1,0,0,1,0,0,0,0.684562755050168,0.789582192330029,1.31170079735424,0.161421653203761,-0.877012057204959,-0.637562431386769,0.875157439187125,-1.83812594657388,1.23461750048477
1,0.387104886339644,0,0,1,1,1,0,0,0,0,1,1,0.277347803216593,-0.372906665163715,-2.05539782528426,0.975028635007591,-0.588305016909913,0.140780923810989,0.472455033607905,0.388994490933604,0.319095822936856
0,-0.949362374284387,0,0,1,1,1,0,0,0,1,0,0,-1.42692888934668,-0.89818112765277,-0.343152117514234,1.19929453713713,0.154118736886211,0.522586810576775,-0.378441670758206,0.211062734347495,-0.182149680378418
0,0.159202827490699,1,1,1,1,0,1,1,0,0,0,1,1.5936312504702,0.125530425825258,0.693205089710894,-1.34369600584573,0.574334399222998,-1.2638504594833,0.298081979763548,-1.56314870420548,-0.74265651854132
1,-0.304885127930736,1,1,0,1,0,1,1,1,1,1,1,-0.0209220507191436,0.147884966865224,-0.1933213108922,1.29170703569059,1.15455440800947,0.975513109139151,-0.817506969927243,0.352146899356244,0.291646670020381
0,-0.307574593594648,1,1,0,0,0,1,1,0,0,1,0,-1.53018538555104,0.391888867897158,0.339739399438982,0.150685156331232,-0.668138343619413,-0.215554774846178,0.391331520654798,-1.50831860194953,-1.25308711166741
0,1.68341786714709,1,1,1,0,1,0,1,1,0,0,1,-0.804966434296577,1.48244477984817,-0.661605061370199,0.0887844856135842,0.168082584177428,0.307494998012167,-0.108352168529109,0.836740331666103,-0.907973540164337
1,-1.18400320221421,0,0,0,0,0,0,0,0,0,1,0,1.91929373259891,-0.82058958150569,-0.144840335285985,-1.30863088165982,-1.01418762035769,1.13177349090158,1.22887871317498,-1.02530757839846,0.942241747846835
0,-0.746506560775973,0,0,1,1,1,0,0,0,0,0,1,0.42001708593109,0.222144334360888,1.90305324838693,0.615284983252488,1.62972432636841,2.25333234933931,-1.31671382107152,0.917680704272449,0.43697537061247
0,-0.47848415889822,0,0,1,1,1,0,1,1,1,0,0,-1.40378931089064,0.485892166406752,-1.50320745428344,-0.739850450779201,-0.367449902797068,0.172662823773723,0.783493390222448,-1.08012468557571,1.20048802865656
0,0.110819057018029,1,0,0,0,0,0,0,0,1,1,0,-0.68579242126409,-0.344463050063869,-0.340250411099921,0.471434088901581,-0.608935753811433,-0.332463019626692,0.306282130019648,0.0833908308323928,0.127867211592702
0,-0.0308914638129711,1,1,1,0,0,0,1,1,0,1,1,0.139857142874273,1.67657223285232,-1.74581786989337,0.917303741821166,-1.46434851265686,-0.790198960892192,0.770123598455353,0.601379429332095,-0.987709992153006
0,0.813706222729486,1,0,1,0,0,1,0,1,0,0,1,-1.68314784331272,1.02570259383119,1.19908245870492,0.913372021164892,1.28451970536738,-0.381349568318259,-0.833355392093089,-0.00219536636942326,-2.18593913546399
0,-0.776047895066526,0,1,1,0,1,0,1,1,1,1,1,-0.582574938712623,0.420948888909182,-0.587953393418473,2.12582096783255,0.0774754575065242,0.829233159641303,0.75238516849274,-1.25457274185341,-0.534067817853211
1,-1.26226995288805,0,1,1,0,1,1,0,0,0,0,0,-0.326590762690226,0.26478128275563,-1.38203322919806,0.429705104926633,-0.925214286670672,-1.2068806842425,-0.37246785802962,0.0662964788507323,-0.329049617866218
0,0.392853331269813,0,0,1,1,0,1,1,1,1,1,0,0.0443933125778648,-0.00145437160079149,-1.10827042449731,-0.209782197056182,-0.0948301858341636,1.74128752948076,0.0417949932825247,1.08244737871215,-0.763321965517937
0,-0.875798190638041,1,0,1,1,1,1,0,1,1,1,0,0.616966392520356,-0.0569339953402459,0.344788851473906,-1.68540574803506,0.30012056316909,-1.23743519763259,1.49649672967915,-0.996201874803536,-0.725168779533922
1,0.468000839172881,0,0,1,1,1,0,0,0,1,0,1,-1.44385081171647,0.604373256111422,0.619352068458683,-0.976654085351807,-0.568324218202273,-0.702191325521583,0.150667111813955,0.350244417141423,-0.028823347775979
1,1.39437585516018,1,1,0,1,1,0,0,1,1,1,1,1.904344807226,1.67550961890086,0.0347470885672194,0.878557678298844,-2.02357025987668,0.99745599476512,0.0759605011106367,0.544500487921497,0.482333068105623
0,1.82403951536575,0,1,1,0,1,0,0,0,1,1,0,-0.361861518182442,-1.31230166590509,0.48145216387008,-0.752397240934275,0.171738540099172,0.0504722937261022,0.00281399497334185,1.09499036972232,-0.527692355326284
1,1.18245388708959,0,1,0,0,0,1,0,0,1,0,1,0.0802752217943648,0.160055294632203,-1.43205677595749,-1.19252265096135,0.449641582363832,-1.41954886973966,0.770643594176093,-0.0475684535101786,-0.379844169324422
0,-1.76945909385252,1,0,1,0,1,0,0,1,1,0,0,0.81757183788642,-0.410202205852878,0.610272166464745,-0.87821311553014,-0.153513912412446,1.40430329879899,-0.65649188745446,-0.830634406287466,-1.0362766686086
1,-2.05193607269478,1,0,1,1,0,1,1,0,1,0,0,0.439960476262159,0.285235895090635,1.5606647750369,1.02014054253759,0.533788558548432,-1.31570708313961,0.664629146858005,-0.0534610087747017,0.245908942761043
1,2.33876301447718,1,0,0,1,1,0,0,0,0,1,0,-0.270376257588206,-0.558735408911562,0.399591940199627,0.91082816708912,-0.87923509174911,-0.55886829201347,-0.375376658975864,-0.652402679777358,-0.266036361597838
1,1.36431371511217,1,0,0,0,0,1,0,0,1,1,0,0.70498544234779,-0.106262550913052,1.29376988461841,0.231416326672609,0.731999443982591,0.609686135004721,-0.79794509573585,-0.891820218632999,-0.274094238776005
0,-1.59412266986482,0,1,0,0,0,0,0,1,1,0,1,-1.70868054169546,1.95347335016934,0.58880693845144,-0.580896154602841,-0.531956914363406,0.362716497375163,0.774418533534981,-0.611266585371992,0.0727693000974985
0,-0.469733036867793,1,0,0,0,1,0,1,0,0,1,0,0.855063460652468,-0.233811856910637,-1.35897391190437,0.0217837190940207,0.092783845707266,1.19830207143093,-0.835005660790466,1.56187511696847,-0.623207263623892
1,-0.910474620694082,1,1,1,1,0,1,0,1,0,1,0,-0.430801346216788,-1.17811561383582,-0.63756305142707,-0.393081843603479,-0.319038360601968,0.0168877403566844,-0.881911575722718,-1.07260998920081,-1.65804179978281
0,-0.236749718515377,0,1,1,1,0,0,1,0,1,0,1,0.581352220525731,-1.55230504542796,0.520341258523126,0.591032769249993,-0.0113311570077766,0.204796870718801,1.29356133883356,1.24620748248772,-0.929283931008973
1,0.717667959007152,1,0,0,1,0,1,1,1,1,1,0,1.01842890338995,0.117373520610076,-0.146845911480951,-0.998817837940964,-0.304905138677345,0.0390424731300803,0.215631815191875,0.120686158953378,0.640332748264229
1,0.796696433343583,1,0,1,1,1,0,1,0,1,1,1,-0.465813402599103,0.458239344227264,0.3143016658653,-1.11115349858673,-0.335548048099315,-2.02832846420957,-0.491867535681024,1.69050445793012,1.16622045357666
1,1.36390290774628,0,0,0,1,1,1,1,0,0,0,1,-0.520548389941436,0.667142287474764,-1.55475083440121,-1.19959191976548,-0.636669963215346,0.0929073134160611,-1.70804437930687,0.910621790990918,-0.784260792104651
1,0.762617192270159,0,1,0,0,1,1,1,1,0,0,1,0.497592727294959,-0.92772679227174,1.25653069683553,-0.884009047283998,-1.27643827443917,-0.493798258858118,-1.08749801325539,0.864075135243786,-0.209728207464257
1,-1.55543440209257,1,0,0,0,1,0,0,1,1,0,1,-0.0214284129303202,0.549708633838793,0.109816900929588,-1.31376588449458,1.49923438956202,0.13483709714454,0.324888484866396,1.17884071188789,-1.02581778548505
0,-0.144145481361358,0,1,0,1,0,1,0,1,1,1,0,-0.945775579233762,-1.92638117684209,-0.192946540766873,1.15410769253327,-0.872101953939142,-0.15199438223989,1.16981034024871,-0.477744819757781,0.593577804956017
0,0.678385691118158,0,1,0,1,0,0,1,0,0,0,0,-1.38548126790234,0.0691530923584027,-0.118265662690709,-0.927254443508081,1.05908384923156,0.844661522795493,-0.706912340552001,-0.0293679663295505,-0.256168761192913
0,1.22977331944746,1,0,0,0,0,1,0,1,0,0,0,0.161933359650555,0.140815594798642,0.670134907519436,-0.606965716490231,-0.614344587832601,0.187900347507714,0.813316029428865,0.290491255398634,-1.17282348526849
1,-0.108860300487222,1,0,0,1,0,0,0,0,1,0,0,-0.149108899235379,-0.794752584992929,-0.243787351732388,-0.150690370264895,0.989071276030142,0.456000109371627,-0.291001317441488,0.674257219949481,-1.26586660159098
0,1.08357945832664,1,0,1,0,0,1,1,1,0,1,1,-0.225926252117566,0.409917664300578,0.0567493037147432,1.44883453454621,0.755907509995724,-0.0460129290558864,0.996205990856982,0.7479313213717,0.839234117728776
0,0.853276150556062,0,1,1,1,1,0,1,0,1,1,1,-0.382563567314088,1.24967167172183,-0.00857484429645987,1.71169333972012,-0.284836006848253,-2.14180088600971,-0.56832360188469,-1.93595508509324,0.765734716219631
0,1.86660950000689,0,0,1,1,0,1,0,0,0,1,1,0.862124591739337,0.743880002220432,-0.328542382686141,0.600798471884179,0.755843500701466,0.857413441918529,0.998528527109928,-0.0927641540644933,-0.249217807627284
1,1.27778741407179,1,1,0,0,0,1,0,0,0,0,0,-0.425888956936154,-1.18054361424257,1.1225831074499,0.391261197394425,0.802576321548379,-0.113702411752034,-0.595890098362111,0.239618761911639,0.714338839580205
0,0.847455966784098,0,1,0,0,1,0,1,0,0,1,1,-0.763953955311216,-1.75682197998199,-1.38600534494909,-0.48184881436474,-1.23699844334576,0.278623464202176,1.18092128575676,-1.33478543517217,-0.184133410306211
1,0.689939084150771,1,1,1,0,0,0,1,1,1,0,1,-0.0340938309699995,-0.113261273867504,-1.32309700157994,1.30950252804464,-0.749361393184766,-0.274413472765766,0.125994900640795,1.30520045520782,-1.26317597577755
1,0.195263464609785,1,0,0,1,0,0,0,0,1,1,0,-1.63274550154013,-0.117088918752869,1.05451127918361,0.829193676185895,0.248485484040083,-0.454475107850249,-0.462085025978373,-0.175805894182117,1.10066061904732
0,0.84214763621228,0,1,1,1,1,0,0,0,1,1,1,-0.866697631269268,1.12156720132524,0.0753198111400797,0.595065654747958,-0.898228985124102,-0.151810898622773,-0.236609241887156,-0.747695226698036,0.712093186030993
0,0.557647864255471,1,0,0,1,1,1,0,0,0,0,0,0.0256129727351759,-0.242913993652956,-0.592717262176262,1.82607006365209,0.89065494930085,0.149464692984782,0.360213312634981,-1.11131202340544,-1.87047472028862
1,0.517125146843968,1,0,0,1,1,0,1,0,0,1,0,-1.61727118650592,1.82965894854729,0.476363277675148,2.38363418144698,-0.849768090577355,0.15439215543131,1.10885199548138,-0.304557282176684,-0.589048360152771
1,1.04643143048037,0,1,0,0,1,1,0,0,0,1,0,0.480294462972541,-1.37580018592614,-0.841715946530007,2.77364409420141,-1.63647954158765,1.76341738498365,-0.144189482528034,1.76714589136108,0.890506854946795
1,-0.251735906983081,0,0,0,0,1,1,1,1,1,1,1,-1.11994666155942,-0.651329037802124,-0.0161876855400252,1.76775168999719,-1.22653970408632,1.15182957141611,0.401052598709771,-1.11440121596147,-0.459771056583694
1,-0.679159164876039,1,1,1,1,1,1,1,0,0,1,1,1.8494987678284,0.261421399499165,-0.401489233551327,-1.05852234352017,2.06929037242064,-0.370746863216087,0.0861657878888968,-1.56362757790123,-0.337582899117394
1,-0.0833197872262008,1,1,1,0,1,1,1,0,1,1,1,-0.559961401029458,0.809766263255922,-0.181588778103649,-0.0651751897861372,-1.32856064284282,0.485907678265145,-0.727158353461033,-0.453391094998375,-0.389309217810073
0,0.430787701128912,1,0,0,0,0,1,1,1,0,0,1,1.79141233320687,-0.58078415456722,0.992713926934714,-0.0751601477258031,0.95307419625132,1.24528317280123,0.842479111184884,1.55058762428956,-0.816844181718778
0,-0.715824252287287,0,1,0,0,0,1,0,1,0,0,1,-0.446599816810891,0.12750859387582,-0.167600403433653,-0.0151987836154357,-2.68428553013083,-0.414951228477083,-2.7133597111783,0.894446626741765,0.11254918361307
1,-0.236718959109278,1,1,0,0,1,0,1,1,0,1,0,-0.74027197731714,0.166020322543416,-0.31390371229625,0.921295027667764,-0.0336818470511863,-0.541170770304248,0.257113671096505,0.4017905678313,-2.06070614489571
0,0.980648936063363,1,1,0,0,0,0,0,0,0,0,0,-0.737376161419606,-0.518352329843615,1.59862621846469,-1.2201479899021,-0.907843312484387,0.554680289368604,1.07363033517507,1.40924904582205,0.0191860965222639
