"X1","X2","X3","X4","X5","X6","A","Y"
-1.28413634621713,1.00825968034036,1.53642504035078,0,0,"3","3",-4.07370792990602
0.172494504813958,1.45501880486411,0.752190630813181,0,0,"3","1",-0.336861653831522
0.992804388180082,1.51395982511665,1.51336480106078,1,0,"1","1",0.153847392047373
-0.176049499434323,0.972938575015833,2.40319063697087,1,0,"1","1",0.326904058377376
0.907443732707926,0.779792362819439,1.43133514960289,1,0,"1","1",0.0639163152087467
0.513075119678075,1.18130858399244,-0.203914640253861,0,0,"1","3",-3.91335959018599
-1.27471253647929,0.373489814722048,2.24218633628775,1,0,"3","1",-0.450608394440039
0.397234786784125,-0.129704891417374,0.417745537710743,0,0,"1","1",-1.52696928568733
1.38233731971898,1.11534860995579,-0.748746259534228,1,0,"3","2",-1.68565689430559
-0.35510642051919,-2.01996996803378,1.83073599686878,1,0,"2","3",-2.78265411867345
-0.0853464185343991,-0.5620598214898,-1.35856348504176,1,1,"2","1",-1.18860401617746
-1.84271664417753,-0.0383511522394557,1.03966118326479,1,0,"1","1",-2.30294917581907
-0.45992806872444,1.25903465065254,3.95246735293269,1,0,"2","2",-2.44603154991588
-0.272435285591504,0.446607974947872,0.523259506990841,1,0,"3","1",-1.42194621038904
0.792970730227729,1.07092811959152,0.912551036351272,1,0,"1","3",-2.95439032713354
0.820759046079369,1.59963909712229,0.405759040418963,1,0,"2","1",-0.80379379275514
0.329175710166791,2.14081940148624,-0.536708635256578,0,0,"2","1",-1.42817829232893
0.0907056938641525,0.170077277925403,1.85494510907139,1,0,"3","1",-0.152397850839812
0.0578613094588235,-1.26478188121003,-1.33367326520648,1,1,"3","3",-3.39526112331233
-1.09010067704673,1.915680366489,2.16776501447522,1,1,"3","1",-0.105777771156433
0.444755672839912,-0.83458440004557,-0.927731287684456,1,1,"3","1",0.245343893666712
0.0799421793089198,0.948038208666187,1.04903672946682,1,0,"1","1",-0.776517781567794
-1.2670573323926,-2.33515907781022,-2.32418792944882,1,0,"3","1",-2.15437637811065
0.180294990667593,-0.252758283796258,-0.42768198327075,0,0,"1","2",-4.03237455805557
1.33947324296863,2.33643415357041,1.68300921662352,1,0,"1","1",0.107368532235643
0.544643407979789,-0.230761711635403,-2.35333784271284,0,1,"3","3",-4.24282256082696
-0.918668921445177,0.369251228916822,-0.668529936578534,1,0,"3","2",-2.3524622974644
1.23441596668602,-1.55095798385872,-0.287223879002774,1,0,"2","2",-1.87051419378661
0.322215655476099,-0.65159815753455,1.7887911001062,1,1,"3","1",0.114700733576244
-0.0691595812764704,0.796890150728206,0.88278547826149,1,0,"3","1",-1.46809824878545
0.00490005962699822,-1.45144143280468,0.357519324834754,1,1,"2","2",-2.3856878906906
-0.755154865315347,1.4914092150806,3.1506695566611,1,0,"2","1",0.110054756982825
1.05948755299932,-1.12438675863016,-2.21103252101385,1,0,"3","2",-1.97614449751373
2.30218304523368,0.856085321572837,0.557333598681268,1,0,"1","3",-1.17848018420661
-0.876963257353811,-1.94104649817463,-1.20931910101062,1,0,"1","2",-3.70797858840803
0.4097807036633,0.120610850241323,0.862660362931472,0,0,"1","1",-1.54136422279003
-1.06878228964832,0.140122686896281,1.75812582392804,0,1,"2","1",-0.833861153743228
0.471733122892576,0.169027897263801,2.4255415539547,1,1,"2","1",1.04183620227658
0.794630146874171,2.21342312213785,2.40475169249922,1,0,"1","2",-1.2080114463699
-0.0628850855601174,-0.329089329735929,-0.225371641400727,0,0,"2","1",-0.912141297141864
0.0683111279797242,0.484430106876229,0.570442148768395,1,0,"2","2",-2.88615836203664
1.51877968726168,0.738602626436393,-1.21753174222722,1,0,"1","1",0.343470800021299
0.44082984758223,-0.234961840269957,-0.723896594500536,1,0,"1","1",-0.91425504057886
-0.289863044461765,-1.98999690187123,-2.05607100766716,0,0,"1","1",-2.71971585861203
-0.658379640427677,1.02717479946301,-0.878958826697107,1,0,"1","1",-0.751398930530194
0.16827885928685,-1.3709421671452,-1.76214961857325,1,1,"3","3",-3.06684482793773
-1.51897890882546,-1.73228322509465,-1.68906186533243,1,1,"3","3",-5.00130328228451
0.0934716189592013,-0.914446982582073,-1.30446497996273,1,0,"1","3",-4.33847031405406
0.330813029312141,-0.571542622022287,-0.886312096960348,1,1,"2","1",-0.943949715220946
-0.711122739742792,0.0860736841153407,-0.343518798856413,0,0,"2","3",-3.95721190468869
0.131322664698516,-0.193721968350878,1.09455723498745,1,0,"3","1",-1.0767396219207
-0.355886357313895,1.36776161578748,-1.30519359737822,1,1,"1","1",-1.72063808729855
1.2054497183272,0.576990864144137,0.380158384650354,1,0,"3","3",-2.21414650829271
0.246280279371046,-0.916086843546799,-0.722531573427191,0,0,"3","1",-0.683492864126029
-0.574701508408904,1.16315270057998,-0.999772018880531,1,0,"3","2",-3.20394442701547
1.45099735833774,0.537850399361466,0.721628020032603,0,0,"3","1",-0.106145144448153
0.147996053579447,-1.15539931399586,-3.23701081362483,0,1,"1","3",-4.58671393647315
1.02146688597489,0.182874986417757,-1.63554044112984,1,0,"1","2",-2.68074490472886
0.326433963131783,-0.649227097406269,0.99871662630329,0,0,"2","1",0.0588334161817234
1.00632881699201,0.364383023195345,-1.62355606023843,1,1,"3","2",-2.39341712653614
-0.166146546081765,-2.53892831386613,-0.841894913672931,0,0,"1","1",-3.08494432187447
1.27989020907323,1.18777246414068,-1.40712364800492,0,0,"3","2",-2.16484024445847
-0.660540402520328,-0.325801662070572,0.0762469366670804,1,1,"2","1",-1.35551148125446
-1.0510817480866,-0.147543720082285,1.20466746952826,0,0,"1","1",-2.34424994962557
0.809224852682725,-2.58036228568909,-2.46004628877683,0,0,"1","1",-2.42457482056233
-0.16390920988715,0.272547279599693,-0.993333805761858,1,0,"1","1",-3.25188945071528
-1.20725510581633,2.43247974374436,2.99517990943226,1,0,"1","1",-0.820026158784512
0.377777243554917,0.501994628233174,-2.52254347532447,1,1,"3","1",-0.84013515159752
-0.57508418588621,0.231619020468269,0.806701710676776,0,1,"3","1",-0.507168163632667
-0.164561675666668,2.43035076414441,0.824113965818412,0,0,"1","1",-1.05070211681644
1.79155726804426,-0.115824309829176,-0.736826473565771,1,0,"1","3",-3.03352120213613
1.62536579716071,-0.208739733398576,-0.841512249301462,1,1,"3","1",-0.186863979870765
-0.506344680581685,0.49323194471825,-0.142452700401885,1,1,"1","1",-0.911401378173988
-0.450372965046194,1.19649347473334,1.19401512417266,1,0,"3","3",-2.26058630384722
-0.794606390905726,2.03887771266348,3.07828474792974,1,0,"1","1",-1.06739906724798
-0.877827983913137,-0.050547935323507,1.34146675053839,0,0,"1","1",-1.7120377430308
-0.203783958173943,0.68409120428247,2.76870667948397,1,1,"2","1",0.32653483807558
0.659642509188376,-2.4950992005481,-0.894392330005111,0,1,"1","1",-1.74653381957404
-0.286863186921768,0.0558688758778505,0.15501051355224,1,1,"1","1",-0.541570590769376
-0.00183778939732875,-1.82740413033599,-2.46085374912322,1,1,"3","2",-4.30292695210842
1.78436846694309,0.868848338384301,0.295557250266179,1,0,"1","1",0.467767279647384
1.31882046171538,2.0329152530909,1.08218806740373,1,0,"1","1",-0.455476100643763
0.245580741182058,-1.13079510579509,0.0901476002324785,0,0,"1","2",-4.49862588458812
1.40889831328732,1.80285789364941,0.0803476794433602,1,1,"2","2",-1.3136803587856
0.221636178629388,0.476368833998585,1.13791642539863,0,0,"1","1",-0.871608285833675
-0.97015630078208,0.926421590846976,0.252287753784952,1,0,"1","2",-2.96169885778166
1.37893898273566,0.222191181696324,-1.38219232800139,1,1,"2","3",-3.18857494186263
-0.308845214449721,-0.761343041418274,-1.17871647557835,1,1,"3","1",-0.334281135397035
-0.656261826051488,3.61515847301692,2.52135266625431,1,1,"2","3",-2.97695620964166
1.12841298460209,-0.159347748318509,2.04282877497865,0,0,"2","2",-2.52561270631166
0.235402127694154,-0.112947498547903,-0.999513178771649,1,0,"3","1",-0.84539764751204
0.892014392284392,1.62524899727669,0.738060065224185,1,1,"3","2",-0.90650006796374
-0.350536884141468,0.529775781519413,0.396653488058187,0,0,"1","3",-3.94380647379406
-0.768499902483427,-0.0389352063950301,0.302011865080748,1,1,"3","1",-0.132107629828727
0.594695932551257,-0.0822471117945817,-1.51177658305734,1,1,"2","1",-0.322867848197173
-1.16054571391592,-1.62238207492041,-1.58556254958885,0,0,"3","1",-3.10122733577032
-0.907451924795237,-0.468508659919602,-1.59311015936492,1,0,"2","1",-1.60441755134104
3.26644384319711,1.73593073020818,2.26276221582419,1,1,"1","1",2.20413211551224
-0.980346647916936,1.43542764866874,1.33110763541091,1,0,"1","2",-3.3746400912568
1.09438624161826,-1.2606500308307,-2.59974988284647,1,0,"2","3",-3.46243755034601
0.734046665074624,-0.846310433636044,1.87150154750886,0,0,"2","2",-3.34050590966672
0.43966588772133,0.588098226325356,2.8138022610489,1,0,"2","1",0.238645315371941
-0.90995765425825,2.67666146929307,3.82401913899142,1,0,"3","2",-1.00019111471709
-2.65669454084745,-0.975611645802215,0.566714532050509,1,1,"1","1",-2.25545924901826
-0.206597642742577,-1.3102429704434,-0.912482628597287,1,0,"1","1",-1.80596330090779
1.1326608192564,-0.145845680066473,-0.558334453623319,1,0,"3","1",-0.507733175462742
-0.25435899861524,0.0682197958519347,-1.80623260531456,0,0,"2","3",-3.92374645689706
-2.11714684476935,-0.462816869387129,0.147600405677426,1,0,"1","1",-2.56632907762617
1.68796506033519,1.71422616187401,1.35959145304281,1,0,"1","2",-1.69701923724668
-0.260972538340467,-0.375093505660581,0.615853015871994,1,0,"1","1",-1.26370602181358
0.505601381154052,-2.67252465435956,-1.54587805365939,0,0,"1","1",-1.73041664853184
-0.973773403388347,0.10166237877021,3.50483569794658,1,0,"1","3",-3.08595023736943
0.16460938515447,-0.684338919597937,-0.508030133159904,1,1,"1","1",-0.33245692293444
0.195262609088172,0.527635751311325,-1.484022152754,1,0,"3","1",-1.55819995172389
1.02372379485813,1.28405436005769,0.143367724290692,1,0,"2","2",-2.77967823384272
0.508602190569008,2.20320472163966,0.960375351728142,0,1,"1","3",-2.93201243673205
-1.87400155183375,-1.50832923494587,-1.89843747870255,1,1,"3","3",-4.68191254852156
-2.25513174818636,1.08156794524034,2.60232164232821,0,0,"2","1",-2.35952724034698
-0.470085395482143,-1.4429590319908,-0.778680439387308,0,0,"2","3",-4.24471192604326
0.477481370976774,0.955329171168852,2.36840701547903,1,0,"1","1",-0.299432177622391
-0.394393901731596,0.732642749434709,-1.22767928177647,1,1,"2","1",-0.0165014737186059
1.40598586970321,0.783324738521766,-1.75002108835216,0,1,"2","3",-3.23945304470741
-1.33935524772402,0.59393252851975,0.209223395345161,1,0,"1","1",-1.46962215071676
-0.00224168796716003,0.500137020896067,-0.698862049234917,1,0,"2","3",-3.51783953816484
-0.0189903994804836,1.93208833240012,-0.48123810987533,1,1,"3","1",0.27843288914406
0.780653707753722,-0.0476704001594341,-0.305349728722733,1,0,"2","2",-2.77221596078267
-1.23685709606729,-1.81980146187941,-0.348183805878191,1,0,"2","1",-2.69727698247265
0.765714174793746,-2.15388607090057,-0.0103878751335829,1,0,"3","1",0.386948902969764
0.362339958179231,1.29623777290113,0.941899289315529,1,0,"2","1",-0.559524359294087
-0.361931787346986,-3.04156978577658,0.227838467908233,1,0,"2","1",-0.989664171591181
0.55454389709329,0.546993360244351,0.0867187886992699,1,1,"1","1",-1.10475503963706
-0.182620187348428,0.887852687608442,2.48560509165287,1,1,"2","1",0.544941606495977
-0.661741522160578,-0.0300141038490049,0.926713905709483,1,0,"1","1",-0.750762906358073
-0.146721263738618,0.521325687276514,1.98112611762529,1,0,"3","1",0.246394379105583
-1.68644151132321,2.09176359450127,1.45348452654549,0,0,"2","1",-1.58494771299355
-1.22859561146484,-0.177716845009386,1.52339695359543,0,0,"1","3",-4.24186691082448
-0.207758307099429,-0.967613158940026,-0.0587176024345878,1,1,"2","1",-1.18251222668415
-2.4556218820619,1.5230355289604,3.14405927508428,0,0,"3","1",-0.860815541386871
-0.0454569957488051,-0.556867058495543,-1.61061613519786,1,0,"1","1",-1.49619670388456
-0.934188792198147,0.453136379565184,0.308472986677884,1,0,"2","2",-2.7649388831519
-0.326190217963844,0.0553558789977734,1.29596069859147,0,1,"1","2",-3.48200378827956
1.2050156658813,-1.51648532988485,-2.73425052572405,1,0,"1","1",-1.80249820086972
0.761005484284203,-0.349544427710347,1.75638381262611,1,1,"2","3",-2.58994471426128
-0.563183391446158,-0.664906924592908,2.28747801998195,1,0,"1","1",-0.92827143775203
-0.175659790043226,1.88544396068596,1.53791518153806,1,0,"1","2",-3.09485264534316
-1.2345462038059,1.7505570521523,2.63830806040821,1,0,"2","1",-1.3679117138424
0.869322542187465,-0.0737926054811862,1.05039493506992,0,0,"3","2",-2.86129232588035
0.0300029718187356,0.513251847196104,0.839608663155101,1,1,"3","1",0.447289782225296
-0.192969875372131,-0.509923993852911,-1.32197333146221,1,0,"1","2",-4.27496206477538
0.68509762969325,-0.681772060311598,3.09979172460949,0,1,"2","3",-3.301841151162
-2.20242968597669,0.631028801011301,-0.0912790720953506,1,0,"2","1",-2.48219477560559
1.03054196670537,-1.15096766303209,0.37538089072238,1,1,"1","1",-0.584792874622147
-0.279903772796174,0.874225220266002,2.48264375297665,1,1,"3","2",-2.3984581327385
1.52254441636613,0.325512457916862,-0.173531718480025,1,1,"2","2",-1.86351534597615
-0.565021501579701,-0.607708829283437,-0.252785211361061,1,0,"1","3",-4.65705367979983
0.00192740705988728,-2.66567373952844,-3.12165246083772,1,0,"2","1",-2.24199350151278
-0.0133048943259823,-0.442513594852018,0.692351251147114,1,0,"3","3",-3.19100179232268
0.692878543691129,-1.06772614134808,1.40353311440512,0,0,"1","2",-2.88664890743552
-0.95723476202987,0.0839980175984801,-1.30373520438037,0,0,"2","3",-4.56267619824525
-0.0119911931374777,3.48756706183805,1.72179545250079,1,0,"1","2",-2.95299737191845
0.0114890514288208,0.738028858624215,-1.23121161300134,1,0,"1","3",-4.35510597255155
0.302806929631663,0.086444227172421,-1.31157319854036,1,0,"1","1",-1.87008005043337
0.155982882530447,-1.67137315567257,-0.727365616582284,1,1,"2","1",-0.626202248716868
0.0515867021553527,0.928907994297063,-1.29715555758846,1,0,"3","1",-0.679921905750093
0.240639655849697,-0.254525147330532,-2.28378350905673,1,0,"1","3",-5.28987324417692
-1.08514073907095,2.77771280586824,2.86251542427745,1,1,"3","1",1.45291137853963
0.253328318816605,0.936502436251555,-0.705960300848082,1,0,"3","1",-0.955097778724727
-0.692509590638922,-1.04691210443459,-0.72161801060666,1,1,"3","2",-4.08405167000096
-0.388635273652275,0.291905609304457,-1.01250129700258,1,1,"2","3",-3.88329458654441
-0.535231967395475,0.410860305818275,-0.0211806885889321,1,0,"1","1",-1.10025239244037
0.952500566174375,-0.113668319034127,0.403299488730522,1,0,"1","2",-2.33224530737313
-1.83306030350564,0.0282258802850421,2.52237525059594,1,0,"2","1",-0.852169876772376
-0.254760091746731,-0.40970070040921,0.572049383218495,1,0,"3","2",-2.69883297497795
-0.245182852408522,-0.693041382863305,0.462106754213055,0,1,"3","1",-1.0886481741179
1.15965287098801,-0.259347005495703,3.20588653808089,0,0,"1","3",-4.43744250109116
-0.243204308845564,-0.7799304295493,2.42700131571731,1,0,"1","3",-1.83274332050447
0.528206841806337,1.47251661074301,-0.972539361823413,0,1,"3","3",-3.95984037499683
0.227620133687818,1.18844494816724,-0.044476645686096,1,0,"1","3",-3.09466454450588
-1.71461723468859,-0.0239532343906406,-0.536019290157497,1,0,"1","1",-1.11938009840136
-1.03296471246525,-0.723152144362716,-0.95447518741047,1,0,"3","1",-2.09609702380519
-0.708656872254486,-2.7272447907536,-2.56957487057166,1,0,"1","2",-4.82336652849664
-1.85035554104375,-0.645914089115841,-2.13576568298214,1,1,"3","2",-3.080200263076
-1.28896596990626,1.12893796734279,3.07464562082311,1,0,"2","1",0.42939564613337
1.19435001251855,-0.376761690248935,-1.80190836607723,1,1,"3","2",-2.13316264564563
-2.82565957262433,-1.35904325589511,1.59086459230068,0,0,"2","1",-2.60806296010373
0.423399542151102,-0.567091324504759,-0.327494609761701,0,1,"3","2",-2.95154295112501
-1.5155915056956,0.178799269672647,1.19818772301411,1,0,"1","1",-1.7352767166805
-1.18143720909887,1.13900065592685,2.35978405343158,1,0,"2","1",0.0384987222150355
0.210399569348202,-0.824948357091656,0.250374700736167,1,0,"1","3",-3.50331300405431
-0.63598459020455,3.23433588590328,3.43363618957848,1,0,"3","3",-2.50470512404422
0.627311924991642,-0.234543819909121,-0.95623543775051,1,1,"1","3",-3.16322858753406
0.23499507052783,-1.30371984433116,-1.80489143078128,0,1,"3","3",-3.77222704759672
-1.90430546854457,-0.388969839875502,3.57913471468897,0,0,"2","3",-3.71112970156196
0.139476172327614,1.70889959958817,-0.0333109021186124,1,1,"2","1",0.150836115114432
-1.04941697924399,-0.294227899417582,-2.63749801861988,0,0,"1","1",-2.66720534263803
-0.456803940196677,-1.27179650196186,0.285301950446098,0,0,"2","3",-4.54538233253877
0.31823759986322,1.61592731976854,1.84245964070391,0,0,"2","2",-2.16896322348521
-0.512015467165729,3.12262064028756,2.3536558476564,1,0,"1","3",-3.83429142577535
0.337088009824568,-0.149834514477916,-2.01702936694171,1,0,"1","1",-1.70500860816498
0.669927177591809,-1.72440038742504,-1.27115800613199,1,1,"3","3",-2.28140231564158
-0.723504694924318,2.57176759032787,0.561758047065836,0,1,"1","3",-4.13584189694937
-0.0256306963313383,-0.534215670158406,-2.18403170978753,1,0,"3","2",-3.77365194553687
-1.76883068449952,-1.53667452244075,-1.81622136265319,1,1,"3","3",-4.20099524730569
-0.842914091088496,0.186620652707554,0.180947167562575,0,0,"1","2",-4.18956183350028
-1.03290268978467,-0.240033654920578,-0.116714751723437,1,1,"2","1",-1.82798826571671
2.21464411765545,1.34463661464162,-1.80419274996145,1,0,"1","3",-3.02816569893844
-1.96771064427658,0.528661507060375,1.17509883101577,1,0,"2","3",-4.30134510348794
0.454898432350195,2.09562148833034,0.899500547138775,1,1,"1","3",-2.98419026006253
0.152144236669669,-2.80326400955394,0.738586848484518,0,0,"3","1",-1.32876610307332
1.90750412831634,1.8481510910657,2.30793364537073,0,0,"2","2",-1.0313266900101
0.58988323618802,-0.450107403823768,-0.00946522387634646,1,1,"3","3",-2.6118935564604
1.43749268149511,-0.142559016803148,2.18891171924371,1,0,"3","2",-1.95070532193946
1.05799936341063,1.34578609797934,0.877523270306673,1,0,"3","3",-2.93964511975074
0.478962563928719,0.354567093839976,-1.10174423880325,0,0,"3","3",-3.13939532203401
2.77458409397929,0.428955792873149,-2.18353811112504,0,0,"1","1",-1.50136362351742
0.299395059041645,-2.5471124894803,-0.277163629154127,0,0,"1","1",-1.78797463090875
0.411788802288238,1.06305728918539,1.42066305748726,0,0,"3","2",-2.41359179067758
-1.516477876393,0.392865168182473,1.97543548461124,1,0,"3","1",0.333132942290781
-0.19727044454418,0.744494581563372,0.904303996607659,1,0,"2","1",-0.760878113109172
1.48738064530746,-0.0877191178681366,-0.131841585942298,0,0,"2","2",-3.02629684854195
1.31294589352847,-1.32006777174108,0.432116434147559,1,1,"1","2",-2.43304502082234
-0.657760758495912,1.80724478981597,-0.736369595934335,1,1,"1","1",-1.18814171542174
1.11984305272393,1.12878362798367,-0.627919335098891,1,0,"2","1",-1.27468694708577
-0.585894549235917,-0.319128115747877,-2.22042584145692,1,0,"2","1",-1.77018207303675
0.0622058575273021,-1.72095770360684,-0.0230159385693347,0,1,"2","3",-3.36709016306841
1.90848987333402,2.20218877754585,1.93456278796993,0,1,"3","3",-1.63908479201141
2.07630468082755,3.16312559895715,-1.10908261299202,1,0,"1","1",0.24395280251361
0.384587428129963,2.11611527662736,0.935313214697257,1,0,"3","1",0.926007042852448
1.68584003971218,0.405121049532656,0.184160181942421,1,0,"2","1",-0.511300672748828
-1.59889499362174,0.550717249846288,3.71509277227075,1,0,"1","1",-0.988233787736135
1.30190844941566,0.370882941002261,-0.965526369551384,1,1,"3","3",-2.83197076865193
0.577993456334357,-0.900530065158625,1.98351556183288,0,0,"1","2",-3.25396286014107
0.0966224112792218,-1.74909193508023,-1.18283769196486,1,0,"3","1",-1.23995794409213
0.55903267155058,-3.88074536823148,-0.377521853689411,0,0,"1","1",-2.37144256901974
1.53678045399083,1.24096312444838,-0.432732199097741,1,1,"3","1",1.02251085545252
0.447644347311638,0.68553023306327,-1.19031390570127,1,0,"1","1",-1.43340098735502
0.116024465931372,-0.237242214429775,0.708310101995805,1,0,"3","1",-1.26198076537692
0.000553938086868822,-1.40492667845178,2.05170827282334,0,0,"1","1",-2.7525238728301
0.0818559060989986,-0.516306644485314,-1.68551001206005,1,0,"2","2",-4.39707367239928
0.538103795552544,0.0652847565703293,-0.294202803980279,0,1,"2","1",-0.927743570435691
0.215244535401135,-2.09114423873436,-1.13466823275444,1,0,"3","2",-3.55218239206457
-1.65365902861622,0.101533546583668,4.17242445978042,0,0,"1","1",-0.430102011371365
-1.3124317526667,-0.502134437316502,-2.0543885516502,1,0,"2","2",-4.2142571707459
-0.673314236994316,1.63989879166808,1.78832589149745,0,0,"1","1",-1.2343786213798
0.289000830847594,0.428841286797673,-1.81356008070883,1,0,"1","2",-4.53735024708888
1.2554231948454,-0.256452664148081,-1.773905117493,0,1,"1","3",-4.45497523399813
-1.7429851543107,1.1846672206905,1.93988568880788,1,0,"2","1",-1.82625789209454
-2.26131072325459,0.383259888435605,-0.576789181163781,1,1,"1","3",-4.81899791071456
-0.290434652677749,1.43158135802341,1.2977911615992,1,0,"1","2",-4.14952991163044
-1.7814173978189,-0.596670524535415,1.98940294151034,1,0,"3","1",-1.82243537184048
-0.582328711366378,1.11615816896426,2.88659683769997,0,0,"3","1",-0.862834490304064
-0.63771957442519,0.523881170730616,0.535068920695582,1,0,"2","3",-4.30811244742854
0.484190647302576,-0.109367502065443,0.63881925704293,1,0,"2","3",-2.42905758717948
0.0972027879224184,0.422474350733617,-2.36253206524241,1,1,"2","1",-0.801695100394366
-0.463363227775486,-0.703939194464588,-1.21455422527362,0,0,"1","1",-1.56742827229189
0.573679852033836,-1.10159131927138,-4.00894516700236,1,0,"3","3",-3.9281773361853
-1.22590950822231,-1.19106653350382,-2.18430314169528,1,1,"2","1",-2.35231780623371
1.10117532216222,-2.45980668361282,-2.47479225068592,1,1,"2","3",-3.36978740898249
-1.58094234786396,-1.99627846145006,2.94061168806734,1,0,"1","1",-1.81529611168613
-0.0816385802431218,-0.880717883078153,-0.836471804690237,0,1,"3","1",-2.10737054650391
0.0598417483840337,-0.530986197277553,-0.733761546922807,0,0,"2","2",-4.07057817133284
0.427709379017724,-0.117547589834804,-1.53791579190611,0,0,"1","2",-4.16071156423054
0.373570265343114,-1.66138899027483,-0.387414947402227,1,0,"1","2",-3.17881883806821
-1.19638612258334,0.477571687428778,1.78040661132946,1,0,"2","3",-4.57262847857301
1.26572112690855,0.0318407893551384,-0.227596039171667,1,0,"1","1",-1.22081638689433
0.057087503850154,0.168880981497677,1.56994661424642,0,0,"1","3",-4.4530271757825
0.109530163799502,0.470844996064626,2.64341637610676,1,0,"1","1",-0.863218433428467
1.60605636634979,2.14888172283015,-1.45675277590472,1,1,"1","3",-1.92997907199457
0.121800906501482,-0.854021482408599,0.987908182500233,1,0,"1","1",-1.30284576409878
-1.48678512011351,-0.537134965978744,2.51735835565311,1,0,"1","1",-1.66698361253028
-0.512161849487434,-1.30810056862901,-1.11979896211198,1,1,"3","3",-2.99793037029734
1.2491795000559,0.396537697281025,-1.2114785002385,1,0,"2","2",-3.16443172971774
-0.03120852785878,-0.719239080452379,1.24891780285069,1,0,"1","1",-0.581817725119
-0.385046745822185,0.550848828465873,3.17872271002558,1,0,"1","1",0.551218728340593
-0.0917526834679063,0.800059800624181,-0.294959595325384,1,1,"2","1",-0.376857809705213
-0.316111388750117,-0.443452066321454,-0.491136510578405,0,1,"2","1",-1.00477483581644
-1.56235887904322,1.63977489285457,-1.00614003494389,0,1,"2","3",-4.62083433947775
-1.7336490104465,0.191168622544732,2.71359908026814,1,0,"3","1",-1.66793782836945
0.993878008163675,-0.759013460132187,-3.26737461220532,1,0,"2","3",-4.19473561380573
0.469093473673361,2.32663730967107,1.81818725587228,1,1,"1","1",-0.316446962347114
-0.79766460913764,3.15044361038016,1.14149235474934,1,1,"1","1",0.427771131418374
-1.14574497342569,1.56930756048803,3.38961329199558,1,0,"3","1",0.609963216625724
0.098623841318576,-0.591437066714598,1.5649406685776,1,1,"1","1",-0.64976861281764
0.837721755093381,0.316838781199293,0.383891863382619,0,1,"2","1",-0.227625638459728
-0.113823458283976,-1.24799647005099,-0.586511919207795,1,1,"2","3",-2.78408054313556
-1.30073193477422,1.20093739668951,2.82626562311661,0,0,"1","3",-2.6846974428231
-0.350264813970433,-1.45467204931666,-1.17953192970249,1,0,"1","1",-1.2930686663831
-0.0764415451021753,0.694709346168555,-0.406817377251114,1,0,"3","1",-0.185880846578567
-0.410082290987474,0.259794151758213,-0.206329964516974,0,0,"2","2",-2.66367109727807
-0.101555158423936,1.36154867123745,0.401895160223675,1,0,"3","3",-2.35512476639582
0.34593361256366,-0.401302248237516,0.984769078343832,1,0,"3","1",-0.573638726375961
0.352124493231758,-2.02238483695689,-2.1909079622769,1,0,"3","3",-3.3192162494852
-0.888824434527335,1.63792070177343,3.03944312541774,1,0,"3","1",0.214836197408221
-0.599761182834796,-2.65140450142213,-0.271885843304079,1,0,"1","1",-1.35874223802606
-0.416314104609298,2.07281500740732,2.16500739311486,1,0,"3","2",-1.53706149804606
-1.27698450764033,0.251098937065261,-0.88534736223065,0,0,"2","2",-4.68469448158776
1.73747710095102,4.33820513260862,5.08708960999441,1,0,"1","1",1.52024438972115
0.22826507511259,-0.422026842138107,-0.888502090847917,1,0,"3","1",0.183660606104047
1.05097627225493,3.77237137408487,0.511610005486707,1,0,"1","3",-2.21679062753829
0.0807975034285482,0.64686265898465,1.98912746665732,1,1,"1","3",-1.4534141669631
-0.414682004449743,-0.197833050529742,1.32486228379836,1,1,"3","2",-3.14042868864786
0.778199505620849,-1.24709972935014,-1.30052075259243,1,1,"1","1",-1.45131689046706
-0.374120714699789,-2.13432501610836,-1.42507135453065,1,1,"3","1",-1.53932592775801
-1.47053676808307,0.765093987701182,2.22071432812772,1,0,"2","1",-1.60726248806771
-0.663336943859639,-1.02286445338509,-0.10040002887691,0,0,"1","1",-1.68724813364662
0.455625602860039,-2.36751156882362,-0.6513962397083,0,0,"3","3",-2.83678794179155
-0.605154351889381,1.22373522251844,-1.26532750077646,1,1,"1","1",-2.29621478522709
-0.769169045969992,-2.00183943090143,-0.39315234943871,1,0,"1","1",-1.93874391451055
2.33770531539715,1.0605511721025,1.41054174933074,1,0,"1","1",0.5562141974973
0.19115373114026,-1.26962558818075,-0.376641356044414,1,0,"1","1",-1.62251358794156
-0.317339878535792,0.263047820632111,-1.45636452605076,1,0,"1","1",-1.78697574436957
-0.785336117546748,-0.579030432503612,-2.61671178249316,1,1,"1","3",-4.55591994584432
0.592785001713649,-0.836174161337021,0.762758031836295,0,0,"1","3",-3.88709819170677
1.41056199105507,-1.83550879161175,-1.92422439502466,1,1,"2","3",-3.26162345760505
0.633564656817649,-2.72909097392882,-1.51672832508141,1,0,"3","3",-4.03907863113826
-0.388863413521217,0.48911348731626,-0.368265237926649,1,0,"1","2",-3.62076709771967
0.757317330253784,4.42467647018853,1.67553571575384,1,1,"2","3",-1.52794149431406
1.61396028866417,-1.63508184666573,-2.2229190535941,1,0,"1","3",-3.89230362928327
0.141821232137109,0.254020128829131,-0.363564918390433,1,1,"2","3",-3.7360593640762
0.642619257977681,0.850252595549469,2.21368486650033,1,0,"1","2",-3.21562453490335
0.716217250448153,0.419191206657533,0.854402499028947,1,0,"2","3",-3.16689369665382
-0.891302989944343,-1.44871406593742,-2.6105860917195,1,1,"3","1",-2.19438892308555
0.323650734908896,-0.807876566133461,-1.1862628857045,0,0,"2","2",-2.97217194291289
0.371039843700761,1.65312289117927,-3.0857258377325,0,1,"3","1",-1.67799022641998
-0.270892468762224,-0.985091407756976,-1.19274612664097,1,1,"3","3",-3.06918697009159
-0.386900916877864,-2.61169474012455,-0.0116634053582492,1,0,"3","1",-0.95841203625805
1.79492858174743,1.21505571955081,1.15492509768869,1,0,"3","2",0.33422316146101
-0.643209703184595,-0.378452965809631,-0.405586160414325,1,0,"1","1",-3.54734900014745
1.80726743295215,0.367230124165731,0.0270348756864651,0,0,"3","1",-0.402535113645326
-2.464964577687,0.65857509454605,0.156630535647735,1,1,"1","2",-4.4930418668649
0.182340492310971,1.27922772282026,2.05095060305788,1,0,"2","1",-0.275920961787569
-0.289153805500057,-0.347191498626814,0.532345843493975,0,0,"1","1",-2.41384273467776
0.0977669711404632,1.58074805262286,0.347266344966028,1,1,"3","2",-1.8781605370363
0.786343567212615,-0.468097909490237,-1.04812948190341,1,0,"3","3",-2.62524834137767
-2.14453186878227,-2.65389725815266,-1.82773537094001,1,1,"3","3",-4.26380151805077
0.498877958112688,-0.0610021968808053,-1.18102683744529,1,0,"1","2",-2.64032270163078
-1.48919596427005,-1.68701397167054,1.53096043171466,1,0,"3","3",-3.90748503103486
0.197571852113858,-0.465294714753307,-1.20929437473368,0,0,"3","3",-2.63161149185668
-0.11247386650134,0.314127039586164,-0.52950448843483,1,1,"3","2",-2.51286873448673
-1.00879430526578,0.374383655657039,-1.0684076719468,1,1,"2","3",-3.36825787924257
1.33594689557027,-0.338101067904571,-2.04844306356511,0,0,"2","1",-1.40628771247862
0.538291302628132,1.35983657861931,-0.878891374967855,1,0,"3","1",-0.752375123838956
0.609302056345267,-0.811085065316682,-2.03748710100118,0,0,"1","1",-2.62808499350394
-0.00751803031275213,1.29529132840452,3.44558915726909,1,0,"1","1",0.108341924915037
-1.28367980690536,0.650099803688764,-0.13092191995312,0,0,"1","3",-4.6056884775655
0.0190229788863099,-0.494440448432305,1.57762055633773,1,0,"2","2",-3.02680387788107
0.520340198206029,1.4429463829788,0.808992656022256,1,0,"1","1",-0.579646786858185
0.0863124523352401,-0.138052385388535,0.304189716594738,0,0,"2","2",-4.19820902017478
0.478110422970414,-1.51285048674221,0.375899096271636,1,0,"1","1",-0.661369797750724
0.016636590940344,1.34764485624937,2.0711162080993,1,1,"2","2",-1.89835085105401
-0.0952857146793685,2.16366042218804,0.0857522050671775,1,0,"2","1",-1.45195184998903
-0.856210144211481,2.59075072559921,2.74865495884202,1,1,"1","2",-1.92871801537108
0.101156962475701,-1.11953915052951,-1.64853494675741,0,0,"1","2",-4.34417992358001
0.339143838947522,-2.11502978954258,-2.81252641354681,1,1,"1","1",-2.55226171201773
1.78618892386338,0.96499242560458,0.20206148046144,1,1,"3","1",1.21017596142133
0.86890492377617,-0.856264896285119,-1.27442255224937,0,0,"1","2",-3.48075279328648
-0.315500766140497,1.23939184452967,-0.853369420244487,0,1,"3","3",-3.28542171329605
0.933843709268838,1.04050981249368,-0.886148870427849,1,0,"3","2",-2.09481669253907
-0.943723071236757,-1.88151835756359,0.153272361866886,1,0,"1","1",-1.42187321437487
-0.906255076020913,2.44422907618142,3.82575610537552,1,0,"2","1",0.464486839621684
-0.131293895730197,-1.50690206311329,-0.055308706965184,0,1,"1","2",-4.19672246716346
-1.34938429125474,1.91144928918316,-0.61495555542577,1,1,"3","3",-3.80404649982343
-0.813855776166753,3.34950765741893,3.1141621475141,1,0,"3","1",0.678372411613029
-1.451180860269,-4.33228064723556,-0.399307233347189,1,0,"1","1",-2.75751288621799
-0.493964738756321,-1.53692386226252,-1.25726682545594,1,0,"1","2",-3.8273825394652
1.02321256715288,-0.535025494576588,1.54357193075664,1,0,"1","1",-0.775774167949394
0.633158769939642,1.34187572718933,3.2800407973167,0,0,"3","1",-0.29580683917042
-1.80877750218808,-0.286659997280755,1.15856592746755,0,0,"3","2",-4.21572131331035
0.0340174018227516,1.76383305412832,1.27554061653924,0,0,"1","3",-3.23129134603355
0.582634156244104,-2.00109710629555,-0.407522261494843,1,0,"1","3",-2.85825648621673
-0.638876457182493,1.74221334753561,3.7334019085034,0,0,"1","1",-0.715948298799796
0.0203861290946767,-0.398043341348917,-1.19470373193882,1,1,"1","1",-0.856474181256734
2.58849493716644,1.38045801353355,-0.826402699689441,1,1,"3","2",-1.12942536116341
-1.17219850194775,0.212931978540156,0.623009553429454,1,0,"3","1",0.0563690218134054
2.51403505432049,-0.0823623794674052,0.297739300723018,1,0,"3","1",-0.12570780889863
0.647138656424524,-2.00083202558127,-4.00921401145831,1,1,"2","1",-1.63251707118525
1.08351560685405,-0.51450111536585,-2.9412719745737,1,0,"2","2",-3.20510428151517
-0.187067175439707,-0.142707547165015,1.12232118083786,1,0,"1","1",-0.288308063192292
0.364604042877977,1.57034922176153,-0.0150711238704818,1,1,"2","3",-3.43272517016754
1.80338980958829,1.42272428408633,-1.46720054992898,1,1,"3","1",1.2537575939341
0.989720325413773,-0.646008342590854,-2.14705786294626,1,0,"1","3",-4.58220981712641
-0.123478995003883,-0.914471866663473,-0.622054646374771,0,1,"3","2",-3.32533454280323
-0.364699012779348,0.843821951123306,-0.0875808374937033,1,1,"2","3",-3.05435335293518
-0.321358487024604,0.206006090300661,-0.61784071344049,1,0,"1","1",-1.36151128794912
-1.33939748481626,-0.432380300477843,3.38607201050613,0,1,"1","1",-1.20905423215604
0.320242463691905,-1.27493949991927,0.689530154717585,0,0,"3","1",-1.56793746083589
-0.554625803181474,-2.85721923633332,-0.945681113353814,1,1,"3","3",-3.38993281619594
0.113778766028938,-2.39417615513788,1.35501059456961,1,0,"3","3",-2.74572619807986
-0.844197682829792,1.21036420200597,-0.0913116345316262,1,1,"1","1",-0.697718046007956
-0.288837103879442,0.939520162462423,-0.0159355782804468,1,0,"2","1",-0.910427177298315
-0.0571602149544181,0.436161154225032,1.0060292028598,0,0,"1","1",-0.572870260493158
-0.702265536220432,-2.04869992822156,-2.60066362697503,1,0,"3","3",-3.2667743379306
0.906264640949817,-0.823165803431681,-1.72483725811195,1,0,"3","3",-3.68527189018239
-0.199204096532363,0.61749776476681,0.808856667040941,0,0,"3","1",-1.35859067203889
0.0675879743911901,-0.407882879734531,1.18619041235169,1,0,"1","1",-1.31527507693104
-0.982824561927003,1.41732198418262,2.519596484855,1,1,"3","1",1.25109906670015
0.0939462545010227,-1.12020067994619,-1.4515692774827,0,0,"1","2",-3.46583720364382
-0.456275621647967,0.985275017889838,-2.13058592370743,1,1,"3","2",-2.98727999048369
0.235582406014026,-1.46088525682867,-1.40079564850495,1,1,"2","3",-3.54366332628856
-0.748400828838297,-0.63469656584629,-0.422801464829503,1,0,"2","2",-3.83048391793422
-0.347816470693719,0.972486586614506,1.80973615289775,1,1,"1","2",-1.46404319885919
0.985927656754411,0.13682120764321,0.331147375929484,0,0,"3","1",-0.680417436453774
-0.321900659385772,1.3915490558282,0.246557942403267,1,0,"2","1",-1.25663895659371
-0.745628628476249,1.84568632015278,1.13565581556931,1,0,"1","2",-3.77828687021733
0.98710853429024,-0.362567038094129,3.84955568409308,1,0,"2","1",0.867219790056022
-1.18711824532095,0.471216641089633,0.290471353434512,1,0,"2","1",-0.758047132241181
-0.812259191165596,-2.26740215618945,2.10987953600821,1,0,"1","3",-3.36534325517991
0.28420286022376,-1.26655231141158,-2.6142429369978,0,1,"3","3",-4.40502088998948
1.12455252371448,-0.054502608149004,-1.22058753558656,1,1,"2","2",-2.02276025965984
-1.05143543951287,3.0430563781892,-0.841476961941466,1,0,"3","3",-3.37692660752296
-0.0677358198060887,-1.82682288362965,-1.34800247329916,0,0,"3","1",-0.169952710510166
0.13249638959379,-0.477451740236742,-0.619014504432432,1,0,"2","1",-2.87977024833196
0.169649401217404,-0.527665136959341,-0.0552934690291465,0,1,"2","2",-4.28213027174113
-0.778666522343728,0.683243750152608,-0.358527799584616,1,0,"1","1",-2.64230502066027
0.113489892347972,-0.193003627748503,1.25199145800761,1,0,"3","3",-3.59744625468773
1.24173325273818,0.377746941048189,0.339460751064351,0,0,"2","3",-4.01954683745257
1.0887513761725,3.2862946935925,0.915125724924333,1,0,"1","3",-2.33121171586228
-0.167201503538391,-0.0474030229973659,-2.50727907866551,1,1,"2","3",-4.0259205779692
0.0774239474487896,0.843408345467884,-2.32961416686627,1,0,"1","1",-3.72052348888628
0.339135622335285,-1.06503848907284,-0.457041481755667,0,0,"2","1",-1.00162407096298
-1.61167530951466,-0.729941664940962,-2.42140597182255,1,1,"3","1",-2.11813483119059
0.101786382994567,-0.0189149913113699,1.02752339026041,0,1,"1","1",0.149761563206363
-0.0707378415331925,-0.963802885264659,-0.825591337104978,0,0,"2","1",-2.20043656803835
-1.61936483011966,0.784166952273214,0.522903196968222,1,1,"1","1",-0.723725825870724
2.05523639018355,2.05531789283412,0.0811985670868016,0,0,"1","1",0.273763228353779
0.82581077068027,0.303007452065026,0.0274621717869301,1,0,"2","1",-0.779210577205079
0.765425537512888,0.65979452930298,-0.4624778538866,1,1,"2","1",0.307883542348143
0.415599699266948,-2.28688638028874,-1.19610912249023,1,1,"2","1",-0.497600208417763
-0.869339869845529,3.12124636845313,2.9670710491095,1,1,"2","2",-1.52683525904257
-0.601674504845082,0.139601030613842,0.0195831871965043,1,0,"1","1",-1.62116471579462
-0.640232253774318,0.766449394892969,0.761689768818666,1,0,"3","1",-1.45002115948439
-0.801507489029907,-0.438813061570481,-1.09886949284683,1,0,"2","3",-5.13323575000095
1.45726110745018,-0.313343500155985,-0.126275389578471,0,0,"1","1",-2.07069894308828
-0.497695598978883,1.16337624240985,1.7860038571642,0,0,"2","1",-0.806415405024686
1.66908041572987,-0.188839949253019,-0.956191159960533,1,0,"1","3",-2.18112010686459
0.269589159456592,-1.03934560235854,0.919274535864245,0,0,"1","2",-3.32479808008891
0.999191428782958,2.50263691539458,0.816622625375133,1,1,"1","1",0.726453734332569
1.42733248753289,0.0655894930243472,1.14606427167026,1,0,"3","3",-2.59604568169278
0.465532476491068,-1.47985737890072,0.0381575970806685,1,0,"2","1",-0.852318610761032
0.921855498472723,0.600205775247829,1.58569441494685,1,0,"2","2",-3.36489804362775
2.34709519860335,3.04460410325353,0.859093019972785,0,0,"3","2",-0.764919869869425
-0.23500544218496,1.3273091866295,2.16845003812302,1,0,"1","1",-0.888079775046339
1.09496887260235,-1.09917482473609,-1.7386059748686,1,0,"1","1",-2.22273612720532
-0.659306731332466,-0.186551357069091,-1.83672132313062,0,0,"1","3",-4.7809507450919
0.571314146474034,1.31884228140927,-0.11330656340103,1,0,"2","1",-1.65535758800094
-0.573601934654841,-0.118786805778581,-1.08108859933503,1,1,"3","1",-0.523837163579291
0.00111333343614835,1.11394960535854,0.653222578488597,1,0,"1","2",-3.716700056555
-0.365697888997543,-0.362393649760521,1.80231928341441,1,1,"3","3",-2.74556430444534
-0.318201127788719,1.05285003308283,-0.758099342432509,1,0,"2","1",-1.25606590260568
0.181399118431041,2.28800030026143,1.87127681244556,1,0,"2","1",0.309267444721129
1.75239792205242,0.145368182759525,-0.513993228031868,0,0,"1","2",-3.37155153033352
0.0957179894381415,-0.0325856276727888,-0.047082834700799,1,1,"1","1",-1.25097928123799
-0.953934930299225,1.4614242631561,0.227088415931338,1,1,"3","1",0.10994408594179
1.83247162879092,0.988820627897034,-0.16563633403739,0,1,"1","1",-0.188810164801779
-0.451004865516235,1.48233164318493,0.971301566105508,1,1,"2","1",-0.283498786903
-2.45890916139336,0.534033478947397,-1.04269786544587,0,1,"2","1",-2.68824565094507
-1.03676179110067,1.09560978569095,-0.882564074559814,1,0,"1","1",-1.95887708296605
-0.232433975410116,-1.82341853664255,0.174287464484369,1,1,"2","3",-3.99855411469808
0.972716091015963,0.519300094678698,-0.0730766376870805,1,0,"3","1",-0.734964279036938
-2.17822711854308,1.34888073178961,-0.0285461713967823,1,0,"1","3",-4.72647905122543
-0.303877325692844,-0.910692961414435,-1.56895769142871,1,0,"3","2",-3.16400011365071
0.511388631829321,-0.600529486215117,-2.81606759554621,1,0,"1","3",-4.59953535920253
-0.369251539714591,-1.15072159563172,-2.67601231813615,0,1,"2","3",-6.03586786740796
0.794260242979214,0.109126576391851,0.0500291592199084,0,0,"1","1",-1.65037532930843
-0.957500808727383,-1.27834917085314,-0.777045956793513,1,1,"1","1",-1.30769096273143
-1.24072146799093,-0.419132838934765,0.571073316581104,1,0,"1","1",-1.26365016533467
-0.159337199734361,0.563742591851142,2.97514682092854,1,1,"1","1",0.155371908927471
0.484408762917881,-0.441650616877762,-2.03267304692115,1,0,"1","1",-0.938902041675846
-1.52975612040332,1.92435642146135,0.219750021166523,1,0,"1","1",-1.68659174318456
0.438857325068201,-1.11346895887725,-0.652515250089816,1,0,"1","2",-3.48464535229947
0.137001276858048,-1.23658680938096,-3.42568452036542,1,0,"1","3",-4.89646492419947
0.202838206589181,-0.643737551437588,-1.71492891356251,1,0,"2","1",-1.69346883084664
-0.553987707728099,-1.28394416411922,3.02706979580258,1,0,"2","1",0.315072724186408
1.21428316233264,1.7817822083431,0.526734926894595,1,0,"2","2",-1.73519308873581
-0.0602350893344576,0.358903847393912,1.45659145096723,1,0,"1","3",-4.20143297451551
0.30076258895191,1.08683289315727,-0.468748200587781,1,0,"1","3",-3.41339816184047
-0.775417115055348,0.314422963353264,1.14927435037971,1,1,"2","3",-3.03750644810245
-1.11622703877267,0.314444211412297,2.34267717781518,1,1,"1","1",-0.797167873930163
-0.364120207123648,-1.72850540146034,-0.42212857361855,1,0,"1","1",-1.10181187351919
-0.676646832963899,0.832355575816084,0.895050724509058,0,1,"3","1",-0.644136114491072
0.401972579066375,0.282637170505974,0.598898873043965,0,1,"3","3",-2.15342455259372
0.549567584692397,1.98091803083341,1.62863243353129,1,0,"2","3",-2.42387147833522
0.0108341736245124,1.56950525086428,-0.685559703342806,1,0,"1","2",-2.32119735967425
-1.09298367193638,-0.0806965817037168,3.1148755732812,0,0,"1","1",-2.09755761912784
0.313291470871216,-1.72051700218749,-0.412486785347838,0,1,"3","1",-1.58745181671995
-0.473097887441467,-0.496822526631586,-2.07366384969363,0,0,"1","1",-2.63743712285299
-0.688280773559626,4.27318057894714,3.07175864374107,1,0,"1","1",-0.27504046504666
-0.775418668870241,2.1821195539596,0.0681928981046267,1,0,"1","1",-0.0846274068803928
2.279635610287,-2.21469340070555,0.0251554031904979,1,0,"1","2",-2.72966876104185
-1.06932927656673,1.96319785921716,0.203163823921536,1,0,"3","1",-0.101693209410401
-0.506638612163344,-0.0890349017429521,-0.392670780572851,1,0,"1","1",-2.01721434694868
0.146371204057229,1.10823416712551,2.57252727089407,1,0,"3","2",-1.79315910854503
-0.583112476967652,0.403878349997882,0.320890192519103,1,0,"1","1",-1.44742387510029
-1.14893395979398,1.51470973748637,0.159778921145122,1,0,"1","1",-1.71694312291361
0.480231441495026,1.79063358117776,0.467015405225285,1,1,"3","1",-0.0317210290818289
-1.00441318831807,-0.0856766407607348,-0.00329855824334396,0,0,"2","1",-1.59478385405167
0.15114413005516,0.163101963423758,0.0115879099829333,1,0,"1","3",-3.89921450581021
0.989244384950274,-2.82636236735688,-3.11211125795639,1,0,"2","1",-1.50891684088837
-0.251058881476398,1.3317885825645,-1.26339128920258,0,0,"1","1",-2.99952805072245
1.1840366454124,-2.07928896168005,-0.279502290886722,1,0,"2","3",-4.60452143226639
0.651976169953249,2.22915797069584,-0.357963683109125,1,1,"3","3",-2.17053395347821
0.78355488920672,-0.823463274189377,-1.04895847261301,1,0,"1","2",-3.37438453982845
-0.159407115741727,-1.87233644178014,-2.56112378038726,1,0,"1","3",-4.03315551599595
-1.53720382979245,0.596746592454586,1.24844956293851,0,1,"3","1",-1.37434138323871
-0.330444460749518,-1.56612805432644,-0.0374634291742952,1,0,"1","2",-2.53282436175184
-0.550410581138266,2.76370932372213,1.39054581872413,1,0,"1","1",-0.234454031011126
-0.899242342252292,1.44504732595626,2.47304391687629,1,1,"3","1",0.203734591574276
0.780234976253176,-1.35841069261371,-0.368586809000994,1,0,"1","3",-4.2548711804842
-2.15898693786272,-2.59315473153704,-4.32565623873477,1,1,"2","2",-5.45349228889081
2.09382624805211,0.6439097670642,0.873991665095013,1,1,"1","2",-1.77765769050301
-0.22459974775942,-1.60249491401846,0.838329671298939,0,0,"1","1",-1.09632355916729
-0.759184485465042,-1.92924431562251,-1.23555663453915,0,1,"2","2",-3.66225245875762
0.0318084483493618,2.51434854579221,2.9798766188433,1,0,"2","1",0.918623509769488
0.528701503620344,0.805938906570523,0.717555862066199,0,0,"1","3",-3.55561613445992
0.728233531285582,-0.376104038686379,1.17602407522949,1,1,"2","1",0.874647143244977
0.767754197921651,-1.09959356055895,-1.85594060273383,0,0,"2","1",-1.9854409046288
1.18748098741834,-0.504774595213096,-0.045191700412672,1,0,"2","3",-2.3172870141552
-0.434266799344763,-0.80290653236844,-1.30888590360631,0,1,"2","1",-0.956671527368642
1.36058012124098,2.34296401072922,1.44950362176913,1,0,"2","3",-0.620895090306066
1.36756068462186,-1.8797401066295,-2.33268143077821,1,0,"1","1",-1.85182052372848
-1.36154932376816,0.634720974131095,1.45480038351569,1,0,"1","1",-2.02275889345038
0.363284031206534,1.9417838367812,-0.139993768174354,1,1,"1","3",-3.3266842297812
1.26359218967559,-1.3682512069549,-1.74720984636933,1,0,"2","3",-4.48243891500252
-0.225265558802187,-0.85845183845842,0.932421848767576,1,0,"3","3",-3.65980180644359
-0.955689665559583,0.158736676523439,1.71913149933832,1,1,"3","3",-0.937255781001452
-0.0747209615085963,-0.218318070156324,2.31912402574542,1,1,"3","2",-1.68628600418597
-1.03756266304444,-0.997362219480569,-2.50709850912501,1,0,"3","1",-2.02205841795516
0.792976804377036,0.880168290012841,-1.349992844027,1,1,"2","1",0.559180482933417
-1.06726877915081,2.86143656618775,1.99053513297584,0,0,"1","1",-0.697485659621202
-0.10041690038855,-2.13023217058638,-2.62452904055523,1,0,"1","1",-1.34904733322363
1.53043434170351,0.902362899373145,-1.63179303196977,1,1,"3","1",0.0315489098205417
-1.00778267545209,0.0862795750910788,0.956394619891465,0,0,"1","1",-2.92430836289689
-0.502317775259529,-1.06796131754046,1.8708116510798,1,0,"2","2",-2.39744911963525
-0.588557499646334,-0.399987383059237,4.64932475907161,1,0,"1","2",-2.92804092123744
0.184556739919972,1.13721807994382,-0.554127232715882,1,0,"3","1",-1.13601569102609
-1.34611694685945,-1.39818335228225,2.7196039626486,1,1,"1","1",0.046278235305957
0.0697180340098779,0.451316787894467,1.12316442288786,1,1,"2","3",-1.69174665890753
0.471177730210339,-0.649148559556105,2.00128850682865,1,1,"1","1",0.893950316741557
2.19368307861686,-1.62699101002056,-1.52993747950629,1,0,"1","3",-2.90534780535151
0.315185708066409,0.260248472118693,1.03130289699392,1,0,"1","1",-1.85333209299439
-0.833768934477644,2.1550941775679,3.01818899345007,0,0,"1","2",-1.72437716166438
-0.293953136304095,-1.39780450779955,-1.20177519059035,0,0,"3","2",-5.38310514719113
0.117576566590785,0.234294178708691,-2.19656871439129,1,1,"3","2",-3.70955793504585
0.257078849252406,1.01215687947351,0.217109657875641,1,0,"2","1",-0.260180691730534
0.629760863931468,-2.0214494222597,-2.50621485969124,1,0,"3","2",-3.14550412149506
-0.394420934130898,1.26509405779906,2.04227632255634,1,0,"1","1",-0.242172186781208
-1.06423261851017,-0.755593716970129,1.91751709068586,1,0,"1","3",-3.68294832328081
1.18219962383486,0.269280305554608,-1.5213476525219,1,1,"2","1",-0.549561159283266
-0.0497388160666286,2.02939601646594,3.26221350455949,1,0,"2","1",-0.587863434443151
-0.640923686027891,-1.12232601622707,-0.160195123139692,0,0,"1","1",-2.87288280172492
-0.2399029882557,-1.42060418137303,-1.60714877964731,1,1,"2","1",-0.542945051582725
-0.670084589982102,0.599340202036722,-0.898266939235441,1,1,"2","1",-0.820168442496853
1.57467360309871,-1.1359067244251,0.660783092710669,0,0,"3","2",-1.63710706842209
-0.43500667922512,-1.18795598400536,-0.231837148008943,0,0,"1","1",-2.760577318702
-1.77147654593237,-1.59202202304296,-0.160099577479349,1,1,"1","1",-3.29521324502991
-0.107766136970671,0.714486307490679,0.346599418465727,1,0,"2","3",-1.97451611204775
0.0118505464228816,0.976960373258702,2.70674234668872,0,1,"1","2",-2.96459778353623
0.0395368495688698,-2.03797639221216,-0.96338761600555,1,1,"1","2",-3.55901534416757
0.532989205096355,1.48862014641728,-0.995052848409637,1,0,"1","1",-0.607309903372078
0.812289862772435,0.127386372541219,-2.56434095063982,1,1,"2","1",-0.355499762421529
-0.434321625478974,0.35362294622901,-0.0760910552055599,0,1,"1","2",-4.21480573133655
-0.631904566806808,0.362741132430018,1.43787128656994,0,0,"1","1",-1.39087056517264
-0.389382578699667,-1.3900696228912,0.711499329988431,1,0,"3","3",-3.6029242076823
-0.02605564036061,-1.01806137807902,-2.07640723542864,0,1,"2","2",-3.28035321625817
0.358420385885533,0.673567713613731,-0.943010801701227,1,0,"3","2",-2.67735329693503
-1.0298996573657,-1.47276039541525,-0.377626459568622,1,0,"1","1",-1.68257402245233
0.333583095718672,2.12511861478373,0.28606710042569,1,0,"3","2",-2.5277124428264
-0.770854643986238,-0.814649551822877,-1.00297745285195,0,1,"2","2",-3.44250966487061
1.2097001633628,-0.792625484351489,-0.130910405554959,0,0,"2","2",-3.41543476473493
-0.028395930977954,-0.648576413061499,-1.67508209369116,1,0,"1","3",-3.94746045606705
0.600963123634403,1.78274840273664,1.09406864944283,1,1,"3","1",1.17750047423211
0.283464344086221,2.48428493107969,0.686481495603582,1,0,"1","3",-3.14947132957997
-0.0152084652933297,-0.542120451482829,-0.917748259345578,1,0,"2","2",-3.62792452587369
0.66996675123673,-0.399773810419057,-0.820846046049792,1,1,"3","1",-0.884374203367188
0.697477666127322,-0.104320514133545,2.65630111715608,1,0,"1","1",-1.02219737936888
-0.817053688181095,0.0825409644046017,-0.0425799444262794,1,0,"2","1",-0.858972649634899
-1.42950585934518,0.521853038543772,0.792273839374758,1,0,"3","3",-4.37744961134918
0.976168376017895,-0.623505635511048,0.796078778899048,0,0,"3","3",-2.66262822492769
0.759959317376242,-0.222774874073443,-1.15806016037124,0,1,"1","1",-0.548770306597856
-1.02938456743464,-1.79911001199271,-0.19871298567728,1,0,"1","3",-4.19512078144569
-0.435811865508746,0.00742231889727573,1.40516043066203,1,0,"2","3",-3.09303356578159
-0.602480647679707,0.683163144082197,0.66292243088206,1,0,"3","3",-3.07846591511586
0.357588206253624,-0.849251109756432,-0.462494029100576,1,0,"3","1",-0.8141551172092
-1.30156183198143,-2.35978924576779,-0.633182185900009,1,0,"2","1",-1.616096273812
2.0558132709164,2.43881555572129,0.171569943727122,1,0,"1","1",1.05571125944831
-0.562187838355832,1.61253089533037,-1.30214217191118,1,0,"1","2",-3.65281702047011
1.29474242591213,0.0550841470718972,1.22244413594478,1,1,"3","1",0.349826033270982
0.857771328401784,0.437112542776357,0.38356673011574,0,0,"2","1",-0.531353870393931
0.771811136722231,0.366852272491458,-0.244328858170955,1,0,"2","1",0.228373816713179
-0.140392076459398,0.00474101339342107,1.91440378477787,1,0,"1","2",-2.89223902800499
-1.4870592466161,-1.55450007090688,1.25051578034716,0,0,"1","1",-2.90497981679351
0.0218059857127451,-0.26429760737713,-1.04118719019498,1,0,"3","2",-2.73584204298168
-0.66856889103672,-0.660228234083308,-0.347277974394024,1,0,"1","3",-5.96313583616101
-1.31740373303694,-1.34753870031302,0.415353988596259,1,0,"1","3",-4.2623221648331
-0.590649109993277,-1.03086261565786,0.319538717064777,1,0,"2","3",-3.24241327252557
0.259892442376864,-0.0882986215997003,-0.584905522756099,1,0,"1","2",-3.76742010561215
-1.4063975002012,0.323009852988584,0.619100184507846,0,0,"1","1",-2.33033145802071
-0.113803091580523,2.36991811512094,0.135923436617512,1,0,"2","1",-1.17783993847549
0.962195520008217,-0.342252510305695,-0.771920466655692,1,0,"2","2",-3.2948803681022
-0.812969998713097,-1.90663076929006,-1.4128681522272,1,1,"1","1",-1.44029275609149
-0.727529192653426,0.0661925720512345,1.89623796459679,0,1,"3","1",-0.640949822403391
-1.42656644871918,-1.66262389487211,-1.82189096218462,1,0,"3","1",-3.14015612994012
0.415302498817448,-0.779144460086205,2.71791714260312,1,0,"2","1",-0.277960162676914
-1.06733428403099,3.06812449497899,2.89678852459055,1,1,"3","1",0.505379265488312
0.474306834171411,0.364888407459734,0.663909254939061,1,0,"1","3",-3.80147618299233
-0.674890429935386,1.95727594039205,0.301895530872049,1,1,"1","2",-2.8213873195338
1.2298188004098,-1.56993598235054,-1.09289950260865,1,1,"3","3",-1.74777334583567
0.131513391770965,-0.914330952497919,0.352571486575021,1,0,"2","3",-3.63617790982642
1.20054410719447,1.94360142859096,0.203350561161255,1,0,"1","1",0.470448225125351
-0.0163254365125329,-0.832110650211192,0.482594756673729,1,0,"2","1",-0.898386780114735
-1.1506013891921,0.483671722068402,3.04458624292257,1,0,"2","1",-0.793404701670371
0.341687630830993,-1.12595035782138,-1.14506375612359,0,1,"3","1",-0.962626352260975
1.14609136107905,3.99794454301813,2.81758360626599,1,0,"1","1",0.329619911375246
-0.758956694159194,0.0812681245337701,-0.251105158324733,0,0,"2","2",-3.81413408113061
2.95620778560657,-0.065537837292467,-1.50683076611669,1,0,"3","1",-0.132723389107143
-1.85377856550809,-0.938368708444136,0.392490663895091,0,0,"1","1",-3.20486397645348
0.63571367015807,2.16469044335782,0.45564719199185,1,0,"1","1",0.185359791044727
0.337347186030092,0.686332334801267,0.843628342239366,0,0,"3","1",-0.232111443696782
-0.923022309746966,0.0255327522629822,0.577678125892466,1,0,"1","1",-1.6090845740947
-0.0746377346820451,1.25088818918961,0.627155728735669,0,1,"2","2",-2.69262518301281
-1.50698717376365,-1.81770070963137,-1.52390315724972,1,0,"1","1",-3.23542367120869
-1.2109529759413,-0.91811576289942,-2.80416515677891,1,0,"1","3",-6.25662630949572
0.267472428105758,0.167217184884888,0.55273293003517,1,0,"2","1",-1.01574326336946
0.855927858336098,-1.16494799896657,-0.116311108859669,1,1,"3","1",0.729092042747796
-1.36053163136638,0.331325125043129,0.454741819749568,1,0,"3","2",-2.2064461370716
-1.00904897715179,-4.0496592197324,-4.09124755247457,0,0,"3","2",-5.00786203404834
-0.468962496226564,1.46148998943041,1.40569433840739,0,0,"1","1",-0.633377617762429
0.202755194394075,-1.41932270955967,-2.08936597440018,1,0,"1","1",-2.33941233676117
-0.323781008433598,0.700033836167302,-0.773993956512668,0,1,"1","3",-3.91337296312761
-1.29181638627518,0.0834315092430107,0.647578484847991,0,0,"3","2",-3.4154695782791
1.4326235725283,-1.06541355638367,-0.475878648919993,1,0,"1","1",-1.37952081056251
-0.163792445793027,-2.05190670077237,3.18558826963458,1,0,"1","3",-3.89010323393398
0.93992273763482,-0.647911555984086,-2.51436427445018,1,0,"3","1",-0.836932771889682
-0.452677568008247,0.312535649172861,0.75755894463742,0,0,"3","1",-2.43478967694206
0.0289192143043839,-0.644292194692138,-0.169459999096493,1,0,"1","3",-3.66625086264146
1.66312998377967e-05,0.0883176985026624,1.83609203503064,1,1,"2","1",0.88643276411497
0.612919235959179,1.45346585003711,0.56840609472236,1,1,"1","1",-0.510585233386638
0.844093984773211,-1.37874113006302,-1.154815916023,1,1,"2","3",-3.4933805781001
0.0140155984011998,-0.994787299779969,0.847289505921165,0,0,"1","1",-1.71827809568924
1.5144178635953,-0.221984949150143,-1.45920731827942,0,0,"2","1",-1.20786433445621
0.808993022225177,2.08075158791308,-0.974999350718658,0,1,"2","1",0.222149150487357
-0.481651654470347,-1.65051953745786,-0.233144822653732,1,0,"2","1",-0.809172846311506
-0.723614744154388,-1.03432766188682,-0.134573029630754,1,0,"3","1",0.700341730750757
-0.178598497379145,2.89767007396419,3.02999382952781,0,0,"3","1",-0.714577795797658
-0.820835840897232,1.45160225768546,1.28932178515555,1,1,"3","1",0.167257585118957
1.16248429545867,-1.24432601831977,-0.0234918345999101,0,0,"3","2",-2.22998415808039
0.0582922124606152,-0.983226515859721,-0.0214113466438212,1,1,"3","1",1.10987681370397
-0.051056981107489,-0.126778352411768,3.30747489739482,1,0,"2","1",0.287292437872032
0.264943614880007,-2.47550638615229,-1.74251975401333,0,1,"3","3",-2.91318148260804
-1.46578202515477,-0.835767986010041,-1.58587161525837,0,0,"3","1",-2.97890585973919
-0.103450570057349,-0.0342132399401332,-0.999105569527959,1,1,"3","3",-2.93683779778449
-2.15187328089852,-1.78879425087161,-1.71208576221288,1,1,"1","2",-5.05234432541268
0.459706323310732,-0.737020466349842,0.153173463829099,0,0,"2","3",-3.10081945243867
0.305234251887241,-1.22477244868111,-1.65569414390671,0,1,"2","2",-4.00947390545737
-0.525299153279402,-0.0483589347722256,1.05843896623716,1,0,"1","1",-1.74036501114164
-0.555892206385075,0.0841996760489316,-1.19517841065219,1,1,"2","2",-3.2199999537101
0.301593980019861,-1.88695032221821,-1.23538964625516,0,1,"1","3",-2.90652957762731
0.547791204986795,0.300319511652696,0.203400787333086,0,0,"2","2",-2.89187062058506
0.231393446996916,0.32918483596378,-1.1010627322828,1,0,"3","1",-0.699342280376181
0.192401233639883,-0.927824051442764,-0.378161004684595,0,0,"2","2",-4.26459215049124
0.210516033532811,-3.01549427583714,-0.256310477889545,0,0,"1","1",-2.83606434909761
1.21105777773916,-1.97499722072731,0.229991868294249,1,0,"1","2",-3.1730572411053
-0.436323255665326,1.85242398362602,0.268772046990947,1,1,"1","1",-1.33998218922172
-0.227895609375081,-0.558810314241407,-0.0762201081982578,1,0,"2","2",-3.66627460592757
0.758125237642324,-0.951726332812937,-1.49905599778308,0,0,"1","3",-5.29561707056934
1.95050333378746,0.682979686311377,-1.63668410532579,0,0,"2","1",0.302908090878447
-0.562558795445633,-2.67826185043537,-3.05820187374629,1,1,"1","1",-2.68860793823756
-0.580298292180511,-2.42186500382311,2.10232605578023,0,0,"1","3",-2.97468938512432
0.924684717398506,0.661331529504134,-0.690133837243972,1,0,"1","2",-3.34805222597587
-0.615154794476182,-1.40731732370931,-1.93335836392738,0,0,"3","1",-2.69372970213568
0.334014568359334,-0.96646780778826,-1.56277943256006,1,1,"2","1",-0.554868157526022
0.357781672793883,-2.23511924919589,-2.90838397968181,0,0,"1","1",-1.71536869005174
0.201679845104963,0.130497227601924,-0.645684712971961,1,1,"1","3",-3.1900739077119
2.36093178226264,1.96367677673122,0.556966871221197,1,1,"1","2",-1.19360310163236
-0.273370962502731,-1.8697479285794,-2.73939163235595,1,1,"1","1",-2.54035589021475
3.1581400584952,3.54751404095147,1.9305737017979,1,1,"3","2",0.214388300366162
-1.15818292530978,1.89093092224422,0.161923724080329,1,0,"1","1",-1.66442796181765
-2.16238438680094,2.24100148698182,-0.0123974185650952,1,1,"1","1",-1.66887945507402
-0.96442125983752,0.0419655756843417,-0.237690975021565,1,0,"2","1",-1.21084137413731
0.210719568269881,-1.59125359937867,-1.21996262397491,1,1,"3","3",-3.67446667940948
-0.190498704779154,-0.933716302546308,0.831793957604788,0,1,"2","1",-2.14797451979205
-1.25766126002872,-2.2920363216445,0.796234334992904,0,0,"3","1",-1.67417110955107
1.31970617585958,1.74398997782965,-0.265601262369076,1,1,"1","1",0.0897158661753874
1.1439353201087,-0.173750215271251,1.11993460406743,1,1,"3","2",-2.32166133832759
2.0752123547767,-1.17983488076193,-0.609554478318649,1,0,"2","2",-2.13725214141153
-0.200107771435365,-1.49665810544691,-0.311465093371836,0,0,"2","1",-1.87201115154534
-0.110896787705648,-1.34937630820203,0.589264929214399,1,0,"3","3",-2.84904433641844
-1.04903273577224,0.748925639635471,-1.45326454202311,1,0,"1","1",-1.89820360520531
-1.04412043353757,-1.10665844481095,-0.418358407848768,0,0,"2","1",-3.07255109950894
0.304631857579053,-2.24579903392732,-1.2823664441785,1,0,"2","1",-1.43793356629259
0.950292943067566,0.168866566010697,0.762804698335304,1,1,"1","3",-2.68031923710598
-1.84225743174834,1.48737962472674,2.15082308698082,1,0,"3","1",-1.85739806200729
1.43520385647929,1.27589324304326,1.12733008867494,1,0,"2","1",0.600260173486293
-0.425787363113608,-1.55177561575731,0.078779232308516,0,1,"3","2",-4.60766946913059
-0.758043083189571,0.806914875521978,-0.538088622534584,1,1,"3","1",-0.488728450390372
-0.325262185473194,0.543384569629326,-1.56082966699956,1,0,"3","1",-2.67559360353186
1.29708681279168,-2.8557744332332,-4.18026815251245,1,0,"3","2",-4.18023033081802
0.632164174478915,0.834230748736276,-0.146810825538914,1,0,"2","1",-0.502432067677881
-0.196429465851788,0.731516186640267,-0.307180809985458,1,1,"3","1",0.134893336706517
-0.236066666137461,-2.02898276839327,-0.32001467910081,0,1,"2","1",-1.49541168504674
0.0491690857476458,-2.08953657232444,0.0550083623090278,0,1,"1","1",-1.38317682862187
0.59956717982776,-0.646618850338006,-2.81009691938493,1,1,"2","1",-1.97929012451271
0.331925246993925,-0.202663252110655,2.48408314813108,1,0,"1","1",-0.229947191013065
-0.297443225676601,-1.5102083029321,-2.46381392116367,0,0,"1","3",-4.69420340897935
-0.875822266800253,-2.21150740397786,-0.86079643582104,1,0,"1","1",-2.95697148366048
-0.674358531038538,0.466820948100052,-0.413407828521756,1,0,"1","1",-2.13384972334871
1.11390080435871,1.59689233756508,1.43041791996129,1,0,"1","2",-2.18570287722778
1.13262482420222,-0.140263729170447,-1.79400978789075,1,1,"3","1",-0.774555235502508
1.45357283156473,0.0964344916901959,0.567019728878134,0,1,"3","2",-0.922284041029758
0.00276031201082552,2.40524726184687,1.17705322896991,0,0,"1","1",0.0724795064069832
0.0517376832580079,0.991464250014379,-1.30736394404389,1,1,"1","3",-3.26120342289988
-1.01154359471684,-1.55316487306029,-0.434447493943846,0,0,"2","3",-4.45244406070236
-0.245580055905292,1.07289539116682,0.678755673853028,1,0,"3","1",-0.272716843100884
-0.589660178761336,1.3487934242391,2.95906449870787,0,1,"3","1",-0.106254557804993
0.851175679685915,-0.727882363755244,-0.150259774171082,1,0,"1","3",-3.51338805049296
-0.863719525355296,0.981170126767724,1.32160861249922,1,0,"1","3",-3.1567629668299
-0.337067669616954,0.00718882237756313,0.371271084117328,1,0,"1","3",-3.48974959536164
-0.333197167805412,-1.59732899110381,-1.83943377135093,0,1,"1","2",-3.67272171640303
-1.30794699907973,0.262136277459485,0.882948011419127,1,0,"3","1",-1.22894165546796
0.447861166621126,2.59230376720241,2.17354959872988,1,0,"2","1",-0.129641053301074
0.0737892670676795,-1.03865869845777,-1.19973004196484,1,1,"2","1",0.0143385285643292
-0.681457295929363,0.135617473324982,-2.19050176180345,1,0,"3","1",-2.03057220412035
-0.751953502196092,2.18872173746636,2.87782039102861,1,0,"1","1",-0.113245551814209
1.66405073821087,0.1500414937694,-0.716656582835336,1,1,"1","1",-0.0796860020838899
0.672266029286008,-0.54176988495383,2.70813867418815,0,0,"1","2",-0.72491798695698
0.0129703502127948,0.0121279348077366,1.73239224244034,1,1,"3","1",-0.901795933560124
-0.362684412100061,1.0299856478151,-0.960533563395832,0,0,"1","1",-1.84289618872459
-0.404808134419538,0.729331261377013,2.02119644973266,1,0,"3","1",-0.049442742251762
1.31499990749811,0.889101758105985,1.93769422307545,0,0,"3","1",-0.530046013332284
0.982511354532209,1.66680482671109,-0.95376906793188,1,0,"2","2",-2.98307935566221
-1.5623987936931,-2.71194069176581,-2.13085449859482,0,1,"3","3",-4.16695320023695
-0.568727899218301,0.614626136558546,0.904826020652303,1,1,"3","1",-1.30367129687006
-0.348518948411066,0.125951805084638,0.144357807350865,0,0,"1","1",-2.28674379877452
-1.22491357999398,1.64014779518151,1.9354356484082,1,0,"3","1",-0.885854745200425
-0.667881258366995,1.68735397702494,1.8908317411885,0,0,"3","1",-0.527865217922903
-0.475062608798056,-0.962226682507895,-0.159937446830747,1,0,"1","2",-4.50407862581931
-0.073933950662245,-1.41765020114416,-1.82112055733789,1,0,"1","1",-2.83011611971319
-0.53414345845063,1.74268705453787,-1.12569010535359,0,0,"1","2",-3.55516742271383
-0.743760218491997,-0.221697923296692,2.51123481954155,1,0,"2","1",-0.175719818932652
1.54089297540604,-0.659130743196852,-1.94131890870154,0,0,"1","1",-1.09325918124563
0.100944160106815,0.472418318680448,-2.32938373547076,1,0,"1","3",-4.15705489440571
0.0931369675901385,-0.75666066510447,-0.414128973158966,1,0,"2","2",-4.28858992344817
-0.401145345430334,0.776100514568281,0.629736346494991,1,0,"1","1",-0.276701838159699
-1.57260862706477,-1.23699053641696,-0.621967377678764,0,0,"1","1",-3.20918160752393
-0.142514680059373,1.41267920667771,-1.04256356377415,1,0,"1","1",-1.37033369689718
-2.98863985895492,-0.216107614538464,0.346336019144575,1,1,"3","1",-1.7996432157526
-0.106683531460798,-0.505908785724332,0.24809149490395,1,0,"2","2",-2.91690708372692
-2.65552202955096,1.21148225388911,1.77605808594559,1,1,"3","1",-0.458527647189038
0.859553171429349,0.305850361509921,1.09620058511807,1,1,"3","3",-3.02893672008074
0.457384839596611,-0.68929702983797,-1.74313093961165,0,0,"1","3",-4.88606893678701
-0.109213495876169,0.907828266113397,3.71381619032395,1,0,"3","1",0.596000461453355
-0.187415626923708,2.29846311349247,1.26447032390322,1,0,"3","3",-3.63216912782859
-0.378307992676821,0.885050976380717,2.77949046726672,1,0,"1","1",-1.71378416795901
-0.542300656015599,1.47115494806929,2.52896260651854,1,0,"2","3",-2.17496767734671
-0.0495912242392296,-1.31840524671675,-1.24086205175166,1,0,"1","3",-3.5724466913489
0.885347951499389,0.145138983926224,0.432190077028535,1,0,"3","3",-3.52099968712902
-1.02952938590111,-1.04115438311961,-2.09316795003172,1,0,"1","2",-4.50232723273926
-0.0993385902828303,-1.49085262655688,0.967186411984115,1,0,"1","1",-1.65765486957027
1.43930657224451,0.389670907811341,-0.836228548512616,1,0,"3","1",0.0426208478794681
-0.447654628558162,-0.633024315297844,-0.722047002942256,1,0,"1","2",-3.60018655832336
-1.38909661433478,0.413378370838744,-0.898961730820574,1,1,"2","1",-1.57900036186355
0.08639756678714,-1.67726274416287,-1.46682734523437,1,0,"3","1",-0.953433714246639
-0.218799016038875,-0.336885022231663,-1.75055787812242,1,0,"1","3",-4.83236966911329
-1.02248554302919,-1.55957996013419,-2.42656238702137,1,1,"1","1",-2.4376835344009
0.814738004193225,-0.203177892215901,-0.477431937975811,1,0,"1","3",-3.50496864920858
-0.803654434396043,3.61597129187188,2.19791223599762,1,0,"1","1",-0.711988155021154
0.848377097637738,-1.59715792334833,-0.674714470192147,0,0,"3","3",-4.45862346674947
-0.136718938925252,1.28861039058952,-1.06753446568568,0,0,"3","1",-1.65159882221353
-0.883344021777423,2.08137452500979,1.09050820384933,1,0,"2","1",-1.10914026775176
1.1449513772793,-1.25358214849858,-3.73125451930449,1,1,"3","2",-3.07784898823705
1.58910446871343,-1.03372328370329,-1.71594136674888,1,0,"3","2",-2.28303146304277
0.241930538435868,-0.249062301150215,-1.0425479739348,1,0,"1","1",-1.68886201189395
1.77481504267801,-1.93044085400334,-1.57039489749785,1,1,"3","3",-1.71577998525853
-1.15562093918511,0.474767410577367,1.59700219370048,0,1,"3","1",-0.608507710456838
-0.682375974061645,-0.041733347726436,-1.82668053630691,1,1,"1","3",-4.56051923569841
-0.685702946362356,-1.18186066834078,-0.0869810866472204,1,0,"3","1",-2.23752756465555
0.242395263033956,1.83862838239942,1.75600529233112,1,0,"3","2",-0.976474542732483
-0.432166234528911,1.55575424587553,-0.195177120832787,1,0,"2","3",-2.93929302517311
0.0313343001818069,1.00507864330883,1.08173725644196,1,0,"1","1",-0.384009238844708
-0.577900829576934,-1.15422873064265,2.47537315239799,1,1,"1","1",-0.235441330321559
0.872425886326978,2.57412409739451,4.17493079256057,1,0,"2","1",0.22612786432632
1.12693124944587,-0.934140300397912,0.484183646131553,1,0,"3","2",-1.40923073413783
0.319323864912882,-0.365951842613084,-1.07415740575648,1,0,"2","2",-3.24535727394926
1.06905170274949,-2.9499294014634,-0.871414972925233,1,0,"3","1",-0.962182341031874
-1.15535478002218,2.38761691689021,2.27497146504748,1,0,"2","2",-2.95559247372808
0.56022840265824,2.82488364571021,0.956099418021779,1,1,"2","1",-0.0803300719197495
-0.967233326458862,1.56809120778263,2.36676904649,1,0,"1","3",-2.86670134097513
-0.491307575974685,-0.945335300770218,0.111749225557784,1,0,"3","1",-0.792573978357931
0.940403355415921,-0.803350055441465,-0.243579669164344,1,1,"1","1",-1.05381618231331
-0.138553736194436,-0.654020193835038,0.051292032344033,1,0,"1","3",-3.70370578365518
-0.0389919401996885,-1.62908286755207,0.730150276033686,0,0,"1","2",-3.5497270170624
1.11352286642331,2.72018538831195,2.47705691764952,1,0,"2","3",-0.589341120410986
-0.106179794762924,0.962859934316327,2.19649414996132,1,0,"2","1",0.16453671326906
-0.440222117151118,-1.05670962591698,-0.99456909806664,1,0,"1","3",-4.369183147553
-0.895653176548378,1.61008550729806,-0.975122051023146,1,0,"3","3",-4.71834483939052
1.37653146325973,-0.59184174242446,-1.32665797302889,1,0,"1","1",-1.16627292822104
0.912112388622749,-0.103003572180514,0.864989227564263,1,1,"1","2",-2.51435903278687
0.211792567401846,0.269951183321451,0.757519772344632,0,0,"2","1",-1.04637314175349
0.981132279678979,2.31454012435341,0.880897613892111,1,0,"1","1",0.246106216419042
0.135522454034788,1.46654029733799,2.81751801402546,1,0,"1","1",-0.911434176583933
-1.07638779094265,1.70893693852327,3.68394892418215,1,0,"1","1",-0.451688436981486
0.508046729848194,0.210961328053015,-0.21019128764797,1,1,"1","3",-3.98640535371909
-1.95298342379271,-1.13513355133741,0.417980619405949,0,1,"1","2",-4.11240914128846
-0.345861001410416,-1.75661809678654,-0.206449788898111,1,0,"2","3",-3.6159242077147
-0.806504313437977,-0.12593031746958,-0.470796398134136,1,1,"1","3",-3.31181109701724
0.640137843849176,0.989895743286367,4.94713693848062,0,0,"1","1",-0.811864272111023
-0.133192284154818,-0.0833227826518082,-0.787936461103933,1,1,"3","2",-2.9601890920438
-0.0846874758760039,-1.49078975213058,-0.943138640977524,0,1,"2","1",-1.41507618674709
0.256791302506321,0.478569510065507,-0.770466170141092,0,1,"1","1",-2.80084267497319
-0.796338658577069,-1.33626311524033,-0.795040820236832,1,0,"1","1",-1.54862556262167
0.119833440608756,0.561034653586521,1.46927517576807,0,0,"2","1",-0.0233400387735915
1.09164884142415,0.223678227409121,1.90896836814219,0,0,"3","1",0.200281154380105
0.182372607083884,-0.536781320721546,1.21860343452427,1,0,"3","3",-3.89032167462629
-0.570605477739,0.909111178347414,-0.142689639224986,1,1,"2","2",-2.10946717081738
0.645549887333738,-0.393216396104842,-1.27290637519111,1,0,"3","1",-0.14149534550746
-0.36288751246176,-1.97126152156756,0.883430005254102,1,0,"2","1",-1.19103994137648
0.0526416449149946,-2.48668940439658,-0.31379596208696,1,1,"3","1",-0.998137190380657
0.514885686074583,-1.23528760551935,-0.191170469070719,0,1,"2","3",-3.59554075581701
-0.00605107587025675,0.42083586377073,-1.04208173645305,0,1,"2","1",-0.834935843390807
0.289782432803293,-1.25685301588682,-1.28465768490218,1,0,"3","1",-0.832649265521063
0.86082150158036,0.336236892398952,-0.284755903842546,0,0,"2","1",-0.39761136132003
1.84139491618916,-0.992242495754944,-1.42298636389323,0,0,"2","2",-3.04755928276398
-1.596447011294,1.40427682885137,1.96629424681651,0,0,"3","1",-0.887121223139988
0.871441102610206,0.730816593617289,0.0197598472258581,1,0,"3","3",-3.72173735393273
1.70430361300448,0.706083532905249,0.872369252149123,1,1,"2","1",-0.0282570189082635
-0.315327061711155,0.959098384503363,2.9266701867461,1,0,"1","3",-2.79047713031999
-0.486505105290311,0.386531954527431,-1.12552953065246,0,1,"1","1",-1.36535743648871
-0.144573312187729,0.600115633144273,0.221840503560219,0,0,"3","1",-1.03499599396159
-1.15503182131093,0.229732238265205,-0.0418910714165988,0,1,"1","3",-5.33995532507538
-0.970478435260451,-0.975532717224032,2.69411233372188,1,1,"3","1",-0.620153825994979
-0.514001606364242,1.45777630120302,-0.754563456320035,1,1,"2","2",-3.49437966284223
0.421443283655552,2.26609824298859,2.29811136982402,1,0,"1","1",0.743598395431894
1.016797332235,0.278748357331203,2.39812783639631,0,0,"1","3",-2.82700500337791
0.194739806009197,-0.718838092276412,-1.24413747078695,1,0,"1","2",-3.10597772229382
0.70592557624228,-0.246649876557224,-0.737073664853502,1,0,"1","3",-2.94127838323937
-1.28351409192095,1.10486627990119,3.47005904517338,0,0,"3","1",-0.993573130233271
-0.506274574892191,-0.737536486828543,1.28079376525103,0,0,"2","3",-3.21060400348918
-0.266816864287805,1.96378441461183,1.97059933502571,0,0,"1","1",-1.54614117829618
0.242498872878178,2.0842320351169,1.27236447490488,1,0,"3","3",-2.79276185406163
-0.872180597089753,-1.08872186400392,0.738896295389758,1,0,"3","1",-2.05461470640951
1.42988144194664,-0.847967165275433,-0.175642570843784,1,1,"2","2",-2.07468740099547
0.783190558516953,2.41386023423615,-0.13423790190381,1,0,"1","1",-0.30627389059774
0.418038899569532,-1.50568826174217,-0.462769677012335,1,0,"3","1",-1.52891452016368
0.883345213558681,1.97674468019303,1.24015067534852,1,0,"1","1",-0.768717958468959
-0.381721317592943,1.53656123451327,3.86234767718035,0,0,"2","1",0.53961576442872
1.79283835140859,2.37523768336028,2.60314511032682,1,0,"2","3",-1.18739061172989
1.01065182351328,2.31016799418271,1.67383215591268,1,0,"1","1",0.487895104286195
-1.95351239649288,1.342489501921,2.6377485131262,1,0,"1","1",-1.85168924845593
-1.37730567129601,0.891315581739464,2.40266572968785,1,0,"2","1",-1.48678926113617
1.27175924878925,1.81396849675906,-0.362456224425634,1,1,"1","1",0.640110562077365
-1.92282637554115,2.23017586840463,-0.296483596625909,0,1,"2","1",-1.37796204640325
0.153339095150443,-1.45438533475412,-0.694380875705187,1,0,"1","2",-4.86287623321764
-0.433174614901401,-1.94600652651686,-0.790278567462656,0,0,"3","1",-2.40841970300523
0.00483075147980933,2.44796550415324,2.09315163914312,1,0,"2","2",-2.11272305316571
0.579951449864204,-0.00269411607322823,-2.19243098785606,0,0,"2","1",-2.18127005349215
0.210364579063911,-1.24566890231224,1.93743223874793,1,0,"2","2",-2.20684601668975
-0.376088261840122,-1.48007742095226,-0.563800709948493,1,0,"1","3",-4.36176293815263
-0.0775774642747292,-1.69177256034702,0.24918387514474,0,0,"3","2",-2.80908646622245
-1.49580627488387,2.16022190104438,1.3894261448937,1,0,"3","1",-1.41392510740972
1.97596535431524,-1.48107349714414,-1.53739161697222,1,0,"2","2",-2.64763169898894
-0.534931234288237,-1.42559136181211,-1.86396132680994,1,1,"1","3",-5.25180990319037
1.1000193167701,-2.09994202081296,-1.55438171758434,1,0,"3","1",-0.125875782388972
-1.77735763317756,2.55129394833955,2.20627268862263,1,0,"1","1",-0.858194391676284
0.255351583509826,1.39346151671647,1.49708260265155,1,0,"1","1",-0.0108998960402145
0.167838704253356,0.264199578200738,-0.854205885174266,0,0,"1","2",-3.48272852975528
0.670902687875489,0.834386050345962,-1.87479237326223,1,0,"3","1",-0.777774835866619
0.308037626435031,0.243174714698902,-0.323296455056688,0,1,"2","2",-1.36787476851546
0.903043717673553,2.02928380910757,2.00223168699264,0,0,"2","2",-1.83815522335361
1.05384793906106,-0.262282755321273,0.275603228449429,1,0,"2","1",-0.211806739530412
-0.0319217396073564,1.32490899385867,2.17725344686242,0,1,"2","1",-0.0583351440247899
0.941161418969896,1.06086016857578,-0.81524405049041,1,0,"2","1",0.00251204553943229
0.55530753794104,1.40271680962211,0.65175623736529,1,0,"3","1",0.152640365548671
1.1803741185919,-0.358941044291657,-1.33042497727729,1,1,"1","2",-2.31568454913733
1.46390524575328,0.586624886880771,0.214785483835125,1,0,"2","1",-0.924406346481296
-0.954311721240463,2.61086890980584,4.04448352480291,1,0,"3","1",-0.522007339886508
1.18104715130965,0.286374281880242,-0.529247888541754,1,1,"3","2",-1.64386385905178
0.373251484026822,0.459657761228835,1.34027719077908,1,0,"2","1",-0.162981871277919
-0.00603852132643249,1.53456293174354,0.296511481625401,0,0,"3","3",-3.42826690731575
0.655062137301592,-2.55715452240887,-1.9144768279304,0,1,"1","2",-3.17319921372696
0.777376558997709,0.515365957801166,-0.089796990372586,1,0,"3","1",-0.668200434486953
1.28671102986124,-0.562327821027607,-1.27236235124664,0,1,"3","3",-2.48553629832699
-0.764945912480519,0.0205195489935604,-1.92671321541936,1,0,"1","1",-2.56259958130936
-1.00065255379263,0.587583802937793,1.28229617203566,1,0,"1","1",-1.25297812959535
-0.552523337705805,0.608047052025829,-1.87811700903546,1,0,"2","1",-0.799172440216831
-0.382033027250675,-3.99886610427547,-3.10777768393455,0,0,"1","1",-3.78192244731723
0.495114109453464,3.34040269826347,4.10787968599979,0,0,"3","1",0.97780644510841
-0.917016077410507,1.48695416719592,2.08702869694638,0,1,"1","1",-1.17262201554679
0.10775492814674,-0.688304335004571,1.24199645096639,1,0,"2","2",-2.33874389687238
-1.44162089146466,-1.97301620863215,-0.936193280462289,1,1,"3","2",-3.3424530328972
0.923486993877289,1.63566549255608,-0.623117889456962,1,0,"1","2",-2.91624297577829
-0.253083330408278,-0.286190117024861,-1.88348296756738,1,0,"3","1",-2.63152555923464
-0.0340638762211151,0.436769155291756,-0.326716679312404,1,0,"1","3",-3.7335593206889
1.14280078515586,0.00334953072478,1.77218881028223,1,1,"1","3",-2.14479034503497
0.169838623529631,2.45113107757197,1.78054712425904,1,0,"3","1",-0.203774615602149
1.87765081027043,-0.626245310688058,-1.46627467362792,1,1,"1","3",-2.98334045980744
0.492318083331198,0.596249033702598,-0.350026476280019,1,0,"1","1",-0.972221150295839
-0.546250689845836,-1.15717577795615,-1.37877643246772,1,0,"1","1",-2.94680597226507
-0.721652578226054,0.682275201636903,-0.796438558656473,1,0,"2","2",-4.34097313551241
-0.711614207255082,-2.17636076320879,-1.81110209837088,0,1,"1","3",-5.10325192215652
0.7548709316149,1.59926718964918,1.48336325604274,1,0,"3","1",0.328608385223564
0.350929225045101,-1.64632673774235,1.33801417067166,0,0,"1","2",-3.39301197002583
0.663400522011436,-0.421629972936993,0.0246545620084222,1,0,"3","1",-0.430158778742859
1.45505298999839,1.43270457216257,0.336825062631889,1,0,"3","2",-2.67562900192062
1.0501767274511,3.46995365590578,2.78197140053031,1,0,"2","1",0.274609883017668
0.087206693373897,1.86555475796882,-0.920476190287163,1,1,"2","1",-0.601081344019344
0.236106039975474,0.940087194912001,1.17387534011575,1,0,"1","1",-0.281271754650457
-0.472488515232821,0.883870808347101,0.87201379769577,1,0,"1","1",-0.332285795443987
0.285994005456825,-1.28551700603301,-1.27898169138981,1,0,"1","3",-3.8461166218823
1.50553916608898,-0.206182683595885,-3.18081953930129,1,1,"3","1",0.820875381658242
0.134725375040636,2.38113158861588,3.02013586328974,0,0,"1","1",-0.800461457742862
1.16091791234705,0.695681924848466,-1.57216933119997,0,0,"1","1",-2.36213718609911
-0.0451916919455816,0.761302601433614,2.57364801493465,1,0,"1","1",-1.44132231161122
0.965873889391032,-2.06014423307337,0.789629931801425,1,0,"2","2",-2.59311608857654
0.544906907959973,2.03323278058202,1.15373968417137,1,1,"2","1",1.11659215104123
-1.10660391269789,3.7305346093558,-0.111784315066262,1,0,"1","3",-2.86897855201449
-1.19919831840427,0.468237717848906,-1.03518132444843,1,0,"1","3",-6.09572819567226
-0.897601922570012,0.644209598842239,0.565864892767843,1,0,"1","1",-2.03554806874204
0.940883039681283,-0.378439443974422,1.40446679409287,1,0,"1","1",-0.93827919687399
0.229270010726008,-0.454752657912281,0.216925911934594,1,0,"2","1",-1.27138724091096
-0.482753989949647,1.03261251734705,1.69056969744844,1,0,"3","1",-0.0940650806770617
-1.31286853644287,0.355479062433008,-0.424747374376776,1,0,"1","1",-2.21998407094864
-0.284087464686979,0.202953869910395,2.188388909449,1,1,"1","1",-0.94778193349483
0.53551525529339,-0.426904331747437,-0.143343913069658,1,1,"3","1",0.521031212182649
-1.87031743472213,1.09718673985917,0.0432052863965438,1,0,"3","1",-1.47602231531491
-0.111767353593341,0.952508181369147,-0.707795705590505,1,0,"2","3",-5.03480224394044
0.428847978791738,1.17260877712233,1.62317001931101,1,0,"2","1",0.912550219409108
-0.0764008027216344,0.513128103899091,-2.85284621529941,1,1,"2","3",-4.61439229257644
1.30720371410079,-1.192196143876,-2.09917442313081,0,0,"3","2",-3.09559907251944
-0.224756474196004,0.768380588251137,-0.321642938866216,1,1,"3","1",-1.06335487102865
-0.91142501806951,-2.32675730235692,-0.751749990042266,0,1,"2","3",-3.60014432174717
-1.56413629834637,1.36920767368719,3.85085445668479,1,0,"1","1",-1.27384935809834
0.181801896223679,0.151865415863613,-1.08043034198991,1,1,"2","1",-0.631265678584919
1.30356550035423,-0.496189433609431,-1.81998549246391,0,1,"1","2",-3.95003020171104
-0.144629984467517,-1.76356281641744,-1.03989943855916,1,1,"2","1",-1.49278704895789
-0.408777870434511,-0.243320445139483,-0.506855444732247,1,0,"1","1",-2.39063561375944
0.628665892765449,-0.340436014204986,1.33392864657446,1,0,"1","1",0.639981233835704
-1.24750252107401,2.90566473922041,2.68529045594903,1,0,"2","2",-3.3604274449309
0.0255852111714109,-1.66167664092852,-1.41950327346631,0,0,"3","2",-4.48864617405848
-0.173720070436481,2.63596533531686,0.550000821164987,0,0,"1","1",-1.44867188565562
1.16960651138349,0.865709588183196,0.768936395456272,1,1,"1","3",-1.26008127826799
1.3999064567844,0.879493549493834,0.288239870511634,1,0,"2","2",-2.15413843565683
0.258218221112503,1.82910580396843,0.499523445835248,1,0,"3","2",-2.77539299842349
-0.119587151405405,1.28678971662029,-1.03735780200043,0,0,"3","3",-3.98930332572838
-0.30138889424206,-1.76925728121373,-1.5782588171806,0,0,"2","2",-4.27873770243186
-2.88590320913832,0.925619939139687,-0.249641978289674,1,1,"2","1",-2.64557833674726
0.63910179507688,1.15383568251285,1.51463927395165,1,1,"3","3",-2.86572463552918
1.50521515861432,0.55080635589034,2.38680041246975,0,0,"1","1",0.0536580967030729
1.2742636917183,2.69048835330518,0.705963567671485,1,0,"1","1",-0.194414671336731
-0.236939546419734,0.293005636802508,2.03337581242528,1,0,"3","1",-0.0661266334244538
0.486050056198959,-0.994447829149124,-0.536929529146745,1,1,"2","1",-0.111790521747044
-0.503559666543921,-1.96943103525641,-2.11772454294418,1,0,"3","1",-1.934108734868
0.712768299435901,-0.995644162452864,-1.21559834717715,1,0,"1","1",-0.382378019101601
1.09623024502661,-1.19409882126609,-1.15886425547342,0,1,"1","2",-2.79725055164473
-0.223024047881419,1.42529917300879,1.29916075917988,1,0,"3","3",-2.07329614971042
-0.423969818917603,0.000643851137604906,0.582764654603956,0,0,"2","1",-1.49056377782082
1.54165879988802,-2.00001845478851,-2.03090708718285,1,1,"3","3",-3.47199219442953
0.634769525981592,0.598670546909845,-0.689796603264313,0,0,"2","1",-1.87687660686303
0.632230680483886,-0.663633250123427,1.91217325180145,0,0,"3","2",-2.14226742791103
-0.432659023078128,0.58179083109343,2.78909455203968,0,0,"3","2",-2.62673755959982
0.699860886460207,-1.76805966928,0.783042803385761,1,0,"2","2",-2.68295619985151
0.348790674383016,1.05578865771824,1.61030371130993,1,0,"3","1",-0.726818943624429
2.01773606889259,0.424672408077501,-1.60011514075804,0,1,"2","3",-2.3467969461031
-0.385383919869729,0.444535659511679,4.12068344602427,1,0,"3","1",1.17519291875832
-1.82717584765125,0.935802090611555,2.3263053297572,1,0,"3","2",-2.05226619934914
1.36586748951986,0.152292555863604,-0.226618337932414,1,0,"2","3",-2.85560475268124
0.599805686545459,1.10343240266979,2.45689133617148,1,0,"3","3",-2.29788886417305
0.737648081665172,0.997265363120995,-0.589797812539884,1,1,"2","1",-0.000701019241902578
-1.24798171305936,0.509711380937372,-0.108000428974708,1,1,"2","3",-4.39327698705604
-0.152105129301013,3.31556965007715,3.17209913489084,1,0,"1","1",-0.461015264838913
0.333721443895397,-0.577485503971423,-0.266818235250559,0,1,"3","1",-1.27429539064241
1.33481363625061,-0.55332823876364,-1.44952471063568,0,0,"1","2",-2.6397252070057
1.13042445823178,0.0590884364116532,0.800701735644867,0,1,"1","3",-2.7970081151603
1.23175912742895,-1.71309479716713,-3.43353880535437,1,0,"1","2",-4.05420460036657
0.774203079362479,0.661819994867811,0.090131064776337,0,0,"1","1",-1.23187495539133
-0.984869402270979,-0.0522586912117342,2.07901246725214,1,0,"3","3",-3.25089943150444
0.60223650267074,0.372351979192701,-1.44628568091509,1,0,"3","1",-1.27793979518452
-0.40476310609063,-2.68085063854374,-3.45684925962072,1,1,"2","1",-1.90732512730327
1.1967696794908,1.79570497451898,0.659824497090166,1,0,"3","1",0.363066786072292
0.314689039558521,-1.7140880348042,-1.60353531304734,0,0,"1","2",-3.89884102370728
-0.315671348259299,-1.86757073181927,-2.011999899661,1,0,"1","3",-5.20246758699069
0.609448515584716,-2.12964926718387,-1.37304769928922,1,0,"2","2",-3.81516914919285
-0.384248149081215,0.862446672691955,0.250697825334932,0,1,"1","3",-3.49591943527372
-0.430080491737477,0.799940113825556,1.28288017026671,1,0,"2","1",-1.01937925957615
-0.371167408192366,-0.969543945143937,0.11029167105485,1,0,"2","1",-1.45932245025017
-0.649090336698757,-1.16270092723553,-0.33638719928464,1,0,"1","1",-1.21346023722746
0.272132449037743,0.486484773741147,1.43842342381504,1,0,"1","3",-3.66281903499432
0.359285083796641,-0.80345835913367,0.959323123773449,1,0,"1","1",-1.28950325767891
-1.35439062140418,1.09644634663962,3.11811715097764,1,0,"1","1",-0.718196172374595
-0.469304246458508,1.46571831443929,1.89508782786904,0,0,"1","2",-2.71442073729808
0.639717940089476,0.771892451421397,2.2002104609732,1,1,"3","1",0.351504997553313
-0.449739687386814,1.08856349745426,-0.931461188220646,1,0,"1","1",-2.04484851640538
-0.396083909186844,-0.217658094436236,0.96896911996923,1,0,"2","2",-2.55638384641461
0.459759072488715,0.110342810642161,1.23385307108902,1,0,"1","3",-3.64851702909867
-0.728781053872067,1.08554168916378,1.85549387858911,1,0,"2","1",0.345173555381507
0.86383847633904,-1.28419227411718,1.21794450967557,1,1,"1","1",-0.0741284077888592
0.0632280876481666,-0.298291094786521,0.531896017048236,1,1,"3","2",-1.31201605105478
0.00986946653413747,2.06893389286201,2.50236668557263,1,0,"1","1",0.318160472170006
-0.313761881638579,-0.921500275666449,-0.435223311067144,1,0,"1","3",-3.51161989232474
0.492676330931107,-2.55240387106536,0.262094963654126,1,1,"3","1",-0.368994998554292
-0.340713418892405,0.173525478058393,1.71101907305055,1,0,"2","1",-0.309813272410977
0.332519941019004,0.940759732284775,-0.566692976663026,1,1,"2","2",-3.30601909972027
0.825709023590838,-0.796447314430482,-2.89514469797872,1,1,"1","1",-1.99879882999734
-0.840029148023103,1.95749750867304,3.43604381529374,1,0,"2","1",0.0889626763495142
-0.0410336885575995,0.925707807937714,0.323406378130867,0,0,"3","3",-4.0002570183385
0.0940981533152489,-2.02025932262774,-1.39570982676739,1,1,"2","3",-4.19024535046559
0.485310627072349,-0.528117340448433,0.156486929367039,1,1,"2","1",-0.125915164920856
2.36982470776829,-0.0300475679939372,-1.97344992881958,0,0,"1","1",-1.37146119552952
-0.479008491869466,-0.302354776407389,-0.519331972899597,1,1,"1","1",-1.51605313337435
-0.297267913763205,-0.652420580852166,0.0119922718745376,1,1,"3","3",-3.68078711220859
-1.6084429990117,0.582169700763286,-1.26967200263845,1,0,"1","1",-2.14792484674086
0.227852708620815,-2.53894318921676,-2.28640764636606,1,1,"2","1",-1.53203538915432
0.704800142028986,-0.279236866650092,-4.10412625745054,0,1,"1","3",-5.0043620123843
0.0529632464993817,1.14468260942464,0.52124295630601,1,1,"3","1",0.794822588226346
-0.109061531345308,-0.00526630584191333,0.140103098676906,1,0,"3","1",-1.37756394323118
-0.750796220738147,0.131087536413955,-0.80894916966811,1,1,"3","1",-0.394101424140816
3.01561331988295,-0.760554381949682,1.58535048879817,0,0,"1","3",-2.23109177202834
0.445262052496909,2.43065180918365,1.07783672465918,1,0,"1","3",-2.25495915821747
-1.55355018176112,2.13637855197033,2.42968687012268,1,0,"2","2",-3.32752905305658
-0.375183003066533,1.392394825933,3.536767014389,1,0,"3","1",1.32399450576814
-0.998158565224537,-1.20571573723854,-0.695738662072804,1,0,"1","1",-1.46608269526328
-1.50379101243395,-0.163851626331453,1.26882494959059,1,0,"2","1",-1.34457608184284
0.0500817018222482,0.255948054389012,0.0284578276460528,1,1,"1","1",0.0144933750834937
1.19206160965196,2.60252927532326,3.26273789071386,1,0,"1","1",1.40423334722586
0.980941666099678,-0.722124041164512,-1.144054644561,1,0,"3","1",-1.41445101401277
0.468833450300298,1.14421758032739,-0.833927334691688,1,1,"2","3",-3.35578563887419
0.13887029361912,0.132909180911361,-1.04590943104189,1,1,"2","1",-0.136802467220847
0.00997798925225607,-2.42353912895901,-2.38011088394944,1,0,"3","1",-1.09811686029118
-1.05847825572992,2.44553196270483,3.38969175219151,1,0,"1","1",0.165941969695763
1.0150591813388,-0.875864390316024,-2.8621588811481,0,1,"3","2",-3.52959251367333
-1.18858446986258,-1.31573392246348,-1.11563286183094,0,0,"1","1",-3.21595962942169
0.130991937300198,2.21407833311148,-0.491776065493484,1,0,"3","2",-2.22563655592818
-0.734854738246091,0.742798200152105,0.555039055379842,0,0,"2","1",-2.33682539094281
0.657590639951946,-0.854420791538476,-0.970393406965036,1,0,"3","1",-0.984133874219375
-2.91717621034563,-0.38956293559441,1.86537978681374,0,0,"3","1",-3.84346018893677
-1.15658345297466,-3.30836309855154,-1.53304998190551,0,1,"3","3",-5.31785757903309
-0.665018382316385,-0.214118810935987,-0.871679155300218,1,0,"2","3",-4.13950341760538
-0.758112235312332,2.46087083157173,0.095252358295032,0,1,"1","3",-3.8298194230831
0.303985033505855,-0.771756407056311,0.663867049325946,0,0,"2","2",-3.18300997112157
0.116195337925725,-0.166311754909571,-1.09065971519467,1,0,"2","2",-2.51691396497054
0.911432499579497,1.13680624224378,1.27281297259652,1,0,"2","1",0.516920195409605
-0.47434390375457,0.819954941016625,-0.986927056559808,1,1,"1","1",-0.556513096978881
1.29922829687265,0.842295463069793,-1.11341438968893,1,0,"3","1",0.274282377287543
0.620581967584729,0.994156944039694,-1.91064444647239,1,0,"1","2",-2.363220619137
1.77084401798174,-2.48414468389125,-2.07264105428918,0,1,"2","2",-3.05941618393721
1.26992472884594,0.992968247833114,1.853457266052,1,0,"2","1",0.151969815852581
0.281416745067737,2.10033283148004,1.83278778459501,0,0,"2","2",-2.58844126583494
0.00813184199989873,1.31327825119451,0.885918606888804,1,1,"3","3",-2.75703854700058
1.48631070917958,-0.610460734800274,-1.02874851709839,0,1,"1","1",-1.46777295252554
0.0895619490569139,0.33133769098992,-0.0589987820806723,1,0,"2","1",-2.13545108897982
-0.457966461881795,1.79098221845199,1.43277005204706,1,0,"3","1",0.579432778247025
-1.71984028358526,1.53114746960566,1.80365446615725,1,0,"3","1",-1.45851015337163
-1.03048925281656,0.372663003931247,-0.701221352545226,0,0,"2","2",-2.81298936818665
-1.54956490587421,1.72261334895035,-0.408668479058978,0,0,"2","1",-2.3395084404598
0.951761155207891,0.590728010765414,0.0456432360945822,1,1,"3","1",-0.0886274144921763
-1.87795857795596,0.230814382387773,1.44590646822469,1,1,"3","1",-0.654994600850069
1.01968448154148,1.74091303669756,1.58082073341612,1,0,"1","1",-1.24243631811733
-1.00022770158223,0.793975531462516,1.57924159088404,1,1,"2","3",-3.14795058957885
0.341729473145178,-1.67996367047312,0.632250543916072,0,0,"2","2",-3.74585377720764
0.127847675046878,1.54061404783218,1.67679181031521,0,0,"3","2",-2.90327955417208
-0.286771277788051,-2.5390868209173,-1.2142137451192,1,1,"1","1",-0.962479720625142
0.246449440363823,1.5047635045758,0.113028478372298,0,0,"1","3",-4.9395181249838
-0.70065400505918,0.31160156996898,1.11255879174856,1,0,"1","3",-4.65618513093769
0.820447727410767,0.17694696862688,2.13752194283254,1,0,"1","1",-0.342780837845027
-0.134999344176498,2.38287374154157,2.57574284592748,1,1,"2","1",0.5655059747699
0.455815120584772,0.330721112096102,0.431975606758146,1,1,"3","1",1.02342578560794
-0.237021251302825,0.501301121562839,2.54655446624872,1,0,"1","1",-0.214282043506498
-1.47911625827143,-0.405704128518391,0.153202090348662,1,0,"1","2",-3.80716191725517
2.08928684676991,1.8199956443717,0.994995182313937,1,0,"2","2",-1.02694387790942
-0.233137037593263,2.75746923973517,1.12374148402862,0,0,"2","1",-0.959887403919303
0.994691633717055,1.44756774300246,2.12540058445393,1,1,"2","3",-1.23738004997341
0.856630339606652,-1.69318163547298,0.0736432733710541,0,0,"2","1",-1.30878442435638
0.177103346103377,-0.398813800259746,-1.02966678347941,0,0,"3","2",-3.62355525080205
-1.16010436679501,-1.31864878778894,0.608833600138528,0,0,"2","1",-2.95484240475618
-0.319059721755155,1.18706680215343,-0.363486646975244,1,0,"3","1",-1.5739704864919
0.387108197180359,0.531725205051854,-1.91067729545931,1,1,"3","2",-1.94854498312014
1.12727918590256,-1.59436141148108,-0.522232458226554,0,0,"2","2",-3.07707956645851
0.451815137013573,-1.30837279162001,-1.89674937966326,1,1,"2","2",-2.64290171820478
-3.16453266045381,-1.77463833316796,0.0229271333696589,1,0,"3","1",-2.71044816760863
-1.24332092402916,-0.106993194874658,0.922921567720085,1,0,"1","3",-3.70336975598204
-1.57687258115462,-3.4910146625028,-0.525262007835184,1,1,"3","1",-1.48382026940093
-0.0954622211657111,-0.888004015446244,0.329802997370176,1,0,"1","1",-1.87634245215575
1.18957050351848,1.30524758015629,-1.2994514253974,1,0,"2","1",-0.171525125153298
0.256580931832445,3.07855749680361,0.888057279075313,1,0,"1","1",-0.455798610539195
0.345520451982965,-0.309420452428605,-0.425825121651798,1,1,"3","1",-0.651821849216062
1.97330265884235,0.362561630008696,-0.943539144549557,1,0,"3","1",-0.57530944390869
-0.032569870331598,-1.28871692168287,0.61091514889956,1,0,"1","3",-4.47894514875229
0.404680507068678,2.11959742374215,-1.18831228430283,1,1,"1","2",-2.74807940159542
-1.53140221121237,-0.29397514505082,0.326408750208282,1,1,"2","1",-1.3189880775337
-1.24281472327524,1.2479003553053,-1.2629863000877,1,0,"2","1",-2.00375075774582
-0.405655003748498,1.09653712848135,0.026634532122762,0,0,"1","1",-1.12973138400527
0.0544628756452363,1.08234240390492,2.29558061079927,0,0,"1","1",-1.75553673393322
-1.05800161298715,-1.32057895247039,0.449523686207582,1,0,"1","1",-1.91882514331423
-1.5034482994115,-0.424756903743223,-2.22817547270433,0,1,"3","2",-4.54003411530147
-0.066569195575932,1.00051654714574,0.23940714319848,1,0,"1","2",-2.85576150863689
-1.84056632158572,1.6830325524674,1.44052663656708,1,1,"1","3",-3.58474144452056
-0.483877879659166,0.267179396911659,1.47065696716812,0,0,"1","1",-2.5299637995704
1.47450252458506,1.18042997219002,-0.00048767182506404,1,0,"3","3",-2.89939437658914
0.864076835346384,-0.122062226219086,-3.1388307127753,1,1,"3","1",-0.559687096126828
0.183548567019365,-0.623200288913676,1.14408982101236,0,0,"2","1",-1.61568662785292
0.218236872587591,-0.843653758999329,1.00330927052714,1,0,"1","2",-2.46977509855659
0.564838240704473,0.0735183406176396,-2.15673215373244,1,1,"2","2",-3.10889776432839
0.565604827098534,-2.63584138389139,1.73567584582034,0,0,"2","3",-2.89794627054927
-1.43791829846641,-0.574086463794602,-0.818281091226678,1,0,"3","1",-1.71612507605158
0.724316257470577,-0.934135941252108,-0.486506943329446,1,1,"3","1",0.181928334114033
-1.33490677602316,-0.35891700880024,-0.750235676495227,0,0,"1","1",-3.14422182777383
0.189149766510425,-2.05533178448516,-1.06229320177224,1,0,"1","1",-2.95899558891206
0.733395258884612,-0.720297780708903,0.34812091830123,1,0,"2","1",0.599956579933525
-0.819364633460883,0.0478707577869861,1.58779341116439,1,1,"1","1",-0.856543888329649
-0.968352378897472,-1.24039649183964,-0.104142237731244,1,1,"3","1",-0.466628278789679
0.73875812687846,1.85351014621257,-0.771956439783542,0,0,"2","1",-1.67321065443216
-0.170361673022353,-0.964043716504559,-0.397241343214673,1,0,"1","1",-0.951939636259609
0.935957978128191,0.658078768317398,2.51173973472913,0,0,"3","1",-0.0500131398064301
-0.1344561775544,0.960758319606877,-0.0834240001517325,1,1,"1","1",-0.361041634085391
-0.145781009878891,-1.03240563698414,-2.09855430736401,1,1,"3","1",-1.62203465149514
-0.842522480569324,0.289001279539677,-0.627511921148999,1,1,"3","3",-3.20644768292117
0.977289610874525,-1.06349204747053,-0.573892029713274,0,0,"3","3",-3.68666731998108
-0.284999072387539,-1.27133066827602,-1.15105234897956,1,0,"3","2",-2.53178711104866
-0.647680018722072,-0.869347102886083,-0.471226444502231,1,0,"1","2",-4.69335423923079
-0.76680677148208,1.53592217404757,1.87439193576748,1,0,"2","1",-2.15649196971849
0.392101536938353,1.13689754214365,1.00043265243688,1,0,"1","1",-0.619983995745776
0.621107113597293,0.270234116938107,-0.630365934705186,1,1,"3","2",-1.18849041366293
-1.4733966928608,0.541140061862956,0.0805965315539006,1,1,"1","3",-3.76717926255544
-1.13801798321492,0.643343915397522,1.9916644635216,1,0,"2","1",-0.218493016363769
0.238473522041776,1.01090673652868,1.01209523412787,1,1,"3","1",0.597735202550596
1.88793815156428,-0.670076443209958,-1.71456912492544,0,1,"1","3",-3.20723053005683
-1.92755836457694,-1.7440458705029,-1.24496924164782,1,0,"3","1",-1.77066980848543
1.53660242761497,2.02925627231215,0.548609124421498,1,0,"2","3",-1.25363782549668
0.264216163822843,1.94688947467116,0.607267530062477,1,0,"1","1",-1.0007572834445
1.08758106373739,1.63223224642359,2.03782516173529,1,1,"2","3",-2.15964790153727
-0.445395107036882,-1.48858019322308,-1.89106123805531,0,0,"2","1",-2.35417718099794
-0.25492880459654,-1.05061835794795,-2.59894429450069,1,0,"2","3",-5.15769938318486
0.803385584506914,0.241968970080106,-1.18275748528917,1,0,"3","2",-2.04326392874962
0.00448140991971526,0.622482344092333,2.17764874473456,1,0,"1","2",-2.00839144411443
0.196461709794143,0.960711731133715,1.07919670969562,1,0,"3","1",-1.24116735943925
0.560239691729619,1.20287777688826,-0.197822348590042,0,1,"2","3",-2.99427861987422
-0.996406925080427,2.21942406477595,1.1159940053688,0,0,"3","1",0.567412057801308
-0.768141515480859,-1.26465757644972,-0.554314796903381,0,0,"1","2",-4.47347066346805
0.208530525887106,-1.7550717739886,-2.60035279455336,1,1,"3","1",-0.768924024702539
-2.25762425554098,-0.198462492411035,1.62848675057729,1,0,"3","2",-3.58665458431551
1.04038748503817,-0.494503385665889,-0.0594625589068704,1,0,"3","2",-2.33753698588819
0.974814335412543,0.610803992563101,2.52038433936579,0,0,"3","2",-1.44344967421543
0.868958376068719,2.34895523094907,0.621252628408925,1,1,"1","2",-1.55959729691607
-0.664077506555301,1.29010803356651,1.42240905204993,1,0,"2","1",-1.34360524357009
1.86349264141338,-1.40858592262425,-1.55804243568281,1,0,"2","2",-2.53194719337316
1.09254682709411,-0.386414165947119,-2.25848730564604,1,1,"3","2",-3.11913121522466
-0.333105092892723,-0.44369702888464,1.40066040327504,0,1,"1","2",-2.98131125203312
-0.841726333500695,-0.448925400021302,-0.418612762866102,1,0,"3","1",-1.38604761298053
-0.519035837129248,-0.926251068357062,0.751937233701426,1,0,"2","1",-1.44762194554209
0.622755647017878,-1.2441810489873,-2.2004910502116,1,1,"3","2",-2.04327076601996
-1.33400922984554,1.22709271102184,0.0278064845753767,0,0,"3","1",-2.5130380680872
-1.3492494022426,-0.770397841105787,0.162268110868287,1,0,"1","1",-2.74362628345099
0.924662255087596,0.659259591091254,1.30251883711774,1,1,"2","2",-1.92077246648872
0.04390881175207,-2.1090124516988,-3.62965187525544,1,1,"3","1",-1.49338151077883
-0.426529584178243,0.468625072426685,-0.63289328386216,0,0,"2","1",-0.937896248799489
-0.608681391553663,-0.18068194315413,2.59398789779399,0,1,"3","1",-0.160052398734347
-1.20710251936373,-0.579409759587661,0.00504158118310802,1,1,"1","3",-3.4573787688861
-0.445926646759291,2.22018713957723,-0.44380077310725,1,1,"3","3",-3.95783239239961
-0.701569359355544,0.0696545945947471,-1.5028390857981,0,0,"2","1",-3.20148149531284
-1.33700257071884,-0.55535860912005,1.45867279319259,1,0,"2","1",-1.43270241285084
0.877625469710553,0.705716883420733,0.569270938612532,1,1,"2","3",-2.07036549078736
-1.04530604616571,-0.268670879434752,1.98404910196289,1,0,"1","1",-1.91360321967651
-0.274170790622911,-1.05522918132957,1.50121634859141,1,1,"2","1",-0.838360777473648
-0.46095815188378,2.55643106448504,3.47816904202374,1,0,"1","1",-0.0495317391190544
-1.09855327096585,-0.677359586373262,0.687062769144743,1,0,"3","2",-2.87917127798302
-0.00861242520574323,-1.53869051552021,-2.154563989784,1,0,"2","3",-4.15486900010011
1.2414561764821,-0.787998811779297,-1.22320688150131,1,0,"2","2",-1.76524348521764
-0.0601392677901593,-0.148126516176164,-0.715034012891913,0,1,"3","1",-0.441361459968634
-0.862674110414487,2.53743681203499,1.99960616386312,0,1,"3","1",0.532500991338297
0.931668816700758,-4.1311341949294,-3.12512016838554,0,0,"1","3",-4.93227283089809
-2.10210240878031,0.497891837956641,1.81966460553639,1,0,"2","1",-2.86268063386704
-0.814193879839433,2.91260825451519,1.28817275978664,1,0,"1","3",-3.83396776197384
0.494500173066916,0.754234313225338,0.479955775941938,0,0,"1","1",-1.52399471607409
-0.762277237165674,0.728450524243598,3.02863141492203,1,0,"1","1",-1.58007370603953
0.372986032516096,-0.357832405893698,-1.56272445051785,0,0,"2","2",-4.14142735749334
0.332375587414153,-1.29483969394545,-2.16467293728855,1,0,"3","3",-5.19775739327225
-0.116090645072121,0.897556589371817,1.58735200085061,1,1,"1","1",0.330783828949314
-0.834767760385704,-2.4621690710912,-0.261066363462367,1,1,"3","3",-3.45140620576406
-1.14609224290202,-0.973208066176333,1.31119669667901,0,1,"1","1",-1.21712954721399
0.752521539572213,1.61757870093752,-1.79871113663326,1,0,"2","2",-1.88136825508808
-0.527553830462016,1.08997842993166,2.57382746451102,0,0,"2","1",-1.09667288450148
-0.499323927720184,-3.60490082209411,-4.08500280547376,0,1,"1","2",-5.4709345689656
0.825211830528119,0.0131012673185712,0.572700039060528,0,0,"1","2",-2.86245526786666
0.822486692826527,-0.603322255460816,0.167835890995059,1,0,"1","1",-0.811013851405987
0.177243905539307,1.62413783768957,-0.20739680865964,0,0,"1","1",-1.67432093332147
1.0849177211869,1.06832004621522,0.555595522842789,1,0,"2","1",0.239396566436256
0.621058038255997,1.1645935975582,1.83617325262578,0,0,"1","1",-0.217291592933889
-0.430864149620947,-1.83121473707882,-2.4792732798254,1,1,"1","2",-4.00324034250683
-0.846290566352413,-0.686160782617699,0.519101303411605,0,0,"1","3",-5.12025696559137
0.236173167913951,-2.97251187198431,0.106766860620808,0,0,"3","1",-1.80565315898178
-0.299602024758474,0.160305926899538,0.693364129734933,1,0,"1","1",-1.69791591800586
-0.742839792704651,0.265362246914248,0.172170203945182,1,1,"2","2",-2.84300149702118
-0.160987968590582,-1.27084479077171,1.11377695343631,1,1,"3","1",0.0798429359013282
1.01558779234068,-1.32962860126842,-0.806427904241164,1,0,"1","1",-1.16563060577249
-1.37353437941626,-2.76722196526156,0.755266478360069,1,1,"2","3",-4.05611782927762
-0.591212791000277,-0.647273834989548,-2.22458082817846,1,1,"1","1",-2.53341379878003
0.337724573032044,0.480878879078307,-0.502950294563923,1,0,"1","2",-3.33531957493343
0.357574197274754,-0.614417883196946,-0.466955662173224,1,0,"1","3",-3.19338425806104
-1.94490308572467,0.712183714919074,1.59617139268797,1,0,"1","1",-1.41663093667302
-0.170486898269237,1.37789894760076,2.63557080768307,1,0,"2","2",-1.7814076434568
-2.67650626647872,1.19966575998611,1.60814815864985,1,0,"1","1",-1.86040879486459
-0.699172993194312,1.34224981504768,1.21893904759871,1,0,"3","3",-2.90146854846261
-1.41479571242852,-0.731416452307651,3.02925236295355,0,0,"1","2",-3.78921296762629
0.397677569016474,-0.32655565400223,-0.717688802187294,1,1,"1","1",-0.481267514640431
0.0148335930332996,-0.382211168288329,3.56830234908456,1,0,"1","1",-1.09759592679931
0.371933408361368,-2.7790766942402,-1.12904290320291,0,0,"1","3",-5.08275076891858
0.0622697564580533,-0.75238111689182,0.889453125476265,0,0,"3","2",-3.17569900990702
-0.64500700679492,-1.88755809781169,0.941268285478624,1,1,"1","1",-0.694713466342496
0.820958084978234,2.17676171741816,2.26806620373251,1,0,"1","1",0.399907499200265
1.45542482618624,-1.0843089092118,-1.91967284349616,1,1,"2","2",-2.94145569638783
1.03911015802392,-0.863463720036361,-1.14193090316589,1,1,"3","2",-1.99951448103977
0.571053964274134,-2.39464107964057,-1.16045215583348,0,0,"1","1",-2.65665611170573
-0.214118037341186,2.50576543403015,1.11679626675699,1,0,"3","2",-2.54337033535457
0.226869065260585,-0.0931804618922344,-0.0105754914755277,1,1,"3","3",-2.74784655358599
0.178803368171713,1.4619534009353,-0.352773515675663,1,0,"2","1",-1.13247448597522
1.52632701271222,-0.863472151474321,-0.436900450090604,0,0,"3","2",-3.02382466358329
0.113850940814122,0.364881555529669,-1.47023529270903,1,1,"3","1",-0.302418371162443
0.527675353856184,2.71431062108192,1.36177975898546,1,1,"1","1",0.279172203103287
-1.64970553462731,0.716182755397272,2.06373358133155,1,0,"2","1",-1.49497825789754
0.000188074792289712,1.91366682319112,2.74249847514016,1,0,"1","1",-0.436118132802164
1.74523764738481,1.52907931234385,0.892072995388416,1,0,"2","3",-0.55002456969187
0.412489082771082,-1.67512267286292,-1.3273292126735,1,0,"2","1",-1.60518665043779
0.954170543870477,-1.39392870108283,-1.02762113391251,0,1,"3","3",-3.08141099483435
0.180233016891063,-0.124171455736413,-0.638598539588087,1,0,"3","2",-3.33921550600675
-1.79578391580669,0.160176664141496,-0.250056408542116,1,0,"3","1",-1.49424013016134
0.566111187994269,1.1391360295976,0.383583548396796,1,0,"1","1",-1.38072698425096
0.0422196870118661,0.232385067228542,-4.1671199988324,1,1,"3","1",-1.18055433345998
-0.31638293306311,1.31355231242599,1.4540336315987,1,0,"1","3",-3.93357903473225
0.611173989064276,-0.313397747618923,-0.164878596103979,1,0,"2","3",-3.13643092127234
-0.195863215844424,-0.426015534571937,3.93876117484014,1,0,"1","1",1.39097426873231
0.521297444238772,-2.60705539795965,-1.91425559333681,1,0,"1","2",-2.86857701236762
0.629218771128489,0.980677627584312,-1.06063462445837,0,1,"1","2",-2.84567457756303
0.440155708210602,-0.332207514250173,-0.15625865096704,1,0,"2","1",-0.460800850413936
0.245976656139678,-0.971070273288102,-1.83735667630581,1,1,"3","2",-2.7351935881831
-0.485907646412053,-0.477142521795332,-1.22293166426009,0,0,"2","3",-3.94583746377756
-0.136594080007007,-1.11543223425702,0.288558793261367,0,0,"1","1",-1.25816156189354
0.862552876547287,-1.86375334051566,-2.12907482237295,1,1,"3","3",-4.02869912104604
-2.07310492355579,-0.57941169479479,-0.107260959484198,1,0,"3","1",-1.47556540823323
0.433699395033717,0.0863651521282019,1.20193915852332,1,1,"3","3",-1.86163976765169
0.251186215104338,1.94620122268736,0.027428798397564,1,0,"1","1",0.109452245898583
0.882482357605605,-0.0944733752261683,-1.66633406229871,1,1,"3","3",-3.27579642762607
0.206615878591113,-0.826747295877659,1.25574374329143,0,0,"1","3",-3.82924688450806
-0.37266467490173,-0.152659528807688,0.720704770358754,0,1,"3","1",-0.183758248304736
-0.0495660029449559,-0.0261727695709666,2.08274178146459,1,0,"1","2",-3.62985998683407
-0.551744243945305,-0.503610374420688,-1.17429684219308,1,1,"1","1",-0.811600378384047
0.25924222623297,0.896180299648398,-0.723705924017039,1,1,"1","1",-0.369488829376855
1.01950711824918,1.33236166665338,-0.174346589781473,1,0,"1","1",-0.486068364628761
-1.09961796824538,1.85363992594496,0.189678920710368,1,0,"1","1",-1.9859959563475
0.0474694922600504,0.315567286728561,-2.05880193991562,1,1,"2","1",-1.93203005523414
-0.263583026748634,0.78886066018792,1.84712320197721,1,0,"1","1",-0.165516248583527
-0.595910567046423,-2.1038211753897,-0.768720277273171,1,1,"3","1",-0.45707879915706
1.18301915279146,2.86850760018738,-0.13121554504351,1,0,"1","1",-0.523202375105224
-2.36369273680833,1.91421392914659,1.66788176342106,1,1,"3","1",-1.77161393059166
-0.61472685995048,1.70061206413688,1.77592834294083,1,1,"3","3",-2.38649524636806
-0.536095739246256,1.11551300458935,1.37396236913525,1,1,"2","1",-0.467255561700641
1.92857950280471,2.68945426445938,0.80002003611074,1,0,"1","1",-1.29864753032147
-1.41881140577143,-1.217594621144,0.262926318659634,0,0,"1","1",-2.04893269285119
-0.0106600648459501,-0.760480828065649,-1.42065161066928,1,1,"2","1",-1.08405367338684
-0.686924693369993,2.89581581836462,2.25699700282131,1,0,"3","1",-0.345329620986687
-0.509763191989719,1.17643108742547,0.0481756122594841,1,0,"3","1",-1.0411882440054
-0.616318264298973,-0.174493906835904,-1.13138771354874,0,0,"1","2",-4.85053212730313
-0.422866704044031,-0.263988510275814,0.287877103138395,1,1,"1","1",-1.40375749678308
2.27290908655169,0.534430725836683,-2.21036220891917,0,1,"1","1",-0.450242775589363
-0.479261888859917,1.07214877749927,-0.0960564310009941,1,1,"3","2",-1.95480969011635
0.217899093835716,1.00254766539249,1.28594144227787,1,0,"1","3",-2.9675601210759
-1.17050468745514,0.29886109356113,-0.383306607570273,0,0,"1","2",-4.29225818028061
-1.15263182052597,0.0898790745264306,2.24072458335214,1,0,"1","1",-1.07436626277346
-0.0303009883410731,-0.506123508315363,1.52461493824305,0,0,"1","1",-1.63557563525124
0.802477516557343,0.393485235326473,-1.1931386494192,0,0,"3","1",-1.49322743093947
-0.391216805481901,-1.1897475227984,-1.50787565148295,0,0,"3","1",-2.76571718296127
-1.0756818313931,-1.64035061182108,-0.764435185216376,1,1,"3","3",-3.82022698744839
-0.734763890299202,-2.13831633242123,2.08416585990604,0,0,"1","3",-4.07397770293248
1.90075702314577,1.39867104725159,-0.494565685846095,1,1,"3","3",-0.777562305389343
-0.484531716070431,-0.554446031881872,0.579757962259291,0,0,"1","1",-1.97945845124406
-0.0148603805989649,1.06362918646541,1.29584051903498,1,0,"1","2",-1.6991558874737
0.643680691374817,2.91850486747061,-0.188893589034681,1,1,"1","3",-2.28128745283254
-1.092452235557,1.22157596741995,1.37725298320109,1,1,"1","1",-1.08739163162248
0.219605479139782,0.674571871164636,-1.84259208068474,1,1,"2","1",-0.786919008742567
0.0602316296423376,-1.11299491144802,0.19233062123397,0,0,"2","1",-1.50332484201296
-0.750681662226866,-1.56506413698608,-0.333061144554996,1,1,"2","1",-0.210802295611291
0.617793572768479,0.767564539812938,1.54364136593385,0,0,"1","2",-3.03223419890262
-0.0679438884541055,0.227292292046225,-1.17231857360142,0,0,"2","2",-3.15138458823143
0.836043484386334,-0.902575322995914,-1.15759399813465,1,0,"1","3",-3.07671208408732
0.11618110998183,1.78204687914376,-0.237637610826191,1,0,"3","1",-0.562580254188797
0.453108294668703,-2.18565831775439,-2.18432708350686,1,0,"1","2",-4.74085103968152
0.587171647574861,-0.107351816236982,-3.17850146750923,1,0,"2","2",-3.82401418817303
1.42891898834349,1.99114332729586,2.83165565013649,0,0,"1","3",-1.89408686960865
0.228452402742587,2.23500157929519,1.36116656826565,1,1,"1","3",-2.4744455725362
0.072034571983097,-1.01649031224532,-0.584252342587965,0,0,"3","1",-2.27004373898926
0.332836828925344,0.516259998324281,2.21863687393895,1,0,"1","1",-0.180206061528476
1.31207199761925,2.11901898465163,3.22520159890994,1,0,"2","1",1.18437134438436
0.0306201857706095,2.87875703969168,-0.13696483751209,1,1,"3","3",-2.17439457080313
0.306669316141697,-1.0412058364576,-1.8466430894577,1,0,"3","2",-3.08808850131784
-0.759316348678805,-1.79349192016467,1.26755275000892,0,0,"2","1",-1.59573273500846
0.894036225426102,0.681692839304458,0.713223452155577,1,0,"2","2",-2.65342888541858
-2.10096807371075,0.664394504023883,2.07656981332971,1,0,"1","1",-2.43811445856486
-1.34786533853593,-1.23847020827251,-1.13581070541693,1,0,"3","2",-3.30011188762348
1.65078242938754,3.91949784236493,0.856538178874826,1,0,"3","1",0.253542146443654
-0.58413932843662,-0.428150769552343,2.72629285450223,1,0,"1","3",-4.39691586555371
-0.833548704147497,-0.170278361898785,-2.22001900728043,1,1,"1","1",-3.12612932487636
-0.445947686075205,0.0678776498515901,0.50998859348767,1,1,"3","3",-2.8328269983636
0.732714382073737,-2.55337742673281,-1.49044765314186,1,1,"1","1",-1.323140904222
0.939677852214732,-1.30627663940011,-2.88986298389626,1,0,"1","1",-0.978337109975322
0.7446456677334,0.263382185873415,-2.01337881983344,1,1,"1","2",-4.05388853550063
0.59520866333604,-0.734855528366734,0.25745689992144,1,0,"1","1",-0.101607518756475
0.303522794356056,0.517466278544919,-2.12756224020697,0,0,"2","1",-1.33834682718672
-1.19408404142281,-2.47248184013306,0.0377693354297728,0,0,"1","1",-2.91990897007455
-0.868654090239333,-2.5170391245231,1.03084238896338,1,0,"2","1",-1.59325986097274
0.394103608560958,1.340195815741,-1.05617938328196,1,0,"2","2",-2.17411822514894
0.155116503014028,-0.571583348404211,-2.28685111965706,0,0,"1","1",-3.24705437387147
0.690315171126373,-1.54935620565771,-2.53636021042858,1,1,"3","2",-2.89874898421392
-0.0702853042106433,-0.500899998034274,1.32160520389133,1,0,"1","1",-0.68112241338687
-1.07006227661333,-3.87019155281674,0.156092955086293,0,0,"1","2",-4.81881723151489
-1.32443362626326,1.92483842677429,-1.04106069936783,1,0,"2","2",-3.34947987610836
-0.790667029101175,0.80300202364287,1.16062508502316,1,0,"1","1",-1.25934835021066
0.772630935121874,-0.0988761067621549,1.31413849130404,1,0,"2","2",-2.18037604333241
1.12615646544904,1.03013098548927,1.65556546587231,1,0,"1","1",-0.170007031496166
-0.177698535758012,-0.158950378132642,-1.50727865629208,0,0,"1","1",-2.80353976677667
1.29711469943547,-0.851485461685692,-0.861062072845181,1,0,"3","3",-2.97441581656609
0.314320928458055,2.84368782762256,3.08161662663815,1,0,"1","1",0.373235144764219
-0.436874103005932,-1.22332350175784,0.890304514417113,1,1,"2","2",-1.96557300089634
0.834133924141922,1.14723777165506,-2.98254506132996,1,0,"2","2",-3.42391026686506
0.340951598190562,2.41914072813838,-0.0403834503369516,1,0,"1","1",-0.175536630448218
0.263630468955347,1.92278954309034,0.850453990209985,1,0,"1","1",-1.04842220420684
-1.68951940983431,1.5081414147682,0.208832476883917,0,0,"2","1",-1.51748269882775
-2.26506279958782,0.234195905558304,1.11289711015702,1,0,"3","2",-2.79178068668528
-1.38627361837313,2.38614184526969,2.39119163760753,1,1,"3","1",0.277881609281799
-1.64406283360721,-0.776227983502009,0.44050059669028,1,0,"1","3",-4.41826761819311
0.932883977037972,2.18143499511778,0.623153093073574,1,1,"3","1",0.465176174612287
1.38215621443286,1.52032370164253,0.322287936540167,0,1,"3","1",0.56064898454601
0.861722349373836,-1.91237455730265,-0.977426731628691,0,1,"1","2",-3.55305216916916
-3.1612270487416,0.630653104906507,0.618522958441848,0,1,"2","3",-5.32460179738987
-0.704934201807392,0.563854738256801,1.92190466590441,1,1,"3","3",-2.18781479979276
-1.48457675229904,-0.682439232222007,-0.0431590887846342,1,0,"1","1",-1.69316360475752
-0.563230594309109,1.01496797377828,-0.530550987418393,1,1,"3","2",-3.08519258024466
-1.36689553667827,-2.83828878647595,0.114212715959128,0,1,"3","2",-3.58707880683509
-0.223067552020717,0.259591898876514,1.38959844842422,1,1,"2","1",-0.897757103373994
-2.02506723877392,0.0692313585231964,1.74108297622819,0,0,"3","1",-2.57900352626026
0.514901076446923,0.275858423603518,0.609250743129628,1,0,"3","1",-0.125886579039257
0.586594894131514,1.09271120056711,0.310717346929081,0,0,"2","1",-0.862658585890845
-0.260987204397534,-0.784927671934032,1.26213671537495,1,0,"1","3",-4.09451385117784
0.585903777670777,1.22470072705681,-0.451951924832555,0,0,"3","2",-2.86326098261576
-0.768335458657702,0.139034311008994,2.39911156142609,1,0,"1","2",-3.02240738933628
0.213826460266076,-1.32708191223751,-0.177033806237507,1,1,"3","1",-0.571223306383733
0.813042033955993,-1.60217300023962,0.336223556501791,0,0,"2","3",-3.14416289729305
-0.166017110594801,0.327438129955671,-0.582920203499188,1,1,"1","3",-3.23119917861515
0.670649450484744,-0.450356578766489,-1.39812061568017,1,0,"3","1",-1.40370621717549
1.62784878962492,1.20300908646236,0.0032604682675219,0,0,"1","3",-4.02466428033836
1.23230085827115,0.704020853903279,-1.90459253446322,1,1,"2","2",-2.32166075262495
-1.05538666506129,1.1723149978952,0.553461745338733,0,0,"1","3",-4.11210078233907
0.406157017389099,-0.578496466695038,-3.76972690180827,1,0,"3","1",-1.32479697823816
-1.30251466703312,-1.2376644956408,-1.97279359138831,1,1,"1","3",-4.09929994856668
1.34598358874559,0.108168835680914,-2.50298206839351,1,0,"2","2",-2.95030291630822
-0.652934128799331,-0.229519237511679,1.13223263694054,1,1,"2","2",-3.76770399630395
0.701696798409254,2.93576788472452,-0.776452269077629,1,0,"3","1",-0.0899664210926788
0.531607632732921,-0.682536675254211,-1.922409136081,1,0,"3","1",-1.39926029979343
-0.498917934243191,-1.85916890462236,-1.05813455388288,1,1,"3","2",-2.89213924058772
-0.527443482215543,-0.660684370351683,1.87602295293951,1,0,"3","2",-3.84621492491665
-1.07358340719377,-0.310772866004166,-0.281390605421538,1,0,"1","3",-3.04438153099244
-1.76121986461465,2.0690537373878,-0.160512389786281,0,1,"3","3",-4.19778292215682
1.13531093474997,-0.324676542362717,-1.58161716161968,1,0,"1","3",-3.56465874383487
1.19489711273579,-1.89078148215154,-2.41023741019779,0,1,"1","3",-4.67714747043553
-0.768622501545195,0.870060248543256,2.88066977329603,1,0,"1","1",-1.66320656432916
0.0229736247680453,-0.432841068889694,-0.281144322282407,1,0,"2","1",-1.35842270900981
-0.187123321272903,-0.552669145301738,0.67691127203483,1,0,"1","3",-4.12267749814327
2.87704201327038,0.082015350273948,-0.816897552377554,1,0,"3","3",-1.46737482869289
-0.534697670514894,0.139073421739113,-0.559165752759788,1,1,"2","3",-3.37457441150381
-1.00065905136882,-0.527726520713963,-0.389692910638275,0,1,"3","1",-1.50379155416956
0.416166639195415,-0.570653584018744,1.13300152377856,1,1,"2","1",-0.338835966344663
-1.18976117113422,-0.483191925818244,-2.82989952755463,0,0,"1","1",-3.36163377812921
-0.129954838058051,0.00139387324532485,-1.60984590020562,1,0,"1","1",-2.29660087945805
-1.14113730285317,1.69440465005244,-0.0263624342660227,1,0,"3","2",-3.20096107853088
-1.82914780162334,-0.083238665506895,0.353922919286658,1,0,"2","1",-1.80324472930016
-0.238559251418715,1.20208985591573,-0.0242919995157492,1,0,"2","1",-0.394663800315677
-1.52453147446649,0.968095616694053,-0.0921463437517587,0,1,"2","1",-1.82681987693114
0.968651564825831,-1.53240420452675,-1.49821731692428,1,0,"1","2",-3.85487219457119
-0.807659407053957,-0.454492653337011,-3.03354220927255,0,1,"1","1",-3.16099985615684
1.08197475497064,-2.67336904228823,0.205353492024156,0,0,"2","3",-2.78535748048131
0.277504802276338,1.19211531209152,0.276478201362819,1,1,"2","1",0.293171323244555
-1.38394111913367,-1.3872521754791,-0.301159251109755,1,0,"1","1",-1.50796757440166
-1.00605873310194,0.938078546906666,1.88014525133902,1,0,"3","2",-3.0620831334771
0.947695771901719,2.25225776617399,-0.0553263322297154,0,1,"2","1",0.167075988583987
-0.96318706135438,-1.82802596691752,-0.58975958888894,1,1,"3","1",-0.653844318638694
-1.05295249876529,2.4947909132285,0.390264494460065,1,0,"1","3",-3.67862416259919
-0.841925413716159,-0.657710815714538,0.338004773736124,1,1,"3","2",-1.94650385420517
1.16032865582877,1.18736893181117,0.936089215442619,1,0,"1","1",0.0951539087947753
0.142044236771884,0.389785868933976,0.763440669694336,1,0,"3","2",-1.44545649771006
0.923683004804523,-0.248524248004561,-2.54474461240134,0,1,"2","3",-3.245597535835
0.061886678082269,0.359977902501161,-1.12383892334127,1,0,"1","2",-3.64094531931255
1.79199739519073,0.109068547713746,-3.97485379234999,1,1,"3","1",0.874266056908751
1.50983265296569,-1.06154914432816,-1.97048791628681,1,1,"1","2",-2.41319275304316
0.400441952654625,-0.777813473949827,-1.21500002930187,1,0,"1","1",0.296328914335531
0.0169903626536282,1.94296466909814,3.54772164652212,1,1,"1","3",-1.99469051153111
0.648377200130557,-1.70524447054668,-3.94791442342359,1,1,"2","3",-2.62149927149549
0.101024187644155,1.93698992469053,0.178357207842059,1,1,"2","2",-2.12456580203881
0.1607071263562,0.451064023457692,-0.40327858752074,1,0,"1","3",-4.50248689092524
1.39897496864009,2.22009097581753,1.51537873350328,1,0,"3","3",-2.1709719933451
1.22051045558305,0.828556070464957,-0.635276314835441,1,0,"2","3",-2.85977135846734
-1.31220297087825,-0.306893108245844,1.05756848230627,1,1,"1","1",-1.84160884921153
0.402874187865152,-2.07673887438061,-2.9144501230223,1,1,"2","1",-1.94247547524626
0.197441016909462,-1.02880245162961,1.67337952969572,1,0,"2","3",-4.06677543361509
1.08435974036382,-0.550502053098892,0.780808027674347,0,0,"3","1",-0.492447659916451
-0.705475648939837,1.6820255295096,-0.277484881256663,1,0,"1","1",-1.57448412946056
-0.717082597748065,0.6207708533593,0.104417937212474,1,1,"3","1",-0.585868754887664
0.814143277301293,-1.10621151505433,-0.955431915158393,0,0,"1","1",-1.84834388000717
-0.856799543718006,0.495728478459005,-1.33998940861008,1,0,"2","3",-4.16909610183921
-0.801874995557278,0.260629729043159,-2.65917208235772,0,1,"2","3",-4.75671394744509
-1.38870273944875,-0.589956437425627,0.354011318662415,1,1,"1","3",-4.32796794706002
0.617791633125805,2.1278628352166,2.16724344395265,0,1,"3","1",0.659623424932642
1.49728178618292,-0.397629413919193,0.875997112241942,1,0,"3","1",0.608789669086339
-0.972702549516478,-0.059184425642436,0.5567477330102,0,0,"1","3",-4.2603290016759
1.70920362530481,1.77002035034425,0.215734364634367,1,1,"2","1",0.208747829219327
0.0243027784786028,0.916866019293301,-1.19837532543724,1,0,"1","1",-1.20902043415536
-1.85389285169289,-1.03711198463626,0.00012150858966227,1,0,"3","3",-5.764851484165
0.403538198812707,0.641917819117755,0.0637398952829747,1,0,"1","1",-2.12031545886103
-1.08911952630252,0.223134944878,1.84952984761141,1,1,"1","1",-1.28290271204183
-1.67497513292505,0.062645631007655,-0.543543499747295,1,1,"2","2",-3.50935149818214
1.17324244579279,0.324026028214384,-1.43538235344143,1,0,"2","2",-2.79005758577769
-0.667050734847155,1.29168950158341,2.55742376790647,0,0,"1","1",-0.481393566176267
-0.676538755365008,1.07621763809125,-0.676925767632027,1,0,"1","1",-1.65083032908804
0.804838940885038,-0.214105438660427,2.21397458472402,0,1,"1","2",-1.41947920192584
-1.87905236502631,0.113410474214433,0.514428267731614,1,0,"3","1",-0.841547825056272
2.75765309425532,0.0560468890492609,-1.65490098105032,1,0,"3","2",-2.35140020194106
0.938988457722061,-0.988075595376728,-0.888548233488273,1,1,"2","3",-2.78342812184859
-0.317851668881799,0.871594521868909,0.479834649004076,1,0,"1","3",-3.94695968593006
0.855389770161009,-0.492179353833866,-0.331792912753495,1,0,"2","2",-1.93426955252871
0.72390489896115,0.232513964979607,-1.23087776159327,1,1,"3","1",-0.435020868454066
-0.357378117614217,-1.54016058651803,1.37969516852493,1,0,"2","1",-2.07904935668867
0.0853689159964247,0.0605773279257538,-0.454287117541419,1,0,"2","3",-3.20785598853166
0.508852913545865,0.468143066558415,0.611422672848779,1,0,"2","1",-0.980130425047025
0.546199816130986,-0.070100202489791,-0.774348131975391,0,0,"1","1",-1.59799371877679
0.520122412877283,-0.566853177443938,0.916323951275035,1,0,"1","1",-1.1333097983413
0.98606847763263,-1.14232024792455,-1.54640791778781,1,0,"1","1",-0.903189168839536
-0.364249115210824,-2.87532040740925,-2.40313565016366,1,1,"2","1",-1.31069207092264
0.197531877495366,-0.601290761648088,1.33135827248402,1,0,"2","2",-2.43871718175553
0.446950858011,-0.829255416487147,0.421729602638177,1,0,"2","3",-2.37703449558829
-1.32639738095424,0.703801280505255,0.967202217507875,1,0,"3","1",-0.999394383027218
-0.487918202187158,0.165778912199817,0.111143125632507,1,0,"2","3",-3.19835084163211
-0.639880901977726,-3.2877787701751,-0.746493242452689,1,0,"2","1",-3.06648612380929
1.90225159951912,-1.98425868535611,0.158204657565633,0,0,"2","1",-0.473072109031114
0.933018071440756,-2.01250925577168,0.724367460753216,1,0,"2","1",-0.781729218614628
0.56725166362794,0.0528373475843507,1.37788311949993,1,0,"2","1",0.307704309541788
0.836706965531232,1.08665361092282,-0.0232647511346283,0,0,"1","1",-0.867280891241176
1.48019279995182,1.35385443907809,0.614008448199328,1,0,"3","1",1.52112537626442
-1.13501183033485,-1.67779840370233,-0.548109613671569,1,1,"1","3",-4.47201971560844
-0.982142407546728,-0.171403707617455,-0.857955719951651,1,1,"3","1",-1.0022162625441
0.625689659528981,1.88448569097031,1.35962789911728,1,0,"3","1",-0.154026089742701
0.968619010201628,1.37721874619403,-1.37129971064139,1,1,"1","2",-2.56964979324647
0.463161906179362,2.7288904950468,3.8577693344377,1,0,"3","2",-1.29465866321888
-0.564872240222871,-2.51104282498641,-2.2476292856249,0,1,"2","1",-1.93385461635829
0.983977245508515,-0.312162608055699,-0.564393572402926,0,0,"3","1",-1.2235462715481
0.490696083823358,-0.221602795315693,3.6057059900149,0,0,"2","3",-2.83105783347326
0.491495228935161,0.895283035207574,-0.555218516110997,1,1,"2","3",-3.4693814162524
-0.329955774402827,0.493888083069157,3.78858648058679,1,1,"3","2",-1.33497541328559
1.26045686056495,1.62817510994853,1.83555825143239,1,0,"1","1",-0.700413575524351
-0.671445687663149,0.0902633801635445,1.07971301701899,1,0,"1","1",-0.480655836870205
1.88939250773617,1.22567512479376,-0.265041674762568,1,1,"2","3",-2.52170449022804
-0.137386533977864,0.569128150332978,-0.341302165956625,1,0,"3","2",-2.94495300125206
0.243977349801775,0.241694802418892,-0.727065402797174,0,0,"3","1",-1.06991485760482
0.757937667385235,1.44113559460976,3.63435285687899,1,0,"2","1",0.56834436731989
-0.731365289385084,-0.814438365263495,0.557508123113863,0,0,"1","1",-1.70593302179508
-0.153990987613084,0.321784571319048,1.48442784403976,1,0,"2","1",0.0703297674152161
-1.30015675528873,0.0266945399527657,-1.32630078859125,0,0,"1","1",-2.65284260720357
-0.784219260445037,0.818056172686871,0.0899079777626679,1,1,"1","1",-0.724952233214998
-0.0498512445904881,0.800028254976082,-0.395517663631842,1,0,"2","1",-0.0620711606209013
0.549008431146494,-1.94436475939392,-2.72827890612394,1,1,"2","3",-3.17742657937346
-1.66262057855257,-0.721786236941328,-1.77215582082701,1,1,"1","3",-4.24292676740658
0.184302743157679,-0.770377334890192,1.47342495981441,0,0,"3","1",-0.597077778558711
0.793617424230008,1.53577194863843,-0.376725062172826,1,0,"2","2",-2.46014273023622
-0.649420445027235,2.97893060056594,1.88958103045668,1,0,"1","1",-1.05016219381803
0.445831724903306,-0.63957910664978,1.70445823252332,1,0,"2","1",-0.15649694905657
1.41526080817563,-0.656170037406191,-0.132207584271262,0,1,"2","1",-0.109980288049189
-1.97236836902156,-2.60751058925664,-0.680282946055419,0,0,"3","2",-5.28675091458937
-1.04135636728599,0.538358052195859,0.802672002420435,1,0,"1","2",-3.1031546900812
-0.707361378082132,-0.31711287755537,-1.64129361133615,1,0,"1","2",-4.54331148806661
0.232885903191992,2.26633262322895,1.50310722631792,1,0,"2","2",-1.74655771497771
0.583340709900931,-1.49446586690263,-1.06867213572661,1,0,"3","1",-1.80529877553304
0.262457301483751,-0.694756214086786,-2.31170784270724,1,0,"3","2",-3.74369838807941
0.539688442018394,1.49823923466673,4.22454881139252,1,0,"3","2",-1.13188525444711
-0.91386097334975,-0.280266533206598,-0.50821584726632,0,1,"3","2",-3.64301340116893
0.424922026464688,0.434494429007421,0.243441721533684,1,0,"3","3",-2.63527558708673
-0.0855372696955111,-1.39264260072359,-1.07726924461501,1,0,"1","1",-1.46313807811846
0.164006578313847,1.66764859845357,0.816457459228374,1,0,"3","1",-0.311266294985888
-1.26474658395679,-0.259837691862027,-1.80554138655744,0,0,"3","3",-6.09768187910827
1.58255962596386,0.572771412033726,0.329607108091806,1,0,"1","3",-2.90843658120736
-1.00270048582262,-0.111174227750611,0.316435349514947,0,1,"3","1",-0.718623899179126
-0.168500473912773,2.35566467578099,-0.00120276232492511,1,0,"2","2",-2.23616463815743
-0.568857784240368,1.02289843820987,-0.634243904037419,0,1,"1","1",-0.656454809485614
0.390115739219212,-0.636389806271662,-2.83503560790987,0,0,"2","1",-3.28489250022146
-0.89507364399123,2.86099507679943,1.15458190780208,1,0,"2","2",-1.96778608986386
2.17242545120774,-1.7726173521978,-2.7467693337075,0,0,"1","1",-1.36473987775976
-0.194239972150888,-1.35607380549518,-1.38582766917486,1,0,"2","3",-4.50629857371713
-1.02004294786803,-1.24009637917232,-1.09333213962624,0,0,"1","1",-1.83747225407674
-0.542181072823424,0.162498157843607,0.948733177984569,0,0,"2","1",-1.24772140755127
-0.831113630642112,1.44511819645964,0.278414713851691,0,0,"3","1",-2.07243459059117
-0.0278192210416711,1.7692273579014,0.0210734397357184,1,0,"1","2",-3.47072341100596
-0.622615999243945,-0.230610416618368,0.145437950652011,0,1,"2","1",-0.617077630946062
1.97626265318129,-1.70898626542126,-2.1979201304329,1,1,"2","2",-1.64171282288414
0.9730455885388,0.957389956064711,-0.846476107669235,1,1,"2","2",-2.26153860095995
0.423364713857842,0.688453445094091,-0.435507064845797,1,0,"1","1",-0.453444307782766
0.135042700163477,-1.61258470790706,0.0851028295181911,0,0,"2","1",-1.44162151591116
-1.36400301853614,0.36092533268466,-1.8290715346114,1,1,"3","3",-3.74089111120601
1.42134852626029,0.855039165676547,0.840506074459073,1,0,"1","1",-1.37067678344321
0.91541341724553,-1.36348107941982,-2.57575993802798,1,0,"1","1",-1.68169364715611
-0.469146564938913,-0.168666602954205,-0.61922164746479,1,0,"1","1",-1.11690080261781
-0.63073505740736,-2.32860829599824,-2.01107782237944,0,0,"2","2",-4.95961989803741
-0.140367610623576,-0.414866667438758,-1.39959466777773,1,0,"3","1",-1.53448594690652
-1.00358801890234,-0.758780066525044,-1.27406929591039,1,0,"1","2",-4.15094545658023
-1.41028961279556,3.8423455607052,0.767077739802559,1,1,"2","3",-3.01141428636006
-0.109888165260739,-0.38476792749472,0.942548136852825,1,0,"3","2",-2.17027875393333
0.807360046439054,0.0512519010574623,-1.15500381332531,1,1,"3","2",-2.07331766971924
-0.427165160437314,0.801465579371849,0.158967191075671,1,0,"1","1",-1.46324468242916
-1.20951916079849,-0.211522792693053,1.05053694448888,1,0,"1","2",-3.54327816123973
-1.47140316711969,-0.362919342284394,3.02695957038888,0,1,"1","1",-1.71942041037013
2.63188475788329,0.123482279662193,-1.36899935460165,1,0,"2","2",-1.82268214523028
-0.49433747254102,-0.735531497870112,0.380903928836647,1,0,"1","1",-1.09954599329193
-2.42940290732068,-1.25162061051018,1.01502338381137,0,0,"2","1",-2.85224979079393
-0.91250784306027,-0.709155106466508,-1.27216485933188,1,0,"3","1",-0.538044259241731
0.495224808654336,1.40895231078622,-0.652030522360259,1,0,"1","1",-0.200064924638939
-0.328602844102674,-2.58013606562876,-0.925974165598887,0,0,"1","1",-3.10866880578709
0.701744230716032,-2.14546360206108,0.667440024801714,1,0,"3","2",-2.88788592020636
0.0740522316901828,-0.110671483349603,1.53744126962757,0,0,"1","2",-2.90752875795292
0.341276081543315,1.29991119969673,0.133632338568906,0,0,"2","1",-2.00358774576508
-0.324971839790756,-0.3326566542731,1.6960156563864,1,0,"3","1",-0.527803674300199
0.497535207394348,-1.08852919111018,0.0840029881770641,1,0,"3","1",-1.30530904726665
0.802936205568141,-1.55563842599825,2.3141515079233,1,1,"2","1",0.365505980559159
1.12339152665754,-0.912835781301711,-0.515835252137503,0,0,"2","2",-3.33109996645329
-0.497724585162649,-0.401780181907464,-0.882707825310143,1,0,"1","2",-3.21843112050666
1.89086782857373,-2.11871651288059,-2.24189901031454,0,1,"3","1",0.402831802503627
0.417773807811745,0.842058876479746,1.98850631378886,1,0,"1","1",-1.02493818116083
0.688217434324204,0.897870416987475,-1.23487377221239,1,1,"1","1",-0.199092571803035
1.79641188415082,2.22419372602772,0.0374139902202364,1,0,"3","3",-2.41817585755043
0.123522168311723,1.21770170304448,1.10083998548131,0,0,"2","3",-4.67243786819626
-0.249991067786074,1.90349980639408,-0.834455166813487,1,0,"1","1",-1.11992239107008
-0.402274428691984,1.73890193290377,2.41486727885811,1,0,"3","1",-0.802637198348343
-0.732861802759903,0.913595000805028,2.6469597078981,1,0,"1","2",-1.92291673345282
-1.39613403124077,-0.210477743035704,-0.463682516821776,1,1,"3","1",-0.810909340690807
1.00354140288248,-1.63241599906576,0.347867431712649,1,0,"2","1",-0.155524740268981
-1.29381317778746,1.10713314150979,2.73439457203007,1,0,"1","1",-1.368068331443
-0.666425810041049,-1.72916889390372,-2.37583161729603,1,1,"3","1",-1.70722756466336
-0.339693887395443,0.379711455606803,0.119384538405371,1,1,"1","3",-4.05091444018127
0.282301335605765,0.752598118742541,1.66113837694098,1,0,"1","1",-0.488944704660322
-0.640054419295595,0.935519569326674,1.0272127705774,1,0,"1","3",-3.63644919204271
1.10842535828235,1.76502176170745,-1.17035526274625,1,1,"2","2",-3.15340813558046
-0.0878515726682842,1.35755067562534,-0.164465536738869,1,0,"1","1",-2.26573623248934
1.0881024039884,-2.87122437483571,-0.0726906866848387,1,0,"1","3",-2.97177582212795
-0.720797105269847,1.59448547209615,0.654502810989984,1,1,"2","3",-2.5570191255112
-1.39706292451771,0.247806807624222,0.447703427616828,1,1,"1","1",-2.42222774976832
0.670750007321402,0.852551523048665,0.988072855168895,1,1,"1","2",-2.89531499245002
0.353559585802171,-1.44179591368858,-1.24267965949335,1,0,"2","3",-3.19963834506204
0.302314143875854,1.75973718487159,0.259168007358583,1,1,"2","2",-1.99944093698607
0.0794695194776149,1.93496032093613,-1.4901022082547,0,1,"1","3",-4.07182667866903
-1.06697208746558,0.192980984300017,-0.679464576301715,0,0,"1","1",-1.84667521481896
0.544780328512502,-0.301005845428348,-1.33394935433596,1,0,"1","1",-1.27584146260507
0.982558603643883,-1.68890914419806,1.80358360685592,1,1,"2","2",-2.08222815020899
-0.857050718118003,1.27184094321011,0.355525926107872,0,0,"1","1",-2.9877475487232
-0.477256082824902,-4.02924050184096,-1.18926188312034,0,0,"3","3",-4.99004737413957
-0.696043189132563,-0.274187678684754,-0.852076619539641,1,0,"2","3",-3.30436006252662
0.60880955741081,-2.32047121096,1.93692826722686,1,0,"1","2",-2.46133185119671
0.171516482595221,-0.245102901010451,0.843897137902006,1,1,"3","1",-1.11475493320592
1.49186170308239,-2.2850345602201,-2.11697495010885,1,0,"1","1",-1.98016223301418
-0.914530373794978,-1.03249869032413,-0.969835427859801,0,0,"1","1",-2.09903728510784
0.297971137793275,0.249136132047149,-2.45627928295503,1,1,"1","2",-2.54635928435925
0.740992885364272,0.73071318939608,1.20463332044471,1,0,"1","1",-0.750034068628844
-0.34255114041939,1.96223873205409,-0.416493049963731,1,1,"1","1",-1.52152769121231
0.729177009877158,1.84476543413313,2.1393189574723,1,0,"2","3",-2.19766086928548
-0.397385871278864,0.208384320872543,0.272293139539605,1,0,"1","1",-2.30689368808029
-0.458732675638138,-1.02553278716468,-1.0134201811443,1,0,"3","1",-1.57705603410328
-0.771815727288548,0.37981656239001,0.0651487125457157,1,1,"3","1",0.494392296863797
-1.32390097060188,-2.73187089694996,-0.393196980684262,1,0,"3","2",-3.46250030309976
-0.53896685889408,0.569437729800524,0.071433255873319,1,0,"1","3",-3.47201629224454
-0.860612595295075,-1.49438794397404,-1.4326624457832,1,0,"2","2",-4.13933948328443
-0.0896420341277779,3.46518256795678,1.75082433354907,1,0,"1","1",0.332692923570661
-0.0591029044650963,1.80056522635518,-0.627114191686022,1,0,"3","1",-0.137878453512377
-0.95782224907487,0.76882758176798,-2.15593766727766,1,1,"1","2",-4.1813377685917
-0.19524151296127,-2.80524102120911,-0.531082333189204,1,0,"1","1",-1.41863176592691
0.645498112300951,-0.944280410968368,0.21563059204109,1,0,"2","2",-3.78486856762709
0.575838903694776,0.628878459028956,-3.21495404392199,1,1,"1","2",-3.63501795382364
-0.650654451878914,-0.502081357172826,1.11389635445619,0,0,"3","1",-1.84288231061497
-0.849173031865408,2.19950364732866,3.28777441870257,1,0,"1","1",0.43978548056437
1.1891174352206,0.393197528816164,0.43769626821237,0,1,"2","1",-0.788172720782588
-0.490791863846132,-3.16637283286997,-0.706396145488238,1,1,"3","2",-2.27267434517883
-0.788189703705823,-1.39259906856901,1.14305820273824,0,1,"3","1",-1.26601251039116
1.48752620448432,0.381695658611505,-0.435671421596701,1,0,"1","3",-2.17017438991362
0.736053079461537,-0.0195754548185482,0.902080666490049,1,1,"3","1",-0.115285803469468
-1.07087302355481,0.0666980120541348,-1.70549937308905,1,1,"3","1",-0.904262403401769
-0.66268094110137,0.930479512591375,0.506570585290807,1,1,"1","2",-2.68509576745719
0.448885254068781,-2.24050183553728,-2.40078561102853,1,1,"3","3",-3.08977039425354
0.310925074284353,-0.160792120896603,0.536024758642839,1,0,"2","1",0.116185758301484
-1.32694167971892,-1.18348370874357,0.247345162381884,1,0,"3","1",-1.41193525225019
0.366141634934668,3.20303453021647,1.87129793017985,1,0,"1","3",-3.24983752159839
2.89802999220688,-1.14732655982679,-2.73509827913865,0,1,"2","3",-2.86307690369054
-1.884234298777,-0.32695935285179,0.741953000728858,1,0,"2","3",-4.28100363243556
-1.15553541086663,2.04623909131208,-0.0986544139276371,1,0,"1","3",-4.39431938728456
0.218000800957266,1.3727736852598,2.86398775276908,0,0,"2","1",-1.22553980345932
0.284424994803737,-0.33702694547191,-2.5283077419792,0,0,"3","3",-3.38865925537186
-0.502397750500673,-0.64612923135107,-1.14659859625185,1,0,"3","2",-3.57245854152972
1.6520650265665,-0.207921127524477,-1.39312638314925,1,0,"2","1",0.11211336458142
1.05319828401724,1.80540017163029,1.5489150162194,0,0,"1","3",-3.37161184177198
-0.997355413166294,-0.593395623696771,0.344795324155315,1,0,"1","3",-4.28513362290546
0.609983369019326,0.776339949316248,-1.40189700894668,1,1,"3","3",-2.34210341673312
0.806889837277171,0.526283802140632,-1.25326498397788,1,0,"3","2",-2.46382869804735
-0.687404042514131,-0.275226188374392,1.87410045025978,1,0,"2","2",-3.35145798255822
-2.3592739094962,-2.88637214942475,-0.445562050811502,1,0,"3","1",-1.56060088708454
-0.725129340736852,2.99858166296976,2.12443141864693,1,1,"2","1",-0.278116173993272
0.282162767318366,-0.360350020023921,2.19478294282373,1,0,"1","1",-1.33538968925516
0.143395945785694,-0.461424033718695,-0.49970257981746,1,1,"3","3",-2.80008344579631
-0.167238832840202,0.55595163603464,-0.966957366288829,1,0,"3","1",-1.25675558533316
-0.956406288019731,-0.745844587052788,-2.35766957297157,1,0,"2","2",-3.72065873235826
2.09538434132876,0.768905587510266,1.7923067406975,1,0,"2","1",0.83978527372829
0.257928066766025,2.45684606335197,2.54675554924441,1,0,"1","3",-1.70818629808594
0.667922662661709,0.129403209521957,1.64484775401779,0,0,"2","3",-2.26359650244916
0.947524956083416,0.894125869147423,0.517523494446337,1,0,"1","2",-2.19982991375395
-0.969556443822669,-0.612055573987474,-0.364430074417803,1,0,"2","1",-0.650257969551321
0.534295419746639,0.553430948289753,-1.59863236355519,1,0,"1","2",-2.84655777485691
0.334052291296219,2.87059353527286,0.303938260805179,1,1,"3","2",-1.76493509160839
1.67887659208316,-1.34815305635806,-1.08471171642259,0,0,"1","1",-1.7421747474461
-0.149043107071726,2.97967026228398,0.556077184976216,1,0,"1","1",-0.102821468208139
1.93159159069665,-2.70906805361674,-3.56128052384948,0,0,"2","1",-0.931701328185623
-0.307558878319931,-0.0846714836638381,-1.23506021421711,1,1,"1","1",-0.304754642290523
0.90783928277624,-0.135334574484081,0.585551683433345,0,0,"3","1",-0.0576708987525983
-0.603369587611697,2.20342698897908,1.87790112874836,1,1,"2","1",-0.197404750834997
1.52127828431868,1.78460560192663,1.68166404124094,0,0,"2","3",-2.72855244144925
0.791489014099721,0.493695446462637,-0.19177870211807,1,0,"3","1",-0.975238592145115
-0.748296140952309,2.14513898852452,1.49277183453546,1,0,"1","1",-1.11700945321077
-1.17500885560739,1.8653187638054,-0.99275993036808,1,0,"1","1",-1.23529167784919
1.02749417293016,-2.1209387229776,-1.66667056923551,0,0,"1","1",-2.38547999746861
-0.557146123138682,0.667099729848169,1.55830934102165,0,0,"3","1",-1.98562653253777
0.0402345705087667,0.127090280804797,0.0888708873193136,1,1,"2","3",-3.03264496110043
0.360503019772295,-0.880498151240924,1.62940435336147,1,0,"1","1",-0.00872610781327354
-0.406869446358291,2.24641001185349,2.44450652777152,0,0,"1","2",-1.93072962101586
-0.498101890241838,-1.4229885207919,-0.513951614974821,1,0,"3","1",-1.73823344192983
-1.16003400827454,-0.297074490827946,-0.10650526183114,1,0,"2","3",-4.58510837675388
1.41896697157085,-1.13382459971802,-1.76275757464589,0,0,"3","1",-1.24170021154755
-0.824282693317827,-0.707098843743699,1.37904664402245,1,0,"1","1",-2.24284844530705
1.13652655504514,1.42377172541549,0.287131450652153,1,0,"1","1",-0.0596881476410506
-1.06539800670461,-1.16716099861566,-0.330093006488032,1,1,"2","2",-3.19985191464117
2.62169460768451,2.86338802304466,-0.421794034255232,1,1,"1","2",-1.88543813333975
-0.345174844005605,2.44960968694626,2.24052263697057,0,0,"2","2",-2.92102517043135
-0.459890120127908,-0.164925926119624,1.06252413445865,1,0,"2","1",-0.737362614547721
0.12756866591773,1.96050151026967,-0.142459928187841,1,1,"3","1",1.32420674970808
1.37860279271439,0.0428342419677001,-0.278819642652412,1,0,"3","2",-2.59203139604588
2.19447695151975,-2.50662883651841,-2.67549786056113,1,1,"3","2",-2.21373507115649
-0.0714694528977893,-1.58188696256819,-3.76989437475252,1,0,"1","1",-2.61865661142788
0.0970660936692717,1.01847382459135,0.982076289783519,1,0,"2","2",-2.8001983687498
0.619010918801177,0.22835467831582,0.530215861986084,0,0,"2","1",-2.4459569271099
-0.0522113706923519,-0.81802651335311,-0.351968239884362,1,1,"3","1",-0.393954412868045
1.23575572633622,-2.16018109361817,0.942101826795983,0,1,"1","2",-3.61677660979718
-0.241846255391041,0.242156446837274,0.711969710708118,0,0,"1","2",-3.55278501213458
0.0244407663834896,-0.173457515976518,-0.628551961289164,1,0,"1","3",-3.66754412767061
-1.55251349009257,0.398272095342554,2.88890584059297,1,0,"3","1",-1.05353369733764
0.941614218374967,1.72913768599694,-0.673775304162582,0,0,"1","2",-3.75995093720355
-1.85380278784195,0.259013616247943,2.62643605333981,1,0,"3","1",-1.29789526385865
0.0306028761494949,0.643650530745891,-0.654711435540664,1,0,"2","3",-4.1842890026339
0.0971430380611537,0.395092120307973,2.98072358516977,1,0,"1","1",-0.279955105204695
-0.137848921274304,0.124008425831126,1.92458378097345,1,1,"3","1",0.249092823760505
-1.01419637632321,-0.749822526684497,0.439774925476658,1,1,"3","1",-0.400724447535635
0.980258919617593,-1.22931430691527,1.33023620221185,1,0,"1","1",-0.959107001709743
0.114114850437533,-1.53706039571145,0.379389668982464,0,0,"3","1",-2.20051652233885
2.33047495393173,1.04799925550504,1.58979094464479,1,0,"1","1",0.2082602442003
0.158186986862959,0.726275995478683,0.783355086319259,1,0,"1","1",-0.657195246842266
0.00158518083397086,1.22657252803403,1.09610292302953,1,1,"2","1",0.112670695355545
0.985590874418797,-1.69192087656779,-0.943849563237161,1,0,"2","1",-0.937540284333961
0.528008659441002,0.63928870147881,0.156755629412003,1,0,"3","2",-2.52692491631322
-1.19847212449906,0.076109181355217,4.15647561104837,1,0,"2","1",-0.274105859532772
-0.316995583689045,-1.93740911332371,-1.70514362175564,1,0,"3","3",-4.52005172482624
-0.854867292014665,0.968730821697924,-0.749008310551083,1,0,"1","1",-0.996681186288539
-1.08381746993082,-1.67128132253254,-0.0337983227109179,1,1,"3","1",-1.45687982631258
-0.311991354049319,-1.47177976080659,0.0767310420087888,0,0,"1","1",-2.93803912446609
-1.47197600759976,-0.809018963722733,2.96369530237858,1,0,"1","1",-0.703317997793155
0.916768535075971,0.800528845917772,-1.50096282385151,1,0,"3","1",-0.174701739902659
-0.370917932354153,-0.0506243358356988,-2.73596121969609,1,0,"3","1",-1.8063873717117
0.812660258778238,-0.936280578791433,-0.0369981678859319,1,0,"1","1",-1.61366447357942
-0.21107565010486,-0.967141910469394,0.0180346540323653,1,0,"3","3",-3.08248853461036
1.61145244911656,2.18670735967026,0.535824762732582,1,1,"1","3",-2.19671081660916
0.877277313910594,-1.14508249111948,-0.720207699385506,0,0,"1","2",-3.23755210100704
0.35391581332291,-3.03483525830289,-1.96555605320552,0,0,"1","2",-4.10266499097616
0.655623355220657,-1.60958190287974,-2.99855744532007,0,0,"2","2",-3.72146116607973
0.65884271388929,-0.00921036166080759,-0.0754598462442635,1,0,"2","1",-0.698340990859533
0.663990921049089,-1.89834055996909,0.32846027063561,1,0,"2","3",-3.41781238174108
1.85634916041771,-0.884553221237874,-1.99472276591955,1,0,"2","1",-0.621792101186681
1.39380931714634,1.68414468300692,-0.461861851190296,1,1,"2","1",0.373703574298541
-1.78965422707984,2.20624682543141,0.831806606184803,1,1,"3","1",-1.21948787619161
-0.346993632656057,0.294678851479635,-0.887668772363403,0,0,"3","3",-4.15697804711215
1.15126465874723,-1.4647511205914,1.07397773545553,0,0,"1","1",-1.59928580366673
-0.616932234264459,0.908647342803998,-0.0905705116025933,0,1,"1","2",-2.81080401621117
-0.510879496329235,-2.26050110845129,0.492065877145243,1,0,"2","1",-0.752063016878455
-0.461392104216628,0.575407679369523,-1.81393700199771,1,1,"3","1",-0.825824653062211
-1.13795046048804,-2.12296985466843,0.623381944532393,0,0,"1","1",-1.87874778385866
-0.677574056795146,-0.644900146653815,1.94656324646948,1,1,"1","1",-0.761341086760096
-0.392083435608494,-0.241873250511668,-1.46967136767739,1,1,"3","3",-3.01042713720915
-0.591553326454782,0.261546044181005,-1.17557473144951,0,0,"3","1",-1.89393578266537
1.01039414497239,0.237851774164883,-1.76389307318588,0,0,"1","1",-2.2814669525858
-0.123537189658258,1.16715563151379,0.785651804679386,1,1,"1","1",-0.720393220919916
-0.913910000295608,1.80253976822358,1.24544261762432,1,0,"1","1",-1.61016236848729
0.124069617648068,-2.39826580720956,-1.7796809149517,0,0,"2","3",-3.87514989307493
0.30816870651871,-0.0319724372407276,1.07983890195296,1,0,"2","1",-0.404895456067624
0.493268681006721,1.29679293248555,1.91382097735527,1,1,"2","1",0.142120904796389
2.6120841589241,-0.0232144397361221,-0.924219752587741,0,1,"3","2",-1.82822335620534
-1.16206558572254,0.60693283137982,0.815893410196734,1,0,"1","1",-1.53271108521552
0.833570637365007,0.0315195004980626,0.550520514165236,0,0,"2","2",-3.62016732025576
0.950967894225398,0.850569790211063,-0.473615437441487,1,0,"1","3",-3.28855743704489
-0.862788159189587,0.184501072961699,2.16834057405468,1,0,"3","1",0.209345767262181
1.62554262335222,-0.302985825246338,0.404016273429892,1,0,"3","1",-0.481087031454629
0.855792771259175,0.652715584498049,-0.561556538497978,1,0,"3","3",-3.05306309248888
0.304695416544782,-1.47029827637741,-1.1067211187568,0,1,"3","2",-3.64052897517445
-0.981417905023398,-2.03203228046899,-2.02345074098929,1,1,"3","1",-2.26142880512936
1.0919559729651,1.96639117815268,0.787903710273615,1,1,"1","2",-1.82051033407622
-1.28246657150575,2.58521803448432,-0.709788139114771,1,0,"3","3",-3.44757209077104
-0.771231963287091,3.79713000412271,4.20765578174944,1,0,"1","1",0.587184115471885
-0.664533170038658,1.41279075886209,2.92253487008842,1,0,"3","2",-2.28992265891674
0.548713924633676,1.61273082173116,2.23607543196054,1,0,"1","3",-2.11953900493745
0.166406356764348,1.70395381956587,0.609393250649301,1,0,"2","1",0.166332328337614
0.325236940127735,-1.94012763892247,0.149894185208031,0,0,"1","2",-4.2332122586086
1.40610597665408,-0.156962853868091,-2.092527978002,0,0,"1","1",-1.16042974268578
0.0544563565710059,-1.68750758929713,-1.27169973086758,1,1,"2","1",-0.923730288482264
-0.364422589253536,-1.92795501249785,-1.42947355052926,1,0,"2","1",-2.07824677669363
0.854570703520563,-1.07867241235036,-0.93275145221292,1,0,"1","3",-3.97442021333271
-0.11304218153378,0.857551645986564,0.848645469634909,1,0,"2","1",-1.03143615030119
0.19722504003806,-0.846975037469051,-0.699394344989795,0,1,"3","2",-3.15992184464029
-0.86762429184197,2.11069535116851,2.8794043014491,0,0,"1","2",-2.95021090324339
-0.206868614388162,1.41779513793729,1.69003936458196,1,1,"2","3",-2.15420594580235
-0.834767434755747,-0.877074000787598,0.688568762768988,1,0,"2","1",-1.37615431591084
0.563931593053335,0.959674158209608,-0.577545796526935,1,0,"1","3",-4.53018683147542
0.376707844740435,1.0845446008755,1.08687882566482,1,1,"2","2",-2.03461370830298
0.402945213938848,0.160519075921928,-1.2435943872302,0,0,"2","1",-1.86114408309488
-1.2602163345554,-2.19839175829993,-0.0978334431828534,0,0,"1","1",-2.28465478800493
0.125490149138604,-0.594279954281889,0.378283649865182,1,1,"2","3",-3.0736911586638
2.34091464424896,-0.392794326440574,-1.14405330804003,1,0,"1","1",-0.102228822403629
0.532908732096306,-1.99715830966555,-0.53124351858553,1,1,"2","2",-2.15444923808499
1.92653916591289,1.83580712700932,-0.492121816054234,1,0,"1","3",-3.72972906320262
-0.391600703928649,-0.603269799796617,1.59686154608772,0,1,"3","3",-3.33821526755711
0.655985905667154,-0.969848052588878,-1.75884776100243,0,1,"3","3",-3.93976037644083
0.0351895832606448,3.2646147952025,1.36566254594375,1,0,"1","3",-3.06071632800815
1.73614543850103,-2.10117745501211,-2.45040052600599,1,1,"2","3",-3.92256325517575
-1.36264720282935,-0.950169450373831,-1.15157319171871,0,0,"1","1",-3.44229712612979
0.23420730431634,-1.55337012938278,0.0980771504521903,0,1,"1","1",-2.06437259879042
-1.80036889128189,-0.9131232882225,-2.32957184290678,1,1,"3","3",-4.24994788903821
1.28350167464511,-1.40629351355201,-0.73515597587203,1,0,"1","2",-3.40977206420768
1.41312381556243,-0.292354460639442,0.355251833598232,1,0,"1","1",-1.44900859116045
-0.0676599092609084,1.5885899033486,-1.09592782848479,1,0,"1","2",-2.72557752896966
0.360783992181755,-0.55373162481516,-1.54953166094076,1,1,"3","3",-2.99663155990323
-0.159633594951113,-1.885003611625,-3.83316927046952,0,1,"1","1",-3.38679503667978
-1.06673584473245,-0.726017399619153,-3.22769184701199,1,1,"1","1",-2.60554362438474
-0.752520279367653,-1.69812712414098,-2.3407448280183,1,0,"1","1",-3.03612235108389
-1.46694964712185,0.742830181049957,-2.60743308488857,1,1,"2","2",-3.78106793780759
0.375019108801126,1.10002829465227,0.0288908069663527,1,0,"1","3",-2.73619707106505
-0.6043907758307,-1.25061653113774,0.0656742455587593,0,1,"1","1",-2.01069397843055
-1.38586365410143,-2.21367919722218,1.0694688841467,1,0,"2","3",-4.58213616769522
-1.11877813054155,0.960270427578577,0.414088171334207,1,0,"3","3",-3.95854468630005
0.302638637393259,-0.79184963223233,0.318842702692796,1,1,"3","1",0.11410482905208
1.79191187137429,-0.600561475588413,-2.74315738109632,1,0,"1","1",-1.58061974579348
0.246674262889798,-1.16856404310582,-0.735465713912956,0,1,"1","1",-2.27561947612885
-0.523428729943827,-2.03375269092248,0.63959621412238,1,0,"2","2",-3.3559436575475
-0.412125564972668,1.19954784419111,2.1951690622713,1,0,"2","1",0.174289734559583
0.143409130693599,-2.94096615759031,-2.80400948978266,1,1,"2","3",-4.03092492242368
1.38498870996498,2.64967013865408,0.0274984065830411,1,0,"3","3",-2.11746470145497
1.10223862750826,1.37763210573624,1.53326615193374,1,0,"1","1",0.40219684145549
-1.51787679734373,-0.237891378897303,3.44765193971703,1,0,"3","1",0.151990058866458
-0.228326226387975,-1.07736389361044,-1.08220236084928,1,0,"1","1",-1.25208744418225
-1.62480002148738,0.878448497769707,-1.22271892451523,0,0,"2","1",-1.43079367887898
-0.446709563297097,2.6774812347652,-0.156800290006438,1,0,"3","1",-0.476044624592784
0.606698438146408,0.539387413173917,1.20665601269694,0,0,"1","1",0.884584615756414
1.28844773350268,0.874769964811761,0.21577393254168,0,0,"1","1",-1.66660307534351
0.635505927904108,1.06762660189783,1.07473510300872,1,0,"1","3",-2.33284550654734
-0.726064067952973,-0.509600176020903,-2.6838468434291,1,0,"1","1",-2.60737097093219
0.36074019396315,0.361021567512874,-0.922311979233869,1,0,"1","3",-3.22014094233579
-0.210486157475967,-0.945114306414321,-0.880599748669469,1,0,"2","1",-1.77765790478004
0.00875592108511956,0.184966240786436,-1.75438672986349,1,0,"2","2",-4.28230630298946
0.689451625225658,-2.02677238636749,-1.80373090478833,1,0,"1","3",-4.65818737120599
-0.241281114402161,-1.1874826682364,-1.19631838906176,0,0,"1","2",-4.05986231671002
-0.117467613441431,-1.15918673261863,-1.82169285927442,0,1,"3","1",-0.653380007980465
-0.408992948251352,-1.95698871029001,-2.70954998044984,1,0,"2","3",-5.6573326293703
-0.361056394057573,0.330613476090722,-1.11628386346561,1,0,"2","1",-1.97495636292691
0.682938954273973,0.56185415783083,0.170161564470802,1,1,"1","2",-2.1439214963283
0.772092714056512,-0.82596837060248,0.283004607601226,1,0,"1","3",-3.55935186874683
-1.02496917317445,-0.625804460312506,-1.76482555295174,1,1,"2","1",-1.43776531844628
1.09313025051089,-3.03295551593478,-2.8860507646667,0,0,"2","2",-4.36195479972289
-0.94930376877522,-2.93466831493416,-0.503007880357272,1,0,"2","1",-1.33406805016326
-0.445269437512007,-0.107188484557099,-0.106261963979983,1,0,"3","1",-0.765194327668358
-0.394301298304875,0.343305720261387,3.3773248741395,1,0,"1","3",-3.25942668939077
-0.769370333883025,-1.06818290448735,1.03938053562529,0,0,"1","1",-1.03541384318941
0.370260294899272,0.00898907266512104,-2.96496359579659,0,0,"1","1",-2.96345092420964
0.849365342887668,2.021004103876,-0.114553432720728,0,1,"2","3",-3.47065262552347
1.29846551429474,-0.693374410519086,0.10675036686219,0,0,"1","2",-3.70307288306066
-0.884529583153239,-2.66817599079723,-0.975018435646108,0,0,"1","2",-5.26886220910459
-1.18433447844743,0.239063035027398,2.70661836044158,1,0,"1","2",-2.13495271242664
1.48760915145739,0.29794770697577,0.131144152560319,1,0,"3","2",-0.481630421423032
1.00648370004734,2.44762851380582,1.07218903939818,1,0,"1","2",-1.55121849208724
0.713010800276073,0.38223123638993,-0.0443910344665654,1,0,"2","2",-2.93597803118597
0.117773176328156,-1.04037529294476,-2.886987033198,1,1,"2","1",-1.20668910961983
2.34185463689811,-0.113926087347911,0.568771128249926,0,1,"3","3",-2.09179640756149
-0.106856330178904,-0.109553729542582,-1.068834518721,1,1,"3","3",-3.71960369883032
-0.769908818838123,-1.4411546780614,-0.443211611480716,0,0,"3","1",-2.25039551817844
0.0470408434172802,-0.070136746995513,-0.0936981431876394,1,0,"3","3",-4.32510134772048
-2.1722972756097,-0.520709257178275,0.426211403769985,1,0,"3","3",-3.84980616193589
0.446262569301785,0.658999274918054,1.87375322667265,1,0,"3","2",-2.24090137044438
-0.507395911125808,-2.4069800444473,0.332731014750816,0,0,"3","1",-1.27305624263935
1.05500311994784,-1.28342844060612,-2.99119128107945,1,0,"2","1",-2.47414014182059
-0.645369949933605,0.983670116652782,0.751616483279554,1,0,"1","1",-1.35811722648237
-0.279592688975214,-1.64850755736507,1.50410703047936,1,0,"1","1",-0.752364959433258
-0.0296604328916321,0.556161033000719,-1.11823353479252,1,0,"1","2",-3.96753568144736
0.173306914002069,0.670006406326956,1.23735857169839,0,0,"3","2",-2.87844071279502
-0.937739233564698,-1.25504770850587,1.62521312455151,0,0,"3","1",-2.52606267262242
0.00429046604168613,0.206342934829912,0.899213877310079,0,0,"3","3",-3.2235275228899
-0.550032971890569,1.40145654023167,0.773624418132967,1,1,"1","1",-1.26079298722271
0.102871615962878,0.649202064097356,0.229023002481717,0,0,"1","1",-2.45838333868188
0.348312339451661,0.184103157246878,0.319517441497669,1,0,"2","1",-1.25290288810949
-0.554901514436435,0.962427175863489,1.770175523822,0,0,"2","2",-3.28335884066303
-0.662227813627384,0.227718567187909,1.95976175606201,1,0,"1","1",-1.15681829721835
-0.840652504043602,-0.715717861243909,-2.42372658522998,1,1,"3","3",-4.17764973825499
0.583840851781953,0.509281904532355,-1.54164702696683,1,0,"1","1",-2.58346769211696
0.338271887128709,-1.10612776522187,-1.33596170808232,1,1,"2","3",-3.36786876343843
0.383027899382026,4.13245807746594,3.86366392746171,1,1,"3","2",-0.29658744108967
-0.917901977464446,0.546389731686662,-0.142003160338919,1,0,"3","3",-3.48467784031026
0.381222216831437,-2.86425622644214,0.385808496911372,0,0,"3","2",-2.95742006878835
0.496522284255354,-1.74552388814171,2.07440849230465,0,0,"1","1",-0.462123951185954
-0.168227799545624,-0.368144332363069,-0.061232460196468,1,1,"3","1",0.128013816890296
0.34166277905903,0.983864184364936,3.11601795196441,1,0,"1","1",0.748305044279543
-0.430249014390422,1.57058488830787,0.392029310752915,1,0,"1","2",-3.31055018899041
-1.84170403047685,0.572545266821091,2.22945652818315,1,0,"1","1",-1.69689744108282
1.61345390142363,0.75865603566851,-0.369423007680952,1,1,"3","3",-1.84311594392412
-2.21599015582915,-0.342966646847828,1.48088059951428,0,0,"3","1",-1.34681797676842
0.0080806869399231,0.366855969149497,1.0575685747905,1,1,"3","3",-2.56788346765963
-1.07414884945389,0.132910325720513,0.675205931050073,1,0,"1","1",-2.20925792035445
0.547762284990031,-1.16988200431357,-3.31855815292351,0,0,"1","1",-2.41680019312296
-0.619810677096714,-0.494132176952542,-1.26886046526313,0,0,"2","1",-2.17378181656271
-1.89354372840781,-0.700099270486355,-1.30745792590235,1,0,"2","3",-3.88041348565217
-0.185237521481363,-0.454506984217343,-0.336668896235564,1,0,"3","3",-3.99547446078343
-1.45864687064691,0.23869424080833,-1.13260260558983,1,0,"1","1",-1.92896594694139
-0.0537800281135331,0.71688089432197,0.188701619881902,1,0,"1","1",-2.41683571723764
1.17486583508438,-1.48250143983958,0.50397087409093,1,1,"2","1",0.0100086359691478
-1.55412872041254,1.11748415328111,2.48827193641202,0,0,"1","3",-5.4302644409286
-1.30953460905621,0.649894167322487,1.66651686803907,1,0,"2","2",-3.48414297126404
0.444391753011422,1.37766912306407,0.219312772032551,1,0,"1","1",-0.749196681437434
-0.571439307363455,-0.934921313910395,-0.66767039201285,0,0,"2","3",-4.23117120590009
-1.40653110913741,0.575639584492204,-0.867346156062177,1,0,"3","1",-1.35623937970086
0.216670416414019,-0.991506695340299,-0.735330387479734,1,0,"1","3",-3.7167372932424
0.0104753086459829,0.793185656328247,0.540598225424915,1,1,"1","3",-2.93345660147112
0.629029510698911,-0.884863156306168,-0.458840534440687,1,0,"1","1",-1.63525714069778
-0.559151460252564,-1.09017872093695,-0.227091398583782,1,1,"2","1",-1.41017287261775
-0.0132167579634392,1.3758314056442,0.906854575304192,0,1,"3","3",-2.47275116296464
0.632158915219309,-0.941354862237285,-3.9088133171489,1,1,"3","3",-3.64323956183872
1.5214199348572,-1.20242481418206,-1.89903538144295,1,1,"2","2",-2.78087685339434
1.1586041074614,-1.30291401534092,-1.06298210666243,1,0,"1","1",-0.515963503195503
2.89237783209469,1.87820848508583,1.15208474276168,1,0,"1","3",-1.75623475501271
0.0908890678371489,-0.39176538381744,-0.58570273129024,0,0,"3","1",-1.7402264787302
-0.804710859085292,1.31106878221319,-1.14662760961688,1,0,"1","1",-3.19595618146398
1.86134381658784,-0.803558924137977,-1.24921073238721,0,0,"1","2",-4.41421919520059
0.0379727774628103,-1.65794924439304,-2.01411935911749,0,0,"1","2",-4.67066246360674
-1.76989053803472,2.15995942527452,2.11410010766403,1,0,"2","1",-1.18219680741057
1.36812278242351,-0.154648985140148,-0.463162286592769,1,0,"1","1",-0.899395896609812
2.71230533972424,1.90593366712205,1.11422718638009,1,0,"2","3",-0.830703741426552
-0.505308888628108,0.903982795220852,1.9971683331445,1,0,"2","1",-0.520975734934758
0.92624650746067,0.946464190269281,-0.147021697254821,1,0,"2","2",-1.03996965821896
2.34875189092822,2.68857185020846,0.303850915288385,1,0,"1","2",-2.51230231073742
1.51304300760343,0.212139210794125,1.02021719662713,0,0,"3","2",-1.88193439157413
0.207958640267915,-0.52088892989533,-1.25460945846523,1,0,"2","2",-3.70111387311375
-1.59271801278573,0.296060779318206,0.536743468209978,1,0,"2","3",-4.44997420217844
2.16555068794551,-0.717618040548113,-0.926784350295849,0,1,"3","2",-2.28176339548509
1.5964492577629,0.0342983609227568,0.661452742882187,1,0,"1","1",-0.283688190670752
0.0773416989957342,1.96205612030114,-1.15950290399816,1,0,"2","2",-3.098248271619
0.539048356988792,-2.28681392607301,-1.56693477670165,1,1,"1","1",-0.5976819846425
-0.156454086078901,-0.605980965471841,-1.05171499452885,1,1,"3","2",-1.88094253372486
0.0142744393980195,-0.000712975460719419,-0.891241304620123,1,0,"2","1",-1.50072704105218
0.236853212524217,0.498648390376226,0.659322674731354,1,0,"1","1",-1.80044350407492
0.121578794260492,0.0163891985788613,-0.430496088190944,1,1,"1","2",-3.58681072469899
-0.613842152344772,-3.2688586197726,-2.78897391072819,0,1,"2","3",-4.71261922955734
-0.55930998757516,0.180365110836368,2.80295141947487,1,0,"1","1",-1.11456835270744
-2.25104982392638,-1.09903259902936,-0.254388982554268,0,0,"1","1",-2.53036553584012
0.108182596803877,-1.05835163942842,-3.48867696947481,1,0,"1","2",-4.84313247215289
-0.37041865099315,-0.452679231659734,-0.658766604864675,1,0,"1","3",-3.80764230019098
0.399832176135668,-1.23406172103463,-1.34210582694865,1,0,"1","1",-1.39530068333946
0.461714056251645,-1.8242397253258,-3.4458301230833,1,1,"2","3",-3.64005955406572
-1.01914112528668,-0.431795057052369,0.373391501858592,1,0,"3","1",-1.04821313393272
-1.32869133378896,-1.17572387779769,0.656765238313345,0,0,"3","1",-2.64304363324396
-0.316412085120322,0.468878505653845,0.00415099484929859,1,0,"3","1",-0.752016312707904
-0.64620566027366,2.35331135519232,1.55000948201074,1,0,"1","3",-4.1461757112873
0.527086330061484,1.97369957697926,-0.56884063684464,1,0,"1","1",-1.72146031033137
0.201787084980487,-0.965099712455942,-1.89129394526279,1,1,"1","3",-3.66610884843774
-0.0248606852366788,0.299946656165663,-2.02063471128285,1,0,"3","1",-1.92407192319437
0.157555228791223,-2.89491694157282,-1.74943428646073,1,1,"3","2",-2.71274651736213
-0.186543601644122,0.676608217661377,1.70419103636243,1,0,"3","3",-2.40335100786391
-0.184133609030593,0.543314001614406,4.86298356559564,1,0,"3","1",-0.0424951732818771
0.296205173448813,-1.43440698119751,-2.64869763331889,1,1,"1","2",-3.77744633759452
0.310405140257118,0.688281036055077,1.21272471150325,1,0,"1","2",-3.24585122753501
0.745655495799946,1.65355958015841,-0.189058090109737,1,0,"1","2",-1.88958157390892
-0.141749433465425,-0.904058104604957,0.583157870036514,1,1,"2","1",-0.121411315907228
0.311692662023554,0.163246000088576,0.077959229896428,1,0,"2","1",-0.830583076250474
0.0788048729097644,0.671338883534835,-0.873504437908913,1,0,"3","1",-1.95893856133365
-1.48522216339503,0.470330918156651,1.34978049738725,0,0,"1","3",-4.91915470473852
0.775602868474103,-0.0903359981462137,-1.66619934384571,1,1,"2","2",-1.92071213182464
1.17455601015086,-1.14799763025377,0.397106405695979,1,0,"1","3",-1.85753097182527
0.118361906303888,-1.43438167040534,-3.70076359233733,0,1,"1","3",-5.12465922626471
-0.350397074775036,-0.78794435808369,-0.666264611259676,1,0,"3","1",-1.53291197900414
-0.346522188513243,3.20641429872388,1.94073223218818,1,0,"2","1",0.3746969081987
-1.2735282225067,-3.16895474414668,-2.18409185093929,0,0,"1","1",-3.9543962455595
0.106048711788708,-0.01194475714131,-0.173269143483099,0,0,"1","2",-3.9563141490029
-1.1135952093372,-0.101675970346922,0.367871710008781,1,0,"1","1",-1.60312642846566
0.95201248920584,1.31778565965824,-0.103106756457517,0,0,"2","1",-0.536718086712042
-0.157806476530059,-2.06685992478549,-0.748277890334239,0,0,"1","3",-5.61181840439213
-1.51052395961084,-2.11255782267925,0.747652458951005,1,0,"3","1",-0.736909687854982
1.89159198846301,2.09209635942655,0.516754717391477,1,0,"1","3",-3.09466623357792
-0.461471790249697,0.56810983469428,-3.60894867383043,1,1,"1","3",-5.67506777175768
-0.146505131196079,1.06725561945029,1.08540258144633,1,1,"2","3",-2.34514318393202
0.590520924229871,1.5392807657347,0.849917372787834,0,0,"3","1",-0.501524682122181
1.67080208931571,3.35608601136356,1.6727269101103,0,0,"2","1",0.887014558310383
0.247459364326033,1.97286240973528,0.890801565857564,1,0,"1","3",-3.34488393501274
1.36751851112692,-1.98433679184097,-1.05084397006805,0,1,"1","3",-3.51989262596984
-0.664943088895965,-1.23287199891685,-0.220859551088382,1,0,"3","1",-2.07712937972891
-1.7602014321131,-0.565839014113997,1.8163468039656,0,0,"1","1",-1.55321873816454
0.914793665230789,-0.216543027842669,0.264521755566618,0,0,"1","1",-1.34995311271861
1.35471522479743,1.51855171337158,3.66926047315629,1,0,"1","2",-1.30186359048683
-0.165000049917699,1.47444704306707,0.388073927016893,1,0,"3","3",-3.19764344722801
-1.68077713195118,2.39931112493285,1.11947125200113,1,0,"3","2",-3.0492750205359
-0.0629465701542035,0.555061229088795,0.906610252047304,1,0,"2","2",-2.59481266059852
1.08244523195214,-0.745914531814195,-0.914810957227548,0,0,"2","2",-3.3475156749931
-1.40058446973051,-1.77110472366737,1.02125731827835,0,0,"1","3",-4.42305610117543
0.89813900357799,1.28339265701546,2.18877290356438,0,0,"1","3",-3.45250655381151
-0.0521163513445587,1.53952445586095,-1.38357018544789,1,1,"2","3",-2.73443405782559
-0.0846171172288237,-0.214626962726449,-0.138569753728818,1,1,"1","1",-1.74719043972598
1.33377998326299,-2.78731718540584,-0.594027637398271,1,0,"3","1",-0.909274347643604
0.618542044406662,-0.367922690437504,-0.357344983738565,1,0,"1","2",-3.23001401722527
-0.372252142354186,0.806468407406199,-1.99557476935654,0,1,"3","1",-0.521583928091975
0.777588646794929,-1.21886440283548,-0.348204298769327,1,0,"1","3",-3.96119715316088
0.309125442043481,-0.53755319543129,-1.855902594448,1,1,"1","1",-1.4649555991864
-1.29163452716503,1.25028709231273,3.56881569294418,1,0,"2","1",-0.586997105159314
0.810505729474478,1.84443500884411,1.51917219186817,0,1,"3","1",0.945410432550784
-0.0495523251004834,1.11105612553108,0.444048336012467,1,0,"3","1",-1.28010912547862
-0.250415010489972,0.977424407905414,2.19310934201255,1,0,"1","1",-0.829448468882762
0.122890489417583,0.305912175223912,1.52709190580689,0,0,"1","1",-0.899553608039922
0.269879125868797,2.45468517583853,1.76692884064842,1,0,"2","1",-0.932583053101432
-1.31167645848054,-0.470161347134089,-0.395037061287103,0,1,"3","2",-4.28868242215051
-0.580784940996312,-1.99609626565853,-0.250842707556302,1,0,"1","1",-1.67158914495382
0.910650418187399,-0.0451502979618442,-1.37660676894749,1,0,"2","1",-0.60425319625618
0.747316651907547,-0.919073017840975,0.148142346756501,1,1,"1","1",-0.8257724468992
1.69406942957881,-0.586954364043704,-3.57223609713931,0,1,"3","3",-3.35371671891835
0.699973457027414,1.42169274617197,-0.0810292627740434,1,1,"1","3",-2.7198077171866
0.131639036609831,-0.746848368437856,-1.4547217124241,1,0,"1","1",-1.24234805026576
1.15281520074026,0.174914966848189,2.64241916334068,1,0,"1","1",-0.398949628599562
-0.582710208317747,0.384736966217,0.276659469705215,1,0,"1","2",-4.43863193717237
1.10386549264127,0.573335535611347,-3.02391662640304,0,1,"3","3",-3.42128263859335
-2.03865717095751,-1.48538225028843,3.57392781298513,1,0,"3","1",-1.02763582393557
-1.20960706956259,-1.83351351166784,-2.40429209644685,1,0,"2","1",-2.83139200996834
0.188493512552667,-1.49422572586846,0.684981493046399,1,1,"1","1",-1.25000666292076
1.77563631877433,0.0629234978786257,1.06950156799766,1,0,"3","1",0.106509130319587
-0.0112781103973845,0.145434686562166,-2.49966644588988,1,1,"1","1",-1.39366890290776
-0.504997472683053,3.13818253043092,0.301688978970889,1,0,"1","3",-3.96469031459858
0.285461264137546,-0.0568969952440306,2.02223859113358,0,1,"2","3",-2.73721815495071
0.910573222884524,0.653723173227526,0.639778491499205,1,0,"3","3",-2.71348952316771
2.15268132750139,-0.582139192858859,0.986904896791425,1,0,"1","2",-2.05717998548812
1.05696428364721,-1.51570302036943,2.59067391222661,0,0,"1","1",-0.713426543376737
-0.143012423665626,0.21795194679127,0.0625258488845108,1,0,"2","1",-0.879002872844661
-1.1706901972837,0.318586906559248,0.882631761044203,1,0,"1","1",-1.29159664280944
1.23646851576083,0.64522657916243,-1.35857822497108,1,0,"3","3",-2.61511710013331
1.91035220315545,0.215703419757419,1.06339033940985,1,1,"1","1",0.0143885612472321
-0.91081440286996,0.0313490474432868,-1.31871226442244,0,0,"2","2",-4.5018527939424
0.532322144161278,0.743813726248083,-2.30566538832189,0,1,"2","1",-1.18175569649207
-1.21093643033243,1.44512184502688,1.12622673078223,1,1,"2","1",-0.811951728436452
-0.728699466058757,2.64372052839699,1.22448207487713,0,1,"3","1",-0.391699002104205
1.26687668518496,0.43744512738376,-2.43831587662396,1,0,"1","1",-2.15010790160611
0.235565460525021,2.25581651035613,2.85533010872009,1,0,"3","2",-2.04361260343856
-0.308471224605964,-0.0647484279910726,1.55506936465443,1,0,"1","3",-4.13224709173108
0.784190500701646,0.744344917963666,-0.680984352703435,1,0,"3","1",-0.432711800695393
-0.0268140133831048,2.00930802824384,2.24996425692084,1,1,"3","3",-1.85299909292046
0.11965617809186,-0.756817412890616,1.05873990225282,0,0,"3","1",-0.90939235642579
0.363038488055519,-0.476935242891645,0.0238797827765373,1,1,"1","1",-0.377615276139765
0.870446105777585,0.747371550149265,-0.754305910739813,1,0,"1","1",-0.647279731098533
0.496152542425404,1.01102585236402,2.45351570008609,1,0,"1","1",-0.192148866820633
0.4527268370048,-2.84369385583982,-2.48943905718659,1,0,"3","1",-1.35861270362539
0.587812956268099,1.48446573695214,0.53434926017966,1,0,"2","2",-2.47419051748188
-0.136724291665268,-2.14252839192116,-3.23537376216898,1,0,"1","1",-2.82503453692354
-0.504344741860426,-1.95444008486437,-0.0576370587074688,1,0,"2","2",-4.44873657865978
-0.557526715793405,-2.36018351730689,-0.643724590203486,1,0,"1","1",-2.13475160238677
-0.114418935244854,0.211226137574232,-0.493055944376642,1,0,"1","1",-1.85952335437232
-1.42990932617084,0.0394483644733504,-0.124821353942174,1,0,"3","2",-3.63315060411688
1.36443417671785,-3.69206147296787,0.920023705731153,1,0,"1","1",-0.52849328193991
1.40619848063898,-1.27384276087926,0.114519268089414,1,0,"1","3",-3.32127008902189
-0.000692512215133976,1.33521905844624,-1.52760436629243,0,0,"1","3",-4.7323145342782
0.49453971316873,-0.327235470361917,1.36797067638567,0,1,"3","1",-0.195929112820124
-1.51987746826836,0.257284878716385,1.32320470977927,0,0,"1","1",-1.92542323054023
-0.782490589501536,-1.20151409009351,0.369548546992864,1,0,"3","3",-4.43026577429273
0.142454140215421,0.725059137244132,-1.5058283188721,1,1,"3","3",-4.3057554701313
-1.75783260189801,-0.593055040117656,-1.95735800116204,1,1,"3","1",-2.27754846560682
-0.795815452059404,-0.968901777430839,0.531320906253327,1,0,"2","1",-2.32124930103313
0.442468912207256,-0.308277198006574,-2.24721333216617,1,0,"2","1",-1.28779954062836
-1.1787233820876,-1.16183893359944,-1.05476067824539,0,0,"1","1",-2.32180112071165
1.02044323984351,2.23808973653232,1.09778321966484,0,0,"1","3",-3.04489281790283
-2.87508240840465,-0.139072867962759,-0.23070546012351,0,1,"2","1",-1.16434645332786
-0.596529107423059,-1.68445912009119,0.971197623548193,0,0,"3","1",-0.812464830989115
0.515438153841213,-0.514370874075643,-0.845727530809291,0,1,"2","1",-1.60101730489148
0.419164529480785,-1.37968923791746,-0.800549477721289,1,1,"2","2",-1.61485832162579
-0.616190683138517,-0.560011380564938,-0.268990134830861,1,1,"3","2",-3.36738415109439
-0.383317293771735,-0.107692934208469,-1.25615883853835,1,0,"1","1",-1.62455079870387
-0.588710662009791,0.937124126290754,2.132940636562,1,0,"2","1",-0.817736279323181
-0.823124971735592,-0.600800099279216,1.10667665181088,1,0,"3","1",-0.61967941167796
1.81935187467115,1.18573208050963,-0.205320488662776,1,1,"1","2",-0.905255656804377
0.810707642527899,0.249934411286998,0.450771479920719,0,0,"3","1",-1.17486946250348
-0.0688794868970344,-0.606210624492016,3.27162885252649,1,0,"3","1",1.24269891426732
-1.86831001049234,1.05770463685605,0.434332532384364,1,1,"1","1",-1.32354374367575
0.780480448341248,2.92600934289629,1.33443704528348,1,0,"1","1",0.114338120374995
-0.533636337309015,-1.70822213194572,-0.502856158773003,1,1,"3","1",-0.630245295867562
-0.309520431165773,0.945711175960318,-2.76577737522695,1,0,"1","1",-2.06429520949691
0.775248002728008,1.80536635114179,1.02092629725435,1,0,"1","1",-0.624156526403574
0.706707606633914,-1.25127794823649,-0.721244785495233,0,0,"1","1",-1.42583144240156
-1.31721387222324,4.92097967524723,1.46933929218912,0,0,"2","3",-3.01255705689464
-0.165109798298755,0.969560176891238,-0.682190447449046,0,0,"3","1",-2.08044412715774
3.14265481618226,0.389200641173681,-0.586591474095679,1,0,"1","1",0.337773427867716
1.56728513050981,-1.98701398573226,-1.39476800608087,0,1,"3","2",-3.91503975741363
1.20078320565753,2.39988668650105,0.527916300876976,1,0,"3","3",-1.81692169478082
-0.351133817147242,0.0946744167543229,-0.892747072267145,1,0,"3","1",-0.987549592709683
-0.290361765457974,-1.20684157459159,0.346697503378168,0,0,"1","1",-1.72822601145686
-0.358319834266253,0.673539213934497,-0.959064450790726,1,0,"1","2",-3.8673135660237
1.34569772620458,1.6732855208519,0.977900694015637,0,1,"2","3",-2.09670134290708
0.0786619357594006,-1.39321923041967,1.91946332995273,1,0,"2","1",-0.101931275366331
-0.967008394398129,0.909195628116251,2.73314621370519,1,0,"2","1",0.253566369553956
-0.0715611956092457,-0.623890651042663,0.34085138910519,1,0,"1","1",-1.08031153189942
-1.64580837869546,1.58312589010821,2.20383146999204,1,0,"2","1",-1.06155721517688
1.45341409102017,1.91372981446644,0.307476278506391,1,0,"3","3",-2.60682043391
-1.07738900251262,-1.80050765071702,-1.15369962388145,1,0,"3","2",-3.77357885523561
0.195670388565328,-0.543371836534358,0.4056775191642,1,0,"2","1",-1.37622249967411
0.527874271755023,2.01534352279134,-0.974513642070595,1,0,"1","1",-1.16083566046069
0.840170630114504,1.23241056074941,2.68889796326973,1,0,"2","3",-2.66236677132598
0.742810027916371,-0.237936275761261,1.17575040168415,1,0,"2","1",-1.04367658048649
2.41398727703715,2.35819889805363,-1.805724871966,0,1,"3","3",-2.80247364096499
0.236661950328218,-1.94129196682917,-0.445638805122197,1,0,"1","3",-3.6396738916345
0.617887721693628,2.26029360046928,-0.53978702422657,0,0,"2","1",-0.425969977271277
1.35529031330754,-1.14852891216382,-0.234111158445233,0,1,"3","1",0.309559757340755
-0.469856405865223,0.970258667158892,0.259584618921292,1,0,"3","2",-3.54664103139432
-0.488948551315026,-2.09628902942192,0.0409155955753164,1,0,"1","2",-3.45911374508444
-0.359072084447855,-1.06128478003009,2.46358829397635,1,0,"1","1",-1.00362009358738
1.19009613011898,-3.22706693607963,-0.802076395219278,1,1,"1","1",-1.14151400607443
0.408515080753322,0.792053095320946,0.862742333096928,1,1,"2","2",-1.8781287063832
-0.283221294289834,-0.0714385529286447,-0.460655496481978,0,0,"2","2",-4.13075478153368
1.71734217600278,0.210744926825487,-1.09724010530151,1,0,"3","1",0.676398378422433
-1.70844995041875,0.116735854958177,2.73661283053196,1,0,"2","1",-1.27275143262924
-0.403299720979966,2.50382297059286,0.612863950003764,1,0,"1","1",-1.81716014342585
-1.22116934887785,0.681151573631627,2.24438013856406,1,0,"3","1",-1.34657257477273
0.373382877572035,0.393118839067869,-1.75057264415683,1,0,"2","3",-2.88924936275893
-0.463494815006198,-1.22643532564263,-1.86157385185979,0,1,"3","1",-1.69840140732917
-0.914293584882914,1.70996576168284,0.0330661133702124,1,1,"1","1",-0.766784591793818
1.6170401759492,-1.21717471481522,0.651385801213936,1,1,"1","1",1.00317582279286
-0.678661856813868,0.420194545124412,0.689457641496276,1,0,"3","1",0.352192915907343
0.426554208660074,0.189222450218237,3.45675129307065,1,0,"3","2",-1.88943905176693
-0.743039650564571,0.0103508772853442,2.02961095420269,1,0,"1","2",-2.99207366348026
0.0760576917001092,-0.998683756080521,-2.12839415867679,1,0,"3","2",-2.76208442265763
0.135915233960173,-0.521175404572319,2.14955270859184,1,0,"1","1",-0.732778483289471
-0.685424824184998,-3.77367405739317,-2.10231851679271,0,1,"2","1",-2.49427874124176
0.39934308588013,1.05280731685296,-0.168928925393316,1,1,"1","1",0.347552563184177
-0.180915730172296,-1.57137113236107,1.15004108180052,1,0,"3","3",-2.40253999660848
0.81690203121455,0.603581643548091,1.30971799665284,1,0,"3","2",-1.92455560461795
-0.353551893489688,0.677846175295423,-0.280208028510363,0,0,"2","1",-1.39501117548718
0.678418869217729,-1.62094844159037,0.106122277436527,0,0,"1","3",-3.95811814691256
-1.84899934512164,-1.30489270890238,-1.87032103248622,1,1,"1","3",-5.03444030377298
-0.819985638866443,-0.259047711064471,0.330024680284028,0,0,"2","3",-4.20400680202206
0.361879681117505,-0.353807222711219,-1.04766085413573,1,0,"1","1",-2.50287941639025
-2.28079506109183,-3.00981175234732,-1.79805989509332,1,0,"2","1",-2.53795282695378
-1.93713305188855,-0.219109902097491,-0.265325024941095,1,0,"2","2",-4.64715785523158
0.441420760479648,-1.68475329032164,-2.77069926738906,0,1,"1","1",-2.75945141602134
0.538849926610233,0.380055316530238,-0.450510481131852,1,0,"1","3",-4.66146386445311
-1.05749380288403,-1.96436802361913,-0.931248738550059,1,0,"1","1",-3.0497999264751
0.308717855376604,-0.11469456121596,0.935233042075305,1,0,"3","1",0.654458066959792
-1.2097132987118,-1.80371262742882,0.533624809745591,1,0,"2","3",-3.1792726105674
-0.171389714972772,-0.989070791343113,-0.10516737459066,1,0,"1","1",-2.03383665471172
-0.852644286139648,1.24008569573535,-1.46987307072293,1,0,"1","3",-4.84800588161042
1.14179942990265,-1.58662929263174,-0.517194112669113,1,1,"1","1",-0.408951267756461
-0.0373836549102349,0.883847132942223,-0.607104276866667,1,1,"3","3",-2.91496562085009
-0.510392359457621,-0.0668260951660962,0.812362872647097,1,0,"2","1",-1.26117350310838
0.990392719200634,-1.76484268309698,-1.25886718758593,1,0,"3","1",-1.0517484588908
-0.254261344761821,2.21077941188697,0.685526180819594,0,0,"2","2",-3.26376139355399
-0.870102188208456,-0.601985610754996,1.12148716124066,0,1,"3","3",-4.16356032850805
-0.975390930258182,-0.346868202161844,-0.827977712795288,0,0,"2","1",-2.93126320441216
-0.0220235387833393,-0.137536204081729,0.450939028527924,1,0,"3","3",-3.60147231173087
0.96609082838832,-1.80167286348716,-3.68454708030469,1,1,"3","1",-1.23801476850547
-1.26070733453731,-2.02053041865499,-0.984050695821865,1,0,"1","3",-4.35185121561961
-0.0470754143931549,0.71880746127589,0.829387280337115,1,0,"1","1",-1.37445554242572
-0.0980446063941411,0.956272155674553,-1.01028261074168,0,1,"3","2",-2.29385251837345
-0.261345691504703,-1.88323552145777,2.42282154861119,1,0,"3","1",-1.00010890503302
0.269758420929719,2.7770147145098,-2.47593064581102,1,1,"3","2",-4.0091867781306
-1.46452019743846,0.591530830302641,2.00873691235833,1,1,"3","1",-1.25473428480288
-0.882626910853929,-2.89830082027021,-1.83310823611446,1,1,"3","3",-4.70416515423774
0.594921777794081,-0.709583936696155,-1.59490395655398,1,1,"1","3",-3.32688142233132
-0.398662997740697,-0.0777612945457053,-1.88165396350915,0,1,"1","3",-4.53806081849597
-2.44926213870485,1.38879963862673,1.74697367945983,1,0,"3","1",-0.748423591251404
-0.15093526923743,2.72182257594942,1.00349227377869,1,0,"2","1",-0.563621911750971
1.77401867234619,-1.28231297436593,-1.09882805511769,1,0,"1","3",-3.55530651928749
0.0647133647840785,-1.64083631847031,-1.71373211210677,1,1,"1","1",-1.57678300731415
-0.191332203161484,0.711683785234031,0.671101692431295,1,0,"3","1",-0.823404650850469
1.64055978300636,0.663992963177951,-4.02082807241464,1,0,"1","1",-1.25653230295116
1.05415466199261,-1.56141693808545,-1.20887399668134,0,1,"3","3",-3.25986020140341
0.0982726506782893,0.953355073737415,-1.00947257568328,1,0,"1","3",-4.73602700787252
-0.653708113533903,-0.648597771524667,0.805509558070174,1,0,"1","1",-1.61678163313034
-0.280850939327381,0.135221666759207,2.41379515255483,1,0,"2","1",-0.383644220126868
0.177387967962577,0.568472794801424,0.56350114136573,0,0,"2","1",-1.22904679437637
-1.41528604121714,-1.95752777423513,-1.97690329336813,1,0,"1","1",-2.86311009697853
-1.45749631172894,0.0396927000182584,1.95808823746901,1,1,"3","1",-0.19809631206278
0.954871366627933,0.755308097922662,0.707780793860886,1,0,"3","3",-1.73280864299389
0.287571361722975,2.96994834975628,0.0639246419785333,1,0,"1","3",-3.71098639350735
0.44399483820439,1.58165719623078,1.96836767271594,1,0,"1","3",-4.30569141123631
-0.40237466487841,-1.88491602982171,-0.661098303684959,1,0,"2","1",-2.13037695979982
0.0986376077954189,0.616653038353733,1.02089478796636,0,0,"2","3",-4.03231845255147
-0.399805997255571,1.38309742583269,-0.635979332439679,1,0,"1","2",-3.89387628294424
-0.899330345083158,-0.669191972775713,1.20480666430018,1,0,"1","1",-1.54669962946292
1.77389248688063,0.425171232422386,0.337902999216678,1,1,"2","2",-1.31726478329693
1.5971565685913,-0.597235356006123,-2.23136819832635,1,1,"1","3",-3.23556849463224
-0.168305646897297,-1.22069858348168,0.449354812950758,1,0,"2","2",-4.01920660281455
2.42260432017754,2.60240078866281,0.846306484383678,1,0,"2","3",-2.66396233325333
0.187753889893408,0.2677405289395,0.670152749025524,1,1,"1","3",-2.37043036201161
-1.37070401694942,-0.937079865963358,2.8729609697707,1,0,"2","2",-2.91015967218038
-0.0654421071713747,-0.0700832027366628,-0.662833072148859,1,0,"3","2",-2.73946479748705
-0.75158105994804,-0.851430132873489,-1.48286358273043,0,1,"2","1",-2.33699195929108
0.00191192238409207,2.74371963610338,1.23550026828294,1,0,"2","2",-2.96143133680243
1.01844574346284,0.136010009828029,-0.711605108643207,1,1,"1","2",-3.40025271523046
-0.063597062569637,-0.478684764388948,1.49099466668382,0,0,"1","3",-3.1512676645523
-1.37818217469046,-0.971242335125433,-1.41338531064087,1,0,"1","1",-2.34489419963511
1.18554624305459,-0.466863677146635,-3.49662451700818,1,0,"3","1",0.240711495419729
-1.61668400090559,0.147981342223828,-0.892579136560795,0,0,"3","3",-5.17191459603535
0.494574055667696,-0.431179312713845,-1.95318334678382,0,1,"3","1",-1.33815230461021
-0.383764250829764,1.05896895775931,1.89702574130551,0,0,"2","1",-0.906619742392734
-2.92921744275157,1.15321037181596,1.11888118477602,1,0,"3","1",-1.3617821295818
-0.427097086139905,1.02779270786114,1.18258205651329,1,0,"3","1",-1.63929818309883
-0.220271191945222,0.191056330780659,0.75988203745334,1,0,"1","2",-3.96109289472086
0.547837213291697,-3.11326285122983,-1.53742877116364,0,0,"1","2",-4.91686774971184
0.091520370025245,0.586081691313834,-0.144408853996802,1,0,"1","1",-0.71126080642251
2.39564929737593,2.10365225784063,0.638289100423608,1,0,"1","1",1.3769976060441
-1.1144752901999,-1.21759188122785,-0.882838639925703,1,0,"3","1",-1.82610440078895
-1.15509858840594,0.267160306140305,1.13514895694648,1,0,"1","1",-1.16476928808116
-0.14680504748704,-1.71227494678199,0.489054449761759,1,1,"1","2",-3.47410335510948
-0.540995841760319,-1.7993323635848,-2.44283238799553,0,1,"1","1",-3.41620965002916
1.36818303394778,-1.22250890408903,1.32010706611725,1,0,"3","3",-2.78691716266972
-0.353928649522836,1.49604155278421,2.0590737548286,1,0,"2","1",-1.03958051613848
0.985093050755592,2.17486558596763,-1.16338630582306,1,1,"1","1",-0.705482854858314
0.825651582705012,-0.973202831980384,0.558106148259218,0,0,"3","2",-1.73715585375499
-0.687947346324059,2.62622140713903,1.24826161797174,1,0,"1","1",-1.51870966717539
-0.106882185066272,1.29674820789227,0.849260075956599,0,0,"1","2",-3.05730234408913
-0.256739992466385,1.19157036673502,-0.130217295429266,1,0,"1","1",-2.19385455915541
0.298804057270823,1.68493245919908,-1.28687435792094,1,0,"3","1",-0.012614522875843
-0.322917426230972,0.00528331824690866,1.67516383339524,1,0,"2","3",-3.29367454174874
-0.28853863774639,-1.83918892651313,-1.12959829398154,1,0,"1","1",-2.483400900705
1.77056009858305,0.460266318307159,0.433288618608442,1,0,"1","2",-2.33770850092493
-0.357216896455109,-0.696055842282562,1.09046426999026,0,0,"1","1",-2.04058918248151
1.4306018241603,1.7696999309774,1.56480193726052,1,0,"1","3",-2.11381348818951
1.62025063674795,-1.98664343694247,-0.456598395091104,1,0,"3","1",0.17471785660702
2.88908967528101,-2.75825063036678,-4.82862441245152,1,0,"2","3",-2.20533019252652
0.4515268754767,-1.35334824942581,-3.39300066497473,1,1,"3","1",-0.715415094188654
0.745154481492185,0.0293220930542526,-0.432554794134206,0,0,"2","2",-3.52633390437773
0.605551926100432,-1.33188937152494,-0.874482927598547,0,0,"1","2",-3.31889865056879
-1.03196130477791,0.539120628576448,0.552940769006633,1,0,"2","1",-0.868082602118954
-0.469559345268039,0.410819350026924,1.40968967157877,1,0,"2","3",-4.10700267206118
-0.184677557985202,-1.28144698459489,0.0586823672136846,1,0,"3","2",-2.69888350299435
-0.155909493145879,-1.00891482841084,0.0833981526360932,1,0,"1","3",-3.40941340152337
-0.412079776653063,0.0208962778673646,1.6244573912642,1,0,"2","1",0.0423688414007921
1.48915514818602,1.55770406673961,1.22320052597527,1,0,"1","1",0.406685774903585
0.24745199995706,1.40257352965562,-0.108269330446427,0,0,"2","3",-3.81302798650388
-0.761848232173081,0.996249623680953,1.29943983698934,1,1,"2","3",-2.9115487651013
1.0111073429373,-0.416681034027181,-0.213951186871718,1,0,"3","1",-0.818140304561894
-0.0348828281226307,0.43142360947512,-0.702260934996317,1,1,"1","1",-0.278925333636218
-0.24482777721728,1.80500326643191,-1.37976120267966,1,0,"1","1",-1.70007901946125
-0.414636539663447,-1.20658333054535,-0.942830794348763,0,1,"2","2",-3.74774941148686
-1.06884214417381,-1.79152297860227,-2.18566005657696,1,1,"1","3",-5.2028489696759
-0.0524253750532753,0.33037352707064,-0.68403518112958,0,0,"1","1",-2.69481638277078
0.653200235533956,0.825237184815024,-1.94520930975949,1,0,"1","1",-2.27958825647562
-1.4305729121264,-0.0234663922913849,1.28482042954054,1,0,"1","2",-3.46255163011167
-0.891898035067985,-0.630747986446751,1.96314230816001,0,1,"3","2",-2.41934644778664
-0.682592752754739,-3.28029980099918,-0.133198775957763,1,0,"1","2",-3.91031516193906
-0.164364601642693,-0.713681067304449,1.30695687989967,1,0,"2","2",-2.98060582346025
-0.512528499758625,-1.75803682929775,-0.396131223320148,1,0,"1","1",-2.12691093188516
0.10369616731873,0.448549690183708,1.57674721484677,1,1,"3","1",0.623258707011836
-1.03233300209388,-1.99541786419223,-1.0655867889247,1,0,"1","2",-3.82478597191432
0.42822558752845,1.10940578945619,-0.27475213605968,1,0,"2","1",-1.0632665675479
2.08050017286665,0.343377808181166,-3.72730037743635,0,1,"1","2",-2.69480237672305
-0.0169329040580867,0.796878624322298,2.37986192522292,1,1,"1","3",-2.51498848092755
-0.272936818965562,0.467960215752655,0.234540637579259,1,1,"3","1",0.781216219317736
1.71196458233268,1.86293218316208,1.89408944140505,1,0,"1","2",-2.26094160129119
-0.103029226445847,2.29583912317468,-0.715337025215238,0,0,"3","1",-1.85080403403832
-2.28224801836683,-2.70781241047225,-2.13064979823745,0,0,"1","3",-6.63405583076374
-0.111415912096923,-0.906328417935669,2.12225337755606,1,0,"1","1",-0.319671171566581
-0.0148082813000391,1.46897416714536,0.953847789128735,1,0,"3","1",-0.511282249515221
1.2300480652742,-0.534378524106208,-0.250522820600503,1,1,"2","3",-2.53639320522946
0.125322105903017,-0.112777530570407,-3.33565040314339,1,0,"1","1",-2.85240192793635
-0.358660904106452,-0.371199960472171,2.65011855020487,1,0,"2","1",-0.454671407815832
-0.405727647802288,-1.67993576483542,-0.226009287017893,0,0,"2","3",-4.37313229000985
-0.879773245544433,1.08326116627816,0.976673913114674,1,0,"1","1",-1.86269197790627
1.56311969037995,1.27827302854766,-2.33544429066387,1,1,"2","3",-3.26108099099569
-1.2091982384345,-0.904936088122901,-1.84528755720391,0,0,"1","1",-2.58585589339997
0.0254433449402232,0.55320904621214,0.996406601564106,1,0,"1","2",-2.62144657102215
0.564146375838776,-0.300164286308601,-1.11247118014736,0,0,"1","2",-4.39209585729553
0.235571772701812,0.455216914305623,1.59714484830039,1,0,"2","1",0.102789637937851
0.265491972715712,1.59505594505507,0.616130198658452,1,1,"3","2",-2.30989993308528
0.740199901216826,2.24285575714494,1.08653696536176,1,0,"1","1",0.0325576024420842
0.621259036935687,-0.795175695487118,0.833733782573599,0,0,"3","3",-2.78479108524797
-0.787582057866726,1.27807278736843,-0.58370602983576,1,1,"1","3",-3.69395050160654
-0.447635914963088,-0.172294881439074,1.04225677217855,1,0,"2","1",0.381668525159873
0.0528625121631871,-0.66195541457662,-0.834688677200081,1,0,"2","1",-2.6519277208694
0.176618468336112,0.469802276154897,-1.44719024336071,0,0,"1","1",-1.58557224997907
1.77088118015476,2.51188322318404,-3.74068432787777,1,1,"2","2",-2.0377699151257
-1.10230648916678,-0.932568417330404,-0.0789741525477647,0,0,"2","3",-4.86117330051583
-0.016964986811376,-1.11424521572589,-1.28341252049589,1,1,"3","3",-2.30978066363713
0.840674170705308,0.578096888819193,-0.742820086989237,1,0,"3","2",-2.72947413277744
-0.501945407060322,1.10734042428814,0.515754993956063,1,0,"3","1",-0.820979815687477
3.61115765366503,-1.2568253397694,0.296585196961421,1,0,"2","2",-0.777308226126577
-0.675425112231257,0.311089698878892,1.18947923609503,1,0,"1","1",-1.04625829876883
-0.561769112621991,-2.86344944264281,-1.26874713267418,1,0,"3","1",-1.07751785596153
0.270701298233531,-1.13366548955286,-1.71307143955504,1,1,"3","3",-3.33275794488746
-1.58893484270223,-1.15810352600792,0.493068358346815,1,0,"3","3",-2.54080738870215
1.19731646956289,-0.789203000084705,-3.24238715578745,1,0,"1","2",-3.6458931839918
-1.47865871456524,-1.136599894439,-0.438357960258927,1,1,"1","1",-1.37947139829564
0.586699519004656,-0.0192245701407245,-0.357339901991669,1,0,"1","2",-3.28341717518801
-0.321120478333577,-0.0353087890202788,-0.435310606440928,1,0,"1","3",-4.53175112448619
-1.23300295842112,-1.05184966896197,1.19505371342527,0,0,"2","3",-5.02780718394887
-0.0860049498028653,-0.81032026585744,-3.07661409400736,0,1,"2","3",-5.30185504864621
-1.51824981830227,-1.02918182527544,0.75105862803746,1,0,"3","3",-3.81064731605975
0.720854309168592,0.258558175519788,-0.900898130167978,0,1,"2","2",-2.68648384648549
-0.192500918785463,2.99460558417384,1.85978325059783,1,0,"3","3",-2.12817359386215
-0.0666231842005949,0.7305864998031,0.684467308473491,0,0,"1","1",-0.917209529182881
0.902231799709391,2.1872065594357,-0.373791584398543,0,1,"2","1",-0.823758803610155
-0.394576214458189,0.246765584786763,-0.0138295964009978,1,0,"2","1",-1.22671553871952
0.467707161991043,-0.5967091330169,-1.99790884413526,1,1,"1","1",-1.47826119506907
0.522567419213672,-1.93214852454218,-1.53034986441297,1,0,"1","1",-2.61577217695794
0.730802432368494,-1.20808658161468,-1.67051817013758,1,0,"1","1",-1.54458036140093
3.08362080420989,1.0039540298551,0.298844944557813,0,0,"2","2",-1.78747664439399
-2.03247211261019,2.44663172323709,1.50868102156059,0,0,"3","1",-1.32922993722214
0.886178634352307,0.415061572428494,-0.415198486867086,0,0,"2","2",-2.891333735789
-1.17889402408167,0.457991780736818,0.680821329323529,0,0,"1","1",-1.65256385185801
0.048960126788111,-1.20829032327307,-1.37551479577519,1,0,"3","1",-1.80735570978385
1.46048021684368,1.99722735874941,1.05967302168328,1,1,"3","3",-1.30849797818691
0.765409760573001,0.207672384004509,-0.114410040270929,1,0,"1","1",-0.324192877608539
-1.42018419515204,-0.218849037533727,0.388808255179451,0,0,"3","2",-4.37411178699609
0.960841154586474,-1.20985920090851,-1.60224992691182,0,0,"3","1",-1.45535939584916
-1.67292275528696,-1.38991922916115,0.708630329563086,0,0,"2","2",-4.01318894430243
-0.391520018849977,5.63403781983879,1.5910488633445,1,0,"3","1",-0.0506857573086492
-0.22515692342595,0.494914518054939,0.387028523536201,0,0,"3","1",-0.499097696246646
1.55601080034891,0.388426840772753,-1.74201464366928,1,0,"1","1",-2.78200920290799
-0.590190271319758,0.904927505008301,1.10071141397396,1,0,"1","1",-0.84446573642907
-0.319932156579084,-1.60177550470119,-1.77571737805412,0,0,"1","1",-2.74557059726037
0.429822916554384,-0.717203495312227,-1.23351716714566,0,0,"1","2",-4.64435596224486
-0.0926886477300951,1.32719230137781,1.57854825926687,1,1,"3","1",0.47403044101868
0.212751765825357,-2.52800589487459,-1.11826788387511,1,0,"1","1",-2.44291316267805
0.335098887459549,-0.203128595654369,-1.53879390264193,0,1,"2","1",-1.36381756527778
1.03437112123175,-1.70052471030044,-2.5999410531456,1,1,"1","2",-4.17986987415243
1.44153001681806,0.965255352452538,-0.731516497408183,1,1,"3","1",0.602223470696317
0.818272020296174,-0.605210696297079,0.153514106706842,0,0,"2","3",-3.8716262231466
0.88390121405102,3.16091861900865,-0.0886006855937447,1,1,"1","1",0.0800449671806447
-0.182155295791734,0.00869514822203404,-0.219671029307385,0,0,"3","1",-1.73020957693786
0.995562502212832,1.56434141332011,-2.40779499651019,1,1,"3","1",-1.21270672294648
0.244171585062474,1.04851300821589,-0.193599595620384,1,0,"1","3",-3.19744851460095
-0.0639378899377007,-2.33780329210788,1.22185896534062,1,0,"3","3",-3.91069912706353
-0.400019418905442,0.41865804512697,-1.10612728435001,1,0,"2","3",-3.57433660018077
0.588976686940534,2.86517472205477,0.818691006281361,1,1,"1","3",-1.75489265108879
0.0442249375677764,-0.358404668043948,-0.362511785484511,1,0,"3","3",-3.24558441117025
0.133217055879784,-0.0260619228609247,0.11980161264838,1,1,"1","1",-0.662414229290261
1.40683917698484,1.43492646689886,-0.475948634753432,1,1,"3","1",-0.880867536837476
-0.102399014526922,-3.28313538635878,-1.61003596075593,0,1,"3","2",-4.07497413441253
0.610157030602748,-2.43118945420018,-2.02246218475551,1,0,"3","1",-0.993003080926272
0.694000443762885,-1.10341004144739,-2.27326566221233,1,0,"2","3",-2.96144944930862
-0.852134214894733,-0.487208238553835,1.96893318804135,1,0,"1","1",-0.902125774639032
-0.537192974595306,1.58083486551897,-1.36425573290283,1,1,"3","2",-2.33874787892841
0.0834545574252684,2.2685420243964,-0.274846725273698,1,0,"3","1",1.3563888523716
-0.515547850219969,-0.271210224402813,2.3953674419527,0,1,"2","1",-0.915878342379805
0.797241743984068,2.02303890967843,1.84911973749148,1,1,"3","2",-1.27462310330767
-0.534010328313538,0.975237983686507,-0.250944134341197,1,1,"3","1",-0.81209560185505
-0.93772967805135,-0.0250648995424144,-1.13159807129333,0,1,"3","3",-3.14688448809529
0.0929596383080191,2.57793468298499,-0.154758847274847,1,1,"2","1",-0.952680470063383
-0.128266654468964,-0.566576204627159,0.244327384417135,0,1,"3","3",-2.91853326947406
-1.49771165513745,0.645957004273248,-1.43072861736618,1,0,"3","3",-4.64961287595242
0.472605832886981,1.66047138345992,1.26934039598612,1,1,"1","3",-2.6189097515415
-1.19543941540098,-1.54755771984626,-1.14563313379689,0,0,"1","3",-5.22216289651072
1.98906589655803,1.85765430560872,1.42972341006645,1,0,"1","1",-0.219919347457623
-0.389016188350282,0.0993176756914964,3.26289045658304,1,0,"3","1",-0.775637740550489
0.0469447841248162,0.263201604979323,0.542011848837861,1,0,"2","1",-0.799293766047364
-0.15469441154221,-0.265034507787705,-2.05364831676784,1,0,"1","1",-1.51659147455462
1.07308535563634,2.53708729081474,0.299726460885364,1,1,"2","2",-2.31535344746392
-1.23551322903151,-0.131046308289846,0.0920790581061987,1,0,"1","1",-2.59990367698477
0.792834056594119,-0.572395923472998,-1.02086644073715,1,0,"2","1",-1.27004514637541
2.06926741762599,-1.06321278449167,-1.01505615239815,1,1,"1","2",-2.86915593856247
0.0912404484085793,-5.04685889211016,-3.73021914291904,1,0,"2","3",-4.77251063404151
0.283598857675296,2.41133207862314,1.05445135572335,1,0,"2","3",-3.92351614730866
1.32981464621772,1.25465385497271,0.981310726241439,0,0,"3","1",0.17335743222202
2.37210093481682,1.35071918294466,2.06428350024777,1,0,"1","1",0.841000687624926
0.434067248538748,1.35722917187937,0.330034122814961,0,1,"1","1",-0.852365158590868
0.230421562805745,-1.13017662818945,-0.681527680270489,1,0,"1","1",-1.71464398351111
-1.71227543770024,0.449497576426303,1.47726902925657,1,0,"3","1",-0.586652055191519
1.38846128408088,-1.13663020052841,-1.07908571519794,1,0,"1","2",-3.53263890054216
0.642155859865826,0.196809891104481,-0.893793170910049,1,0,"2","3",-3.63291539716998
-0.319873916281456,-0.0750528838368934,-2.26173097786731,1,0,"2","1",-1.98509465866057
-0.471115082804699,-2.06664496390297,1.15387788268038,1,0,"1","1",-1.81809829006171
-0.454205013251437,1.90018652153508,3.59325410393898,1,0,"2","1",0.629765700744331
0.672585062588663,-0.496603259357162,-3.12288802988073,1,1,"3","1",-1.04594924290397
-0.833493565431368,-0.40960431927766,0.086848562328671,1,1,"3","3",-2.8101770682993
1.12989621133997,1.92929795201766,-1.21193000714899,1,1,"3","3",-2.30256932694745
0.0461048843769484,-0.624771488493708,0.375227687176051,0,0,"1","1",-1.13970421091859
-0.00358900230268579,0.329909952607114,-2.00823377857591,1,1,"1","1",-0.580172541660008
-0.0756450506695872,-1.62220521336711,-1.22213986589521,1,0,"3","1",-1.16918078088359
1.85516730277503,0.0919383044634998,2.49670241360108,1,0,"1","1",0.208632352883676
-0.11180623649303,0.730263109770581,-2.83666694515456,1,1,"1","3",-4.485311865722
0.217299667157689,-1.46919004881008,-2.21485760048654,1,0,"1","2",-4.58760916284726
0.367618239899912,0.0909354046448307,0.0108020135915787,0,0,"1","1",-1.70624808776218
-0.979489587836282,-2.07642478069253,-0.45006609654092,1,1,"1","1",-2.07860627622138
-0.113104764206122,0.216713618177957,0.261065288025912,0,0,"1","1",-1.52261886403334
-0.05305169553282,0.58996949849308,-0.290943274356653,1,1,"1","1",0.314691333241286
0.147286637117982,-1.14183713629657,-2.16323910310079,1,1,"3","1",-1.41873464528592
1.46917262400579,-0.113294617329959,0.930806485276081,0,0,"1","1",0.140974443934104
0.488064983234328,0.87600710085041,0.192894335105042,0,0,"1","1",-1.01018349603435
0.916033950626005,2.38845446561959,-0.206240988112468,1,0,"2","1",-0.0258258373954966
1.22478852395381,3.30155949837699,3.23797054073318,1,0,"2","3",-1.51633178383768
-1.46101340936067,1.02039330443137,0.0776285207433425,1,0,"1","3",-4.32869221958574
-0.0382594352090665,3.83285747925069,2.00847583699059,1,0,"1","2",-2.46679939657314
-0.251669780559291,2.80784523239947,1.71486652997223,0,0,"1","2",-3.44317270629506
0.904313477459001,-2.11359582672086,0.179147430614861,1,1,"3","2",-1.60072545739573
-0.802937096652686,0.877010312264725,-0.0933118019119351,1,1,"3","1",-0.697855287040985
1.44888748655128,1.40702390996537,0.907713810814966,1,1,"3","2",-0.812235315066591
1.10708538762895,-1.61173750667442,-3.73435416765663,0,0,"3","1",-1.98957263492305
0.22406759065304,0.452569342737363,2.33282065450147,1,1,"1","1",1.64804439523823
0.640035580319642,0.552715625845528,-1.40965209920908,1,0,"3","3",-3.45072099058748
-0.216382728281389,-0.448420993274004,1.5643756425254,1,0,"1","1",-0.905417195670288
0.175569043575355,0.860158443786986,0.969735926061567,1,0,"1","1",-0.383468149020979
-1.47572594222857,0.765517018878931,1.32969180699127,0,0,"3","1",-2.08744165342199
-2.11698201889168,-2.50787341729606,-0.88891285926777,1,0,"2","1",-3.56233067803507
-1.51513732695725,-1.09320874049196,-0.531600317885489,1,0,"1","1",-2.20004452076571
0.841400199900745,0.306918834628308,-0.316445251606897,1,0,"1","2",-2.66299938076468
0.370466763094376,-0.168894121412064,2.73426485041607,1,1,"2","1",0.0448867212011037
-1.88292922692278,1.84243431118161,1.44658161511352,0,1,"2","1",-1.5139650119134
-0.222253096173793,0.870603557108553,1.54255054390737,1,0,"2","1",-0.920175417659876
1.58532147687755,-0.886269555059749,1.98475782189097,1,0,"1","1",-0.227264945898688
1.06831722361912,-2.72782585293766,-1.59225834406699,0,0,"2","1",-0.594116681813304
1.58815074200933,-1.22673581918365,0.410611296958274,1,0,"1","1",-0.578854275667484
1.73529186177619,-0.497007384326688,-2.06593466781098,1,0,"1","1",-1.76042415612956
-0.28939190953218,2.21410325086771,2.11780098916443,1,0,"1","3",-2.71395029218834
-0.39352027347057,-1.00204817271753,-0.851634949003975,0,1,"2","2",-3.94495269456698
0.297785552343169,1.13888999117865,2.06355866953825,1,1,"2","2",-2.48211179926167
0.464992863238423,0.500821150842215,2.01531537759178,1,0,"1","3",-2.43129440246137
0.183815716175373,-0.110933988637755,2.01284827930042,1,0,"2","1",0.218641765723831
0.345885449893591,-2.81057311396505,-3.49660028372753,1,1,"1","2",-3.23075754270363
0.892294880499111,2.25227972779248,1.65659600652083,1,0,"1","1",-0.0634034187796829
0.384134960311273,1.26475572735293,-0.678285616950526,1,0,"1","1",-1.50098111657055
1.28343793214869,1.35486324386186,-2.21279515381575,1,1,"3","2",-2.55731237342958
0.545839241914229,0.78937100470915,-0.50891292737724,1,0,"1","1",-1.0535747260752
0.576732539007252,-1.48988271027252,-2.22277173556932,0,0,"1","1",-1.46321978842245
0.722137879091186,0.977652597308018,1.08727268824553,1,0,"3","1",0.394843279244683
0.506386167808721,1.54874318509278,-1.16477582479945,1,1,"3","2",-1.34470627368098
-0.184165996535189,-0.37443560120949,-0.0615769657216893,1,1,"3","1",-0.188141725164972
0.226715591999387,0.123161174445668,-0.552383681729035,1,0,"3","3",-2.27029350741768
-1.02467761022947,0.45600562424188,1.14936831013696,0,0,"1","1",-1.51167845537743
0.998072683803133,-0.748629909475794,-0.593550190125048,0,0,"2","3",-2.7682395735388
0.150159094921726,-1.89063007998554,0.591505171788066,1,0,"2","1",-0.551093103506668
-0.480984354308789,0.0630010773523241,-0.45133593745737,1,0,"1","1",-1.51006842826864
0.772869506908683,-1.52802621376487,0.630153404692844,1,0,"1","1",-1.24368112639717
-2.10067358475839,0.911121959118842,0.276158976525256,1,0,"3","1",-2.14837234795761
-0.382809285810297,0.70121129972617,0.482638770162072,1,1,"2","1",-1.04608075675422
1.84948320420429,0.283751836693436,-2.02043969931501,1,0,"3","1",0.264644716336985
1.07527368743724,0.369516101669754,-2.0932591259393,0,0,"2","2",-3.53984535108321
1.35679949179917,2.20557790299797,0.548703173102092,1,1,"3","3",-1.82376354620323
0.0402945641085607,2.19652555990544,1.67425358270817,0,0,"1","1",-2.70186891314544
1.20278958622207,-1.68161636659828,0.317052463253194,1,1,"2","3",-3.61489299142699
0.607960774541851,2.53458321301168,0.710898087258847,1,0,"2","1",0.558742592662417
0.895881082830464,0.169270034918628,-0.224213993282654,1,0,"1","1",-1.52985267623953
-0.0470233107349033,-0.555997845412663,1.29751303871943,1,0,"2","2",-2.52941986997835
-0.353014409974494,0.0560397185234526,-1.10116241168594,1,0,"1","1",-2.15495529042862
0.783475458341201,-1.61678624216501,-3.19006932226885,1,0,"1","1",-3.18302279699274
-1.31690664523674,1.26862496820767,-1.74310733235693,1,0,"1","3",-5.00228614408981
0.812450800675127,1.67377797016827,-0.307894991011155,1,0,"1","3",-3.93696918376277
0.00399974285784867,-2.28920946563618,2.11505107184028,0,1,"1","2",-2.80280479656035
-0.258141017394192,-1.5006641098034,-1.89052943110101,1,0,"3","1",-2.31161345652529
-0.0439910997146495,-0.0401824965320719,1.90787799899055,0,0,"2","3",-3.29878511585645
-0.418743751545312,-0.0686198672045256,-0.495965309081537,0,0,"1","2",-4.15219924278402
-1.27717991217738,-0.895010830041718,-0.492656052120876,1,0,"1","1",-2.37715884039368
1.44132505605841,0.32042123316805,-0.447652733505428,1,0,"3","3",-2.18044036819308
-1.35017897427072,-0.372533655845443,-0.368765792430331,0,0,"1","1",-2.81636150667617
0.431183513400633,0.668537996282258,-1.00048133686694,1,0,"1","3",-3.00759190754382
-0.263870576874104,-2.74616444906381,-1.45702231546538,0,1,"1","3",-4.95507507667787
-0.367569421105722,0.264755909670595,0.571052187061055,0,0,"1","1",-1.88839610665639
0.682927820919504,0.78334310084353,-1.46261900395978,0,1,"2","1",-1.13627208720331
-1.60722047321974,0.687402005066246,1.45637892104313,1,0,"1","1",-1.00339455654037
1.40910121461158,0.304534703249005,-0.47170108078783,1,0,"2","1",-0.817999734573382
-0.496876786242978,0.981667465257711,1.65130016162494,1,0,"1","1",-0.312203182355714
-1.15740096280497,0.924031658031109,2.9835642596148,1,0,"1","1",0.532171145146793
0.479014094675774,-1.24237128809666,-0.166515170044161,1,1,"3","1",0.0865251239257625
0.84926533820986,-0.380513618243502,-0.607783938130095,0,1,"1","2",-2.82749978810099
-0.531437269771396,0.476458288721333,2.58050266323385,0,0,"1","1",-0.538775109623506
0.721832907237559,-1.39944477755163,-1.30459831094614,1,1,"1","2",-2.24651248968998
1.35203207897027,-0.948777025564917,-1.70500312852564,1,1,"3","2",-1.59515182567201
-0.264446779055611,0.749954992037854,-0.606936528201558,0,1,"3","3",-4.24540611851103
-0.832329829880652,0.15094626203966,-1.02140950694247,1,0,"3","3",-5.08851484705018
0.476108423820215,-0.346800261137392,-0.0287182882589114,1,1,"2","3",-2.61379854369694
-0.31481290033743,2.3482262172458,0.880567912150551,1,1,"1","1",-0.295236420672312
-1.89016151043791,1.30520361196538,1.84465311474813,1,1,"3","1",-0.967706487910452
-0.490225460050705,0.209287290634727,1.4028973797219,1,0,"1","1",-1.15021989173321
-0.0419291256300992,-3.34777882652872,-1.13304899146117,0,0,"3","1",-2.64864852738376
-2.2637981212407,-2.27787548304642,1.33776005844587,1,0,"2","1",-2.59471524737537
0.709483992647471,-1.81037585139604,-1.47066232198004,1,0,"3","2",-3.01782138839121
-2.12528810965729,0.211871301090254,1.57980083631315,0,0,"2","3",-4.23068901195173
-0.508385170288936,-1.19271509435881,0.310642226699616,0,0,"1","3",-4.64770071535803
-0.678950773335906,1.00043461741416,0.267257214276877,1,0,"1","1",-0.969624193205141
-0.185772931905203,1.22732319997131,1.76149574960231,1,0,"1","1",-0.0227442669205583
1.92302852318876,2.28924643866136,-0.845649595149248,1,0,"3","2",-0.933470511054753
2.57670253529073,-1.47621694863894,0.640990202485302,1,0,"1","3",-1.47975227412106
0.588331650019816,-1.08428012966735,-0.0745681203050226,0,1,"1","3",-3.78504097120296
1.39725732513683,-2.49363653905951,-0.592786082335592,1,0,"3","2",-1.69544683268649
-0.919934145262578,-0.0905075128207017,0.670458982302748,1,0,"3","1",-1.66339435886405
-0.0653888747241038,0.436175564295408,-1.37698190271098,0,0,"1","2",-5.2825244549241
-1.02340344296834,-2.0021840504785,-2.95388133986823,0,1,"3","2",-3.90946561075789
-1.02579016501802,-1.99383615553768,0.694144027674427,0,0,"1","1",-2.4424195025319
-0.405587434228294,-4.65293078424655,-3.73431517665535,0,0,"3","1",-2.74403709754137
1.10830470665172,0.0546264611651534,-1.42934103568373,0,0,"1","1",-1.04914469152751
-1.80691494224786,-0.762336372361206,-1.65613774573548,1,0,"1","2",-4.52884828898437
1.56887443955028,1.88831336625269,-0.616413092267738,1,0,"3","3",-1.31823234746183
0.00361657262832183,-0.758524040477116,-1.61192802513972,1,1,"3","3",-3.28363344200018
-1.20267659778349,1.34423906644719,5.51015213854495,1,0,"2","1",-1.1150412092385
-0.539874481560935,-1.18518151412722,-0.787837369273617,0,0,"2","1",-2.11524962064786
1.43346742991186,0.973991527804804,0.0125336333905988,1,0,"1","1",-0.385249114381541
2.40127411400656,-1.84240827811006,-2.18174164492057,1,1,"1","2",-2.88732268593033
0.592573765939046,-1.84505723992007,-2.45607314915658,0,1,"2","3",-3.99491886653095
0.0447505509318843,1.95116887874472,-0.282486298654201,1,1,"2","2",-2.25396847028089
-1.28072117481417,-0.365158801041015,0.542287326907149,1,0,"1","2",-3.60260232689084
0.905731215273116,0.118736136527816,0.584124668803821,1,0,"1","3",-2.6349194486571
-0.724583008898342,-0.0832394193505355,-3.20119325663117,1,1,"3","3",-3.68042949341659
-1.88372432744676,0.60939848126391,1.8054215657693,1,1,"3","1",-0.286676820100145
0.654283935498803,1.00917069957716,0.649801690247013,1,0,"2","2",-3.07764919436989
1.26276928120767,-0.251087390965614,-0.5115949642972,1,1,"3","1",-0.252542439730589
0.985123055603912,1.77402966452652,2.45539667218832,1,0,"1","3",-1.69085003223012
-1.94349964823583,-0.841982029507574,-0.0142960812442672,0,0,"2","3",-4.4701619365401
0.701661724253931,0.496613022024928,2.45079960167057,0,0,"3","2",-1.70102738642445
1.05804329267451,2.1414914618337,-0.407414105761664,1,0,"2","2",-2.40016904920413
1.24398703907967,1.72226610883291,0.157092940277689,0,1,"3","3",-2.13203907342683
-1.29850250055275,3.78621272448393,-1.3289970694643,1,1,"2","3",-4.32112475071211
0.35780861684531,-0.581787453016969,1.58033597209458,1,0,"1","3",-2.85656832498838
1.61627765700722,-2.25025967445669,-1.3018495847208,1,0,"3","1",0.208389865515747
-0.390884142816504,-1.60107708103346,-0.465189229368362,1,0,"3","1",-0.534525613047069
0.478148362019068,0.65408178646567,0.279977264036325,1,1,"3","1",-0.180137817174055
0.262855483295153,0.788760372292835,-1.46122121645444,0,0,"2","1",-1.46755899790098
0.453396224552261,-1.28539925207866,-1.2058981549153,1,0,"1","3",-3.55508211717384
0.24671557174836,1.63631101564947,1.40634070956753,1,1,"3","3",-2.86565931189205
0.264629139264979,-1.08236347623345,-0.743518658532704,1,1,"1","3",-3.51142031034697
0.239289380112945,0.577731434717576,0.950752650479277,1,0,"1","1",-1.66827625252657
-1.6729526583368,2.84120014315501,4.06664596866162,1,0,"2","1",-0.232118312225035
0.272354527401959,0.664599383093948,-1.42040936901348,1,1,"2","3",-3.22869730898006
-0.252479559946362,0.942099690290011,0.683760959021633,1,0,"3","1",-0.510609481182596
-0.69946135402097,-1.76585877332705,-1.19706867246775,1,0,"3","3",-4.66445258601532
-0.765720827166578,-0.74364449195518,-2.04245439501158,1,1,"1","1",-1.88650841711711
-1.76226082944495,0.921894711543443,0.776244053176136,0,0,"1","3",-5.18065397974957
0.934638650322064,0.354657803352284,-0.292465015488366,1,0,"2","1",-0.80933346530626
1.23179885605592,1.45319667337929,-1.51036079100305,0,0,"1","1",-1.89965522129344
-1.09427050009772,1.51727445859208,-0.443862008343977,1,0,"3","1",-0.621103406096762
-0.44450965119033,-0.314314270697465,0.596284637811397,1,1,"3","1",-1.02886016010583
0.659531160818596,0.931921139695375,0.175567317398012,1,0,"3","1",-0.0129007066272597
0.597473749082905,0.5453291806498,-0.118660521774513,1,0,"1","1",-1.42106160357397
-1.46706823703836,1.44461095509841,-0.12227680749994,1,1,"2","1",-0.594085831537951
0.14666910723214,-0.904316488010314,0.410709414248492,0,0,"1","3",-4.4107022984074
0.482099991188715,0.753374613609863,1.02579224522507,1,0,"3","1",-0.0976818201902298
-0.162181124674054,2.35456803469577,0.107331667014221,1,0,"2","1",-0.692099143809733
0.925057022053849,-0.164366846092061,1.29244175943859,1,0,"1","1",-0.583847070328405
-0.512960171418758,-1.34886009372249,1.33488482609926,1,0,"2","3",-3.79836631667875
-0.449595822216647,-1.09104223799051,1.05356167462565,1,0,"3","3",-4.22492046784508
-0.882068703472899,-1.81642354866619,-1.86511329983524,1,0,"1","1",-2.14617222875051
-2.22715466152768,3.35313564704041,3.87792701249359,0,0,"1","1",-0.165939278908969
-0.0663112354307137,-1.31300648505539,-0.0877908845372536,1,0,"1","2",-3.53822157719143
-0.55505692344172,2.52314445578275,2.18407160938847,1,0,"3","1",0.377021457924448
-0.454255494206014,0.281610080888688,0.3278111994043,0,1,"2","3",-3.62564752582933
0.29754107583348,1.51619988777922,2.54435593604652,1,0,"1","2",-2.20179198664785
0.492955744722604,0.0224149798076481,0.788363908542795,0,0,"3","1",-0.0749718061133282
1.3045103210782,-0.121692480432775,-0.0783828179078332,1,0,"3","3",-1.68534130382964
0.768674373219714,0.797245692087909,1.76677080061597,0,0,"3","2",-3.27466093192978
-0.753042679637776,2.49987799896656,-1.73025933074935,0,0,"2","1",-2.39439458277008
-0.476387322166294,2.45233563686363,0.862950036196796,0,1,"1","1",-1.21089329248583
-0.0990774845932953,1.00967995688387,-1.11729800036298,1,1,"2","1",-0.674568350793669
-0.210847302283919,0.35849895980376,-3.64427983539872,1,0,"1","1",-1.71691019216951
0.28805589277687,-0.134232351124385,0.35081370356482,0,0,"1","1",-1.4317094799025
-0.437180737821474,0.327165084714485,-1.58573397709117,1,0,"1","2",-3.06063996653859
1.28295785477134,-1.73633123693517,-3.93364003306746,1,1,"1","2",-3.69552106362367
1.34545899681838,-0.395205294973858,0.593115517249641,1,0,"1","2",-2.09661288114542
-0.219250785850259,0.624997168635513,3.05773661525423,1,0,"3","3",-1.65287754830357
-1.37520648462044,-0.187284368077476,-0.570252082802688,1,1,"1","1",-2.49937040334257
-0.0603891164531268,0.969249978405769,-1.07894990204257,1,1,"2","1",-0.418894416813696
-0.599147760343086,-1.98237959047935,-0.346779972386105,1,0,"3","1",-1.2517340207192
0.209428964363219,-1.81484782112044,1.34428819706781,0,0,"1","1",-2.93484054354511
0.722305799509361,-0.401082985618278,3.02133723332345,1,0,"3","1",1.09898245887045
-0.352906530862719,-0.236461817121337,0.496571726761326,1,0,"3","3",-3.89729411126966
1.39000555001566,-0.589669144076985,1.27958758519124,0,1,"2","1",0.837482863138163
1.08852851363758,1.95813131143688,0.324786779985669,1,0,"2","1",-0.893889057878327
-0.204368811719343,0.622421239963824,0.195748019591916,1,0,"1","1",-1.9154798954866
-0.261780387980476,0.237136348062826,-0.751271698506189,1,0,"1","2",-4.69751897071692
0.514492017711506,0.997924634082407,1.88406982573191,1,0,"3","1",-0.200806045829098
0.72656708514568,0.317013274638616,0.954500787948241,0,0,"1","1",-1.56377723827146
1.14306933835041,1.75984827106382,-1.12489253727354,0,1,"1","2",-2.29803072100303
-1.10194298677157,1.11296612814331,-0.0999845934627702,0,0,"1","1",-1.71217461262461
0.48359583802725,0.511695602157888,-0.0310993889148075,0,0,"1","1",-1.79451664894676
0.599454695504749,1.40872532457743,0.685909126197181,1,0,"1","1",-0.87734678538921
0.0234101067921772,2.27842933737912,1.1924614074933,0,0,"1","1",-0.72449280446794
1.16048652502402,2.32558102358734,4.53839586017996,1,0,"1","1",0.657480228494093
0.673937906240754,1.14593619598606,0.176798546492797,0,0,"2","3",-3.31258831419662
-1.22304945308279,-0.904061544146919,-2.36025059544216,1,1,"2","3",-4.39159233753197
-1.2681884794652,1.12778560129304,-0.864448605961196,1,0,"1","1",-2.88871094761778
0.477791161947529,3.61530561306367,1.18400518602394,1,0,"2","3",-2.60072134904033
-1.80694470481626,0.96848498664181,-1.37026477830789,1,0,"2","1",-3.0638899733475
0.30886393195599,0.537752129818518,2.45827552750176,1,0,"2","1",-0.895495526724143
1.57849505020176,-0.725503122585539,-3.63211005719165,1,0,"2","2",-2.5912638854638
0.860293101128288,1.48477340599525,0.41636616759901,1,0,"3","3",-2.11497638084035
-1.11198869554653,-1.1941622198118,-1.966690324272,0,1,"2","1",-2.76715894808178
-0.817627826332382,-0.507550046741784,2.33698916478178,0,0,"3","1",-0.458782443650259
0.852073840154324,0.52401475118896,0.626810408393123,1,0,"2","2",-2.0696978947868
-0.268462412024288,-1.41156834441846,1.01932686208802,1,0,"1","1",-0.596813711719424
0.740026053216738,1.7424544306032,-1.13617316660408,1,0,"1","1",-0.82929650736127
1.37328552437311,1.10549901769619,-0.109823739316417,1,0,"1","2",-2.44251586944666
0.133812110387887,0.371875282481142,1.6291758426956,0,1,"3","2",-2.65437123940855
-0.379439305767812,1.37456956541392,0.847512904461458,1,0,"3","1",-0.757893274192209
1.61368236707689,2.28581874125111,-1.72516948673,1,1,"3","2",-1.9122938568244
-1.69926783865386,-0.56847515750999,-0.0973631873624681,0,0,"3","1",-1.32896230538589
0.520729869947483,0.406800172948485,-0.787362360352574,1,0,"1","2",-2.40644151696497
0.62400167253297,-0.825035760539437,-0.0643779452400766,1,0,"2","1",-1.25427958790117
0.635308724008798,-0.234267224068682,0.0213781710867561,1,0,"1","1",-0.749253432854664
0.0534338301334482,0.983382033103732,-1.82690519934599,1,0,"1","2",-2.43538173216017
0.228168700519971,2.82843110130179,2.18833024456834,1,0,"2","1",-0.943865036090293
-0.336436147286345,-0.227187121419154,-0.408917926536991,1,1,"2","1",-0.30618144178544
1.11267833345872,0.707399543137286,0.898453390206201,1,0,"3","2",-1.46875687400812
0.452544948700423,0.715372834790803,-0.506302150172573,1,0,"1","1",-0.606255116669512
-0.0535892167250465,0.838263486068495,-1.52140420423279,0,1,"2","1",-2.04880930893993
0.648619309472398,0.344152760370904,-0.0876208836463162,1,1,"2","1",-0.326407042251985
0.310074697205416,0.511063726841372,-0.286724838481701,0,1,"3","3",-2.55498754986496
0.888936162208223,0.117595828122131,0.820983687490586,1,0,"3","1",-0.667196419273749
-0.451084000538813,-0.358508153939865,1.55649458257392,1,0,"1","2",-3.66624890077309
0.985285039739447,1.0965721160634,0.803807471735684,0,0,"1","2",-3.01334715737838
-0.750698994723733,-0.745149119731441,0.648727381450005,0,0,"1","1",-1.43366241072067
-0.294914274378356,2.73079801925461,0.568837331935089,1,0,"1","1",-0.723759760700715
0.426962562810856,1.29354931419798,-0.264807450588965,1,0,"1","1",-0.521796269567186
-0.788508190427481,-2.46114467197164,-0.522343546492695,1,0,"2","3",-3.84728359959783
-1.46220632880657,1.60610220711218,0.874266998110782,1,1,"3","3",-3.13021560236985
-0.654129900345612,-0.397621084781554,-0.678889888215071,0,1,"1","2",-4.6016622026232
1.24490795692523,0.807744107922068,0.0767931307428835,1,0,"1","2",-3.99483921120932
1.67071073182579,-0.751399867743292,-1.04764272610003,0,0,"2","1",-1.54243515923041
-1.89641754323774,-0.939783047046345,0.658729012850899,1,0,"2","1",-2.11639518044429
1.67560845737434,1.52923601160411,1.20599470990715,1,0,"2","2",-0.940399413607136
0.111655073025995,0.480013692144293,1.03821824502471,1,0,"2","3",-2.53238090315272
0.193434623461124,0.739240545886293,-0.685518760012158,1,0,"1","1",-2.12385191766179
-0.809570683959343,0.668780087289603,-1.10692818268091,1,0,"2","1",-1.76838386638753
-0.124029590314292,-0.963788313635296,-0.56112977498769,1,0,"3","1",-1.10423287577724
0.0933331917750692,0.950921370167993,0.203040606283863,0,0,"1","1",-1.82656214430636
0.0361386226701404,3.19485934705433,3.34361418736349,1,0,"2","1",1.07698307412924
-1.35119744226512,-2.47958815158589,-1.26303895048728,1,0,"3","3",-4.23170325858883
-1.34374999052101,0.095517019627809,4.36057231288001,0,0,"1","1",-2.50404845371361
-0.293273656703085,1.12174356206807,1.30271619940116,1,0,"3","1",0.208690168502379
1.78457775897241,1.07301304686439,-0.174282959354565,1,0,"1","2",-2.51711061009728
-0.72793240447595,-0.258173538986961,-0.258116025269174,0,0,"3","2",-4.30158248069242
1.54716687475115,-1.71748381528686,-2.6916015497392,1,0,"1","1",-1.9882677246736
1.31916800395335,-0.179508288654065,-0.882399827767447,1,1,"2","3",-2.10192050908869
0.948148986196107,2.1892869873832,-0.144620644974416,1,0,"3","3",-2.05266069961651
1.38817565574761,1.20273778503371,-0.874737856407216,1,0,"1","1",-0.736285422627107
0.75330156678733,-0.534986808460253,-0.264661342987993,1,0,"3","2",-2.66870965988672
-1.70609585840838,2.9466992721915,0.246860766706625,1,0,"1","1",-2.28366016754957
1.38068480040974,0.175097025176341,2.06614098132868,0,0,"3","3",-1.96076002532877
-1.230820264368,-1.00694279368691,-2.37223512065174,1,1,"3","3",-5.03150957241932
1.55519914991779,0.261634457589059,-0.937220826865743,1,1,"3","1",0.311246331208686
0.555698661872136,1.81614917835819,-1.74688108635767,1,1,"3","3",-2.82683631873016
-0.00795647819516398,-0.436462915546311,0.687613812841738,0,1,"2","3",-3.38125215289808
-1.25474593284902,0.554819370720128,-2.20402007575283,1,1,"2","1",-2.3263492451898
-0.0105240117009169,-0.387871692241139,1.33478584951028,1,0,"3","1",0.505118408016018
1.09246813557742,1.10215886291993,-1.11469925551678,1,1,"2","1",-0.503742001834973
-0.484332489538182,1.42170489723921,0.867768061699052,1,1,"3","2",-2.86383154662486
-1.19711613864739,-0.871186463660747,-2.04078280735123,1,0,"3","1",-3.22020533383182
0.884797985175206,0.21334972341784,1.33840167942953,0,0,"1","2",-2.0180924924937
-1.27975401571295,1.3045031979022,0.0784616756684546,1,0,"3","1",-1.74197692707134
0.464257289042989,-2.126792969688,-1.95812334515083,1,0,"2","1",-1.39895350682516
-0.272175714372193,0.623497720330259,2.72623128425882,1,0,"1","1",-0.690380237272403
1.17197479145143,1.76673190688564,0.332589695311281,1,0,"3","2",-3.11372459563035
0.683634218425739,-0.577465547637795,-2.26052247787614,0,1,"1","1",-1.69168966390781
0.483992940831499,-1.25894294374668,-1.46154797010396,1,0,"1","2",-4.12517666646042
1.39491487477289,-0.990882104466212,-1.00340037125642,0,0,"2","2",-2.24984404956494
-1.42935831617972,1.40239351650873,1.10316960890595,1,0,"1","1",-1.60900434007911
-2.05491045811501,2.00844811756965,0.544268469727028,1,0,"3","1",-1.81710639878083
-0.442102588333709,-1.67087731289166,-2.98377635244824,1,1,"3","3",-4.52810011005214
2.3289037130129,1.30486386644238,-1.70492410370123,1,0,"1","2",-1.91679786322043
-0.754216357138628,-2.14846879278522,1.57033884407834,0,0,"2","1",-1.88376275391386
0.395362906060167,-1.43936257353561,-1.66892338273875,1,0,"2","3",-3.56938921529433
0.568668071915851,-1.07084329447291,0.726312130930569,0,0,"2","2",-4.16748663966679
0.647924421060333,0.240820452701956,-0.1270385343911,0,0,"3","2",-2.74062101067474
-0.719501855796493,-0.71315189419235,0.100952081257938,1,0,"2","1",-0.982104334137002
0.796592469938508,-1.34693955063443,-0.300387233630626,1,1,"1","1",-0.910164498876655
1.28437741551586,2.1685585851822,2.87207247233848,1,1,"1","1",1.39616994997767
1.82643296017108,-0.641333376317415,0.174119679731032,0,1,"3","3",-2.68066572544968
0.298630656123032,2.1416735032718,1.85319645076549,1,0,"1","3",-4.67533297772383
-0.864977650772459,0.261443619482689,-0.505727981258141,1,1,"3","1",-0.990239958248093
1.15739641173471,-1.11085538948022,-2.67149693839671,0,0,"1","1",-1.42175164343287
-0.661706018351049,0.263374357238029,-0.146548807104369,0,1,"1","1",-1.86690491707689
0.507451202736016,-1.57272687914608,-0.646268831539811,1,0,"2","1",-1.65682415815114
0.118152268454638,0.192046801726246,1.43084327059168,1,0,"1","3",-3.98811610714218
-0.175884529260977,1.79943879640345,0.807294015683764,1,0,"1","2",-3.5671551278106
1.3445018347163,0.320823255027472,-1.31191582818496,1,1,"3","1",1.02752437272411
1.40946509671873,0.355973808727435,-0.775275841020006,0,1,"1","1",-0.737644479976784
0.961149347736634,0.217410500833562,-1.11648491913602,1,1,"3","1",-0.0138470989978198
1.33445175153639,-1.5007950378729,-1.77869048920332,1,0,"1","1",-0.708250193900302
0.0810753296841132,-1.82859918857324,0.0369993244188207,0,0,"1","1",-2.244465727509
-1.12245372610985,-0.946647384369552,-1.56115462186314,0,1,"3","3",-4.37717009749274
-0.291494124456563,2.15386772229221,-0.0229756953892026,1,1,"2","1",0.0409991935995582
-2.03356416705506,1.10767236618291,-0.343347024702272,1,0,"2","1",-2.18383967219056
0.57288930836537,1.8620554370015,-0.902542833217624,1,1,"3","1",0.32472084230945
-0.305846049597037,1.29605726065312,3.04378974917785,1,0,"1","1",-1.02038101575796
-0.954685293550401,-3.02799640454056,-0.425751934017316,0,1,"3","1",-1.01198181505797
-0.578559877476955,-0.658315074457415,-0.706728604190486,1,0,"2","1",-1.66264826098773
-1.12435717914189,0.859967855381479,-0.0867192672412616,1,1,"1","1",-0.668882994532028
-0.604681473519926,0.390402816189189,0.868870979037836,1,0,"1","3",-4.03995556510863
-2.07654779984171,1.70103463856202,0.212372841456084,0,1,"3","3",-4.48221899041182
-3.0305839043246,1.07964965219739,0.177796185789284,0,1,"1","1",-2.71992344335142
-1.34719109388363,-2.49038774788975,-1.22580602620112,0,0,"1","3",-5.24160742166394
0.342251581289356,0.970477840984268,1.98780357775273,0,1,"1","1",0.299858625334558
-0.0869302349670189,0.792255015292355,1.09439983341368,0,0,"1","1",-1.53778381344266
-0.376633274958574,-1.51460761177745,-2.19383361304139,1,1,"1","3",-4.33411245760644
-0.625277011119848,-1.57390746273984,-2.92273043704253,0,0,"1","2",-5.31329060659757
1.02349742316692,0.293558373708894,1.36310151202088,1,0,"2","2",-1.80632003432176
-0.0173840901335277,1.11520465067079,1.37905063683637,1,0,"1","1",-0.689173291213168
0.0983265341344103,-0.14480186064425,1.62728904883637,1,0,"2","1",0.769966576861684
-1.68590872804967,-0.571327228099072,-0.114475325067255,0,0,"1","1",-2.82487342652185
-1.48074405691439,1.47320112414186,1.11861920517369,0,0,"1","1",-2.52945256663001
-1.2696835352493,-2.47102187624886,-1.86833456352096,1,1,"3","2",-3.68930067209417
0.00863604367856911,0.635371201234896,-0.460463169753253,0,1,"2","2",-2.54718761610865
-0.0521329418596158,0.434938548501481,-0.446233144517746,0,0,"2","1",-3.29775333753786
0.833063769331669,0.753003146406958,1.36747651363937,0,0,"1","1",0.109306714071037
0.0433919273679379,-1.57774620160039,0.204276157831318,0,0,"1","1",-2.42827469958927
-0.604013226394418,-0.947073798910585,-1.16370285432616,1,0,"3","1",-2.70530874098199
0.197168746776524,-2.30719218153065,0.585269771364708,0,1,"2","1",-1.42957950122797
0.112899073561536,-0.396028366325982,-2.87542622956261,1,0,"1","1",-2.05472527021885
0.619882471629251,2.62780525052415,0.0826156344673947,1,0,"3","3",-2.52870628452517
1.29193302267075,-0.0845352876378609,-2.41286420932348,0,1,"3","1",-0.495503034277769
-0.222693484726235,-0.265595613252347,1.45333351502802,1,0,"1","3",-3.42239682591405
0.470845126013804,0.656329904048567,1.75109066636691,1,0,"1","2",-1.41373789898552
-2.22304849436453,-2.36775882479534,0.119494334094497,0,1,"1","3",-4.11456013712985
-2.1280309661594,-0.770610828120968,-1.38506011105082,1,1,"1","3",-4.42604295660572
-0.815021566813091,-1.43560720450858,0.245115280757335,1,0,"3","1",-1.80799273627262
0.471766711843145,-1.27231801862965,-0.974555279445197,1,0,"3","3",-2.6665600922523
-0.718697946061524,-1.14126880415395,-0.381271590451035,1,0,"1","1",-1.81150081261051
-2.13751955628567,-0.359325206042854,0.0137273277548198,1,1,"3","3",-4.65773643852166
0.795187456645804,0.401053095400792,-1.64232142798493,1,1,"2","2",-1.82938079032924
1.25572008241657,0.948776231300413,0.771991195029845,1,1,"1","2",-2.40392022256907
-0.0761164368719917,-0.00921539663699613,-2.09082472355876,1,1,"1","2",-3.11837783571305
-1.06989266332294,0.845200915204819,-2.31382499683075,1,1,"1","1",-2.68536778140436
0.225472214173118,0.334488549859344,-1.13031357855273,1,0,"3","1",-1.64341535646784
0.665727468420865,0.288708059447718,-2.04500209779616,1,1,"3","2",-2.24439788970264
-0.42944297371945,1.58900817137373,-1.14327835479407,1,1,"1","3",-3.76767135989504
-0.517911747178836,2.94243363087991,3.27722829485073,1,0,"2","3",-2.98180883682924
0.64903230608736,1.32136439871425,-0.835671927605052,0,0,"1","3",-3.5166265997117
-0.609543034064607,1.41263854930576,1.46014385214853,1,0,"1","1",-1.31304425323778
0.0796017585021068,-1.01690421169841,-0.763817415631873,1,1,"2","1",-0.709020375917334
0.187749465236132,-1.11248623429453,-1.84695189661268,1,1,"1","1",-1.91491046190359
0.235531846534662,1.70067240027827,1.22100624861904,1,0,"2","1",-0.0883314143057478
0.118224101899143,-1.54375487081735,-2.14912676211486,0,1,"1","1",-1.65352037105715
1.59787248805736,-0.570518914670725,-2.74208744719088,1,1,"3","2",-2.60808460772888
-1.38612093615982,-1.73543575128817,0.0495718452740577,1,0,"1","1",-2.19318805617125
0.0150990696602558,2.16371377206823,-0.339075901184625,0,0,"2","3",-3.02650716822181
0.513363534936385,1.43124579187792,1.28402530567792,0,0,"1","2",-2.65678903716228
2.40471224766965,0.976266848344966,-0.940278766274063,1,0,"2","1",1.13814867357862
-0.999218539413272,-0.926338366407677,-1.43628294640046,1,1,"3","3",-5.14860836975985
0.628815202650257,-0.233748087542332,-0.00132145903863384,0,0,"3","1",-0.134475116110352
0.56458840082306,-0.735484489895011,2.3005193249552,1,0,"3","1",0.839369668812959
1.28758432040582,-1.48212635693096,0.0962963168317712,0,1,"3","3",-3.00756848403455
0.162573972069877,-0.690879359751438,-1.9646431719265,1,0,"1","2",-4.67711547273754
0.156743055644335,-1.23499563064905,-0.0675540428032435,1,0,"3","3",-4.21702516385052
0.766496688198857,0.159709640863602,-0.693847158635905,0,1,"2","2",-3.68513169681798
0.878025323717529,-1.24230091934273,-1.1462410368027,1,1,"1","2",-2.61407792489043
-0.065180317944617,0.212948433668919,0.938432378399602,1,0,"1","1",-0.562223901548033
-0.27854868905383,1.4071073717412,2.256719008509,0,0,"3","1",-0.1461709056858
-0.1272878380287,-1.0726990873759,1.27206167795644,0,0,"1","1",-1.72946014825501
0.359187686739029,0.00144621135530816,0.869424321041796,1,0,"1","2",-2.93671454471083
-0.139813262871843,-1.87199877361066,-2.36337659155833,1,0,"1","3",-4.67479983153072
0.908796429383928,2.09873390877281,2.19318888301307,1,0,"1","3",-2.01019787103004
0.627478062346391,-0.0627571367041348,0.917797155985071,1,0,"1","1",-0.567760822496739
1.17717826295715,-2.57770501113436,-1.50394509801262,1,1,"1","3",-3.25799574077516
-0.246458998509749,0.314761296342994,0.560185631126088,1,0,"3","3",-3.25394987439001
0.0004388511184409,-0.813477281157468,-0.0816582945715072,0,1,"3","1",-0.688712456265212
-0.46579301686948,0.601830948113315,-1.10212998399239,1,1,"2","2",-2.94660272810513
-1.24332719173374,-0.292754700478869,-0.180149178181824,0,1,"3","3",-3.26738129151999
1.59945794929818,0.684871077732631,-1.34225366766375,0,0,"3","1",-0.0893927204673405
-0.120219418044364,-0.483221561038359,-0.209856824181822,0,0,"1","1",-2.17550490417901
0.010904293248944,0.911076236560657,1.633218670288,1,1,"3","3",-2.76737589319868
2.01945951677002,-1.90116345816576,-2.20278516502379,1,0,"2","3",-3.23948565906782
0.399034052997187,0.474196838123779,0.844815991224185,0,0,"1","2",-3.54705611400905
-0.856897888834375,-0.45037936278336,0.167261448134272,1,0,"2","1",-0.445705757925301
0.0403320432588795,-0.605782226367695,-2.20147151610715,1,0,"2","1",-1.68900832139023
2.22129332960748,-0.857434726901913,-1.85134197299224,0,0,"2","1",-0.533146473586138
-2.67957947635224,1.00856640747649,1.33256814768262,1,1,"3","1",-2.00299841443423
-0.284695438928793,1.57969509669662,0.227260278298967,0,1,"3","1",0.00271828462276469
1.33668322773532,2.99560679809843,-0.559183762205558,1,1,"2","1",-0.369797243570514
-0.312759388303374,-1.55466705106011,-1.93805467716645,1,1,"3","1",-1.67051038135235
-1.36066816512551,-3.10516665493601,-1.9872997719255,0,0,"3","1",-3.51904263698736
0.580397948294656,-0.421038361323598,-0.0741539404437936,0,0,"2","2",-3.59256020698284
0.786788073307286,2.17583246256651,4.2061209673797,1,0,"1","1",0.883882109860527
-0.969284910904527,2.4796330947164,0.00449746089738889,1,0,"2","2",-3.43416502677786
0.978126861099038,0.142785129700773,-2.28874476063057,1,0,"2","1",-0.773057473759683
-0.224749581545987,-0.368046786106465,0.441189647789914,0,0,"2","2",-3.88995014418543
-0.928891193845197,-1.19891500109507,-0.478031385195882,0,1,"3","1",-0.41898252181
1.78351410943326,-0.745195860472795,-1.3815816384605,0,0,"2","3",-3.25040634383829
-0.712125035792705,-0.0607648011482125,0.809525988407739,1,0,"3","1",-0.923114019075327
-0.0605873538413791,1.13478999610077,-0.0701858701518067,1,0,"3","3",-3.9409382004249
0.182540362567154,-0.551533044967731,-1.34981499280276,1,0,"1","1",-1.62002276729562
0.25604598672455,0.261123010504195,-0.436984910315523,1,0,"1","3",-5.17974723219835
-0.187866504707601,-1.44891783652324,0.423696195727368,1,1,"1","1",-1.01506510421301
0.50156697136474,-0.0415671710243158,-0.54344782835635,1,0,"3","3",-2.93917552808649
0.785971998055777,0.409394877967926,2.47018654340104,1,0,"3","1",0.322803703729492
-0.728324549330138,0.344790861879098,2.53345987941649,1,0,"1","1",-0.605473083619843
0.35199176564276,-0.806516235657473,-2.80977661666929,1,1,"1","2",-3.308076333955
1.45641575512624,0.716841749921799,-1.72714455985689,1,1,"3","2",-2.23682074978477
0.225475949711967,0.99095266686343,1.83481300645317,0,0,"1","2",-2.64217528435418
-0.399536733894289,1.4211671517623,0.254345426442542,1,0,"1","1",-0.981568889885079
0.91409772247638,0.506578577941403,-0.363181346101686,1,0,"1","3",-3.84579860410649
-1.08897398683029,-2.78510348208775,-0.910737274770315,1,1,"1","1",-2.10725558001301
0.456389251266181,-1.80501820683213,0.0934726302646562,0,0,"2","1",-1.15809994068487
0.135340043855806,-2.62687178803785,0.0192715395774796,1,0,"1","2",-2.78467930758357
-0.24649894614917,1.06678022850465,2.31201416371621,1,0,"1","2",-1.62693865926193
-0.722156771385741,-1.67297833881773,1.5648520206415,1,0,"3","2",-2.42823092971053
0.199550779695107,0.186029079268548,-2.68973503456493,1,1,"1","1",-0.899929563376375
-0.682653468309095,-0.784234030902435,-1.20764103164928,0,0,"2","1",-2.72688475582192
1.32583850546286,1.0137202862807,1.49738063566339,0,0,"3","3",-1.47831063610061
-0.396048945719275,0.85193425513483,0.691522498792282,0,1,"2","2",-3.08663016676322
2.38099459356127,-1.11900433603008,0.219202660483489,1,0,"3","3",-1.49339078784345
2.11373071264414,0.91832629287412,-0.270555468276487,1,0,"1","1",-0.165757949396959
-0.0643588164427084,-1.67314383110274,1.90336476285799,1,0,"3","2",-1.91429917008161
-1.51791322494626,1.36077751195073,1.24004844568407,1,0,"2","1",-0.425366250159489
-1.17982161227533,0.604414958224676,-0.667539855300862,0,0,"1","2",-4.43735127758193
-0.0709951135601895,-1.25568121910168,-2.72059132184002,1,0,"1","2",-3.24699285102111
1.76246537285086,0.695502510070361,-2.53188135425709,1,1,"2","2",-2.31028479376792
-2.37186328916831,-1.3991527784071,-0.340878103417504,1,0,"2","1",-2.06431338139936
-1.75844498082949,-2.6322219157865,0.912040599658091,1,1,"3","3",-3.76676801426088
0.115789108765984,-0.705810132321283,0.506549640762364,1,0,"1","2",-3.97081989820575
0.412137746619867,-0.979818278015725,-0.540458932856375,1,0,"3","3",-3.95151114582277
-0.443738465709132,-0.285743840037945,-1.02252068602373,1,1,"1","1",-1.98120888839785
-0.733987197300136,-0.276406998125065,-0.118924257486029,1,0,"3","1",-1.20664563270539
0.9016996098966,0.636988047060414,-0.256855266350516,1,0,"2","1",-0.767784234726209
0.860415104537457,-1.24705941326252,1.81702376429193,1,0,"1","2",-2.90492040433831
0.909008503986038,-1.43774215409738,-0.238699268678693,1,1,"1","3",-3.07572358078972
-0.254314189763914,-0.38918848385244,4.17931272535524,1,0,"2","3",-2.57185322102801
-0.0720699593779713,-0.510652423308398,1.17993655777133,1,0,"1","1",-2.24519501317762
-0.0555827485889902,3.72401701355619,2.10553304661183,1,1,"1","1",-0.410014638007078
-0.0828141893491282,-0.845494518993711,-0.770443254342178,1,0,"1","1",-1.71542552177278
0.165829321503819,-1.4062080139429,-1.8865122774001,0,0,"1","1",-2.17117338617801
-1.32767128109061,-0.818679602630255,0.6004532807509,0,0,"3","3",-4.37349328804459
-0.235010941994836,1.50950833785185,3.4297243245514,1,1,"2","2",-1.76889680862768
1.72828333347279,-0.429646644399941,-0.17139530684693,1,1,"2","3",-0.893353896007219
-1.32825211202092,0.74785934148028,-0.240264427422682,1,0,"3","1",-1.12536735122822
0.296211622906014,1.54855488382993,1.56561587186332,1,0,"1","1",-0.418468272278843
0.318468519915544,1.03082608486008,-1.26182561441866,0,0,"1","1",-2.03621284342082
-0.412064264404747,-0.101315438387543,0.435675770863015,1,0,"1","3",-3.99097991286294
-1.11473593399592,0.318896853868639,0.447658049461438,1,1,"1","1",-0.107930186064023
1.48492157827697,0.326364906903456,-0.380696509650405,1,0,"1","3",-3.84977868299591
-1.05834621120258,1.18469423958991,-0.757410050606531,0,0,"2","1",-2.06678153159147
1.03412639246603,1.0903799585365,-0.396811341613469,1,1,"2","2",-0.725980090225737
0.199369129150475,-0.988675247729553,1.20721643850545,1,0,"3","1",-0.406769099183929
-0.336495972718415,-0.224621641906826,-2.41909298766546,1,1,"2","1",-2.21815254607328
0.556194650740907,2.45117400768799,2.65117655041202,1,0,"1","1",0.766292930818358
-0.45547411026584,0.473873741096712,-0.680035046421913,0,1,"1","1",-1.59955600411192
-1.65093469702273,-0.423756171184156,-1.13361591084378,1,0,"2","1",-1.79077754306286
-0.841905821999582,-2.2931729807062,-1.64421931808786,0,1,"3","1",-1.44111060639663
-1.44536577741424,0.118914128347681,-0.903298584911747,1,1,"1","1",-1.29889012969532
-0.835144674505858,-0.534642919348817,-0.154399841533423,1,0,"3","2",-3.62867774062999
-1.61727412746398,0.695510108262455,-1.62500355074716,0,0,"1","1",-2.42806885021214
1.79469577984485,1.93978900804542,-0.183595659522357,0,0,"2","2",-1.98656856018943
-1.48186541498615,3.10269236713261,2.9736632429928,1,0,"3","1",0.311832804164015
1.01740746665611,-2.20856884372174,-4.10603063539162,1,1,"3","2",-3.33694086726738
0.918066675152514,-0.646431972127573,1.11853929254569,1,0,"2","2",-1.70526455503449
-1.99162571006215,-0.708888214147648,-1.61074166685048,1,1,"1","1",-2.19214841339982
-1.17681355400956,-0.107520307550302,0.0315849435668348,1,1,"1","1",-1.73236101471028
-0.218711095005281,1.02538223661316,3.23502462144904,0,0,"3","1",-0.572798639640082
0.38774846909613,1.46217299766849,0.552857893469291,0,0,"1","3",-4.02290018555073
0.0196391515201198,-1.71560483768791,-1.70350231190071,0,0,"1","1",-2.2428983706621
-0.721604969831077,-2.41774238043135,-0.0262632000568066,0,0,"2","1",-2.79324971050004
0.103891055484159,2.98010104478308,0.388263385781582,1,0,"3","3",-2.15474335029172
-0.651251849377885,-0.340249742524137,-0.12880580937637,1,0,"1","1",-0.940197046684102
-0.521461458609341,-1.22644489041615,-1.62453096585558,0,0,"3","2",-5.17338138315908
-0.253435615728723,0.561877933940995,-2.5403799800516,1,0,"1","3",-4.28656317798112
-0.234152845438213,-0.0739187365745507,-2.37688470480796,1,0,"3","1",-2.25535180192988
-1.359946840777,1.01299665094472,0.800884887720881,1,0,"1","3",-4.12278979957473
-0.695065405581828,-1.09982002875065,-0.504974263479852,0,1,"1","2",-4.16773175274679
-0.814808138615631,0.740630867584477,0.871739908106276,1,0,"3","1",-1.45755679215372
-0.388816738519023,-0.952656214202607,-1.52599376728778,1,0,"1","1",-1.27216369534743
-0.154360958447183,-0.834211211197556,-2.21190406580635,0,0,"1","1",-2.34922602765453
0.564514505676051,1.11494545915996,-0.424860078920748,1,1,"3","2",-2.56972540684827
-1.52782087782382,-0.822619287357265,0.374627588056682,1,0,"1","2",-4.01624597769176
0.00623873627352331,-1.21971045653999,-1.4657596723391,1,1,"2","3",-3.31506205339604
-2.4728183450162,-0.0550032193461954,3.19718425129685,1,0,"2","1",-0.845629546349179
0.97756402126446,-1.78406811111605,-2.58418615045741,0,1,"1","2",-4.08339864400813
0.212108375427324,-1.66480861347613,-1.48651167991658,1,0,"1","3",-4.09966408966593
-0.700339911736946,-3.31907217374848,-1.68264389076929,1,0,"1","1",-2.33945508888378
1.26368549967351,-1.03406357269095,0.264810461251776,0,0,"1","2",-4.0386049622124
0.0201797905806614,-0.973644037354795,-0.842012056703489,1,1,"1","3",-4.17246905153847
0.679088282558306,0.701249453492334,3.24261488598531,1,0,"3","2",-0.278000892524997
-1.12715826217724,-0.0977391537772621,1.84108010991211,1,1,"1","1",-1.03594746343565
-0.137630243276295,-1.36670317129586,-2.0200066955885,1,0,"2","3",-4.47053049503815
-2.3778641640531,0.63248516241149,2.79075819407016,1,0,"3","1",-1.66287321143044
0.827778695268532,1.12823368858927,0.546375818484374,0,0,"2","1",-0.224671651781775
-0.239356092393882,-0.330784185038722,1.10506070523914,1,0,"1","2",-2.97850000893391
0.128462584083809,-2.65448189279697,-0.822989547092902,1,0,"2","1",-1.69037564842293
-0.281258606425484,1.91070357664229,-1.58409168670004,0,0,"2","2",-5.09513647936996
-1.08202050173129,2.28688845214189,0.970648259445814,1,0,"3","2",-2.81032378479442
0.590535449598144,-0.566325892400128,0.168923013567859,1,0,"1","2",-3.40856245669142
0.523210488272698,1.39083608439156,-1.8252209105285,1,1,"3","3",-3.08984677531669
0.957942022924394,1.73773645524485,1.30541111847435,0,0,"1","1",-0.904919334670613
1.0402408351865,0.62222522204481,-1.2204014772422,1,1,"3","2",-2.37380783342153
-0.809147300261607,1.21346367840103,1.01144030073568,0,0,"1","1",-2.26009983129114
1.26557005407936,-1.6999756911049,-0.165462383244036,1,1,"2","3",-2.43103015244556
0.0933326592355861,0.564022998995958,-0.429120185203882,1,0,"2","3",-3.97701288453211
-1.98211112263501,-0.580506499204092,0.600791687314205,1,1,"3","1",-0.550935156825915
-0.562570744503923,-0.377745500663388,-0.651551640305153,1,0,"1","1",-2.23785738411756
1.09966050579477,-1.93839621681486,0.00645733837939888,1,1,"3","3",-2.81948708438197
1.42035677957935,-0.963081703950964,0.526386970902892,1,0,"2","3",-2.35224917339791
-0.0632533661063236,0.516322432762722,2.46756123684047,1,0,"2","1",0.276329588147329
0.348981531823313,1.21557325659171,-0.696487294523866,1,0,"3","1",0.448498445900495
0.28210579636926,-0.453949535166984,-0.975147032253707,1,0,"2","3",-4.17804016606248
0.887023879971442,0.34722285353324,-0.136476586378747,1,1,"2","3",-1.95777766364582
-0.142507058379195,0.0554861472023509,-1.65042305263898,1,0,"2","3",-4.73237792920015
-0.907506076645166,0.179378996569566,1.08679152448229,1,1,"1","1",-2.20001644389901
-0.541296769981307,-2.29974591570253,0.401411243372577,1,0,"3","1",-2.00856955515477
-0.888256348344016,-2.13345653864309,-1.63380940425187,0,0,"1","1",-2.96364628770256
0.582859579815348,0.715238835108526,-0.426501517287956,1,0,"1","1",-1.54910707760681
-1.53103075822991,0.181697112934643,3.27149486907464,1,0,"1","3",-3.71870833147611
-0.219088210682144,-0.209984073995783,0.78312590621016,1,0,"1","2",-2.46164285440993
0.671855939084072,-0.121893126365692,-2.00854792514743,0,0,"3","1",-2.10831421812455
-1.20001381218344,-2.09160319934008,-2.39027478583243,0,1,"2","3",-5.23412373615134
0.631749279399455,2.14814560222298,-0.138382373125978,1,1,"3","1",0.133522102796614
-0.780410194370075,-1.59256742018166,0.56849281077068,1,0,"2","1",-1.25647172018547
1.44777875291345,-1.61356989115939,-1.91501493687286,1,0,"1","2",-2.73953802278056
-0.991165015412704,-1.86018359727433,-2.56970593990185,1,0,"3","3",-4.61585802062434
-1.99016132553755,-2.36628893568294,0.843225352164793,0,0,"2","1",-2.71177146544527
-0.340585238358087,1.5854299804604,2.65516138440397,1,0,"3","1",-0.703539965166556
-1.93255009354768,-2.42726772677504,-0.178873080340864,0,1,"2","2",-4.35239303732971
0.0628211214072717,-0.764856640048785,-0.500746017189466,0,0,"2","1",-0.948351126738436
0.638510475559162,-1.55631301945273,0.831972712246585,1,0,"3","3",-2.21271151614581
-2.11420318018034,-1.6648713095052,2.13207161515348,1,1,"3","1",-0.91448166655754
0.0725568663505563,-2.4460651776926,-1.9759619098493,0,0,"3","2",-3.64143346650886
-1.32407299801797,-2.21969048834857,1.61989284688013,1,0,"1","3",-3.79859150702091
-1.70902030992731,-1.5277122172779,-0.0767037726794528,1,0,"2","3",-4.50161426357252
-1.82106628458008,-0.836015201178002,2.05094642505922,1,1,"2","2",-3.39018912312416
0.868633121460925,-0.904083599551146,1.00059184221095,1,0,"3","2",-1.96228297028034
0.0811586107190785,0.563942217517058,-0.116389239551455,1,0,"1","1",-1.02201150539787
0.443740245044221,0.716120296710097,-3.34556187657565,1,1,"1","1",-2.05947268364872
-0.370434480365802,-1.22672966679511,-0.140360219369201,1,0,"2","2",-2.36757821318349
0.948272666901791,0.524397994904174,0.94432089665209,0,0,"2","2",-2.73051717783798
-1.20915184616097,0.344262864375784,0.608219953096285,1,1,"3","3",-3.28966434984331
-0.764808512355705,-2.07632010166259,-3.8314635014014,0,0,"1","1",-3.3854324953746
1.18496102587782,-0.513394927082943,-2.13194725441869,0,1,"3","2",-2.92661010770087
-0.924976678388335,0.292023959691126,1.24050387426419,0,1,"3","1",-0.0851640365694654
-1.22294429375105,0.509980115451255,-2.01130054688969,1,1,"1","1",-2.1571526456814
-0.399190155521835,1.42529564087908,0.358129900771545,1,0,"1","1",-1.21592552535139
1.89405184214066,-2.25810263553128,0.329271669670661,0,0,"2","3",-3.77498862943322
-1.5137042856511,1.38682477097198,0.34068650719186,1,0,"3","1",-1.91493296134211
-0.956620075508796,0.149983873438566,-0.643806473000578,1,1,"1","1",-1.57031920124236
1.09899883506148,-1.00906515182837,-3.37612152770833,0,0,"2","2",-4.41946941975782
0.920765648581876,0.748594295794122,-2.28464617231937,1,1,"3","1",-0.0402793334447556
-0.435178326812245,-2.08758082672485,-2.19136216346439,1,1,"1","1",-3.37098811325813
2.06892510501896,-1.65242863858944,-4.28947563998346,1,1,"1","1",-1.10349669240795
1.21064194370315,-0.276678247986156,-1.89770459285752,1,1,"2","1",-0.37657641182046
-0.390475804038342,0.902295497028255,-0.297855552795025,1,1,"3","3",-2.22489705487216
-0.07085324374579,-1.77902691993756,-0.948966077863118,1,0,"3","1",-1.56544253674966
0.869694460715374,-1.37199780558423,-2.01408179772011,1,0,"3","3",-3.61924596956076
-0.877447860725968,0.531061618460149,-0.689808791980566,1,1,"1","1",-1.29124017361678
0.57878588460824,-1.8497676327471,-4.47378899344876,1,1,"3","1",-1.74368593406351
-0.329096060218208,-0.065388876253086,-0.852466800254454,1,0,"3","1",-0.0926305549346523
-0.618270536068347,0.237615991567374,0.802789749698929,0,0,"1","2",-4.82673113611655
0.717123605177663,1.4742468733839,0.89670541658243,1,0,"1","3",-3.15207534175898
1.31866170413174,-1.22106918007737,-3.79947349406232,0,1,"3","2",-3.42294369615898
1.03275003431968,0.998211234519204,2.43607626662859,1,0,"3","1",0.679989914859702
-0.22038148268715,1.85653978963626,0.100901637060861,0,1,"1","1",-1.32221257706455
-1.74765779141032,-0.648355056389965,0.353764039635211,0,0,"3","1",-2.77597482628663
0.302102171406028,0.800038035257446,-0.515743863746937,0,0,"3","2",-3.50948293593095
-0.596900729064116,0.450561781313556,4.2532244295038,1,1,"1","1",-0.17443225173672
0.285672897966274,-1.97766525466076,-1.46793745779982,0,0,"1","1",-2.24713559406874
1.40776344914124,-0.548112137500895,0.196396569334145,1,0,"1","1",-0.984740443737379
0.43625836702692,1.27091841145884,1.12702334350079,1,0,"2","1",0.994872779062746
-1.29023922012717,0.74470738126233,-0.966210121953834,0,0,"2","1",-1.94665431606933
1.40573248956212,2.25332380462744,0.492605480964894,0,0,"3","3",-3.83311511211841
0.330268547556653,-2.14987709663721,-4.01924247850269,1,0,"1","1",-2.58337173371396
-0.265569351022753,1.02705695334979,2.26693258613686,1,0,"3","2",-2.66947760912688
0.92574745417828,2.65980822742424,0.11057249041502,1,1,"1","3",-2.67701783726239
0.680552974947664,1.35919172796012,0.0111673554185439,1,0,"2","1",-0.325810361114901
0.635843179775287,-0.0208564016786795,0.261472365636229,1,1,"2","1",-0.548587214376677
0.227694672849605,-1.14958841453894,-0.0516578032038276,0,0,"2","3",-3.90442673079566
0.742245018741702,0.507772162553676,0.97618603627894,1,0,"3","1",0.0403636160916534
0.732742463671537,-0.624080362980301,-1.45972412510033,1,1,"2","2",-3.30183143708645
-0.350791715427951,1.2778805842033,2.09382261037044,1,1,"3","3",-2.55563645971484
-0.0211863222661282,1.60063709730134,0.872791777924186,1,0,"1","3",-3.71298021039314
0.352383411825021,0.238973350528346,-0.907527215097261,1,0,"2","2",-2.64641286260637
-0.276784673222769,0.721119946302264,-0.208272537777069,1,0,"3","1",-1.64915412373616
1.54895272713063,0.72418351380895,0.340275546211552,0,0,"1","2",-2.55054867695799
0.685092583608811,-0.552339585343989,0.715465755952727,1,1,"1","3",-3.29201397247162
1.05545217358372,-0.769825797342834,-1.6335305073719,1,0,"3","2",-2.96226770782721
-1.66327749040778,-1.19902368328802,-0.838452031040191,1,1,"1","3",-5.37549511935985
-0.975091111026666,-1.86932967720061,-1.89728826733116,1,0,"1","1",-1.88860045853667
-0.885086333286304,1.24265458504869,-0.231831776823032,0,1,"3","3",-3.31573143296588
0.329448171759381,0.965714391224014,0.970685665299046,1,1,"2","1",0.233157989541867
0.434898239750474,-2.4216773650518,-0.858837593344705,1,0,"3","2",-2.38937987614089
1.94457425958189,2.11566990491844,-1.0195504111551,1,1,"2","1",0.93471767216074
1.40465722377151,-2.11522955035809,-2.79821130948109,1,1,"1","2",-3.69811457253349
1.1995192545082,-0.599272577545693,-2.54544579336627,1,1,"3","1",-1.0067229394132
0.960383101025715,0.778665706335578,1.99825219726136,0,1,"2","2",-1.54004112121785
0.947303070374813,1.27554315241666,0.0548753306658504,0,1,"3","3",-2.88003831954808
-0.140322513124263,-0.322485775009342,1.34000565607654,1,1,"2","1",-0.832863217601743
-0.659509934839316,1.50742408138788,0.943582740197309,0,0,"1","1",-2.16099938561134
-1.5386978042493,-1.30959917179419,-1.76706973611146,0,0,"1","3",-5.56957928842931
0.708923004169725,-0.248848171135145,-1.42477203436114,1,0,"1","3",-3.92450215581386
-0.303933559213449,1.32576424324666,0.419523573118965,0,0,"1","1",-2.46192340801078
-0.0275436126334349,0.435287812605511,-1.02500017768673,1,0,"1","1",-1.53140012661312
1.03590988140287,-1.46251523519623,-2.99134599601566,0,1,"3","1",-1.13343488833976
-1.15347845742787,-0.272822855441146,0.409330416182983,1,0,"2","1",-0.701759062795265
0.0275233724158993,-0.687563035861092,0.19602357377708,1,0,"1","2",-2.1656347500565
-1.07554305074227,1.0662444516533,2.24906567331338,1,0,"2","2",-3.30862118050264
-0.953061437793933,1.95111148358669,1.46288691810707,1,1,"2","1",0.214182355780145
-0.157171348013999,-0.302623277114068,-2.75709355856568,1,1,"3","3",-4.06887797526558
0.696435911140216,-1.4520334981618,0.905271755246992,0,0,"3","2",-3.46516614587746
-0.433586605374842,0.483855676129859,-0.318014638097907,1,0,"2","2",-3.42656555901071
0.682493376099902,-0.309437170272434,1.04014065937608,0,0,"3","1",-0.673812281444335
1.14523776413798,0.633866316856057,0.189995936190104,1,1,"2","1",0.513562439811129
0.832128085395599,0.683835854978159,-0.655056800984313,1,1,"1","3",-2.77328314459748
-1.88730308750554,-1.27583589810531,2.03701315349522,1,0,"1","3",-3.98528981321537
-0.347520395998354,1.79436211071632,-0.0552015520020426,1,0,"1","2",-3.25948365027857
0.396597014681874,1.83237398215156,3.79393349447928,1,0,"3","2",-1.86860464211454
-0.807643221909221,2.63235199715969,0.399297803106206,1,0,"2","3",-3.7305781222459
-0.508907664255157,-1.11249102241911,-0.184847573610901,0,0,"1","1",-1.79163589779873
2.49102259673629,1.12477752784853,-0.698169758583506,1,1,"3","1",0.0882847102333737
-0.423818167603117,0.613085590704574,1.18956964242895,1,0,"1","1",-1.61944709497448
0.258477643024148,-1.17040089866865,1.59913133524281,1,0,"3","2",-2.69321676904957
0.0170280008103515,0.469686770159665,2.62435748739143,1,0,"2","1",-0.289559949875814
-0.369142825047968,0.329218254669983,0.204953356945467,1,0,"2","1",-0.915249172950363
-0.942545934064696,-0.0380004763823315,0.343410735267897,1,0,"2","1",-2.13995072992259
0.831878473692657,-0.259689646094469,-0.316881054522057,1,0,"3","3",-4.29606295357113
0.652658740844131,0.0956673113911265,1.29984773872028,1,0,"2","1",-0.44161861066985
-0.224115935187189,1.66249856763466,0.427656436517374,0,1,"1","3",-3.23422369773568
0.582622860662682,0.743324183863737,0.20279960969902,0,1,"1","1",-1.32245517673643
-0.827461853998005,0.169706264986527,-0.110583271970944,0,0,"3","2",-4.16819673387948
-1.37059219406501,0.751289813433477,1.73969415630495,1,1,"1","3",-3.91669713487745
-1.29282510762608,0.933777963447138,2.65141063990758,1,0,"1","1",-0.54302975137502
-1.23280752313581,-2.58068094818097,-2.78238577951658,1,1,"3","1",-1.89400246089761
1.17355225935957,-1.68591081735323,-1.35290486187146,1,0,"1","2",-2.5412067554429
-0.458570261031028,1.50710079793403,0.872389679383136,1,0,"1","1",-0.661309130421808
-0.523392043948576,-1.95041132391774,1.48891051959319,1,0,"3","3",-1.91466332621872
-0.0357903495358232,0.436403219233267,0.126230471643499,1,0,"2","1",-1.32808466883279
-0.0310858865555757,0.0422808970136689,-2.62415871815697,1,1,"3","1",-1.40579776040763
-0.296102513648641,-1.65855736099978,-1.17056972839729,1,0,"2","1",-0.731765390262012
-0.891364390052872,-0.640699123514313,0.354217961050744,1,0,"2","1",-1.04706211931429
-0.155466503699747,-1.21461510589998,0.287669450807656,1,0,"1","2",-3.24493059443403
1.35610758494976,0.361402590525676,-0.335542584341181,0,1,"2","1",-0.944847737981737
-2.12385900729769,-0.00812970165318705,0.114128075189752,1,1,"3","3",-3.88787246293431
0.105564397173078,1.74321158760617,1.33596786316262,1,0,"1","1",-0.902818757896036
0.259379178789191,-2.07368981941456,-1.47949181145942,1,1,"2","3",-3.41048191110774
1.05769139520029,-3.11606133445772,-0.613860825595763,1,0,"1","2",-2.94118552339606
-0.354731260907808,0.677992701541001,-0.0571414981437342,1,1,"1","1",-0.687345469943238
0.458582238427138,3.41970571674245,3.68865284632771,1,0,"3","2",-1.2918009933062
0.566318986926538,-0.417569595772841,-0.299872889414649,0,0,"3","2",-2.49435787548829
-0.00819102549750369,-2.3192159520823,1.1510572759727,0,1,"2","2",-2.89565801277543
0.376802820349905,-0.454758328601475,-0.274662881744277,0,1,"3","1",-0.105621498242866
0.955208526150719,-0.401267891908387,-2.30567012020734,1,1,"2","2",-3.11375351658416
0.6143324113828,0.937782053682292,3.21380936004518,1,1,"1","3",-0.534368581195933
-0.847572611349661,-1.39598699826876,-0.881193296226206,1,0,"1","1",-1.63758139541653
-0.259974167793197,0.500848088648903,1.19039335967567,0,0,"1","1",-1.93972320930537
-0.437399732828894,1.53671394217984,2.0124499990526,1,1,"1","3",-2.25642465212959
-1.74146613895186,0.219741499052319,0.715084104083204,1,0,"1","1",-2.13816102282568
0.0854098958235632,1.2185342071058,1.4145034880306,1,0,"1","1",-0.993711186195909
-1.07618387977387,0.0958488986815554,-0.230754815938769,1,0,"1","3",-5.34985805611317
-0.120301216038571,0.275933195385967,0.0528752205588124,1,0,"2","1",-0.717106956025388
1.17328145483586,1.9140737899309,-0.769188213785812,1,0,"1","2",-2.62878507640502
-0.366281013329213,-1.01176209068362,-1.52612245615505,1,1,"3","1",-2.10753025170521
-0.407736931231383,0.0272136266713802,-0.287213307654503,0,0,"3","1",-1.76605008776404
-0.5209627690466,-1.70827850620654,-1.15863869167778,0,0,"3","2",-4.55040960217079
1.04931652958131,0.788960234735248,0.169819540588558,1,0,"1","1",-1.70141654106683
0.0527303858054503,-0.605504019230828,-1.29055335129179,1,1,"2","1",-0.832736217131626
-1.98239682081339,1.25018728034559,1.33118387811517,1,0,"3","1",0.116952542592371
1.89297804308969,-2.54938418804681,-1.99953949238343,0,0,"3","2",-4.14710141312671
2.56339800431816,0.00321207968209247,-0.430753509551872,0,0,"1","2",-2.98984632917236
-0.140478043071247,-1.31497723329902,-0.590684906471092,0,0,"1","2",-4.28292829191137
-0.725460599044311,1.52112839065637,0.202760529719474,1,1,"1","3",-3.03111928999959
-1.425018010011,1.01265801358428,0.380835648752803,0,0,"3","1",-2.42160887672219
0.185448923431011,1.62599193121604,1.36934578669723,0,0,"3","2",-2.46219317542023
0.519182148488125,2.93366127694657,3.18011149425149,1,0,"2","2",-0.975871588963372
-0.810505436139199,0.608082034116226,0.0607924680488568,1,0,"3","3",-3.41937831633691
0.555258819071113,-1.49811563243281,-1.50950493085848,1,0,"1","1",-1.04449605117183
-0.304836326597797,1.58805279325891,1.47913981406751,1,1,"2","1",-0.332902354046675
-0.738891384525295,-1.39768480708457,-0.615055663314845,1,0,"1","1",-2.15585957548264
-1.54248362766729,-1.07945075502505,0.14514372458982,1,0,"3","1",-2.27053877419174
0.119260565040032,-0.97440814819506,-1.05472040894312,1,0,"2","1",-1.39153715325663
-3.0086807147112,-1.90314559105601,2.53163527850072,1,0,"3","3",-3.06244070070906
-0.806566196526747,-1.9130005039597,1.85469505275975,0,0,"1","1",-1.49558045643157
0.337994900972936,-1.3533275272748,-1.56674058600133,1,1,"2","1",-0.698116752898728
-0.55862453516182,-1.28004209147274,0.904443056322454,1,0,"3","1",-1.14788248139605
0.591763312444306,-0.0454135818777838,2.65989302521285,0,0,"1","2",-2.14297841948395
-0.78044200567929,-0.653000236777968,0.292729681457791,1,0,"1","3",-3.919325602582
2.02341807708316,1.35931526287118,1.47674514757899,1,0,"3","1",0.802212842453252
0.17627585065504,0.504031702845694,-0.706651978860816,1,0,"2","1",-0.152864127895643
-0.450559614770049,-2.0543116531215,-1.35886786581842,0,1,"2","1",-1.59026391644626
1.46695722885211,2.37877030599223,1.65235098516085,1,0,"1","1",0.131321715756013
-0.778415714755915,-0.211672214997184,0.555542506726191,1,1,"1","1",-1.5654141513098
0.713814982353979,0.456666866089251,-1.79099753787543,1,0,"2","1",-0.821239574611328
0.938389812268391,0.662813817573477,-1.27421048677836,1,0,"1","1",-0.667975204818896
-1.25286915024456,1.4924286964444,-0.543698575902616,1,0,"1","1",-0.983894521230428
0.708954590032849,1.87306654573162,2.01354785475127,0,0,"2","1",-1.01603258703612
0.378724536663939,-1.01112475751883,-0.270913738804824,1,0,"1","3",-4.33816172014489
-0.394015190905706,-0.245719070575756,0.965628819774415,1,1,"3","2",-2.05400305546539
1.38333307696845,-0.0201136704772814,-2.76744867567744,0,1,"3","2",-3.57242482978987
0.946749678461365,0.686703700933276,1.22277357635289,1,1,"3","1",0.236189796386459
-0.449839245358413,0.49436121730995,0.719221651705075,1,1,"2","1",-0.812074395681893
0.855837372151119,-2.6931172804354,-3.45196545169238,0,0,"3","3",-4.54040574303842
1.05919960960772,-0.108684471765522,0.736074554886862,1,0,"1","1",0.588709403163768
1.90309978605123,-0.512714558323966,-2.10347511036323,1,1,"1","2",-1.81993362165146
-0.535248362064536,-0.0708780254262129,0.650974131534623,1,0,"3","1",-1.14105286129709
1.92092895447127,0.0491752035931197,-0.0952891067833759,1,0,"2","2",-1.39947700650158
0.918257542359276,-0.564398507358394,-0.82167615062311,1,0,"1","1",-1.04351179092995
0.0637264660299924,-1.17444611924684,-0.113388221555372,1,0,"1","2",-4.77219485187979
-1.43086260929,1.52677009440379,1.55158336543208,0,0,"3","1",-0.00881273067129917
0.400530579265066,1.53213614434043,2.79100426185724,1,0,"1","1",0.10575330868919
0.862613253794875,-0.89015241311127,-1.88037466707905,1,0,"1","2",-3.26880878085212
0.362587626309312,-2.98241164938779,-1.21389570059516,0,0,"3","3",-5.20677069702453
-0.809291433630023,-1.06195802753394,1.2297063475865,1,0,"1","3",-4.46438302687235
-0.485400486027433,-2.66871078692642,-3.01235962238965,1,1,"1","1",-2.00895868944408
1.93821675286303,-2.50062765593469,-2.13063752731573,0,0,"3","1",-0.834241351122354
-0.132557508479659,0.0535733595405901,0.521870626722325,1,1,"1","1",-0.571684281756907
-1.29176326798485,-1.63287202947442,1.24816295956121,0,0,"3","1",-0.871383564874612
0.602878685347234,0.925398939622694,0.808295905548903,1,0,"3","2",-2.17182868214677
-0.143528416821584,0.905783664651316,-0.319835546338895,1,0,"3","2",-2.9699258889996
-1.64152318534135,-2.31149136049147,-1.81559822279487,1,0,"2","2",-4.59411529695045
0.448493594869147,0.893965644612665,2.07677044570682,1,1,"2","1",0.540310361408529
1.3714558724583,1.06874934965213,1.32064738264518,1,0,"3","1",0.219185819587259
-0.354991365782911,-0.941285439615873,-1.97389390231966,1,0,"1","1",-2.0530893482244
0.676162755434054,1.9503438124472,0.358480170614074,1,0,"2","1",-0.434442219901617
0.499207138713384,-0.863683860478321,0.477876815530349,0,0,"1","3",-4.6805869045827
0.59182771790827,0.655107565489605,-0.174154314466077,1,0,"1","1",-1.09598888394862
-0.763990504221551,-1.11507953702641,1.44594605880536,1,0,"1","1",-0.969321062283168
0.759791739296841,1.37235910125404,1.33263324450898,1,0,"1","1",0.836799675264872
-2.91575397179115,-0.453163530367321,3.24126708090129,1,0,"3","1",-1.4088558633784
1.30335544264839,0.228952501009883,0.877630410215042,1,0,"2","1",-0.752754982481563
0.724766011459059,2.49219640343961,-0.690750348107238,1,1,"2","1",1.00667628019654
0.822928125503292,-0.359274770407932,0.120032540149565,1,0,"2","1",-0.300313118076002
-1.57198339270218,1.37520673896538,1.81213015048748,1,0,"1","1",-1.46560687690133
0.897914152298412,-0.443576132595917,-1.81496480355213,1,1,"2","1",-1.02455816798881
1.14765955576917,-0.0520198476164818,2.42038271286544,1,0,"1","2",-1.61689717045072
-1.15676501798495,0.540238021499389,1.51840917002917,1,0,"2","1",-1.74987291465624
-0.653778361700729,-1.10065914332354,-2.30362064037082,1,0,"2","1",-1.92683738687658
1.03492006314913,2.60711749112266,3.94458822866912,1,0,"3","1",0.956159205574226
-0.613933137078255,-3.34329762891936,-0.508218110964335,0,1,"1","3",-4.48577777859886
1.22718646786796,-1.36799395284747,-1.77883278242743,1,1,"2","2",-3.05904394640399
-0.128885499103077,-0.488106753450408,-0.453876863372293,1,0,"1","2",-3.7260959715273
-0.919150665855908,0.889031940294152,1.97580372976802,0,0,"2","1",-2.35783302482096
-1.32573091219741,1.12991390848872,2.76774936481614,0,1,"1","3",-3.78138115146482
1.62922274397806,-0.324835495769871,-0.626108607735825,0,1,"2","3",-2.17665229646023
-1.2451036764438,-0.388523670878541,-1.5555934298764,1,0,"1","1",-2.65234716767232
-2.28915186560084,-0.442530617499566,-0.256160834742086,0,1,"2","1",-3.12924747571738
1.07437591107275,-1.70175409027018,-4.02500252736468,0,0,"2","2",-4.37032901874926
-1.37754705380797,2.49979229223755,2.47547773568451,1,1,"3","3",-3.1381673881912
-0.0824300038974755,1.07772801016968,-0.836219096905759,1,0,"1","3",-3.17975646597811
-0.236227415861527,-1.78510498878888,2.17471141964377,1,0,"1","2",-3.65180972750507
0.834892460055251,-1.48871986296389,0.587538654881662,1,0,"1","1",-0.793783606121721
1.330551382452,-0.667182616860271,-1.34679939102341,1,1,"1","1",0.263115998255435
0.178048673724466,0.952415173217248,2.85425635179578,1,0,"3","1",0.443945634464794
1.06882268989453,-0.170671163788117,0.087576720791798,1,0,"1","3",-2.84576694129507
-1.63882905295063,1.77411226272733,1.55102599691193,1,1,"3","1",-1.11095627304958
-1.48065428300618,0.102853333590904,0.725389815574259,1,0,"1","3",-3.88448348633375
-0.0791029413196879,3.49509537555915,2.76007442621018,1,0,"1","2",-2.78343277164653
-0.010912028016841,2.29940951441657,1.3757424135611,1,1,"1","1",-0.0762553480763477
-0.440651407883557,1.20867834870481,1.05476997013402,1,0,"2","2",-2.64804329767035
-1.1768675013958,0.405404643458347,1.58204488884455,1,0,"1","1",-1.13821636214916
-1.12900652580416,0.633683237470077,0.771204444911135,0,1,"2","1",-0.982993850243035
-0.758597654417138,2.49767191912636,-0.410346122468295,1,0,"1","1",-0.832759017016303
0.01149246959198,1.52208393002271,0.566954866442613,1,0,"1","1",-1.32649964073063
0.111739720335299,-0.0264214958914317,-0.907123659755789,1,0,"2","1",-0.850725421263312
0.612365134190897,1.29574173152905,-0.642462590977235,1,1,"2","2",-3.40603438098681
0.031554298338203,2.14485361347315,-0.471066304426403,0,1,"2","2",-3.07150275014437
-1.5320830519879,1.56059445357751,0.273109059952256,0,0,"1","1",-1.84423349820497
1.00059173636357,-0.442476194040942,-3.57704275547204,1,1,"1","1",-1.21300320016452
0.541035187304257,2.70512382832424,-0.892658524734534,1,1,"3","1",-0.846990355711949
-1.21933837825875,-0.658155727608933,0.555284975879475,1,0,"3","1",-1.20799920465328
-0.467247012342574,1.42709169931474,0.508819579750238,1,0,"1","1",-1.48078985284114
-1.41417789053104,-1.95573357130089,1.03643246912344,0,0,"2","1",-2.67111193541178
1.02213688257931,0.732173086466932,-0.95527544175685,1,1,"1","1",-0.0222728331512799
-0.309018045101401,-0.0216437001923375,-0.601508506510856,1,0,"1","1",-0.908424919156103
0.726564028585894,-0.826473185943051,-1.33405138992771,1,1,"1","2",-4.17108089602511
0.0167411998136833,-1.4796150317207,-0.872447268169981,1,1,"2","1",-0.672301252697612
0.675891418353933,3.3203514344212,-0.151922677833617,0,0,"3","1",0.258409901613562
0.0738194863560636,-2.75955507616229,-2.56360168143265,1,1,"2","1",-1.92945145014345
-1.55942250411784,-1.07444823458315,-1.07787651395681,0,1,"3","2",-4.1406467847722
-0.771417074922994,-0.168103446077671,0.708344420403691,1,1,"1","2",-3.2942091502695
0.350232452662361,-0.126257209265806,-3.62000802026188,1,0,"1","1",-3.14808644968327
-0.663162415968867,0.483632956782157,-1.27504474709399,1,0,"1","2",-3.73083032565745
-0.17327324429745,-0.389947808422084,-1.33365572622558,1,0,"3","1",-1.4486891040986
-1.10706418595229,-1.63427058490732,-0.987935836879594,1,1,"2","1",-0.807773892397516
1.06270685487273,-1.36873882410718,-1.95572946483043,0,0,"2","2",-4.2984123099114
-0.456566337339942,-1.63898484938898,0.665224733871065,0,0,"3","3",-4.03376343510983
1.98897222209896,-0.137719029345343,-1.51160770675762,0,0,"2","1",-0.372164062652829
1.39650740330232,-0.652980204282254,-3.35038017086235,1,1,"2","1",-1.47782364997291
-1.30470536487308,0.500425647512163,2.34114989858284,1,0,"2","1",-0.49116112956427
-0.41873991435207,0.499563842186121,0.00569560096417349,0,0,"3","2",-3.74950870440046
0.537792915345409,0.727981534702368,-0.177868447860492,0,1,"3","1",-0.192823886330852
1.92809044544298,-3.21270160252522,-0.440460268895805,1,1,"3","3",-3.28274902972725
1.24218271624322,0.865248631839695,0.236506685283307,1,0,"1","2",-1.72918315357965
-0.283717279190445,-1.44386159909135,-1.51313798072507,1,1,"3","1",-1.08767496510059
1.06045537459397,-0.585780997509932,-1.56696595578725,0,0,"1","1",-2.13462458841489
-2.08179037122004,-0.584953360125495,-0.319238871823794,0,0,"3","2",-4.96376587931007
0.058184372202869,0.260117731335821,-0.0522683602763203,1,0,"1","3",-3.87580004232652
0.0730272700588879,-0.771431875066253,0.325851135445515,1,0,"1","1",-2.14483851408322
1.53012351281173,0.0165718223272704,1.36528195058322,1,0,"3","3",-2.09728147103865
2.57884224340709,0.293488513191384,-2.49216847275325,1,1,"2","2",-1.70936253051468
-0.225761185274663,-2.13264434838424,-0.0397189982012305,0,0,"2","3",-4.23005812286735
0.28506513265995,-0.662860744661503,-0.224460175653196,0,0,"1","1",-1.45237517762208
0.0870355958495803,-1.4511621394384,-2.76742838515694,0,0,"3","2",-4.28796394580084
0.0840563049841161,-1.55248619259458,0.35691859827642,1,1,"3","2",-2.63572060521814
-1.06435688280465,-0.47005800039825,-1.11682443641691,1,0,"3","1",-1.9372809265754
1.65226340057132,0.775721297615335,-0.250232096005014,1,1,"3","1",0.261052754246751
0.0504575583923759,-1.24238930491078,-0.836838592298156,0,1,"3","3",-3.92967069508853
0.132423368492294,-0.605312865571464,0.605909595108531,1,1,"3","1",0.61811177091577
-1.02968549667491,0.642227728088765,1.61077523994442,1,1,"1","1",-1.81154797026896
-0.0702986593519881,1.61637707201165,2.50591589591875,1,0,"2","2",-2.06897317224964
-0.396326763379063,0.85893572662154,1.85992778628849,1,0,"1","2",-2.81067780021499
0.118799674227419,-1.33090711147531,-2.08746222576128,0,1,"1","2",-3.43998839503937
-0.504092960050764,-0.734156686709137,0.863619608625343,1,0,"1","1",-1.25958278809365
0.77234762150303,-0.406735615229407,1.0261320717794,1,0,"3","3",-2.5089514865194
-3.87606065097349,-1.02963574421866,1.65526888518175,0,0,"3","1",-2.57836417400947
1.63664196667034,2.37049919042792,-0.541321970662722,1,0,"1","1",0.187036040407303
0.863596549054331,-1.39472598403977,-2.92519959632494,0,1,"2","1",-2.22826707136829
-1.4707012967032,-0.720336541634091,-0.297001239398973,0,0,"1","1",-2.86365928824152
-0.230947435034035,1.60541560179345,-0.844052615805831,1,1,"3","1",-0.322051354752634
-0.925929160459829,-1.05702397861608,1.16314707286395,1,0,"1","2",-2.89840572696898
-0.820422954875662,2.0926397268501,0.858317108482178,1,0,"2","3",-3.85338631982017
-0.565444247075336,-1.25685012744418,0.499243206323813,1,1,"1","2",-2.45519417534311
0.162709360635292,-0.150766762176972,-1.57707917003074,1,1,"2","3",-3.59619246195784
1.9797357914549,-1.5505244197277,-3.74671322290641,1,1,"2","1",-0.408971861138688
0.343515743458588,1.09557574773072,1.44135495295104,1,0,"2","2",-1.87213979556868
2.11133480150519,-1.65997708264809,-3.22333715592036,1,0,"1","3",-2.68112536775254
0.61971679949865,-0.616773732249799,0.741076790683379,0,0,"1","3",-3.68648478406888
0.45010296114861,-1.81932234248548,-2.27462110159088,1,0,"2","2",-4.63282313944194
-0.60447026579496,-0.232645475438374,1.92013921695176,1,0,"1","1",-0.78340731986822
-0.820792142941732,-2.34475791575771,-1.01393409498775,1,1,"2","1",-1.53287884695344
0.607179279090392,2.39290690047681,-1.09588173774448,0,1,"3","1",-1.46589573411138
-0.539993000340716,1.41748934590965,-0.730856447290961,1,1,"3","1",-1.76790052257377
-0.127236571165649,2.95580931383547,2.25059881139021,1,0,"3","1",1.67138409333415
-1.56556166105106,3.23743095241595,2.46421754914368,1,0,"1","1",-0.74416170044929
-1.26670641859539,-0.470518156593413,1.27159185542394,1,0,"1","3",-3.70281546818805
0.699954726720548,-0.649570973043865,1.1445489385544,1,0,"3","1",0.873955105463307
-0.257872972547464,0.45486977172594,0.425494431117429,1,0,"1","1",-1.5760403396278
0.0762699724118759,-0.0521893282029934,-0.841257157647411,1,1,"3","2",-2.56704067516669
0.0702436410647298,0.580656485176939,1.80701748119458,1,1,"2","1",0.217338077899445
1.19050733870401,1.11963306512507,0.594692550312922,1,0,"1","2",-2.21071999606788
-0.0183424367959895,1.83595789914083,1.29794908873727,0,0,"2","3",-3.104421391673
0.801286068806199,1.71193743542293,2.55472584758253,1,0,"2","2",-0.955511051328446
-0.0899775837546924,-0.541069007167993,-1.27266302965533,0,1,"2","1",-0.263378961109293
-1.26283202556122,1.50119266509108,2.35916806581076,1,0,"2","1",-1.07174376988202
-0.00839450322608518,0.0670641690785556,0.563992183505561,1,1,"3","1",0.0653428583750204
-0.144245548431313,1.14066717971511,-0.728355180481679,1,0,"3","1",-0.413622071286038
0.232640673451791,4.89244352515437,2.22591028982167,1,1,"2","2",-1.8530526967602
-0.251186635297975,0.165599070888255,-2.35516958292224,1,0,"1","2",-3.48670808295314
-0.212976300102793,-1.09603418399619,-1.98848320550065,1,0,"3","1",-1.30032595376759
-0.545169910139086,-1.72157347911241,-2.31077331864628,0,0,"3","1",-3.19147927159738
-0.319554194422712,-1.33471916064789,-0.753403645640703,1,0,"1","1",-2.52931201202904
-0.345714975564579,0.537643381466642,1.1904422004027,1,1,"1","1",-0.862742706532872
0.42186639833932,1.38527086036059,0.0096627962495921,0,0,"3","1",-0.943027657796362
0.946507054161999,0.621704211795919,-0.180979134252687,1,0,"1","2",-2.47207630376034
-0.350389158667664,0.152854564451182,0.323359257507235,0,1,"2","1",-0.403169325416444
-0.0866858976102869,0.446300370353863,1.86305974236383,1,0,"1","3",-3.93963128250567
-0.0657776159754988,-2.69813358878384,-2.25990421589684,1,0,"1","1",-1.09767318270057
1.86319124617352,1.46558402427194,1.30048169371338,1,0,"3","3",-0.649505768539539
-0.478598886655678,-0.719367025677186,-2.60139573500335,0,0,"2","3",-5.28750840071562
0.148729145494797,-0.803292539676182,-0.181829171926121,0,1,"2","3",-3.42589629161721
-2.1376612937683,-0.905813375360196,-0.647341059268927,0,1,"2","1",-2.14148961496323
0.214960075603425,-1.57242204142558,2.28360685295144,1,0,"1","1",-1.21708730999152
0.32162190353746,-0.633890766065529,0.704659770058529,1,0,"3","1",-1.00990613217281
0.829373920931408,1.66402497502445,-0.487766579788909,1,1,"2","3",-2.22233814212288
-2.2993806018497,-0.416914282673893,4.00417188753972,1,0,"2","1",-1.27722867669181
0.552779189245476,0.291983754086177,1.05086138982132,1,0,"3","3",-2.31238219200301
-2.77006534996922,-0.715617775937984,0.47767498952964,1,1,"3","1",-1.27068235733454
-1.06363428630808,0.726878514811683,1.04759749980666,0,0,"3","1",-1.54010515874844
0.468989061856785,0.228350237860943,0.208673756498718,1,0,"3","3",-2.93536775108248
1.63801241322962,-1.02886304232966,1.32044421353723,1,1,"2","1",0.639623727985216
0.048803127848073,-2.61690532507644,0.365653195437589,1,0,"1","2",-3.63114041355995
-0.615665264920708,-1.64774413367152,-1.04736927706894,1,1,"2","2",-3.4621114981174
-0.789931664967808,2.11187703432304,1.09690384605388,0,0,"3","1",-0.614371202744176
2.28550957492962,-1.57496832269768,-0.189967413122138,1,0,"2","2",-2.05458100673028
-0.695157986741988,0.432289366494377,-1.05968916820432,1,0,"1","3",-4.89759808387697
0.24721606910354,-0.0646270687477027,-1.52729322049978,1,1,"3","3",-3.55447214085921
-0.243778480690758,-1.44577837020709,0.0330882370038329,0,0,"2","1",-2.59004345960133
0.070637394955271,1.63238240090433,2.27072544230113,1,0,"2","2",-2.53743563212408
-0.741482792539018,0.734868394741611,-1.10181255420843,0,0,"2","2",-4.19506911438702
-0.0558665619015489,-0.854414881275827,1.43815467018519,1,0,"2","3",-3.03993946811006
1.09362834587909,-1.333164191139,-0.195089997728269,1,0,"1","2",-2.78571193919574
0.955754412996628,-0.621258065534263,1.40254344780552,0,0,"1","1",-1.49765215250294
-1.15997068194766,-3.37081450142055,0.203637256387678,0,1,"3","1",-2.11352690272193
1.58479577519011,-1.1959010095451,-0.0143046120921175,1,0,"1","3",-3.09867928921565
1.51451710721835,2.67285359471559,1.09965758479399,1,0,"1","1",-0.504899136319231
-0.157983615501046,-1.94540900495008,1.04085202749991,1,0,"3","1",-0.227339824504231
0.595851234201052,0.979493967202488,0.821021778174226,1,0,"3","3",-3.23550264692772
-0.7276235558646,1.565770224712,1.6968074470011,0,0,"1","1",-1.9155221070015
0.963971209372355,-0.478636366130063,-1.42941922002464,0,1,"1","1",-0.91473022232263
-1.55661676621999,1.30891837860769,1.29245191720484,1,0,"1","1",-1.72805907626423
-0.311542046209161,-0.443025234911039,-2.98046928218556,0,1,"2","3",-4.42846492156538
-1.17172914047311,-2.25680208748497,-1.6046410557087,1,0,"1","1",-2.62332274379472
0.827762470652216,-0.00904652305293771,-1.30830929811712,1,0,"1","1",-1.77403388178214
0.258926152430542,1.43608157307512,-0.461043669932978,1,1,"3","2",-3.18574511438
-0.49789126068085,1.56301313036747,1.3006027569255,1,0,"3","3",-3.29097137958816
-0.0654159793555279,-0.431767492464678,-0.0378569257641939,1,0,"3","3",-2.63349437739655
-0.307966219123705,-1.04231492734824,1.18818855039972,1,0,"3","1",-1.07368014367726
1.92990226802458,1.54989599101486,2.42248815562741,0,0,"3","1",1.03123463081003
0.17327868670512,-0.733781356215794,0.822555708824943,0,1,"3","1",-1.25740498609623
0.679930236515739,0.286686393631247,0.0133240564689617,1,0,"3","3",-3.23613051330556
-0.35763082923552,-0.244158003892237,-1.43547609245732,1,0,"3","1",-1.88085703280698
-0.193842095824286,-2.11466651565732,-1.85677661166135,0,1,"2","3",-4.33337841427489
0.901941512694294,0.223535058210671,0.149322163177095,1,0,"1","1",-1.19406610859248
0.67321248868496,0.882101944428767,-0.243682099745683,1,1,"2","2",-2.17002058265735
-0.511078137006351,0.742893696552579,-0.322062766202862,1,0,"3","2",-3.82078567534682
0.740733863835253,-1.32793859165947,-0.429880897794091,0,0,"3","3",-3.58911589542191
0.99056021987077,-1.29060899130887,1.9961367199983,0,0,"3","2",-3.37296964998652
-0.203434709946159,0.311281407517429,0.130889976745334,0,0,"1","3",-3.70988301855144
0.710372756470294,-1.01334628322464,-0.152010966426591,0,1,"1","2",-2.74259033432616
0.0784959168641916,-0.455630958074338,0.0916140837817812,0,0,"3","3",-3.78992798329844
-0.484217584943416,-3.61035440160713,-2.57262278389368,1,1,"3","1",-1.06305148184625
0.37373353206393,0.654507184078913,1.30340837471073,1,1,"3","2",-1.74535186406795
0.448497425985635,1.84498091533079,1.36174094581267,1,0,"1","2",-1.83176446673419
0.296259084883212,0.66484758986287,-2.75061787894347,1,0,"3","1",-1.30119061781929
-0.276162445956544,-2.50284881939259,-1.50657806943238,1,1,"2","2",-3.77278975300069
0.102055770892234,0.954000670050488,2.72647828329506,1,0,"2","3",-2.89777043037614
1.33841993139352,-0.303103102353776,-3.64841198269922,1,0,"2","1",-0.868530080243691
-0.490643837607671,-0.215458549726735,1.01940499278352,1,1,"1","1",-0.699334734800976
0.851998792262454,-0.513378277772134,-4.04033155138586,1,1,"2","2",-4.05167894755308
0.595825491379388,-0.405199179956788,0.355379651093566,1,0,"2","3",-2.8463731261311
0.211796925136559,0.102458105713216,-0.126430783258303,1,0,"1","1",-0.490949130984605
-1.62936681228308,1.08022793774784,2.59076350202752,1,0,"2","1",-0.520355421131282
0.124206133533641,-1.6354356289313,-1.57968327996158,1,1,"3","2",-3.08561997782565
-0.0678852742136837,-0.788753608828374,-1.30368865860148,0,0,"2","3",-4.7833690809474
0.716637578945041,1.63942779318622,-3.50648297551484,1,1,"2","2",-3.33811760596934
0.461261428474944,-0.935912905779144,-1.24665961859966,1,1,"1","2",-3.00004804920592
0.53660454609469,0.224033798840562,2.3527048908508,1,0,"1","2",-2.18060012674953
-0.0977846827686828,-0.526911333404278,-0.310681360094782,1,1,"3","1",-0.107524024045532
-1.33575994950473,0.402270853828944,1.47870952726402,1,1,"3","3",-2.63602583130126
-0.704488033648129,-0.159230404218139,-0.226823299367618,1,0,"2","1",-2.12272061682834
-0.00619981091340403,-0.512947966663524,0.417943154234305,1,0,"1","3",-3.61765062981395
1.22036257751644,0.640506229551653,0.983894519333881,1,1,"1","3",-2.86279777445748
0.714029690648212,-0.114706158460645,-2.0407272683101,0,0,"1","1",-2.22533523969106
0.845717410739533,0.885424599374258,1.92407917916991,0,0,"1","1",-0.917771790805773
-0.306291900468103,-1.34360459539657,-1.20615437238062,0,0,"2","1",-2.07771991631707
1.79789295100092,0.0191662622873079,3.44136643910864,0,0,"2","2",-0.746951051406399
-0.179277677297923,-0.411715842332028,-1.85563327740154,1,0,"2","3",-5.18410116011294
-0.807056235301797,-0.702686791443716,1.48730027664187,0,0,"2","2",-4.26183399306688
0.127395101705334,-1.73242475311678,1.123600493295,0,0,"2","1",-1.24067890914101
-1.36822362142929,-0.72695480823356,1.03442142692048,1,0,"2","3",-3.28796966342403
-1.76983532552621,-2.80878319677772,0.244297704099068,1,0,"1","3",-6.24608910170352
-1.06979434596575,-0.749670537909888,-1.60684483623142,1,1,"1","1",-2.08292524363256
0.681288140677162,0.184977128641936,-0.925221551547458,1,0,"3","1",-1.04517439765464
-0.130180126624911,2.76692681623239,-0.852472007663228,1,0,"3","1",0.0479422756907613
-2.45739130092998,3.45708630228055,5.29906213294311,1,0,"2","3",-2.96003294948484
-0.484360730560653,-2.46504742256213,-2.38607316720522,1,1,"2","2",-3.74922898616642
-1.11869585008804,-4.54328598604726,-3.52878139439292,0,1,"2","3",-4.61592593123924
0.91359450438624,2.74823698504597,1.69951769889944,1,0,"1","1",-0.51283903913661
0.62559753719412,0.758184818507849,1.19601492737299,0,0,"1","1",-1.4623200337063
0.516614376510013,0.310955213650018,-1.02703553035602,0,1,"2","2",-2.83799711660166
0.359926846286615,-1.9529523181308,-2.40117459531439,0,1,"2","1",-2.16857040787728
-0.43241647188595,3.07460355683666,2.11983951856415,1,0,"3","1",0.45558826636915
1.70567885194542,0.909789578688276,-1.68644108843044,1,0,"1","2",-2.71434010668099
-0.312647240980339,0.876141392437642,0.591009538641781,1,0,"3","3",-2.69190935309076
0.0623055974506599,-0.386344262792763,-0.0862626461423177,0,0,"3","2",-2.449040837381
1.86379880205383,-1.37339376779907,-0.716572026868694,1,0,"3","1",0.183319813714044
-0.693560261969564,2.59394269795976,3.06406824956806,1,0,"2","1",-0.911415273495977
0.906644840195757,-0.873635476571732,-0.594784498136733,1,0,"3","1",-0.134420954553918
-0.0400847270290876,2.07715523145666,-0.0572060736605604,1,1,"1","2",-3.44330095585986
-2.03196953436163,-1.54548951385304,-0.0762127953172883,1,1,"1","3",-4.83813412631967
0.663860730093221,0.859148980600245,-1.3615376975143,1,0,"3","1",-1.07008218649727
-1.90976277880868,1.07562519721933,1.10694359422535,1,0,"1","3",-4.56224072049932
0.3407137951868,-0.121618305008131,1.12519970692509,0,0,"1","3",-4.08594541976569
-1.39356638661589,-0.48745409036601,-0.531282303893988,0,1,"3","2",-2.95328825624077
-0.0387700603493824,-0.267094281146076,0.80158695024808,1,0,"3","2",-1.604055550318
-1.10268330427142,2.18933818647549,0.405516963461664,0,1,"3","2",-3.70105424389485
-1.04192451872636,-0.674803608860965,1.2565519522547,1,1,"3","1",-0.627469477616772
0.120362484654017,0.316300666850062,0.559290088263693,0,0,"3","3",-3.20669261924177
0.756354895869248,1.6139300362011,2.09869592616735,1,1,"1","3",-1.3118434049677
-0.794213758893408,1.3843874776951,0.897834143413419,1,1,"3","3",-2.38957376010696
-0.682907393876602,1.38396458521363,1.24313091760206,1,0,"1","1",-1.51258968320997
-0.417259037026573,-0.762849142369142,-1.74314274272234,0,0,"3","2",-4.7084661084442
-0.282888881453792,-0.235791765525397,-0.99246879578678,1,0,"1","1",-1.71201980673465
-0.182693187762753,-0.171258402387443,-4.08598456419641,1,0,"1","1",-2.54557923240258
-1.22645611724262,-0.436056936145013,0.860604580068039,0,0,"1","3",-4.66937511938963
-1.70450540774792,-0.698367067980391,0.152571779385973,1,1,"3","3",-3.88899889955053
0.521425671255973,0.0112886771095172,-2.26506001161559,0,0,"1","2",-3.64723630792577
0.281908299296636,-0.201354912731077,-3.04038761787805,1,1,"1","3",-4.28362758053688
-0.401372687948295,0.479551614020254,1.60849943578475,0,0,"1","1",-1.12573476606303
-0.342363738089234,1.12541113112707,-0.473651960389522,1,0,"2","3",-3.32765251434604
1.3200872339275,2.1666296663469,1.11246755299713,1,0,"2","1",-0.0390897936578092
0.635294500814792,3.00128910996316,2.82716931307447,1,0,"1","1",0.597254128886007
0.820908477802726,1.59238937156047,-0.320235491990479,1,1,"1","1",0.0264836764903162
-0.524051670011849,2.18276403897634,1.75792153410389,1,0,"1","1",-1.15648639274358
-0.906935587121748,-1.58552397166007,-2.44532134761664,0,1,"3","1",-2.55248892701781
0.619446207183136,-1.3825107888189,0.0951617133694196,1,0,"3","1",-1.06899682688821
-0.606506565457322,-0.23185558340636,0.790843792151287,0,0,"1","1",-1.71358976196531
1.65509885348486,0.335263792204918,0.502555193827412,1,0,"1","2",-2.22431415649496
-0.565614240214251,1.39001536847075,-2.37215849967604,1,1,"3","1",-0.60396418240814
-1.00956018553026,-0.18475474403667,1.84055790096551,1,0,"2","2",-3.14592309639311
0.141947226088009,2.14719636779864,1.32487882314589,1,0,"3","1",0.116991115338042
1.09533933738117,0.00983828005709356,1.51392299031504,1,0,"3","3",-4.02759681405015
-1.39568878970988,0.787608966220921,-1.600783972437,1,0,"2","1",-1.79297093256946
1.0281437522705,0.170242329863919,-3.15726727318013,1,1,"1","1",-1.68540443687197
-0.571496301750026,-1.01682446641783,-1.58592193966975,1,0,"1","1",-2.05252836494079
-0.75329261783452,-1.11142726633529,-1.34377847383159,0,1,"3","1",-2.01276144419802
0.849852253841873,0.510191114984572,-0.420633598905909,1,1,"3","1",-0.234341447722304
0.482242926048373,-1.42973788837209,-1.52671854982358,0,0,"1","1",-2.51346886897329
0.208905100478396,0.470237231043304,-1.87340927111388,1,0,"2","1",-1.36107458283799
0.367687006192102,-1.04235999752205,-1.48935030370979,1,1,"1","2",-2.68386501939437
-1.07618525955387,-0.731745458936048,-0.234063228666334,1,0,"2","1",-2.20670677990538
1.41437437190245,0.0276326242496677,-0.276266477975973,0,1,"2","1",0.0684165937816212
2.36661099931057,2.62190721296303,0.996945467167453,1,0,"2","2",-1.22611870903602
-0.498633276482327,0.245774347506637,-2.11773148091252,0,1,"3","1",-0.619252033378434
0.275600148820385,-0.152877851250277,1.38905345304936,1,0,"1","1",-1.05138101363934
0.81955937054359,3.00880777231282,1.41126733613605,1,1,"3","2",-0.912086788990564
0.157148127074645,-0.178287420164395,-3.71001757479228,1,0,"1","1",-2.99290138142925
-0.841971510064151,-1.69944633413028,0.299934128068151,1,0,"3","1",-1.03389819248525
-0.991517696257986,0.610073464681714,3.38048987853956,1,0,"1","1",-1.25516629633475
2.10607747650619,0.174010298169156,1.02798622726435,1,0,"1","1",-0.168941994334718
0.134906017410889,2.2416308650305,1.50107432676675,1,0,"1","1",0.311297694774671
-0.375713024951259,-1.40156367043919,-3.26272179186743,1,0,"1","2",-4.60712771378756
3.59254963000799,3.01224119701024,3.36940324645144,1,0,"2","2",1.56636289696783
1.33032569905335,-1.03111104124585,-1.19936563780517,0,0,"2","2",-2.97272025878179
-0.540422897447595,-1.43093833730915,-1.99812765998604,0,0,"3","3",-4.88190605864628
1.40976505143641,1.08865014733343,1.11119511942194,1,0,"1","1",0.309164981792437
0.147254734386862,-1.82867068745683,-0.537638850884712,0,0,"1","2",-3.20803170089196
0.728664643237852,-0.154939368018633,1.64870167245319,0,1,"2","1",0.00659640308252119
-0.582407004099638,-1.09747019141469,-0.64614915772463,1,0,"3","1",-0.899000732628649
0.0918701266590488,-1.41353023142296,0.633670288207961,1,0,"1","1",-1.63275259973682
0.925900349390144,1.14141214140658,1.30000645811372,1,0,"1","2",-2.53605603858015
1.78966996392182,0.21224780133901,-0.759287743517832,1,0,"1","1",-0.207588623572731
1.31044729195888,-0.317444039998317,0.682675931326506,0,1,"3","3",-2.50011932126616
0.473169653910778,-1.21681050664236,-0.122788079544376,1,0,"2","1",-1.81406823732548
-1.40126223515799,-2.75759982852324,-2.56644437592894,0,1,"1","1",-2.70495881964577
2.10270041321457,-0.427981287096379,-0.841427682044182,1,1,"2","3",-2.12499093468143
0.904711338302234,-1.35863772997933,1.90602163978576,0,0,"3","1",0.2623336503077
0.966152998733383,1.71248807666869,0.071482590722777,1,1,"2","3",-2.71133339804331
0.896033123527318,-2.21380970118227,-2.5445612202728,1,0,"1","3",-4.90588993510403
0.0338760096519034,0.239086291727703,-0.524600842054055,0,1,"3","1",-0.469833317139768
-1.31986529711987,2.4146546093713,4.0830885363464,0,0,"2","3",-3.34275877466372
0.831654714459966,1.03484032672859,1.18129318573765,1,0,"1","1",0.0382610173355755
-1.52690143643456,0.971652052968587,1.79035881497591,1,1,"3","1",-0.204662524308644
-0.905326319439964,-0.733863094005251,-0.183013359182961,0,1,"1","1",-1.56999003088232
-0.576511848586908,3.02453703123488,2.20173961202698,1,0,"3","1",-0.201851858509871
0.356919419585906,-0.0713837485181482,-0.267870644902282,0,1,"1","1",-0.606945646596162
0.690916360764919,0.733249204677348,2.5840876642691,1,1,"1","2",-1.97111389774755
-1.28553867538001,-1.07582905430576,0.892395156402999,1,0,"3","1",-1.48954046931865
-0.18669293664168,-1.05627370464014,1.08406156509602,1,0,"2","3",-4.16188245516972
-1.590964111313,0.884991113814205,2.07454570939619,0,0,"2","1",-1.83312122105955
-0.689602710700447,-2.65280358470575,-2.60782529219309,1,0,"3","1",-1.29945429978237
-0.72856420155673,0.759300022443002,0.442179897646119,1,0,"3","3",-2.75663248590241
1.74038596531667,-1.34388829117349,-3.35861770000414,0,1,"3","1",0.162998290327096
-0.546132625115051,0.819118636170031,3.6015162649873,1,0,"2","1",-0.131676146993672
-1.50756938575838,-3.85051572618694,-2.99655651349817,1,0,"3","2",-5.5624457964601
2.13835998320807,1.22471736115426,-1.10441478457586,1,0,"3","1",-0.344527014643297
-2.38444534106653,-1.33198165456953,-0.479464629029351,1,0,"1","1",-3.88069556725198
-0.290242257077724,-0.213071526276019,0.699379496873714,1,1,"2","2",-2.59582878455737
-0.904996120257856,-1.10479212625862,-0.150906274842084,1,0,"1","1",-2.47272040359702
0.701273708377401,-0.665011266400507,0.0404450778550758,1,0,"1","2",-2.45077267760342
-0.570212195515172,-2.47974819238597,-1.13602187997769,0,1,"3","2",-2.95416203144626
-0.0488338357039545,-1.53321349790635,-2.49556731245407,1,1,"1","2",-4.51071964553157
1.8289721224248,1.06409347988112,-0.237328790230278,1,0,"3","1",-0.522691353278667
-1.21354964131098,0.0236609257233494,2.77782311756786,1,1,"1","1",-0.0959183987675587
-0.228575739150692,-1.53240603628355,-1.36289693188935,0,0,"2","1",-1.84353681215909
-1.29961286109819,-2.67216523209649,-2.25123293690959,1,0,"2","1",-2.70929436769739
0.714628984544229,-0.247698083303523,-0.140510784741892,0,0,"3","3",-3.68554058326778
0.162560662523657,-0.244733203200252,1.6863475087909,1,0,"1","1",-1.71013217937536
-1.66736177829961,-0.579915858461483,1.70184371582612,1,1,"1","1",-0.39084133042167
-0.378160785144362,0.190765777981307,0.826503025304131,1,0,"1","1",-2.14085445668984
-0.763895809111591,-3.04661158762416,0.112844551064769,1,1,"3","1",-1.35047887479413
1.31659552023042,0.0867166608183029,-3.41267713752753,1,1,"3","3",-2.90071978182802
0.802793218120394,2.82713198556916,1.92493203721734,0,0,"1","1",-0.929676516143835
-0.321227174103707,-1.92352168022382,1.25195342419336,1,0,"3","1",-1.26814985776603
-0.807155778225808,-1.68492832704997,-2.00637258209215,1,0,"3","2",-3.47414545803182
-0.0593870105198486,-1.34233945430439,1.59906954357279,1,0,"1","1",-1.23731849485985
-1.59558057229877,0.362149708402999,2.26071681814642,1,0,"3","2",-3.5700663165881
0.26650583170269,-0.439110493051375,-1.31102577128434,0,0,"2","1",-2.74003558009386
-1.5020721649003,0.440829309913561,1.27322853879954,0,0,"3","2",-4.39265954840207
0.731062279497858,0.730375344575305,0.391361632421219,1,0,"1","1",0.296413087667212
1.2297419770152,0.947560489110315,-1.27614301293828,1,0,"3","1",0.328297667379847
0.0319993134605099,1.43089104512037,2.06741224759779,0,0,"2","1",-1.65399515334114
-0.979353948380784,1.9097147974534,1.32837066213353,0,0,"2","2",-3.8619933580828
0.311834475462193,-1.12170959072249,-1.89188125892636,0,0,"3","3",-4.61854606416258
-0.226823608775334,-0.944325837283395,-0.570958327415847,0,1,"3","2",-1.91899157704492
0.795593666904012,0.441937569600228,-0.250749805533407,1,0,"2","1",-1.03654154557947
-0.38155671099442,-1.53565008759746,0.681323775690295,1,0,"1","1",-1.56486952341739
-2.17967977816847,-0.678389268050155,-1.59230443500726,0,0,"1","1",-3.75255094917959
0.258530989674014,-1.49879972450507,2.03213066997075,1,1,"2","2",-2.69853160545045
0.441996869958322,-1.37540878071002,1.28014184500923,1,0,"2","1",0.0860062435160542
-0.773850176850798,1.59455852735623,1.32570518898122,1,0,"3","1",-0.321556299172279
-0.971142739538585,2.17929549933976,1.57180831617295,1,1,"1","1",-0.296356085747699
-1.00384035892496,-0.836040318465652,-0.600094350531803,1,1,"1","2",-4.22634408482418
0.580831792597151,0.0761942949268449,-0.936520356620044,1,1,"1","1",-0.738123991409957
1.3461813412006,-0.505465888859856,-0.781584634051197,1,0,"2","3",-2.59912007345109
-2.16625800403895,2.09380112549754,1.64170123167954,0,1,"1","1",-0.783810073621429
1.07639326083501,-1.19234641034088,-0.16368192306247,1,0,"3","3",-3.55897094905038
0.561854617924277,-1.36845880475466,-1.71422671468516,0,0,"3","1",-1.63380588537709
1.14594592574294,-0.352856492479475,-0.934561806490136,0,0,"1","1",-2.07369656396324
-0.762540768625992,-0.723099264102026,-1.17306742733028,1,1,"3","3",-3.15806121276427
0.853789192889869,1.42273090672607,0.619872080951348,1,0,"2","2",-1.50179136656978
0.416545745176881,2.1885768748686,-0.0559921921982451,1,0,"2","1",-0.0102259371284743
1.18803641134614,-0.113296526470794,-0.171650422040731,1,1,"1","3",-2.12945195054293
0.194395404332688,1.34738557837309,0.602763359468367,1,0,"1","1",-0.6410026793031
-0.187672550701336,0.795541040488661,1.26651013236882,1,0,"1","3",-2.37903018764763
-0.144288823229792,-0.991262981480219,0.974491347330379,1,0,"3","2",-2.71471995056974
1.39248124546544,-1.47273952921275,-1.78175585329873,1,0,"1","2",-3.72163001385331
1.18140780087908,-0.456876469421643,0.63262995563168,0,1,"3","1",0.291734674929542
-0.647760159040113,0.583968856412371,-1.30830471729714,1,0,"1","1",-2.62994652380837
-1.0487959086085,1.51136661931265,0.956593478040629,1,0,"1","1",-1.6213198630434
-0.171877807233677,0.929302849780184,1.57451509508951,1,0,"1","1",-1.36022323691665
0.629751910373157,-1.66306124710803,-2.36682613994682,1,0,"3","2",-3.88389393645846
-0.856854248578975,-1.45721814252325,1.39886481378441,0,0,"3","1",-2.40520418797228
0.108256201657112,0.943136534318052,-1.33100485384257,0,0,"3","2",-3.59622781521081
1.63697409267819,-1.91043099583695,-4.04143634108831,0,1,"3","2",-3.7372813747832
1.22155466624573,0.443913518643352,-2.95112739495846,1,0,"3","2",-2.4642842362172
1.46755198522825,0.12634196188826,0.167158852782465,1,0,"3","2",-2.11906423002963
1.26437370292361,0.949786057268639,0.609243126956268,1,0,"1","3",-3.27852397450787
-0.198617081445057,-0.49461403397105,2.48992032019123,1,0,"1","1",0.851473033025117
0.103163226816801,1.19756655279509,0.43666209863427,0,0,"1","1",-0.536677318166492
1.04213393877645,-1.69930933988452,-1.87430392388753,1,1,"3","2",-1.77521221488188
-0.514451056250639,0.0909178137187206,2.94836669488204,1,0,"3","1",-0.276886296573116
-1.32278183380006,-1.09486722454709,-0.220109266431312,1,0,"1","1",-3.05785839478021
-1.13068603982717,-2.91569210221777,0.0369946417044418,1,0,"2","2",-4.1511080165331
-0.854057190490284,0.606905944548921,2.15075488613406,1,0,"3","1",-0.190725268428479
0.374345516806098,1.19009159096355,-1.5576526709391,1,0,"2","1",-0.764864823855645
1.23522685369796,0.100961308195228,0.476607577804407,0,0,"2","3",-2.86846089737719
0.365140954379442,2.37825095495117,1.11782496378378,0,0,"1","1",-1.4614629526792
0.695087262975375,-1.51149683159737,-2.29505020137709,1,0,"1","2",-2.93510006472038
-0.664826257774683,-1.67622815419017,-1.66742186379831,1,1,"1","1",-1.59078264390474
-0.116106069714117,-0.27339552979247,0.964803915069691,1,0,"3","1",-1.44300992884189
-0.648074286466009,0.385541259008506,-0.994403102244358,0,1,"3","2",-3.26568157848557
-0.356766064361013,1.12558077587142,1.65273948473098,1,0,"2","1",-0.63918704268586
0.34764661534286,-0.60086342637902,-0.7901443007149,1,0,"3","1",-0.792459312475118
-1.03052775961594,-0.0571573718103733,0.286929566129309,1,0,"2","1",-2.54802600643443
-0.668302421246211,-0.219930914518354,0.900065067100015,1,1,"1","1",-0.678369095698951
0.147875017726566,1.56710439000529,1.6065011774547,1,1,"2","3",-1.37938487211111
0.289033827531881,-0.537415604364006,-0.31849592851698,1,0,"3","1",-1.299478835938
0.11651169211531,-0.75454723573232,-0.840398656578881,1,0,"2","1",-1.06738933225436
2.07379335568267,-2.10644477385233,-1.27898300562336,1,0,"1","3",-2.75356276898705
0.024898479561482,0.112763973138203,0.784656834162863,1,1,"2","1",0.422531031382164
-1.90809421254493,-0.766235861690344,1.13918716510316,1,0,"1","1",-2.01907699128438
-0.254929236340516,1.76990127502829,1.42810734761699,1,1,"2","2",-2.13657843069041
0.583298344957731,-1.7162427152974,0.784970491099643,1,0,"2","3",-3.43414052117221
-0.45148085502997,-0.659314008600002,-0.274308094423556,1,0,"1","2",-3.67943053746067
-0.46598689603192,1.56285192829878,1.11489762699154,1,0,"1","1",-1.27876110460771
-1.01362387630028,0.423610208490499,-0.58591452221312,1,0,"2","2",-4.97928053222403
-1.50684026647079,0.653235763693446,2.148818985501,1,1,"1","1",-0.566219892053882
-1.08480831351978,-0.851900948792699,-0.763417196383575,0,0,"3","1",-3.41027485682994
-1.49958212700866,-1.60398826085231,-1.37247238502379,0,0,"3","1",-2.40455192239014
0.882680944281606,-2.1288291112405,-2.06114845903996,0,1,"2","3",-3.89041070366553
0.495439629486944,1.11642926665179,1.02715948696791,1,0,"3","1",0.397380790466585
1.22563145120149,-0.599096931806414,3.03978211289431,0,0,"3","1",0.163433981913467
-0.416248876859397,-0.115000923705406,-1.21611873802132,1,1,"3","1",-1.26132656704152
1.28528781428515,-1.71069821766727,-2.31209720811673,1,0,"1","1",-1.92927287488815
1.07301454861628,2.90895519889394,2.10506652597688,1,1,"2","1",1.21612038815017
0.169867183916712,-1.0255683607401,2.80951875712651,1,0,"3","1",0.328394275690839
0.260978048126863,1.17203353336902,-0.89900757720595,0,0,"1","3",-3.94874829988145
-0.588735475782241,-0.658488617178281,-0.434413394724963,1,1,"2","1",-1.3690042558349
0.244984955918385,-0.365987998378804,0.0219826322413549,0,1,"1","2",-3.61639289767221
1.85084383527124,0.72941790518524,-0.85492081816802,1,1,"2","2",-2.59779148543408
-0.834850273978133,1.10318703903304,0.409737525167371,1,1,"1","3",-3.43912818768743
1.16888148326454,-0.7223292781262,-0.17507687235317,1,0,"1","3",-3.73477301293613
0.42742551396766,-0.879443930786565,-0.0980840035485953,0,1,"2","2",-3.61267952730456
-0.0441853804958342,0.146889256386486,-3.23963963132233,1,1,"1","2",-3.8470766053428
-0.0485966291882062,0.0117942728418039,-0.4954770093911,0,0,"2","1",-1.89973921876204
0.213401058840287,1.64446727477958,0.573028093376579,1,0,"2","3",-3.20433222357468
-1.84553048900362,-3.09809875570684,0.697160055250481,1,0,"3","2",-3.96144630103652
0.756970126117979,0.832767864132383,0.165129069806884,1,0,"2","1",-1.65070374588441
-0.352629145179917,0.696197528711865,-0.164023410687224,1,0,"3","2",-2.38162943983829
1.10725552714925,-0.364590234480667,-2.01504411190471,0,0,"2","3",-4.25088015943536
0.661212040280325,-1.50733653871571,-1.77315800606594,0,0,"2","1",-2.0541265062117
0.763532400795603,2.44048506713288,3.98061075062512,1,1,"3","2",-0.171724005421194
-0.730604620922113,1.37343014267674,1.74114698746023,1,0,"1","1",-1.14716114073822
0.557939095024248,1.56713176485472,-0.142229456766306,1,0,"3","3",-3.13899310420555
0.433627675065483,-2.03819931876893,0.35451407965608,1,0,"3","1",0.0881415805321253
0.542705122284299,0.0501781736061381,-0.426887804765337,1,1,"1","1",-0.570027537552053
0.72021554522616,0.966726068277961,2.07437464902806,1,0,"3","1",-0.4640806214053
-0.210736193511205,1.32118745604342,0.229754116705098,1,0,"2","1",-0.982060228961724
0.354728726461449,-1.82574944734578,-0.00629640419800692,0,0,"1","3",-5.22848709683554
-0.231703334093566,-0.513902043389659,-0.193676161792635,1,0,"3","1",-0.801476244698792
1.12708332591749,-0.0634982364588347,0.425931132604386,1,0,"2","1",0.385065357751811
-0.760443655788675,-0.908525645914747,1.29018679618412,1,0,"1","1",-1.59349403032762
-0.727563427899395,-3.43580673215436,-2.07562237934704,0,1,"2","1",-2.91427657614011
-0.763650356865073,1.49939510574903,2.47176125778557,0,0,"1","1",-0.0878611478590836
-1.58261674711615,1.07377423358609,1.43853035305316,1,0,"2","1",-1.11761586418736
1.82126514643405,-0.905228154626037,0.267817062487502,0,1,"1","3",-3.66297660150341
1.48600873805698,-1.83415011978124,-4.15272626833496,1,1,"1","1",-2.09929787717269
-1.38576668891095,-0.208759877063986,-2.77485778152739,1,1,"2","1",-2.02891175714863
0.497905110182604,-2.40448154045847,-4.16112572638109,0,1,"1","2",-3.79344812558465
-0.634520633102128,1.2216023107766,-0.686208267163232,0,1,"1","3",-4.37409290872126
0.863578061414722,2.55264512090483,0.22071302634344,1,1,"3","2",-2.43766947280607
2.34322309290379,0.562787669332202,-2.5058297640761,0,0,"1","1",-0.584324578083672
0.0445030339214466,-1.61583789865685,0.217660560514149,1,0,"3","1",-0.335571733187807
0.535727424658804,-0.013426291664493,-1.61292633962824,1,0,"1","3",-3.98759740639607
-0.924676792627724,-0.922907894782308,1.50365813410777,0,1,"2","1",-0.496261008498915
0.395935683212514,-2.32197532421122,0.00202782996356299,0,1,"1","1",-1.06922690669944
1.16314240668022,-0.429276603195236,-0.935582079876008,0,0,"1","2",-3.88974370856402
-0.158038538253553,-0.58851163171392,0.117071775677234,1,0,"2","3",-3.39333208308466
0.74104533658524,0.704189955349457,1.44699781476338,0,0,"1","1",-1.1052057532785
1.27046795403339,3.67271934384281,0.729410662219523,1,0,"1","3",-2.7283250945078
-0.182086935334215,0.560409685641955,1.52483852684051,0,0,"2","1",-1.15345268584676
-0.699670037479872,2.88994749691493,2.42594826284147,1,0,"1","1",-1.3164784195137
1.44071965181876,-1.78852923718775,0.0389744218423607,1,0,"1","1",-1.08661403268435
0.0821668910352574,-1.36644071762403,-2.99409355784247,0,1,"3","1",-1.04196418190774
-1.41427692753918,-1.24840421950662,-1.14942147092262,0,0,"3","2",-4.51142478540334
0.678379235656164,0.582755621218858,1.23091234848815,1,0,"2","1",0.107933539219005
0.697369375529915,-1.73586504155004,-0.645120631571866,1,0,"3","1",0.15201274168044
-0.54856381354133,1.09432095815186,-0.0231730626015103,1,0,"1","1",-0.503441505952443
1.60382922179518,-0.313605793763624,2.4261940553753,1,0,"2","1",0.363339101977473
-1.49223306864013,0.569509062328715,1.38547000828519,1,0,"3","1",-0.686252655982169
-0.707966535874601,1.01917815626234,0.904043447577702,1,0,"3","2",-3.00299054596801
0.719627709231857,0.772095277770532,-1.83947345506611,0,0,"2","2",-4.09728482100306
-1.42439847560577,0.00461942409401109,-0.0507812937876301,1,0,"1","2",-3.32088847867046
0.226603807664378,-2.104264967897,-2.21279918739486,0,0,"3","3",-4.88363053260662
0.199150834778237,2.31571329088196,1.87545406532424,1,0,"3","1",0.7847692139657
1.89380048024291,0.62999131174211,-2.6511480971296,0,1,"3","3",-2.96843513551666
-0.865600338791858,-0.694932313873416,0.351685844001945,1,0,"1","3",-5.51303693910536
0.688591159333387,0.735701970905138,1.65654178331177,1,0,"3","3",-1.83856246349069
-1.47809243298437,1.21526510178404,0.831164864354751,1,0,"1","1",-1.62221800464027
0.386491528641814,2.02638029776768,-0.0764305798650458,1,1,"3","2",-2.05318747437001
-0.754420500775823,0.781247851944384,1.5438067908841,1,1,"3","3",-1.49193128315385
2.47578467333019,-1.94760379013507,-1.26938378865463,1,0,"3","2",-2.19567988758601
-0.174065739552536,-0.0569016126501602,0.305162849744697,1,0,"3","1",-0.637217503130927
-0.311718526565245,0.191713975125008,1.12319549908219,1,0,"1","2",-2.99128415769606
0.814953589210541,0.653533524302373,2.11410463641073,1,0,"1","1",0.0287776331082168
0.911408426236598,-0.581934503695183,-0.325546206560981,1,0,"1","1",-0.635780257557931
0.306010579189285,1.60113170650972,-1.60317469508001,0,0,"1","2",-4.05853879904077
-1.16989531377108,-3.42513686174994,-0.909612813487009,0,0,"2","3",-5.29906690505123
0.457343074621367,1.91612755056051,2.70397912781773,1,0,"1","1",-0.474052633143504
-1.34403614853259,-1.66133793687311,-1.36829135550978,1,0,"1","3",-5.27350233652821
1.38171843554925,1.65549304772372,2.64119277917898,1,0,"1","2",-1.36376528835762
0.893929974444313,0.482159231885602,0.211145679399542,0,0,"1","3",-4.45226098884544
2.82958799443188,0.525399607034802,-1.69639955691036,1,0,"1","2",-1.77644307099278
-0.129198262946122,0.25201824901548,-1.89123987583968,1,1,"2","3",-4.14511323451442
-2.49847051576277,-0.865433376992577,1.66776349108866,1,0,"1","3",-4.47660885353876
-0.674924840816103,-3.84898332181873,-0.305695944309637,1,0,"3","2",-3.76689026593667
0.0158309085598413,-1.05534861749031,-2.62816106357601,0,0,"2","1",-2.22859426406845
0.125872820008766,-0.642539597763682,0.878768044070767,0,0,"1","1",-1.53589457724008
-0.496169358250115,-3.61145303323936,-0.227227721563362,0,0,"2","1",-1.31147338108441
0.601349506360885,-1.47979334855675,-4.06491844173957,1,1,"2","3",-4.8487459008279
-0.660314657420378,-0.945925346152621,-1.15757663032525,1,0,"2","1",-1.90753166909115
-0.124133822577911,0.406142356951527,-1.37097808753781,1,1,"3","1",0.0235382652050424
0.695110261934466,-1.73043531057562,-2.4765804355915,0,1,"1","2",-3.80169655028538
0.445832355135098,0.079261491618356,-1.31302862694369,1,1,"1","1",-0.445497440147053
-0.0230416088486246,-2.25669217215995,-0.81455609153964,0,0,"1","3",-4.8411903584309
0.982554520131034,0.471697908624961,0.0284665063100782,1,0,"2","2",-2.86840703918855
0.618641219527282,-0.163917345215529,-2.00049125760476,1,1,"3","3",-3.50162233198561
0.0759216354277104,0.0947808665224732,-0.81829038625928,1,0,"2","1",-0.0658926126169667
-0.992013511257638,2.12867827060678,4.62529761137284,0,0,"2","3",-2.84168062800095
-1.21772755106386,1.22836567102244,-0.526074167019902,1,1,"2","1",-2.22268760733988
-0.0575938562210356,-0.703709556757949,-1.72780461977206,0,0,"2","1",-1.98039022793739
-0.584783015952966,0.858586292426466,-0.571180395244087,1,0,"2","1",0.158874392988123
-0.721157637214602,-0.405064185006302,0.723581857391148,1,1,"1","3",-3.82729995372486
-1.35714979260695,1.32513665048461,3.95062447044103,1,0,"2","1",-0.428569173340693
-0.0670519832506321,0.64448703616771,-1.05693450837964,1,1,"3","1",0.124483221269684
0.172717119476002,1.18526076272934,2.08941596461202,1,0,"3","1",-0.658981889773547
-0.453660108459156,1.50376718678355,1.97809732573835,0,0,"1","1",-1.20400776503921
-0.215912507007535,-1.24904879124233,-4.35511212704078,1,1,"3","3",-4.51455930592959
-1.22990800041711,-2.50564113950251,-2.00832404489351,1,1,"3","1",-1.32265027089732
0.377861740036408,1.43279322595399,-0.438617887040127,1,1,"2","1",0.33782328222814
-0.336352546207967,1.71682744106696,2.14120842882579,1,0,"1","1",-0.124441849479998
-0.541406355624967,0.200012695646784,0.925270934176127,1,0,"1","3",-3.49491007410201
1.4165995151846,-0.155826104099091,-2.21178854935428,0,1,"3","3",-3.68716245232024
-0.913262777687863,-1.34565950148366,-0.588796949158781,1,1,"3","3",-3.74862841611522
-1.67906972698165,-0.417749017724236,2.19824638255843,0,1,"3","1",-0.882333863695963
1.91699804733857,-1.6504441032227,-1.82998275155176,1,0,"3","1",-0.623039627638948
2.14639941041169,0.620186985844614,1.88279204486152,0,0,"1","2",-2.18166959805961
-0.588668498682944,-1.90436048030652,0.480271077089229,0,0,"2","3",-4.6510002673119
-1.36767605882391,1.16025540852877,0.647953954680458,1,0,"1","1",-1.60372873268865
1.25179549976997,0.931712981015961,-0.238534505094338,1,0,"1","2",-2.60361410603806
-0.121799671593191,-0.418952984470886,-0.508870314117087,1,1,"3","1",-0.770288145314344
1.6149538795854,-0.95696333624644,-0.502782975005265,1,0,"3","1",-0.126803410323766
0.369680262555147,-0.954263706619008,-1.42059172925252,1,0,"2","3",-4.13551745717367
-0.654545098213609,0.274346480654071,-0.838368043013758,0,0,"1","1",-3.4553670551318
0.134807892641252,0.378535373987265,-0.0421314638458242,1,0,"1","2",-3.55561380543337
-0.440001296016443,-1.78312059481765,-1.7692884418965,1,0,"3","3",-2.82478171236711
-0.566102216139834,0.710408346579209,0.0593304322630451,0,0,"1","3",-3.99374068898087
-0.914406741951175,2.27929430973652,2.68600781324083,1,1,"3","3",-1.64089262652691
0.369591429703264,-0.946486065750637,-2.86690741299728,1,0,"1","3",-4.71348256878118
-1.15488898040264,-0.677551785276799,-0.478252050174541,1,0,"3","1",-1.98470225219375
0.181136463934219,0.979726632262934,-0.342088902639256,1,1,"3","3",-2.80155374796938
-1.31130299129659,0.80607542827212,-1.51507883815396,1,0,"1","1",-1.70057888805274
0.649932821607761,-2.05145451897452,-0.982127240365445,1,0,"3","3",-3.04703361456925
-0.713254920532325,-1.44892236693495,-0.897065919014909,1,0,"1","1",-1.99161538112539
-1.07610254348492,-2.39428043134975,-0.94611069166173,0,1,"1","1",-1.76184723215852
1.12717652465465,-1.93729952291021,0.487459394058886,0,0,"3","1",-0.113740698583169
1.43021951269127,0.170221656116768,-0.837293253067928,1,0,"1","2",-1.67876666374093
1.008171488851,0.313780568016616,-2.59650817242319,1,1,"3","1",-1.39266584136831
-1.30608961811397,0.172193596154368,-0.187186742086291,1,0,"1","1",-1.0890171947282
-0.230890896707674,2.01957538901713,-0.406700877017268,1,1,"1","1",-1.25527652343048
0.584655132769013,3.50429034323986,-1.05975118823296,1,1,"3","1",0.426330353289102
0.930040035428478,-0.00271227310771527,-0.418849196848797,1,0,"1","3",-4.67405886475496
1.32046624912518,-0.547367844025144,-1.50345333674206,0,0,"2","1",-0.971398129503915
-0.372977639686683,-0.741037985329933,-1.51179095556319,1,0,"2","1",-1.70815340323739
-0.251707017604478,1.42601816591934,-0.0187618918636874,1,0,"1","1",-1.06471140837707
-0.0388505510786318,-0.465620653564237,2.27506467186055,1,1,"2","1",0.0775387209964045
0.240923005192528,-0.389908523124193,0.435113292762594,1,0,"1","1",-0.455225999166692
-0.730568094628386,-0.244770340567294,-0.146848843408467,1,0,"1","1",-1.19486237959536
1.59338487342166,-0.105794478220703,1.51057713283725,1,0,"1","1",-1.14168576746428
-1.18245072860929,0.409013498978922,-1.95352102026523,1,1,"3","1",-1.00086284279691
1.67705627140261,-0.0331894327590916,-0.670847441966702,0,0,"3","2",-2.32473160851868
-0.617369059495102,-0.982917072525369,0.218014352244349,1,0,"1","1",-2.47343629974662
1.05133048478632,0.807012502005368,-0.983979860424834,0,1,"1","3",-3.35684189363404
1.49099336729406,1.57397453075233,0.599304515817873,1,1,"1","1",-0.379874785179404
-0.600746168753874,0.730477428764727,3.09699674750337,0,1,"1","1",-0.473864885942283
-0.274935761596321,-0.635884204544795,0.0747964781424503,0,0,"1","2",-4.22143608519229
1.18014050489931,0.467641279050765,0.0831446354960929,1,0,"3","1",-0.982695576897458
1.09148400060468,2.93850560440723,3.92584328671926,1,0,"1","2",0.330614418223349
1.59671085293076,0.138958418985806,-2.13869813759102,0,1,"3","2",-2.29181809778589
-0.460643058470125,-1.29834419983097,0.576190960520859,1,0,"3","2",-3.47287572230964
-0.378948573606893,0.989613714329778,-0.188930993051982,1,1,"2","3",-3.17507714366177
-0.41384225313884,0.0756692451445048,1.11635263550643,0,1,"3","3",-3.8280431718994
-1.20166898217782,-0.794091223283482,0.840454945410462,1,0,"3","3",-2.90706329763078
0.632693693513567,0.684469979009198,0.540766665544327,1,1,"2","1",-0.869776674787323
0.409288822367523,1.33339759987465,2.45092687338935,1,1,"2","1",-0.0705430551876663
-1.03321211798435,0.12701358139767,-0.0664719260178473,1,1,"2","1",-0.57087122442714
0.305637078988179,3.02003873236169,1.50291884127423,1,0,"3","1",0.139417672685074
-0.109007512521203,-1.47091436124593,-3.10774012991835,0,1,"2","3",-4.31546466969744
1.12914559287827,3.45090814452548,-0.902134612606859,1,0,"3","2",-1.16730805590404
-0.559409913465863,-0.126614547799919,-0.0471742228494205,0,1,"2","1",-1.64056208511088
0.198996878733263,0.174733594404174,1.80348407754456,0,0,"2","1",-0.464820322425902
0.391753628480919,2.3170727404074,-1.03426396673271,0,0,"3","3",-3.41659252693801
-1.98483096598908,1.42420244423678,0.451417317066018,1,0,"1","2",-4.86284784908505
1.54529440060336,-0.628962601403227,-1.98390417486713,1,0,"2","3",-4.21277245949902
-1.18884729335172,0.508790413548066,-0.000234483338380054,0,1,"1","1",-1.04522063226841
0.977179448377209,-0.789983109149554,0.945959423178382,1,0,"3","2",-2.09155756885698
0.706706332650207,-1.39770978965985,-1.57663776702641,0,1,"1","3",-4.29360052601668
-0.718780972970186,-2.15404643148699,-2.39436941631822,1,1,"3","1",-0.965104354374037
-0.595961551121999,1.04727325610311,1.89212543015362,1,1,"3","3",-2.47710311168316
-0.628059886917165,0.162593936414823,0.117968619270313,1,0,"2","3",-3.46285567825354
-0.209252966586783,-0.651656000415723,-0.607949610033055,0,0,"1","1",-0.999882167949507
-0.00808705080455139,-2.41233489964351,-0.834799159631763,1,0,"1","2",-3.37017307921897
-1.63192795126453,-0.0391455592391969,-0.261995757762157,1,1,"3","2",-2.91011292906124
0.333516276228695,-1.52890675147083,-0.791500702386218,1,1,"1","2",-3.48555106921942
0.848672845389965,1.29816151956726,1.18868209983449,1,0,"1","3",-3.0356951302381
0.792162686921223,0.0812721478306441,0.339593050920686,1,0,"1","1",-0.775720025353017
-0.711679059705893,0.627210219565044,2.67873271059925,1,0,"1","1",-1.42747106311847
-0.627315600974573,0.266643397720758,-1.52271821702433,1,0,"1","1",-1.31808222260441
-0.109221266165589,0.439405809871189,-1.32837260005656,1,1,"1","2",-2.69839273957597
-0.259104350780515,-1.43694317017664,1.0464673985699,1,0,"3","3",-3.45620218762274
0.921651283955208,-2.07439514929899,-0.666239444367025,0,0,"2","1",-0.861378085342476
-0.724708106162381,0.513072678311403,0.185185118094172,1,0,"1","1",-1.80653847060767
-0.0912712632291106,-1.56248913009847,-0.690981531761346,1,1,"2","3",-3.33430335221672
-2.03003845184476,0.412601553935018,1.70202507812813,0,0,"1","1",-1.59996389606692
-0.227005085236381,-1.39139804614087,0.354405886259732,0,0,"2","2",-3.44775207970669
0.554304908644492,-0.19820139680864,-1.12703484515667,1,1,"1","2",-2.75376777545479
-0.654885340482515,-0.556495709760105,1.47955163324025,0,1,"2","1",-0.981962108432674
-0.240002226297232,-1.75845049288679,-2.29510972612855,0,1,"3","1",-1.79555455656349
1.63761971846632,-2.16441566489723,1.16007875273092,1,0,"1","1",-0.467509585808593
1.13400981730972,-1.22051140559142,-0.18937617635379,1,0,"1","1",-1.52426282557344
-1.21765136719384,1.0313388789162,-0.928865965287581,1,1,"1","2",-3.76811323608029
0.264355440276776,1.77682571311538,-1.66004935506158,1,0,"1","1",-0.958561739418175
0.0397936919572112,2.04419628909123,1.7444460112827,1,0,"2","1",-1.28701901507431
-0.814300350892309,-2.88235295078824,-1.46876536492084,0,0,"2","3",-5.11782527123349
-1.22068130766479,-0.245639664642597,-0.116537968688793,1,1,"3","3",-4.00639061183835
0.266949261510096,-1.02309618688071,-0.193595525895286,1,0,"1","2",-4.10703478612926
-0.174267355801481,-0.526992207552469,-1.68568443400348,1,0,"3","1",-0.643904910228767
1.46999158079554,-0.89720131711429,-0.955706258339163,1,1,"3","3",-3.04909436180634
0.716021074702592,0.186728746670172,0.493348975022598,1,1,"1","1",-0.172908039257842
0.587698972338987,-0.118713335376118,0.189709683731112,0,0,"3","1",-2.10869222189611
2.21955941222134,-1.4202737590767,-4.00403746206006,1,1,"1","2",-2.00764034188433
-0.0379459676431119,-1.0718761667638,2.67141381232746,0,0,"1","3",-3.40810796910653
-1.24995938476045,1.53876596322243,0.958435750526041,1,0,"1","1",-2.04303232579904
0.787777906406219,0.500179352406706,0.907787434642172,1,0,"3","3",-2.60682804230973
-0.737398124687557,1.0096235531995,0.782549481100219,1,0,"1","1",-1.68273831899728
-1.46458592046639,-1.35938674242099,-1.4333082505276,1,1,"3","3",-4.31732307420913
0.674469571702953,0.0164370082163588,2.09211019109832,1,1,"3","2",-0.97715630973118
-0.0780090154432773,-0.555079302065022,-0.596363801858315,1,1,"2","2",-3.26500640741859
1.22103743066187,2.45026716327236,0.528977947380791,1,1,"2","1",-0.202603223100312
0.468186793857241,1.12758729430917,2.15225065356818,0,1,"1","1",-0.548500449055812
0.329552593121024,1.08263015535106,-1.42514019849779,1,1,"2","1",-1.20114734833768
0.0724413518959418,0.766998154862216,-0.69009896343201,1,0,"1","1",-1.22321252412441
-0.692928796326233,1.40674091691261,0.123536562955503,1,0,"1","1",-0.736162096343955
0.552599094951501,0.307884220182917,-1.33501433770246,0,1,"3","2",-3.19357198430041
-1.30927883210703,-1.29644800139907,-2.42343531217107,0,1,"2","2",-5.20442664697496
0.784181930831629,-1.02108308318006,1.35336152864744,1,0,"1","2",-3.08328927730018
0.575298885905132,-1.10717648071973,0.667218910845243,1,1,"3","1",-0.78827160278944
0.119176040949109,0.4006934189977,0.0672688639454754,1,1,"1","1",-0.778080251920912
0.522455811552375,-1.27966293931318,1.30301313578287,0,1,"1","1",-0.776444956332283
0.0468633296875937,1.04206779731625,-0.330993968252925,1,0,"1","3",-4.37466809226466
-1.10122981117659,-0.41962937687577,-0.347894232252446,1,0,"3","2",-3.08646264416247
1.40913740233524,-0.586902705718799,-1.43540396263039,1,1,"2","1",-1.07257757911613
-0.510969263120552,0.180731680216468,1.7360421992109,1,1,"2","2",-1.34282497181028
1.03757926701127,0.832854989568107,0.857935927415027,1,1,"3","1",0.597821750998166
0.709086679961486,0.903028355466636,-1.07132022033002,0,0,"1","1",-1.44184479658243
-0.567484751959454,-1.22231104375062,-0.378464020226296,1,1,"1","2",-4.40329448257533
-1.14920108589534,-1.47104822039438,-3.17845541387833,1,0,"1","1",-2.9008538183002
-0.946783703654845,-0.0418566042940485,-0.10219364439375,1,1,"1","2",-3.71547642469709
-1.58506577430988,0.687574542733785,0.986531829390813,1,0,"1","1",-1.20158529566498
1.30508549126136,1.08584246911471,4.13625201487788,0,0,"1","1",-0.306216137330241
-0.698160380400678,1.09362541834264,2.22192474713311,1,1,"2","1",-0.470279307387074
-0.946227365327948,-1.80825748969521,-0.390981822480613,0,0,"1","1",-1.76817787465435
-1.61777131241499,1.47683059984957,3.17798687703728,1,0,"2","1",-0.640399367430206
-1.24262600234666,1.77505708144941,3.19667403376377,1,0,"1","2",-2.19550252158312
0.526487267084379,-2.37624877717407,0.29451634341041,1,0,"3","1",-0.645020302438083
2.12811148621633,0.116716235034713,-1.47304601989079,1,0,"1","2",-3.33898560063968
-1.0139814915316,0.196877197340005,1.44124531100317,1,0,"1","3",-3.26922819818221
-1.13722448709312,-2.15414308938697,-0.531062461272276,0,0,"1","1",-3.20688552744883
1.79335168768548,0.589222553120883,0.569269492506162,1,0,"3","1",-1.17886091712938
1.37062886757437,-0.957124634133429,0.525305678941406,0,0,"1","3",-3.79205360463367
0.824259905014744,-1.31875372700802,-1.5915084877072,1,0,"1","1",-0.563835176870086
0.925298616880479,0.562351824658637,-0.266407846550155,1,0,"3","2",-2.63035193358377
1.2167305533489,0.462786504935304,0.535423966570812,0,0,"1","2",-3.04824776433528
0.916868087818477,0.482984424976687,0.200311363209278,1,0,"1","3",-2.69831732290924
1.33023791970904,0.385494073117847,-1.12512134111424,1,0,"1","2",-2.83753880732233
-1.03645994172012,3.81127519102949,5.75638032075694,1,0,"3","1",0.631657840690003
-1.54537385284254,0.235192772405143,-1.53516186935848,1,0,"3","1",-2.28359425352701
-0.322283698923899,-0.154522171022021,-3.03903787725066,0,1,"3","1",-1.71672993216786
0.0113333509602009,1.10032493692076,2.92914851512429,0,0,"1","1",0.245096846088253
0.468307311496382,-2.04324342362541,0.127718366798174,0,0,"3","1",-1.18234269244461
-0.335746286117108,0.521584399552664,0.785027799547331,0,0,"3","2",-3.08019108647447
-0.580248420135395,1.61846352369424,0.640345885315403,0,0,"1","1",-2.70479734429088
0.330377343439885,0.191614576343056,0.160374718778671,0,0,"2","3",-4.208350535129
1.17347206053763,1.31305984972922,0.565375202876096,1,0,"2","1",0.55143186064303
1.53891174783101,1.26800151502026,-2.27925183587119,1,0,"1","3",-4.48837462252424
-0.518355528312831,0.437635868459583,0.54261375229391,1,0,"2","1",-1.13073335107495
-1.23285472509833,-1.66038155264886,1.49877236339942,1,0,"1","1",-1.3183984851721
-0.438000766114136,0.831220088770186,-0.896482813603701,1,0,"1","3",-4.54976511328582
-0.618330737976973,1.56125564806874,1.39186159116233,0,0,"1","1",-0.396022458774675
0.65529243181771,4.93040131478149,2.07131843779882,1,0,"3","1",0.131929242054308
-0.649094138151915,0.210377564645555,0.0639288948951824,1,1,"1","1",-0.694049524979002
0.731248562450243,0.413681564526076,2.15084950682548,1,0,"1","3",-3.44613857092782
-0.349387063756763,-0.686025625254035,-3.37178959336301,1,1,"3","1",-2.38193750561484
0.0549872603332774,0.577130518515331,-0.332240100969306,1,0,"1","2",-3.69611718430505
0.282185458546335,0.701593312824014,0.685293986584448,1,0,"2","1",0.308619041778711
0.50244599062903,-0.355503877123583,-2.46759929533911,1,0,"3","2",-3.71269327450807
0.079059347794887,-2.10792148179191,-2.4120962327594,1,1,"1","3",-4.28105077487122
0.629196949077901,-0.499768520980419,0.0202717612464662,1,0,"2","2",-2.34288007578878
0.664590427775296,-0.905312343474734,-0.907056689296394,1,1,"2","1",-0.845561017721972
-0.986534099518165,1.7054482724894,-2.04597010965266,1,1,"2","1",-2.7050379979371
1.52114946207621,-0.511333068743294,-0.935516140836962,1,0,"2","2",-1.98423711503247
0.692774164227054,-0.313455850130896,1.54932559794472,1,0,"2","1",0.628592604501881
1.33840017661211,0.0237407966619579,2.12252491498191,1,0,"1","2",-2.11161740709477
2.15752837400215,1.45854518043232,3.03771329340429,1,0,"1","1",0.766595077222137
0.13290729928136,1.74663974778304,0.587522303816145,1,1,"1","2",-1.69388406079197
1.75022180936404,0.928127316746131,-1.84911676483105,1,0,"1","3",-2.41919430652312
-0.583435969746098,2.40597514451419,0.864151064377176,1,1,"1","3",-2.50064377254776
-0.245859320610905,-0.155054957633192,2.17673972017261,1,0,"1","1",-0.390887006830672
-0.0656694537834172,1.36279826782368,1.63227550939977,1,0,"3","1",-0.172822430417402
-1.29291750809231,-1.29472914463262,-1.39151455595151,1,1,"3","2",-3.51597701568634
0.296768152062622,0.267342092384475,-0.695123131333436,1,0,"1","1",-1.26667773558769
-0.365405720886447,0.384472716551774,-0.788271077865611,0,1,"2","1",-0.770422848737427
0.776451663449085,0.467051780693399,-0.43761691834167,1,1,"3","1",0.655330020870532
0.24156692760849,-0.896069523474102,-0.699642960962839,0,0,"1","1",-1.28446389166613
-1.53835079712777,1.49719223678585,2.24834446961337,1,0,"1","3",-4.23926388097122
0.650644350337479,0.474986750904307,0.386442039693765,1,0,"3","1",-0.460461270754134
-0.479831426109988,0.63398263996406,0.401455452881152,1,1,"3","1",0.354058725434794
0.840356704080935,0.116079125474655,-0.10144325271442,0,0,"1","1",-1.2016499429859
0.40164065211578,2.00424455785758,4.65036834780646,1,0,"3","1",1.18455899083765
0.628287592132969,-1.0896111656274,-3.67790097498721,0,0,"1","1",-2.49535608316642
-0.519045626692665,1.40935616080112,1.00895369923815,1,0,"2","3",-2.66469812652926
-0.00320179730204532,0.355514017484194,-0.647572405610174,1,0,"1","1",-1.46253767061253
1.16949103138516,-1.00063744529172,0.785536876244262,1,1,"1","2",-2.41937583121144
-1.0399338986911,-1.48849883071917,-0.00206653455496852,1,0,"2","1",-1.99511029740213
-1.73512410922144,3.12022017144298,1.66130856413251,0,1,"1","1",-1.17978719485593
-0.465088515165662,0.220077155141268,0.99888776708904,1,1,"2","1",0.302323641336002
0.12665944607476,0.0627483214944567,-0.459694976129356,1,0,"2","3",-3.78847255564984
-1.19410238233002,1.284555330946,2.99995218217279,1,0,"2","3",-2.93894789549335
-0.236097882395658,1.57539656760588,-0.122764462223521,1,1,"1","3",-2.92263489051054
-1.10836510373454,-0.971159097981044,-0.289898656722818,1,1,"1","1",-2.03036316011322
-1.12937848897977,1.57248199546228,1.7240337511215,1,0,"1","3",-2.96477765162112
-0.377681428746596,-0.839166448518729,-1.55134523014443,0,0,"1","1",-2.343138521557
0.0326408838662057,-0.351479760265064,0.912476388727288,0,0,"2","2",-4.32047241294922
-0.568827686621977,-1.02096486857995,-0.703508237139704,1,1,"3","1",-1.06290470227748
-1.25799258866402,0.0458373377345508,0.578478566449742,0,0,"2","3",-3.82370544833717
0.941544354708536,0.784278621303984,0.641144222154828,1,0,"2","1",-0.420734999976741
1.73843509537614,1.49595081922816,1.43107387716604,0,0,"1","2",-1.92504105783512
-1.7619939694014,1.62481666101068,2.90956502836258,1,0,"3","1",-0.448943534126744
0.218363727319892,1.77192336670872,2.74591441722327,1,0,"1","1",-0.640172729750127
0.199604645025927,-0.0137604112768664,0.322254743421481,0,0,"3","2",-3.25544213766415
0.139681487961432,-0.582439019827671,-1.50975886053026,1,0,"1","1",-2.25562765120506
-1.88064720516931,1.43659371962365,2.37798017659144,1,1,"3","3",-3.71475526643523
1.68869845801923,0.292573811134136,-0.91492917003717,0,1,"2","3",-4.15158226857145
-1.75144227486104,-0.56446811051657,0.623548760665855,0,0,"1","1",-2.67601363734118
-0.745543029651672,-1.85327458746351,0.312020581915995,1,1,"2","2",-3.3326029554694
-0.992653675250491,0.467500902714182,0.799459115496098,0,1,"1","1",-1.13504319690428
-0.614496592190045,-1.51255515193773,1.5846269816357,1,0,"1","1",-0.806607604320149
0.272856306230533,0.799851426477112,-2.36451635876227,0,1,"2","3",-4.90263720637342
-1.4547392483318,0.554121804272094,0.0893907481762213,1,1,"2","1",-1.47047213043417
0.922962123552645,-1.57195884386135,0.984622545920093,1,1,"2","1",-0.503570803362063
-1.77365368705455,0.432593461882625,1.02404793313725,1,1,"2","1",-0.795971168834942
1.07972389116073,0.0704821176334326,0.849202882754519,1,0,"1","2",-2.4749779403363
0.436729590027618,0.335811424593757,-1.55077647519002,0,0,"1","1",-2.09788289514868
-1.3247988265052,-1.59849119922233,-2.26977874010952,1,0,"2","2",-4.29246500645737
1.35777971527915,1.1614396507802,-1.39114763364346,1,0,"3","1",-0.286185702232638
1.00878402750916,0.676919797588197,-0.0410352065175122,1,1,"1","1",0.2524545855242
-0.132843607289995,-0.335802090863295,1.58100602161806,1,1,"2","3",-2.75288604435843
-0.0918853564888563,-1.72232307322305,-0.59011737499145,1,0,"2","3",-4.61071416586955
-1.91801795609999,1.39111749699401,-0.456339372125174,1,1,"1","1",-1.55676517228634
0.500848510942992,-1.70143345977063,0.592975721827953,1,0,"2","2",-3.04766272247447
0.35802823189898,2.42237306845743,2.18232745995879,1,1,"2","1",0.683244996110595
1.05907926085392,0.291401902370171,-0.22864200877299,1,0,"1","1",-0.618238465812212
-0.329764098365595,1.12562418387382,1.28450049638236,1,0,"1","3",-3.51593859584961
-0.128210078010655,1.16908837716325,1.47321879081108,0,0,"3","3",-3.37720665751784
0.41691338936484,0.341159497950441,-1.02936117452825,1,0,"3","1",-1.09553947082637
0.514680224757695,0.744752974695063,0.390522424370342,1,0,"1","1",-0.787454712655674
-0.369632127023857,2.10793181653407,0.552094353218735,1,0,"3","1",-1.00312034169978
-0.76539905096166,-0.907264827813318,1.56320759086651,1,0,"1","1",-2.71461643211113
1.35871697060614,-2.30790503460418,0.205325719597838,0,1,"3","1",0.331345487392692
-0.191631009923841,-1.49954371477677,0.339709423679572,1,0,"2","2",-3.22230183024625
-0.296028889554314,1.18885664217176,-0.434913982307532,1,0,"1","3",-4.75577889208236
0.371380083684673,-1.67843082503052,1.09955966944699,1,0,"3","1",-0.216373925583694
-0.93080527220901,0.278954468913701,0.133767682328537,1,1,"2","2",-3.12751995455215
-1.10227516440538,-3.61294069302152,-3.55979665841258,1,0,"2","3",-5.75001776710919
-0.563498489493549,0.0187339419661872,0.764042100909192,1,1,"1","1",-0.458757932617297
-0.0882480373201184,-1.08117454467092,0.643629884114434,0,0,"2","3",-4.2233534916686
-0.758434103274561,-1.28710835661976,-1.49721929740333,1,0,"1","3",-5.40324713299204
-0.670991270908777,-0.181135142250425,1.14951092934057,1,0,"3","1",-0.247398303260918
1.03646824331534,0.0725302712137175,0.0768714167924657,1,0,"1","1",-1.87773253278434
0.529242391478637,-3.23067664730828,-0.437593600149446,1,0,"1","1",-1.10244619368709
-0.041006132211341,-0.0501077619872172,-1.45166965588819,1,1,"2","1",-0.884406744884783
1.04300017360887,0.607004698427376,0.035466785135204,0,1,"3","2",-1.96079086969885
-1.161171094064,-1.54024817760454,-1.29591432513014,1,0,"3","1",-3.02512279233358
0.130801970761616,3.040429908922,0.495151768291176,0,1,"1","2",-2.8885377063482
-0.718597391629688,-0.850332467588184,0.926811004267024,1,0,"2","1",0.0995787346370383
-2.10116380548696,-0.153250339559546,1.2014539821666,1,0,"1","1",-2.76558568062435
1.4436476733397,0.231523242384393,-2.39049443624122,1,1,"1","3",-3.02930416160436
-0.107014222760206,1.13703623911716,4.66615860305405,1,0,"1","1",0.923051746116642
-1.68501858501769,-2.13224690455034,-0.914414312632994,0,0,"3","3",-5.7678992439126
-0.73887536961342,1.30235832353149,1.82695662639663,1,0,"3","3",-2.88573290073709
-1.51078131719589,1.33658816988124,0.368009731097863,1,0,"1","1",-0.801265759295009
0.917351520079489,-1.25562118936529,-2.25924123032805,0,1,"1","3",-4.73492836850608
-0.498986544774318,1.70386997813243,1.29973097703631,1,1,"2","1",-0.210961062422998
-0.0751752955447155,-0.075115552110889,-1.65139819875102,1,1,"3","2",-3.82991830926506
-1.4529594699921,-0.345314789925051,1.33951399510358,1,0,"1","3",-3.93581655207365
-1.00022359178256,-1.4323330363731,-0.172916602350186,1,0,"1","3",-3.72380697702071
-1.37224795052588,1.48221221724053,1.65273561707757,1,0,"1","1",-1.749004120199
-0.414360725398509,2.20720809868213,-0.61365735929989,1,1,"2","1",-0.331881377472188
1.22520036217011,1.22953558358064,-1.54622992264242,1,1,"3","3",-3.48096504810228
-0.395319833943461,-2.93646829811751,-2.48957242165995,0,0,"3","3",-4.40168486494397
0.00274999991768152,0.797473344765694,0.457400151913443,1,0,"1","1",-1.31249354305393
0.0221962499356953,2.09046343848168,2.22424198459079,1,0,"3","1",-0.964778243063644
-1.75801269724039,-1.28742300244696,-1.56197779975948,1,0,"2","1",-1.90871121994196
-0.592524126433512,0.728376613098919,-1.60796200476754,1,1,"2","1",-0.329723079816607
-0.256703556119254,-0.986036291899708,-1.98644437612181,1,0,"3","1",-0.684525200413748
0.875355811657979,1.79923141255918,-0.397715785875582,1,0,"1","1",0.628404633979787
0.86458859012436,0.684550829662595,1.17164223124168,1,0,"2","2",-1.91401664250611
0.0467498996945424,2.27072662284801,-1.44518237570481,0,0,"3","2",-3.83347842599998
0.880980563899145,-0.753491914990289,-2.89275137048532,0,1,"3","2",-2.14384928587133
0.280490565629001,-1.19403832009014,-0.900969198332236,1,1,"3","2",-1.67430207800306
1.01282487162497,-1.54562293035142,-1.70681527955538,0,0,"2","3",-4.62771010234087
-1.99793891866895,-1.05678919068681,-0.129428685657768,1,0,"2","3",-5.28319881915532
1.18155302942318,0.998720719652913,3.12805708536644,1,0,"1","3",-1.96027126254016
0.55852726444807,4.46819675467962,1.23643724247782,1,0,"1","1",0.758630690827669
-0.0585195730416467,0.405223698703493,1.39898646876839,0,0,"3","3",-3.66356699300359
-0.094241109841514,0.610742789534114,-0.57295970848252,1,1,"1","1",-1.37341906919736
0.329670155335764,2.00554134038261,-0.26548066663179,1,0,"2","3",-2.73302688371598
-1.16614017705152,0.730510270550293,1.44250050264187,1,0,"2","1",-0.0469710166395004
-0.729083872712088,-0.16469275461933,-1.10583599467539,1,0,"1","2",-4.01570338770735
-0.920638337511972,-1.67639599024967,-1.78544315743451,0,1,"3","1",-2.72479256882371
-0.503423563082013,-0.317168160037227,-0.177505880252953,0,0,"3","1",-2.20107341188425
-1.85097774279305,0.110830261683338,-0.306207754800269,0,0,"1","1",-3.21128953092295
-0.00927671427516904,-1.29665846144224,0.634207480111808,1,0,"3","1",-1.07236011779493
-0.411920556188631,0.608609993865476,1.28595333489848,1,0,"3","3",-1.82042670841136
-0.783056566399886,-0.738726418798858,-2.11962923820909,1,1,"1","2",-4.17973624061149
0.468548365728607,1.91752472960387,3.25306433764824,0,1,"1","1",-0.112910074582828
-0.131620114721458,0.745094372164987,0.385412021435418,1,0,"1","1",-1.45092088161339
0.232595703733566,1.75462474884965,0.967611391423402,0,0,"1","1",-1.00307290621915
1.7521321590043,-0.483761475085853,-3.39713502314854,1,0,"3","1",-0.908829737367208
2.86981802941087,1.60404386934591,-0.0852194425428057,0,1,"3","2",-1.33198163092505
-0.559745251344761,-1.21558787253039,-1.78947600193838,0,1,"3","3",-4.33221329441531
0.0803177491164565,0.0617254864940049,-0.807015065447918,1,0,"1","2",-4.05847422916601
0.553534740364489,-1.32897975956227,-1.1223781161512,1,1,"1","1",-1.49591139068112
-0.838330964701793,1.9733994850832,0.524978750021853,1,0,"1","1",-2.07543808902085
1.50999860939336,0.219560144377955,-1.3418626753929,0,0,"1","1",-1.49260366817511
0.505171511292325,-0.263029894420794,1.07623971062128,1,1,"1","2",-3.22303156038731
-0.500394385477219,1.95720226902646,1.10532533743578,1,0,"1","3",-4.25523686716709
-0.0185646102811765,0.271880924405535,0.745545112781179,1,0,"1","1",-0.626562376959019
-0.392484914219389,-0.0406539820841973,1.53454153586445,1,0,"2","1",-0.960276329542734
1.37408326050346,0.109406827405542,-0.69458549918843,1,0,"1","2",-3.01171046627915
1.53901790241286,-2.20326283631971,-4.20192643768754,1,1,"3","2",-2.99039924133156
1.31868766923819,-1.54551371863816,0.372002428950733,1,0,"1","3",-3.39209853597944
-1.79521349013564,-0.161309520186306,0.63070621071105,1,0,"3","2",-3.4896136212029
-0.186095554216345,1.56374429774332,0.633753342867183,1,0,"3","1",0.0917398719970599
1.05267322723453,-1.8726395730784,0.383596631059251,1,0,"3","2",-3.56010183897531
1.20641003359423,0.0742096732774045,-0.379565973370922,1,1,"3","1",-0.567720394741137
0.0500247044497916,-1.42387291220713,-1.27114529987397,1,1,"2","1",-1.18877979315336
2.10304210641624,-0.969780287645258,-1.70823856938532,1,1,"3","1",0.334405398808387
0.966823542290794,0.458016715254888,4.43652199953335,0,1,"3","1",0.350625255503745
-0.217849038375252,-0.782591063344223,-2.70338337536843,1,1,"3","2",-3.03849686846227
0.314820776989516,-0.0760497615753089,-1.90308314428486,0,0,"1","2",-4.60844595278813
-1.59659937788577,-0.363695183816047,0.152769761484881,1,0,"2","1",-1.67409969271903
-0.604123707906863,0.173082713881311,-1.91286710293791,0,1,"1","2",-4.75846917079977
0.756427379504359,-0.529101108052056,3.00121438384161,1,1,"2","1",0.013366266520997
1.14215528457261,-0.939136916016874,0.896137070669326,1,0,"3","1",-0.474569571235081
0.722049728794624,2.35574587355015,2.38924006980583,1,0,"1","3",-2.37040875473742
2.94112589239499,0.0740910417354527,1.77749955807304,1,0,"3","2",-0.536183580098667
-0.263910108664335,1.49573134846365,0.799400622714393,1,0,"2","2",-2.39510844570124
0.782580399881959,-1.23508773030465,-0.327523963171118,1,1,"1","3",-3.09246114268634
0.865919472637735,0.22712261803628,-2.66228109056966,1,0,"2","3",-3.5829835271871
-0.123959742553606,-0.889868432650134,0.649257660690206,0,0,"1","1",-1.61960588752447
0.639412101960988,-1.17254738539926,-1.17801550524563,1,1,"2","1",-0.548051493629907
0.188195495586691,0.372192080042823,-1.72505533926903,0,1,"3","3",-4.0636260609149
-0.350302536872692,2.01019018683479,-0.0258388317654537,1,0,"1","1",-0.415674967356457
0.483086463438512,1.11435480541338,2.70882051761764,1,0,"3","2",-2.21986051000067
0.65191419701765,0.861236018427431,-0.874867783316197,1,0,"1","1",-1.27081050649957
-0.836439813752919,-0.460633825963646,-1.12262991217504,1,0,"1","1",-1.82140931673945
-0.689915282385109,-1.22536078889558,-1.78203704541071,1,0,"1","1",-2.61681984112353
-0.709597777640412,-2.5669059284016,-2.02168191508823,1,0,"2","1",-2.4040161008962
-1.11881737390233,-0.287932757382544,-0.226817938927111,1,0,"2","1",-1.66406599928893
-0.664504843250294,1.07052615466464,1.17604211812899,1,1,"3","1",-0.386422134260548
-0.850804887674176,0.666111445802269,-0.562983945675595,1,0,"1","1",-2.22263015972049
0.513697833643258,-0.637399530208345,-3.3316280026052,1,0,"1","1",-2.08974952993009
-1.18494542225929,-0.362452449593113,1.96417255400347,1,0,"1","1",-1.09522465173771
0.922268461792623,-0.0320134564290272,-1.48749093194392,1,1,"3","1",0.0391977139557247
0.163276468903161,-2.2774497515376,-2.96320593989029,1,1,"2","2",-3.49561543192774
0.497550313384695,-0.252320447094238,-0.681811482976946,0,0,"3","1",-2.12289268459236
-1.87572069732724,0.511527184691694,0.137365516570372,1,0,"1","3",-6.21090442112142
-0.0854263462873721,-2.9151346248884,0.508846936500853,1,0,"3","2",-2.9790196199762
-0.273513032119954,1.97887651461905,0.54524735910084,1,0,"3","3",-2.41242314915159
-1.05035791395283,-1.19865707605034,-2.40340212043123,0,1,"1","1",-3.82070249730805
-0.0348870599462096,2.20536395425394,-2.59315749722046,1,0,"1","1",-2.19425583041078
-0.231532817761994,0.174821607111968,-0.41381538893678,1,1,"1","3",-3.60125707855824
0.592310063586496,-0.00715471540088218,1.70870701470231,1,1,"1","2",-2.15317404152653
-0.932425518879976,-1.74587075979855,-0.812128424407334,0,1,"3","1",-1.15787287861133
-0.380126751776122,-1.97736847967142,-1.44702445643706,1,0,"3","1",-1.29723975583862
-0.573472367330608,0.146383591492745,0.724337762775402,1,0,"3","3",-2.22765850421499
1.78369492763118,0.578720700635616,0.000157467959795182,1,1,"1","2",-1.82257495375582
-0.341451578993131,3.95690925593212,2.6002270636683,1,1,"2","1",-0.0376293035402868
0.325474161911492,0.0224965042925999,1.11871911081296,1,0,"2","1",-1.50791253399829
-0.991093233165028,-0.64587529646416,0.325199774284981,1,0,"2","1",-2.0511253258829
1.31819558387798,-0.0235750831913144,-0.283584034262282,1,0,"2","2",-2.14654376789195
2.16574478525462,0.899054006307339,0.396227194600434,1,1,"2","3",-2.28016544170583
0.437765462173148,0.25668239940002,-2.98639640204526,1,1,"3","1",-1.2661225496435
0.666009016152382,0.38522429517462,2.74036560035368,1,0,"1","1",-0.420491430680679
1.61184934595563,2.42792023899051,1.22630414760475,1,1,"3","1",1.58177923566107
-2.47024978053576,-0.0947809666860789,1.47347662502782,1,0,"1","1",-2.04773567418703
0.417756688507523,3.37664421307815,1.95075134283968,1,0,"2","2",-1.87852467982415
-0.364913786165397,-0.0272945457308574,1.03076108524068,1,0,"1","3",-2.84468522228912
0.255549247565909,1.23554637257828,0.0755836091537124,1,0,"2","1",-0.753512530019975
1.34962662477379,1.49897778852154,-0.377029579051835,1,0,"2","3",-2.82500412267173
-0.847269723672435,1.91254508720915,3.01581858224168,0,0,"3","1",-0.576451896010356
1.11195960418961,-2.04944362398632,1.4009417222012,1,1,"2","2",-1.68059598184792
-1.71297719925241,1.29125734573942,-1.13437309882313,1,1,"1","2",-2.92181725520048
1.03027576425947,0.472783799485685,1.52977111260145,1,0,"3","1",0.525442371155993
-0.239187409794247,-0.135427503714696,-0.571062054858001,0,0,"2","1",-1.20497789543039
0.536119908544324,-1.70267157626831,0.636876802347558,0,0,"2","1",-1.13131152615405
-0.0940526817753651,-2.4842799747193,-1.7733262431882,0,0,"1","1",-2.59565171000087
0.343643309630524,-0.970958350851739,1.03180382666497,0,1,"3","1",-0.367378363649838
1.47369855832635,2.21250557717287,-1.21056379632406,1,1,"3","3",-2.59627617250937
-0.264781804724232,-0.225507265382589,-1.93041724723837,1,0,"2","2",-4.25410734399756
-1.69917786215676,-1.41836993482192,0.607715183530386,1,0,"3","1",-1.91661130887447
0.157542103515623,-0.694340890563545,0.495089499167967,1,0,"3","3",-2.8000032312754
-0.750565632387683,4.1969709045638,1.28780829886673,0,0,"3","3",-4.03542183699347
0.246630744696407,-1.90842500572592,0.962174965344398,0,0,"2","2",-3.2269015797945
-1.50078023104535,-0.113446835048602,-0.832084990234516,1,1,"3","3",-4.51791261848894
-0.274342439520614,0.501309702264041,-0.601886760769128,1,0,"3","1",-0.766029359807111
-0.742508317501001,1.09408386305454,2.50081562590301,1,0,"3","1",0.0702935784296548
-0.733134128016019,1.44326045632133,3.16463796073597,0,0,"1","1",-1.69538433234938
1.49698404691057,1.21516925495626,0.876858949078441,0,0,"1","1",-0.918421408988339
0.0290538576502698,-1.77912599651135,0.0513733854166412,1,1,"2","1",-0.744006356895222
0.287800018690991,-0.039840963447343,1.49684358212807,1,0,"2","1",-0.192131948340594
0.68622847124645,-0.490408863792732,-0.63398103982546,1,1,"1","3",-2.82662529165927
0.136377235666448,1.86499549741011,-0.99321014650289,1,1,"1","1",-0.815455304838086
0.150922467276051,2.30860858186897,1.74624331162198,1,0,"3","1",0.0701013966460655
0.470061510958516,0.516514255915704,1.13069060810768,1,0,"2","2",-1.62936864454601
0.900131326234447,0.244981276664576,-2.56590968876119,1,0,"1","3",-4.02296995600907
-0.749710317199788,-0.672726849931432,0.622861470836522,1,0,"3","1",-1.46600369029693
-0.70045292338468,0.473513173518842,1.29315273589486,1,0,"3","1",-0.564985900911369
-0.151737531591145,-2.76843206216842,-1.70349016010387,1,1,"2","1",-2.03535684831713
-1.50483220808471,-0.0331122714222851,1.59514295264195,1,0,"1","1",-1.23472786701973
1.10879951556867,2.24795014358271,-1.78873936598371,1,0,"1","1",-0.567509686882562
-0.865766165546214,1.69405348791276,2.00027619302898,0,0,"3","1",-1.44117768091065
0.76529289532944,-1.26166730127334,0.412147233671684,1,0,"2","1",-1.33661005401271
0.817656481057906,1.34486091075166,0.898066756057913,1,0,"3","2",-1.94303265402664
-0.368359499246661,0.35118255044999,0.972567368437112,1,0,"2","1",-1.16185412140486
1.12837612010204,0.541612791380524,-0.844236799746908,1,1,"3","2",-1.70170590181978
0.691326388228173,3.93963698908149,1.182610013301,1,0,"2","2",-1.99835204752445
-0.0773450597626444,0.0205362462065069,0.685179853120973,1,1,"2","1",-1.04506063724997
0.191640763898459,2.51517769559805,-0.738190691843367,1,0,"1","1",-0.200525396860497
-1.06166686451355,-0.46212434850645,-1.42845615989382,0,0,"1","1",-2.71235851316175
-0.486813211655782,-1.00704907235323,-0.671995643048479,1,0,"1","3",-4.39466618106504
0.978505025491719,1.61614855586623,0.55532334490335,1,1,"1","1",0.683098658857789
-0.908448826258798,-1.9199477072579,-1.27026120331433,1,1,"1","1",-2.65090828406276
1.51229983468434,3.0414739088391,-0.392846069662067,1,1,"2","2",-1.91501188964451
2.10658481884971,-1.04334291904773,-1.05931943531663,1,0,"3","1",-0.0257123923884888
-0.0256614647963124,1.74525981986471,-0.169184634305826,1,0,"2","1",-1.2123754576892
-1.61536577032173,0.506220303216673,3.31993406528929,0,0,"3","1",-0.473534554941008
-0.542612648554491,-1.60813033956179,1.29452596198001,0,0,"3","2",-2.7043227991984
-0.0913336731959624,1.98149629378745,3.00725019327181,1,0,"3","1",0.172867853774243
1.34076351226388,-2.47918201464431,-1.37303163230946,1,0,"1","1",-1.05294924034983
1.36489589163658,-0.656641596951522,-2.82818290951891,1,1,"3","3",-2.90454456804762
1.20521239410789,0.830601215190884,-1.15317240987229,1,1,"2","3",-2.33498311346798
0.951137941026494,1.19001299470249,-0.35772917346843,1,0,"1","1",-0.590311759111733
0.417684179992888,-0.251806723583213,1.2977718760939,1,0,"2","1",0.223497876204576
1.1528494377798,0.705697277741077,-2.33722472544809,1,0,"2","2",-3.7820970973711
-0.678680239483752,-3.2495887120028,0.188912481360196,1,0,"3","1",-1.12149651922724
-1.28838327826268,-1.9689896677683,-3.9661230901454,0,1,"1","1",-3.11670849370877
-1.40106191859401,-0.298742774902515,-2.28791356087193,1,1,"2","3",-4.06778367734347
0.282823250749562,-2.66437400372572,-1.8005156534113,1,0,"3","1",-0.736654939684406
-0.36473711840515,0.34788144831739,-0.386119073584219,0,0,"1","1",-2.30935804909342
-0.975861705795702,0.932223451111455,-0.262417368759879,1,0,"3","2",-3.30135719828751
-0.684684235210752,1.05877100728121,2.62090674622485,1,0,"2","3",-3.00019174048326
-0.924104466725986,-0.459733227364947,1.65827863533993,0,0,"2","1",-2.03323460323245
0.293803064137642,1.55843071759162,1.41981319953965,1,0,"3","1",-0.266003490373343
-0.634855548036768,0.00809755005295947,1.13277504251225,1,0,"2","1",-1.00693414596071
1.93274110479791,0.592174678274816,-1.53144615836093,1,1,"3","1",0.283650365972166
1.81357548058798,0.779524717207364,-1.03018764303909,1,0,"2","1",0.196226098144263
-1.24103273644852,1.97221508237417,2.17957459227883,1,0,"2","1",-0.125686371150664
-1.57504354671923,-1.94128640935822,-0.132011184992308,1,1,"2","1",-1.46908537955222
-0.20979948324133,-1.27650341065768,1.10363662654184,1,0,"3","1",-1.16468060005269
-1.08624575012979,-0.620937677317083,1.8412573322101,1,0,"3","1",-1.30003426259251
0.402026875688269,0.654466964421584,-1.41206618508165,1,0,"1","1",-0.775004229097557
-0.871493321864559,0.925851925004149,0.665233346657743,1,1,"2","2",-2.32160352386892
2.16481913353487,-1.15168558489932,-0.994929532614297,0,0,"1","1",-1.25453053392252
-0.467879864422708,2.22196613759527,2.25847239715945,1,0,"1","3",-3.83706809155361
-0.479601184255877,-0.0377049561712719,0.283421615068363,1,0,"1","1",-1.71643770233461
1.10568822911465,-1.15170624076271,-0.404711484770596,1,1,"3","3",-1.76431910753222
-0.371880881602274,-0.384597077546922,-0.792123103534494,1,0,"3","2",-3.22416605065017
1.22506641210394,-0.812086138068661,-0.987502885372852,1,0,"2","2",-3.82332176334182
0.977497241654138,1.69938240930068,1.38453991423131,1,0,"2","3",-2.43926440488528
0.645022581365242,0.0099286078310087,-0.362193916977019,1,0,"3","2",-1.79661174131121
-0.132955310569235,-0.350046597419074,2.61007097385699,0,0,"2","1",-0.401608531365193
1.33739416366831,-0.444325272405798,0.144133061900263,1,1,"2","3",-2.45245058341527
0.495133568712062,0.919702300445762,1.91950139920763,0,0,"2","1",-1.09298276198831
-0.950387506236341,-0.66155800620318,-2.6770879977433,1,0,"2","2",-5.24759756375012
-0.720210219062395,0.894936121772494,1.8773819040092,1,0,"3","3",-3.07781393540938
-0.7790106182795,-1.03389726248876,-1.23236471578702,0,0,"3","2",-4.2800355882083
-0.49557331730265,0.316434029260486,0.45765881449926,0,1,"3","3",-3.03872532715813
1.42672570484099,1.71720487651249,1.73077586772404,1,0,"2","1",-0.0614000271274819
0.901752972569819,2.90458894982892,0.201554077287695,1,1,"3","1",0.492785334837859
0.172606004665057,-1.55488849124921,-0.763994361307786,1,0,"1","3",-4.9992227972298
0.146682677229723,-2.09407621140217,-3.50180184117423,1,0,"2","3",-5.99433785575437
0.72236723395283,-0.445542722826256,-0.432398433198456,1,0,"3","1",-0.100640094590555
-0.77881330354151,0.10386125800995,1.65880805643788,1,1,"3","1",0.0192138361760918
-1.81717843968541,0.0655416284289027,2.26504571530533,0,0,"1","1",-1.45973917741058
-1.64713456970787,-0.282927533054621,0.751056141734795,1,0,"1","1",-2.61923323964004
-0.482903711900079,0.904680172072624,2.59264223320368,0,0,"2","1",-1.4287071501393
-1.88177756713274,2.93817488353841,1.685596135802,1,1,"2","1",-0.941429092906873
-1.05072232052759,-0.203842784210872,2.68570646640215,1,0,"1","1",-0.477202754208145
1.03748085564943,-0.367796020618076,2.57660078362764,1,0,"2","3",-1.9620709973895
1.30025766848884,-2.58032751255752,-1.35765830774548,1,1,"1","3",-2.50262944113059
1.00840495807453,0.220840051682976,4.64718263190417,1,0,"3","1",1.21603827377962
1.3115620897612,-0.909814307382043,-1.66194054753905,0,1,"3","1",-0.73090504448408
-1.08687067485133,1.52957384673398,0.0583263115851469,1,0,"2","1",-1.60429411966504
-0.518477752196914,2.57784181381757,-1.33092540287783,1,0,"1","1",-2.19588668829823
1.64977706492468,2.59836558547743,-0.429376176943509,1,1,"2","3",-2.644245813699
2.13199985136204,-1.90568539893169,-1.52128907743409,1,0,"1","1",-1.2314030099534
1.15951242504652,1.79588631980966,0.59039955085801,1,0,"3","1",0.00286258335277267
-0.0999437414990341,-1.60945014275264,0.119353040454667,0,0,"1","1",-1.36037099083678
-0.852171893340261,1.34326067502387,2.50729084828474,1,0,"1","1",0.183818960516507
-0.451346512914898,-0.218024300086479,0.87593454842473,0,1,"1","2",-2.27927356812531
0.0134772229132465,1.78987554577128,-0.350841626790477,1,1,"3","2",-2.25653677553435
-0.00893397380854515,0.112057572071667,-1.8657716629278,0,1,"3","1",-1.23528943688495
0.460455361031181,2.37567783861673,1.92342896546319,1,0,"3","2",-1.99269126922456
1.24058763355467,0.569567417453586,-2.26218086363507,1,1,"1","3",-3.34513599691473
-0.560891305248949,-1.92639472857392,-2.89260217578214,1,0,"2","1",-2.25785635455115
-1.20730729531993,0.367173020816132,2.46656735462196,1,0,"1","1",-1.47022678294412
0.249869761814984,-0.621415845939966,-1.59304071122353,0,1,"3","1",-0.548908613072098
-2.37483924261379,-0.516714510116925,-0.0583029005573482,0,0,"3","1",-2.49566106261568
2.07086548527376,-1.00843451220994,-3.73509347724029,0,1,"3","2",-2.95434673467771
1.99153036001371,0.407100480368352,2.68124929040665,1,0,"2","2",-1.06313474910704
-0.736661411300371,-1.00189081241465,-1.25068222921791,1,1,"3","1",-0.573257333610288
-1.76889702144135,-2.35350174680312,-0.840178347974212,1,0,"2","1",-1.81703219420219
0.392743728125126,0.782582549325744,2.42246604739702,0,0,"2","1",-0.441449069270369
-0.293403333107424,-0.396518460732553,-2.7966933523218,1,0,"2","2",-4.90826027902041
1.06779992645649,0.333834166852536,-0.73510259331777,1,0,"1","3",-3.1577233435479
-2.29227297376138,0.730131936703588,1.33436206598338,0,0,"1","1",-2.2540138951634
1.3879526736724,1.79095197462522,2.50063713730261,1,0,"2","1",2.23835848694358
-1.08527529451504,-0.441570612374007,-0.829495056819498,1,1,"2","2",-3.45714992585871
1.4289792213578,-0.391407218705615,0.23128269973079,1,1,"2","3",-3.00848753887152
0.101540396219591,-0.565752389296349,0.242933725083865,1,0,"2","1",-0.751895155891287
-0.338921278982232,-2.71859764351582,-1.28646618008959,1,1,"3","1",-0.304105290762003
-1.44941620071383,2.01578566119005,-1.06240735706313,1,1,"1","1",-1.06219038714018
0.179117035828683,-0.500555080262093,1.02770846728212,0,1,"2","2",-3.18651363648387
1.37005864017187,0.353042002626872,-0.975037697260067,1,0,"3","2",-2.1425141121198
-0.105903749634028,-2.58306622004659,1.71813065699439,0,0,"3","2",-3.02262229930426
-0.465610446034375,0.66155715249636,0.0523301897634506,1,1,"3","2",-2.89368781109776
-0.679852782073762,1.27420455906711,1.43991243622203,1,0,"1","2",-3.43253402393962
1.30929570687671,-1.62226716661589,-4.31357247532675,1,0,"1","3",-4.91792865462292
0.966847066823378,-1.32195161460407,-1.31326918818127,0,0,"3","2",-3.46905942688342
-0.759370494109715,2.12549139629056,2.00697294355732,1,0,"1","3",-3.16897978358199
0.27864817347636,-1.87940952107551,-0.868295648538667,1,1,"1","3",-3.42752069781532
0.757209911507354,1.01236788775608,0.168448386679873,1,0,"3","2",-2.14046903328447
-3.20751852948946,-1.46373233053275,0.956242614942296,0,0,"1","2",-4.73633681487089
0.0897699000692264,0.549420628429284,1.19246555169835,1,0,"2","1",-0.390164095960464
0.409183994384825,-0.292614054308085,-1.47187122653121,0,0,"2","2",-3.69863638625745
0.98948168170666,1.31081300910858,1.8635351507484,1,0,"1","2",-1.6174077090803
-1.09462383785592,-1.73022141724562,-1.55833258706328,1,0,"3","3",-4.21236488550081
-2.02726496493144,-0.325605040934734,1.07796888669226,1,0,"3","3",-4.25377529341346
-0.929610910752738,0.116860297208722,-1.35758677360845,1,1,"3","1",-1.34904584816486
0.852804762212569,1.22875167882929,0.384625789374198,1,0,"1","2",-2.50426115174813
2.36429187084965,1.42743771994766,0.81867834591412,1,0,"1","1",-0.0563032551895879
-1.17804100251121,0.776714740562218,-1.09600278015281,1,1,"2","2",-2.95784165750727
-0.165904062073871,1.33143108887013,1.07727138695151,1,1,"2","1",-0.464095933545156
-1.12543686530191,1.83971673954868,0.603266067674594,1,0,"1","1",-0.382479398475928
0.194584118512422,-0.294617510226271,-0.456870424168476,0,0,"2","3",-2.77610001567907
1.61199458477368,3.45182408508327,-0.339006432814502,1,0,"1","1",0.0380646354029723
0.232597963012121,1.70377675543172,1.04090410303509,1,1,"3","2",-2.06046271853248
-0.774796970287466,3.59312657545287,0.492074021018414,1,0,"3","3",-2.72226756714837
0.0962454266211187,1.20714750298942,-1.160794874115,0,0,"1","2",-4.32626725710256
2.0402845491361,0.734507369496667,0.441580287695047,1,1,"3","1",2.45000830759109
-1.28931693068075,0.525512308583475,0.46366805534234,1,0,"1","1",-2.3751317666899
0.901642560058841,-0.76649892482942,-0.23524424040204,1,0,"1","2",-3.77328000232432
-1.04012236368486,-2.14598316818279,0.933732916501303,1,0,"1","3",-4.76858076170742
0.0576331020178829,1.34050010810737,-0.0362096899989796,1,0,"2","2",-3.76105960584048
-0.224424099466652,0.573035072729633,2.14718053962393,1,0,"2","1",-0.737088776237431
0.650457741692711,-0.479722902310097,-0.707577162498375,1,0,"1","2",-3.68339976108513
1.29342340632899,-1.1797614162716,-0.728328819301334,0,0,"3","3",-2.71023971721335
1.36004963875201,-1.17465339504344,0.303294723403151,0,0,"2","1",0.129892559385548
-0.0658701699086933,0.924283036555934,2.37192090151629,1,0,"3","3",-3.1710132107485
-0.36991420360428,0.828862542389323,-0.403280365570592,1,1,"2","1",-1.39204714392586
1.91275643327749,-0.814127216432454,-0.433723817500812,1,1,"2","1",-0.302688106909287
1.16608567128602,-0.534434469087235,-0.714630371166512,1,0,"1","2",-2.48423561932191
1.80096733897042,0.0844284603104649,0.935435028830136,1,0,"1","1",0.176291061052135
1.80133347424755,1.23113830685583,1.69320309677795,1,0,"1","3",-2.55569618573976
0.988282700341272,0.941097442149638,-0.710744111467531,0,0,"3","1",-1.1444278704959
-0.366239272050339,1.59380087914322,-0.0441948130216497,1,0,"3","2",-2.9333183827534
-0.900017556926071,-1.84892552304108,-1.50509642610275,1,1,"1","3",-5.12947178658957
0.134834864243686,-0.561508035883753,-2.07854560198348,1,0,"3","1",-1.11281550927394
-0.717404678882378,-1.67664574727459,-0.602698516562932,1,0,"2","3",-3.88784722127452
-1.14599956310175,-1.09979840400223,0.219006945268293,0,0,"2","2",-4.38708591295085
-0.939779986634535,1.62048383529742,1.75970144177228,0,0,"2","3",-3.77997900203518
1.71981615790296,1.09990940747876,-0.730089476108746,1,1,"1","3",-3.55519553728684
2.45962828625864,0.590880630676577,-0.120097387959442,0,0,"3","2",-2.64083472894458
-0.669842939061793,1.14390328616621,1.22323446967908,1,0,"3","2",-2.94429562349712
0.874053581849719,0.931905724277703,-1.06420768511975,1,1,"3","1",0.766020629594466
-0.346357773823001,1.24596935981371,-0.140472006290333,1,0,"1","1",-0.94427648828249
0.209450419355003,-0.749461588718688,-0.528979529350132,1,1,"3","1",-0.659956751177975
0.35921843038553,1.42107033195249,-0.0411619673292927,0,0,"1","3",-3.91122340905977
-0.882550536222257,1.45478100709635,-0.404013947817013,1,0,"1","3",-3.8989178332574
-1.65279178904526,-1.0593054479108,2.63589391727373,1,0,"1","1",-1.89689674758531
0.223527574997679,0.720453932334518,1.5411714775982,1,0,"3","2",-2.66367210542263
0.962457486258235,0.870798679175977,-0.174086994493917,0,0,"1","1",-2.15022154215136
0.506954399460552,0.265836203526704,0.601763778199857,1,0,"3","1",-0.983558804373861
0.244471183666694,1.7400793664415,0.985631632200786,1,0,"3","3",-3.68831621387446
0.0546794172923035,1.22351872996178,1.86454618139698,1,0,"1","2",-2.25080079702046
0.433479977380281,2.23090984858226,0.457399621072678,1,1,"2","1",-0.360705393279105
0.219928926711977,2.70988713418187,0.168622675547355,1,0,"1","3",-4.67742696343113
1.68080026801195,-2.08665204841221,-0.351304125600047,1,0,"2","3",-3.02631963816667
0.763972522314797,0.538995566472856,0.702095966040678,0,0,"3","1",-0.191166823404367
-0.455100102255275,0.352613227994498,1.28228941436539,1,0,"3","1",-0.545929156845507
0.554085609603344,0.890907966118512,-0.870789720134398,1,0,"1","2",-5.14048144909635
-0.995233973542934,0.642941715304433,2.38243171595864,1,0,"1","3",-4.48600046989058
0.955067764777337,-2.03676878224766,-1.11986214039948,1,1,"3","2",-2.28956540317747
-0.724866793840945,-2.08420867456911,-1.08619982663231,0,0,"3","1",-2.03312614272661
-0.770592588997383,1.4795195053491,2.62410193162118,0,0,"1","1",-1.24825189969959
0.0181009404055294,2.56854459372217,1.51501874034647,1,1,"2","2",-1.7384348282891
-0.720949219168115,2.76513478345644,2.83111018243345,1,0,"1","3",-3.01188869886585
1.74889846493827,3.52814798409779,0.999236407720549,1,0,"1","2",-1.61301602312328
0.770859093654679,-1.99841155887828,-1.3199057612248,1,0,"1","1",-2.70374011614403
-0.539639355930993,0.355222434177875,2.02824696693131,0,1,"1","1",-0.238806565562296
0.103483625154302,-1.67821363090933,-2.75085391777362,0,1,"3","1",-1.20356005574742
0.152827041032079,2.31625096885827,1.63915967215932,1,1,"1","1",-0.211294459224742
0.824728763996424,-0.643027662569655,-1.95809627549484,1,0,"2","2",-2.71447915173266
0.355479443415131,1.53722366651375,0.895323399122471,1,0,"2","1",-0.192271912614543
0.250251953354458,2.31276354276311,0.685676287302426,1,1,"3","1",0.81566536827194
-0.126707963076872,-1.80114747649497,0.523023996714267,1,0,"3","2",-4.5118779885506
-0.702060295845887,1.30498574206088,2.47136936076602,1,0,"1","1",-0.911725439766202
-0.0975692823499295,-1.59766859656877,-2.00774483780422,0,0,"2","2",-5.07269289580547
-1.11305519212167,-0.0822776207949644,-0.639351892948867,0,1,"3","2",-3.42910329070124
-2.21722929670834,-0.109499573924449,0.00315159653897734,1,0,"2","1",-3.08227267298797
0.876282498664855,1.61916449561898,1.31612825466,1,0,"2","2",-2.67095577078053
-1.41299933681775,1.96046705868174,2.33171806334554,1,0,"2","1",0.278668011236344
0.10667302181935,-0.715423317616415,-0.933898866871767,0,1,"1","1",-1.94812903437795
0.156972606549322,-0.398626214065996,-2.4181625900538,1,0,"3","3",-4.6075492401059
0.505245932003025,0.410604771098976,0.364433398824432,1,0,"1","2",-1.77172481433617
-0.990605813544501,-0.186232665191149,0.107130011942088,1,1,"3","1",-1.44793173722184
0.281730689663714,2.01138312267501,1.50632187379992,1,1,"2","2",-1.86305152340223
0.603950540652705,0.291468949000567,0.562656020199146,0,0,"3","3",-4.23140424093264
1.85098424526398,-0.217899044454961,0.696359843793115,1,0,"2","3",-1.84285071122821
1.12673304845404,-0.447391016596009,-3.13348039025979,1,0,"2","2",-3.3867204490094
-1.66527046934848,-0.449110514834745,-0.60490329961862,1,1,"3","3",-4.2638675062992
0.659659939121058,-0.163852438431056,-0.682194656746917,1,0,"2","1",-0.71633425943992
-0.666939174287627,1.50016673995658,0.492141076810633,1,0,"3","1",-0.970724405878938
-0.371160885450537,-1.39983764987792,-1.32535596982672,0,0,"1","1",-2.47314300411281
-0.911854648221829,-0.699382995175019,-0.90393805175873,0,0,"1","3",-4.6206683999778
1.07763584636376,1.93956318846101,2.04704373635929,1,0,"3","1",0.701772634001312
-0.258890336015828,-0.421450171393774,0.490628586207463,1,1,"1","1",-1.73626393198067
-0.87514467883441,1.15794816661395,0.603173491541102,1,0,"1","3",-3.03916099873843
0.125013096705828,0.632124745771428,1.78804378550038,1,1,"1","1",0.0106791333538112
0.419322901828988,-0.25229223213484,-1.42008085563567,0,1,"1","1",-1.01368507733431
0.914006735936217,2.12857986231273,0.546995568075844,1,1,"1","1",0.0171768768838434
-1.06373710651506,0.361002837798253,2.35652275277428,1,0,"2","1",-0.735096722853685
0.68696610587499,1.04529782900839,1.40106635264465,1,0,"1","2",-1.40586683423918
-0.378361379071826,1.01253654433429,3.14988709141064,0,0,"1","1",-1.08642308234372
0.152411446001956,-1.74873437720664,0.816163643522724,0,1,"1","1",-0.943210106284314
0.0162873061800608,-0.325079781736374,-0.427310897909244,1,0,"1","2",-3.18811602124476
-0.0844458307776457,-3.38840426620917,-2.38217771108519,1,0,"3","1",-2.42637553359948
-0.45246149096956,2.51828824765204,2.84484553562198,0,0,"3","2",-3.82144804041344
-0.398581940521738,-2.41683191518718,-1.84241013708228,0,0,"3","2",-4.25135595332735
0.95342912084013,-1.74940677994869,-2.07726800971081,1,1,"3","3",-3.96419509073581
2.16431779103568,2.14548980706673,-4.00783681087131,1,1,"1","1",-1.04276884529632
0.300148792214696,-0.512676977286899,-1.18406689841051,0,0,"1","3",-4.57807556284571
-0.464693853343182,-0.528542523808472,1.74951694641511,1,0,"3","1",0.384655289056722
0.717079293861837,-0.373766657268832,-1.2799402073026,1,1,"1","1",-0.683757062746232
0.0251079654618887,-0.24217438458751,-0.299634966666161,1,0,"3","1",-0.274276762931496
1.71495649266264,0.738735627961251,-0.990108887491655,1,0,"1","3",-2.74142838961864
1.19769295734003,2.78925002800508,-0.0652662566390425,1,1,"2","1",0.112130310152047
0.0397673413547795,-1.23334888672483,-0.91212375386773,0,1,"1","1",-0.843570305024993
0.597684344252567,-1.28429684484064,-0.13576642877011,1,1,"3","2",-2.35657330486333
-0.38774835773427,0.414556782060419,-1.03308527055163,1,1,"2","1",-0.951971055882888
-0.103134428063632,0.794426513225022,0.653325452552331,0,0,"1","1",0.0603851237710065
0.866251073269521,1.19912579410832,-1.38080148423629,1,1,"2","3",-2.96822297310946
0.234692596775255,0.50267116294102,-1.61783331855572,1,1,"1","2",-3.01111155952807
-0.00797800670191196,1.40521653505349,0.397959557230543,1,0,"3","1",0.11498352983276
-0.221639443246643,2.39115781972861,1.71892075923337,1,0,"1","1",-1.36197773450684
1.01162059739161,1.26656101122922,-0.800100751675281,0,0,"1","3",-3.88007091498349
-1.43024508525917,-0.32356856366573,1.15145180748469,1,0,"3","1",0.0340745058653007
-1.29068219251005,-0.606600537491718,2.22092388453869,0,0,"3","1",-2.01780641157186
-0.895241623261404,1.29646628334914,0.364937945573444,1,1,"3","1",-1.228971632227
-0.312114167365978,-1.45799771021268,-0.190223517421195,1,0,"1","1",-2.58530802161845
-0.0180920478458054,0.987777114578756,0.946296554403625,1,1,"1","1",0.0467493828330168
1.75544738080457,0.656121743751164,0.889918872523514,0,0,"1","2",-3.37455505065451
0.154793990215691,-1.5776928985244,0.0316057220965296,1,0,"3","1",-0.236445069879659
-0.172680759566099,-1.5743179874889,-1.96174492672927,1,0,"3","3",-4.07801542187207
-0.875197217230644,-0.883757097703921,-0.482426218521737,1,0,"1","1",-2.62731150205859
-0.107939926310463,3.28257334710404,0.845878015685465,1,0,"2","1",0.889432658397597
1.05585416970035,-0.597568647245288,-1.09068911423817,1,0,"3","2",-2.2654579644011
-0.766203835427147,-0.226611780479028,-0.283686276014,1,1,"2","1",-0.877297050539268
0.246862126869546,-0.924649408256844,-1.71735488360652,1,1,"3","1",-1.07919908977524
0.92086231047577,-0.706826963361767,-2.40096958541942,1,0,"2","1",-0.888427002880777
-0.44802319753048,1.21666513596608,0.233961316771538,1,0,"1","1",-0.643450845059829
-1.30138033899004,3.5083317283038,0.755444365958656,1,0,"1","1",-0.92180731444274
0.906831385607766,-0.467564807180802,-1.12538355216527,1,0,"1","3",-4.54332425468801
0.0447407439563536,0.637169124335167,0.190153169521759,1,1,"2","1",-0.10750525550559
-0.571703188937414,-1.58538576888866,-1.29330849947022,1,0,"1","2",-4.04324235109753
-0.540985920441895,-0.805557052585933,0.331727790626185,1,0,"1","1",-0.926910029042914
-0.318150035374568,0.845573399136941,0.299598437553289,1,0,"3","1",-0.274406127900254
0.468622766702692,1.38351006916751,0.175332172465104,0,0,"3","1",-1.00851669045598
-1.0688257517491,2.70856140570681,1.63786982854779,1,1,"1","3",-2.09511496806352
1.56190388846929,0.0138320483012458,2.0197464399984,1,0,"1","2",-1.58602173468252
0.0526855786918013,0.328183781933744,-0.512926164579454,0,1,"1","1",-0.785381797620576
0.379063274401007,1.9391114741461,-0.335483027517076,1,1,"3","3",-3.31901512239201
1.28046795551452,2.84953349231781,1.69629795202414,1,1,"3","2",-1.01892313110605
-0.982317178229404,-2.14317405701589,-1.76895188653279,1,0,"1","1",-2.94115130938075
0.18118273458353,-0.448488129167874,-0.520313876221824,1,0,"1","1",-1.87799417512621
-1.33513112659584,-0.515371828026262,-1.33892622254955,0,0,"2","1",-1.6020847420495
-0.139026872732092,4.4833635820775,0.418867777322807,1,1,"3","3",-1.85786184848474
0.488175901402071,0.414565865070776,-1.30854552597074,1,0,"1","2",-2.77924370170124
-0.0340594553291606,2.37325504729448,0.470853246327987,0,1,"3","3",-2.90673724158089
0.629580673313187,-1.04320848520306,-0.142566524499508,1,0,"1","1",-1.06301099618162
0.906343786453394,0.819256097923161,1.57122434295584,1,0,"3","3",-2.09565961693576
-0.677106232176016,0.874514471720761,0.999242341977354,1,0,"3","3",-3.06782783216269
-1.53392855520704,-1.21700056988184,1.8078988324438,1,0,"2","3",-3.36843515406656
-1.2535050057775,-2.24467410146499,1.32796480782433,0,0,"3","1",-1.42308204170809
0.510883674528358,-1.31257152243214,0.520618652412132,1,0,"1","2",-3.13184900929437
-0.89310408785575,-1.58068176825636,1.59173185885216,0,0,"1","1",-2.02881384879315
0.538642224701704,1.97989876027408,-1.00802406926028,1,0,"1","1",-0.856588875411037
-0.380786554093838,-2.14158281494276,-1.47415059958315,0,1,"3","1",-1.41787605357934
-0.501176128815059,-1.88739163870577,1.62513842052684,0,0,"1","1",-1.80972053944576
0.132615738453484,-0.133288647856689,0.501019725441414,0,1,"1","1",-0.748414400477784
-0.275345532943471,0.988148148009536,-0.837913355135619,0,0,"2","1",-2.33844533658018
-0.396125310944608,2.58003190639866,0.920001177340149,1,0,"1","1",-0.870482503548611
-0.607022168084391,0.781952524408638,-0.181315344758278,0,0,"1","1",-1.68671160312849
0.577365135008409,-0.266749455693646,1.1823464224572,1,0,"3","3",-3.22865428108531
-0.0485073684868923,2.38528748739223,0.962877396293674,1,0,"1","1",-0.467597417572659
-0.724473236865387,-2.69490078062265,-0.714803629284623,0,0,"2","1",-1.02480424474044
0.371959265214959,1.06333779092186,1.7545181285829,1,0,"3","2",-2.96594135438975
0.98538266587213,-0.709628696656931,0.0119354684748025,0,1,"1","2",-2.94622914655728
-0.57796670353638,0.0130994229743157,-1.33187636939051,1,1,"2","1",-2.01491656189498
-0.275356184322534,0.842481658223868,3.35729654141304,1,1,"2","1",0.693835194593405
-2.06196334096713,3.14123315133223,0.696370669899522,1,0,"1","1",-0.545381357123723
1.23228109213006,2.78004325864886,0.575959061179178,1,0,"2","2",-1.82902842263126
-0.140562241553479,3.09050970756643,3.138410590969,1,0,"3","3",-1.93022443814607
1.12678717627727,0.574600725573576,2.09703318119241,1,1,"2","1",1.26539304827476
-2.22630685490588,-0.657471305393439,2.36517163474379,1,0,"1","2",-3.94206572612692
0.0410417568312003,-1.82263863583381,-0.0473050305229444,1,0,"3","1",-1.65704987682254
-1.01885627302916,1.68689837373753,2.81422071472526,1,0,"1","1",-1.94294211995586
0.137697545351976,0.620923743548049,1.58184579181873,0,1,"1","1",-1.225265653262
1.30525158282261,0.720460195175429,0.915505698165646,1,0,"1","1",-0.962123720491426
0.840389534848139,-0.295317225724688,2.10822573062651,0,0,"3","1",-0.753537815694175
1.28346923004801,-0.107324727019648,-0.362045959480812,1,0,"1","1",0.1085891742199
0.873122038712556,-0.486452575554952,-0.135243415335984,1,0,"1","2",-1.90112818724834
-0.491697353994054,0.281230295092053,-1.64013388891919,0,0,"2","3",-4.71052927570664
0.958913460255699,-0.391356882407322,0.508829143525832,1,0,"2","1",-1.6060746600206
-0.620135316930953,-0.0282340494024393,-2.23648196475489,1,0,"3","3",-4.85769410438339
-0.682623743253784,-1.92041630555474,-0.529190649365723,0,0,"2","2",-3.61225742812979
0.401794181275436,0.1398928451673,0.127778281784281,1,0,"1","3",-3.41375868641324
0.195057872502197,1.04219278632132,-0.13435883179362,1,0,"3","1",-0.997843797433315
-0.238911832202136,0.463596840225406,-0.220971162111689,1,1,"2","1",0.51296613314683
1.14019379889997,-1.69219810833639,-0.191479087523247,0,1,"3","3",-3.48526566356981
-0.1197484775712,2.89051002356121,2.52223667698042,0,1,"3","2",-0.800823608084682
0.627269572715294,-0.111287952846775,1.10104384441446,1,0,"1","1",0.276874781036546
1.34104714542893,0.672171403611905,-1.74273575271978,1,0,"1","2",-3.07796205997021
-0.391254039162857,-0.987429019246074,1.62360227355058,1,0,"1","1",-0.787577582495869
-0.17230116571113,0.0582821636808195,0.212117248169336,1,1,"2","1",0.806315670899813
0.472130091075902,0.868979286067751,2.6480570748941,1,1,"1","1",0.851140320909982
-1.22129008670125,1.86325383977696,0.604195133292259,0,1,"3","2",-2.19763804972349
0.799315471944084,2.60081263430524,0.634413944710938,1,0,"1","1",-1.15392637616991
-1.34183580069844,0.995904432970775,0.376522512073404,1,0,"2","3",-4.00956423785653
0.243608969935809,0.121413588539834,-0.75733312445653,0,1,"3","2",-2.01827069570899
-0.94361707659279,-1.6488317169802,-1.94357828212174,1,0,"1","2",-4.14545401260335
0.386263126444167,-0.38526501965088,-1.09577434721267,1,0,"3","2",-2.27819969486827
-0.586770090515158,0.680121886506284,1.52056669496046,1,0,"2","2",-3.36702680355722
0.400965248007284,-2.66936314248838,-1.19899640024264,1,0,"1","3",-4.04879040163229
-0.33725450458548,0.390317292597554,-0.988311887587408,1,0,"3","3",-3.8802690832949
0.511323719338093,0.0238402859870748,1.97755829605947,1,1,"1","3",-1.97317700997466
-0.0775131242293491,1.99639577566837,0.697362267610352,1,0,"3","2",-2.68854565982348
0.290390464628902,-0.558090462001146,-2.00332958708396,1,0,"1","1",-2.63395975056571
0.745849536117884,0.85274823847836,-1.15353380861931,1,0,"1","2",-3.25924759044884
0.911304231620328,0.838552554171385,0.565912963478893,1,0,"3","2",-1.89411835902945
0.433824325056875,0.474458835196644,1.19250355639895,1,1,"1","2",-2.46361655369411
-0.179027125002646,-2.03765502411018,-2.76115106177519,1,0,"3","3",-5.44140081471492
0.278171945855423,1.22373395039284,0.206577525131784,1,0,"3","1",0.214785247328546
-1.98051233105754,2.63439869995492,2.10024707591309,1,0,"3","3",-3.15703028925563
-0.213413147610962,-2.38273945235101,0.81796371505235,0,1,"1","1",-0.700329087055055
-0.0649481903387705,-0.351364035442407,0.711037583035965,0,1,"1","1",-0.509156321641179
0.88438226107231,-1.14117498071524,0.997487346456993,0,0,"1","1",-1.00235178532895
1.09158987703982,1.02465615229338,0.554381977486667,1,0,"3","1",-0.365864450773691
0.646919598089129,0.187742498349544,1.26610451123826,0,0,"3","1",-0.568694807739341
0.664428544997619,2.20734003061045,0.58838612724109,1,0,"2","1",-0.290546655796419
0.959511356355914,-0.69826617162418,-1.9576549208671,1,0,"3","1",-1.80391628468078
1.37178604603833,-0.375811142703658,-0.040849421544159,1,0,"2","1",-0.500888700489668
0.577959028881651,2.53249209411471,-0.681935283644783,1,1,"1","1",-0.28287226458945
-0.134740417871284,0.424197610232335,1.80595853608971,0,0,"1","1",-1.802085464572
0.0873628673160883,-2.39204406947803,-3.29623190885833,0,0,"3","3",-4.71462692847381
-1.15219817137129,1.05367845452227,-0.0631795469314683,1,0,"2","3",-4.4262354924403
-0.168777861940037,0.315014437953281,1.01591569638586,1,1,"3","3",-2.31096085987029
2.01501473635616,-2.37772530723842,2.93981293737984,1,0,"3","2",-1.76643959704814
1.57354836564238,-0.982840462423719,-1.03667752502294,1,0,"3","3",-3.36287824175064
0.181943357966295,0.505401717393478,0.194253705143464,0,0,"1","2",-3.81665361724063
0.42853361996358,0.794266162547961,-1.82089125471798,1,1,"1","2",-3.60102447267741
0.167486179694742,-2.36569627679484,1.47090704568539,0,1,"2","3",-3.80426261580822
2.05455573578982,2.77464404704047,1.22064866571012,0,0,"2","2",-1.09038438844833
-1.10836457286372,2.16274728113067,2.15262104824151,1,0,"2","3",-3.04419630282616
-1.46818185895321,0.127479393419197,-2.00466727960352,0,1,"2","1",-2.65794067483475
-1.04967968394923,-2.20586729297032,2.38476703053762,1,1,"1","1",-0.0357420904301134
-0.194547437751072,0.36959666995776,-0.627184965418685,0,0,"1","3",-4.43335511101597
-0.744406135931739,0.799807148724107,-0.892598560037149,1,0,"3","3",-4.27219532781397
-2.13848928284027,1.64620186397323,1.59307987653718,1,1,"1","3",-3.68556664681285
-0.638483916622283,-2.68404646460565,0.821674498099359,1,1,"3","2",-3.4527044937627
1.0608650629884,1.22240552667717,0.401189006886762,1,0,"2","3",-2.40994215544068
-0.408938139817591,0.42369973341984,0.289495912470542,1,0,"3","1",-1.9258469215834
0.4053963471631,0.795555373130405,-1.70036051496901,1,1,"2","1",-0.0982980644221835
-0.906580796036323,0.636832214173667,-0.882234155812478,1,0,"1","3",-3.99602045925206
1.05895199770976,0.286227927924791,-1.48321748570547,0,0,"3","1",-1.91759920416128
0.682252286767313,3.07875811867524,1.4459838344223,1,0,"3","3",-1.05629895788441
-0.328450283009614,-2.99870005699225,-0.0726049900500183,0,0,"1","1",-2.81631352203547
-0.466779033388012,-0.49298106157744,0.279030724480512,1,0,"1","1",-1.16085491241578
0.798305212114547,-0.0235081839910198,-1.86409652403905,1,1,"3","2",-2.62789861123911
-0.979539960147327,-1.66826248984844,-0.42054310527338,0,0,"1","3",-6.07069181163686
-0.0016070220814193,1.35508940275256,1.81200913354054,1,0,"2","1",0.127486936768074
-0.48693312674991,-1.48564941655851,1.88851724061471,1,0,"3","3",-2.57980786523631
-0.901152633082845,1.52655754383766,1.47160158399498,1,0,"3","2",-2.22885607671909
-2.07636186870956,1.34110657737432,0.638894577665506,1,1,"2","1",-0.80748879781411
0.303554937476469,0.325745067465968,-1.00707985971296,1,0,"1","1",-0.531252143817015
-0.037977718928409,-2.75095663954256,0.815874068271981,1,1,"3","1",-0.430295656016701
-0.20057138500837,-0.525251004191092,-1.5750135585511,1,0,"2","2",-4.70895561356302
-1.56850347950452,0.605242238797377,-0.38011895729608,1,0,"2","1",-1.8139847710476
-0.580338193656446,1.47204965800318,0.158777821677059,1,0,"1","1",-1.30359372963057
1.63409214465497,-0.657141415960377,2.31134950672025,1,0,"2","1",-0.800988831449352
1.5708370610973,-1.77740825337321,-2.26494466020111,1,0,"1","1",-1.38416425007466
1.44447348067094,2.46994502467479,1.30153890931346,1,0,"2","2",-1.7253347762464
1.27609095590879,0.419837448080553,-1.7081041353742,1,0,"3","1",-1.83655880866447
-0.00429316362372428,-0.586696363959367,0.0549114432990951,1,1,"2","2",-2.75179967891743
0.505906918878523,-0.714660720952479,-0.281011684256636,1,1,"2","3",-2.90618334388233
0.105707106236115,0.254084740969573,-0.396976080092052,0,0,"1","1",-0.949932610025979
-0.271686803641105,2.41952549416969,0.224899274996777,1,0,"2","1",0.0864430243084058
-1.4979892597855,-0.100583094297605,-0.660067842867103,1,0,"1","1",-1.70942515356315
1.48855517391496,1.68097315945289,3.14216778161884,1,0,"3","2",-0.384544284715971
0.220480073457465,1.5556132213531,1.11961159694212,1,0,"3","3",-1.01313153674599
1.71184446102623,-0.025738939749898,0.623133335891218,1,0,"2","1",-0.170413260160793
-0.331751704467079,-0.0103594730499022,1.03013944387669,1,0,"1","1",-0.830408008814489
-0.124076722057358,0.820828826152792,1.156048319907,1,0,"1","3",-2.97499388325744
0.828917803423659,1.35389888425021,-1.61887334422657,1,1,"1","3",-3.17556037829697
-0.407215623788647,1.89765376610614,-0.858561630373502,0,0,"3","3",-3.11568211514152
1.16281026854397,-0.37476103341605,0.559415399894395,1,0,"1","3",-3.07071990048907
-0.378777939402507,-0.756591699519958,1.89185029071333,1,0,"3","3",-2.01082535891227
1.15965876191724,1.85912575302222,-1.63032845596764,1,0,"2","3",-2.94345566080765
1.4102654634732,-0.898818131885482,-0.65845146378765,1,0,"3","1",-0.0545496925928762
0.50060123750485,1.00351418282514,0.291625805709517,0,0,"2","3",-3.93037602211316
-0.268485123419459,0.460080180034916,-0.926833343574186,1,0,"3","2",-2.62941973936505
-0.660260597433382,-2.99666532153661,1.33437699459104,1,1,"2","1",-0.81452343849141
-0.464706701790307,-1.46255076967965,2.41546024598614,1,1,"3","3",-2.40683183747926
1.2499971703552,1.38971900323838,0.586721689019253,1,1,"2","1",0.322681062262175
0.371519737424456,-0.691636814200547,-1.03969192000751,1,1,"3","3",-2.98534276872257
-0.306136400709902,0.353366338408208,2.87023692020656,1,0,"3","3",-2.17976196472621
-0.872894757801694,-1.89542372722933,0.715596591404443,0,0,"3","2",-3.65262551052699
1.05900391913644,2.23829941857142,0.152996260439383,1,1,"2","2",-1.84622569182622
-0.540358279325777,-0.0807229768428755,1.0189745220022,1,1,"1","1",0.24008436675777
-1.28599760388651,-1.10109465517425,0.689370052151563,1,1,"1","1",-1.43028673542912
0.164204538926078,0.926167864913738,1.93953502296313,1,0,"3","1",1.07657253228176
-0.795059581741178,-1.5057104573638,0.487993554311486,1,0,"2","1",-1.31099738752341
-1.88186079132113,-0.764677831820759,0.127370731820589,1,0,"1","1",-2.9180662683801
-0.663297757986634,-0.0864007401972634,1.07067700277635,0,1,"1","3",-3.10039808025861
0.335106581999881,1.50021927352418,0.126519409668368,1,1,"2","3",-2.71378351921508
1.65230094656249,-1.39624005383599,-3.70066755777678,1,0,"1","3",-5.08891258923759
-0.131021835619747,0.899294147868324,-1.43764393612514,1,1,"2","2",-2.99573619702201
1.57678394577124,0.0236066149014809,-3.96529332825203,1,0,"3","1",0.233662437660148
-0.708977864841062,0.980018211145034,1.66460792556753,1,0,"1","1",-1.70823950105926
1.25859751262411,3.17450632046226,0.21126714986701,0,0,"1","1",0.314543706348767
-0.0845739833961499,-0.0466222999512728,-0.0013049593357477,1,0,"2","3",-3.83098596392637
-0.212315630989743,2.42953457467821,1.40913788294707,1,0,"2","1",0.088257142153372
1.03661680999215,-2.15223787091874,-1.47443504505883,1,0,"1","1",-0.754007107690005
1.73774065126152,-0.208170906351385,-0.791796124971638,1,0,"1","1",-1.19084055241802
-0.957577674990944,-0.371090035344295,-1.07859537779818,1,0,"1","3",-5.80993391341922
-1.81137475327923,0.0805513015416343,1.48229436866561,1,0,"1","1",-1.81023488815502
0.417622367398756,0.610200615456309,-1.23694012622295,1,0,"3","2",-2.61483856809038
-0.797695554740331,-1.85492061654536,-0.056524115260104,1,0,"3","3",-3.16412086362767
-0.224016444130845,-2.50924713579874,-3.62903633244891,0,0,"3","2",-4.12124227328368
0.483282825758775,0.113592213929043,-1.44013748256418,1,0,"3","2",-2.82471457775879
0.412538711773677,-1.94080533913019,-0.524222094159188,0,0,"1","1",-2.16044064294504
-2.78633422834936,-1.2677171551587,0.617988276922285,1,1,"1","1",-2.36035845247168
-0.359871315053821,0.188809391271071,1.56083293458796,1,1,"2","1",0.432272429548293
0.984335898793949,0.331479744302216,-0.816277799563795,1,0,"2","1",-1.12685793955143
-0.383713526523699,-0.0863913704232935,-1.86853037139377,1,1,"3","1",-1.55255439641067
0.103193742645982,0.478876666091426,1.34025660606384,0,0,"2","3",-2.982991540964
1.52781032114231,0.631709873116256,1.17668806009877,1,1,"1","2",0.0152725255975192
-0.919777362830538,-2.43677497600123,0.599961233178005,0,0,"3","1",-1.85797423417506
1.3965040617666,-2.52137703023569,-1.17940924764034,1,1,"1","2",-3.2408003273434
-1.719242009505,0.100002541475221,2.32810647412601,1,0,"1","1",-1.24942363416007
0.0598687181022432,-0.696713431593923,0.621347184645585,0,0,"3","1",-0.919495654036234
-0.568462720731879,-3.60955871585017,1.3547177619713,1,0,"3","3",-4.01246579333983
-0.670991595441888,-0.212741438710478,-1.22542248755491,0,1,"3","1",-1.19766537391854
-0.648657162852957,0.942279767703103,-1.50685528418099,1,0,"2","2",-2.80621736359177
0.215585849382334,0.446174250817859,-0.843559761422154,1,0,"2","1",-1.98316501052337
-0.0317918669515119,1.79601911930175,2.40966310897282,1,0,"1","1",-0.981116379664608
2.1745315929042,-0.380826216360866,-3.65356889248256,1,0,"1","2",-3.24005195312244
-1.87184010968566,-2.31114950225005,-3.20923532606735,0,1,"2","1",-3.15528603791625
-2.39876770951105,-2.66603250130859,-1.18029888492669,1,1,"1","1",-2.86326013044799
-0.388504692878754,-0.706189724663101,-0.643424126175082,1,0,"3","1",-0.260410763800151
-0.874537357275136,0.132984258820216,-1.61234649547239,1,0,"3","1",-2.05691551893706
2.3102471191984,0.37414174321381,-1.82098268957754,0,0,"1","1",-1.71352215151353
-1.2452044657721,0.612184397511706,2.24882987928297,1,0,"2","1",-1.22995323195517
1.22009356935631,-0.38765915550034,-1.5732961836326,1,1,"1","2",-3.44353204662467
-0.675456446401809,-0.823569710614426,-3.19864823718783,0,0,"3","3",-4.33200150470128
-1.28283081411655,-2.39873550186653,-0.226916850861561,1,0,"2","1",-3.64381525353416
-1.48841951193306,-0.0400104263922023,2.13905191870246,0,1,"2","1",-2.10560582844774
2.37555827334308,3.01714341928749,2.75636313361608,1,0,"3","3",0.776469442957829
1.60714193239651,1.91250223658024,0.210858283769939,1,0,"3","2",-2.0397115106889
-0.865907760864252,2.33152818593646,-0.550479107915664,1,0,"2","3",-4.28997226380558
0.0760757945690644,-1.22694142773291,-1.78580871002162,0,1,"1","2",-4.49900547550935
0.338638121559813,1.25528002107831,3.13090945527593,1,0,"3","2",-1.41685297694032
-0.429464082303301,-2.49006134009801,0.544530655919392,1,0,"3","1",-1.57028801819268
0.431852597333268,1.15620416612764,0.277431612633668,0,0,"1","1",-1.34509957531282
-0.387145297578331,-0.238839237483532,0.322801744923841,1,0,"1","1",-1.5489392137904
0.243198851634468,-0.634323903934414,0.865567184315462,1,0,"2","3",-2.84670068595006
0.261647218606489,-2.13772391570996,0.637186172467491,1,1,"2","2",-2.04847292067969
-1.0115135841871,-0.163613540667251,2.05216924855481,1,1,"3","3",-3.11533191718767
-0.308623932868652,0.412606202066024,3.28184042060637,1,0,"1","2",-2.16441460110835
0.0976180848094914,1.09423423560998,1.47047078499914,1,0,"1","1",0.36726916555496
-1.57843929562992,0.0240579150008062,-0.566740836258479,1,0,"2","3",-3.87272810201203
0.21987162865753,-0.638892073504329,-0.173797758033385,1,0,"1","3",-3.75268274136217
0.955884063947887,1.52718220497888,-0.615593706647553,1,1,"2","1",-0.462453582405299
0.318714844827282,0.457248753984821,0.804434308722658,1,0,"1","1",-0.648812235877952
-0.585285287084165,3.1686876900832,-0.292705489031089,0,0,"1","1",-1.57886710384232
-0.781592849395153,1.29947962604158,-1.19938907665181,1,1,"2","3",-3.22195668633456
-1.2053210255249,-1.97485574052918,-1.33078274549468,1,0,"2","1",-2.07275706272498
0.0358331067788416,-1.70604167818262,-0.273571650755244,1,1,"2","2",-3.5624250851884
0.43217375940617,-0.194866258358446,0.614963401860648,1,0,"1","1",-2.16690696231773
-0.0403801209808699,0.766883752625454,-0.860534199958574,0,0,"3","2",-3.30876257704946
-0.206464707772463,2.17756323458885,4.51256412720045,1,0,"2","3",0.409107829321445
1.08874361664712,0.477633202951576,1.91822106509805,0,0,"2","1",-0.177208062743896
-0.636161031914723,-1.50103183956145,0.495605496314406,1,0,"1","1",-1.21069054930488
0.960900113699315,1.28330174660933,2.49408222709089,1,1,"2","3",-0.765290484696202
-0.576563658270515,-2.36366312056989,-3.11811599897478,0,1,"1","1",-3.66008301206376
-0.550418377772237,-3.35059578625625,-1.14330090724999,1,0,"1","1",-2.895399098812
0.962466274938037,-1.75566870987216,-0.859824175704991,1,1,"2","3",-2.78634680966316
-1.47174488243379,-2.3612786224252,-0.496180028660944,1,0,"1","1",-2.55250599866459
1.5433336433796,-1.04770772122539,0.00901495624918336,1,0,"3","3",-2.97011783598177
1.12656845808398,-2.72585457198069,-1.43617346382433,0,1,"3","3",-4.36801325345218
0.694754822396969,-0.413583455536223,0.180523958353137,1,0,"3","3",-3.35861991661602
-0.970874403627336,0.620569038793675,0.479457271261567,1,0,"3","2",-2.1015625956537
-0.122476874565345,-0.245768171074424,-2.0200408102917,1,0,"2","2",-3.04698506945766
-0.656361133383199,2.26838504322054,0.778873650662755,1,0,"1","3",-4.64933384553538
2.14916081702697,0.939942430479645,-0.832990827066656,1,0,"3","3",-2.72745635586159
-0.0664330872990792,-0.650582521771174,-3.99973237714765,1,0,"1","3",-4.61689902392956
-0.74469287272055,0.577948956684204,0.633727143757121,1,0,"3","1",-0.408573713693881
0.360737722821918,1.46547867577405,1.02370556783701,1,0,"3","1",-0.0288081040973968
2.62324657551702,0.261539977908563,-0.379878339455325,1,0,"3","1",0.627012212068685
-0.610645759251884,-1.90745295139913,-1.41757440395583,0,1,"3","1",-2.08131425219219
1.94900365410867,4.94701761745616,-1.90605095548644,1,0,"2","1",-1.06147656400657
-1.21341074915181,1.58162690862175,1.92703645554337,0,1,"3","1",-0.699201259856726
-0.447550904236175,0.225910508800464,-0.324356138616409,1,0,"1","1",-2.23738915417225
0.365721886283766,0.655596032055371,0.328275212208055,1,0,"3","1",-0.322320456757929
-0.0761621037699158,-0.829935951950139,-0.42171001543016,0,0,"1","2",-4.15506042085908
0.957124218832185,-1.32900315984365,-0.968918725006608,1,0,"1","2",-2.97449400165934
-0.329388350255343,1.98344326619356,3.83240338207216,1,0,"1","1",-0.0894938614345688
-0.710735207711315,-0.107453164823604,0.304178173132699,1,0,"1","1",-1.73824502627016
0.661574473218104,0.673138750914771,-0.721328607819547,1,0,"3","1",-1.34104025679386
-0.362043421972777,-0.547276994400791,1.82746864595584,1,0,"3","1",-0.139112254162717
0.272545623797578,0.435444677668185,0.0719632510784143,1,1,"2","3",-1.73086309244555
2.67205076948685,2.1837935846854,-0.979683970214677,0,0,"3","2",-2.1505684550276
-0.517366326720962,4.04881415535541,4.75160951149261,1,1,"3","1",1.95445475117597
1.37663121490384,0.361196619436106,-1.94998728980021,1,1,"1","1",-0.478440145596917
-1.79590213003851,-0.415121574955452,0.86681670923387,1,0,"3","1",-2.43257807958315
-0.29579017638607,1.29165843221924,1.65052651409139,1,0,"3","2",-1.98217785805896
-2.20225984872692,0.48517826971333,-1.03144142335279,1,1,"3","1",-1.63004004658056
1.01204980354187,1.44143608965194,3.04783490333872,1,0,"2","1",1.01808880685312
2.76609607837531,0.455188205748297,1.13020875112379,1,1,"1","3",-0.630468675431116
-0.2584831477934,-1.72814181880649,1.77388070156338,0,0,"1","3",-3.7699929746841
1.02488510079651,-1.55527341535412,0.840716040220576,0,0,"2","1",-0.174073932848386
0.201483649416424,0.86071555997189,1.16253444196211,0,0,"1","2",-3.47859555624989
2.3254682355989,1.44570414162866,-2.138371011582,0,0,"1","1",-2.16411097567123
3.09472580378909,0.333476074283228,0.391536413142687,1,0,"2","3",-2.45506940117121
-2.85112937380223,1.52655370215015,3.97035223302855,1,0,"1","3",-3.91354359805242
-1.11060205917352,-0.033801220380726,-1.64831334303064,0,1,"2","1",-1.03275814090733
1.10004421541772,-0.127675817369083,-0.778637014294556,1,0,"2","3",-3.34106726838703
0.501021244246574,-1.76052865467173,-0.961681327017734,1,0,"2","1",-1.35387561276112
-0.278453609047758,2.14389610839512,0.398361374884294,0,0,"1","1",-0.886801314626341
1.33850907321653,2.25207179098937,1.14328739522765,1,0,"2","2",-2.14902269980172
1.38569587921019,-1.81751391317609,-3.18843176545518,1,0,"2","2",-3.37261610365971
1.40281098125541,-0.686118508843891,-3.63945473004772,0,0,"3","2",-3.03321162745652
0.0263709827283324,2.12794347178082,-0.934704092812291,1,1,"2","1",-1.2370907171353
0.700451745318583,-1.21214231487267,-1.61104684153185,1,0,"1","3",-4.84567913726756
-0.369141313675947,2.03456463367394,0.863870788079848,1,0,"3","1",-1.42500667957845
-0.406746768949966,0.0603455868435552,2.18163050748213,1,0,"1","3",-4.34121334049834
0.827904391038703,-0.726015540763629,-1.71719312134746,0,0,"3","3",-3.47555445501856
0.8027127303348,-0.979264984894399,-0.476150444182617,1,0,"3","1",-1.31422238708372
-0.48774375245692,0.287133307422281,-0.086354624932009,0,0,"2","1",-1.26003451872685
-0.78080879981457,-0.306883420062667,0.174348905546458,1,1,"3","1",-0.31924804230322
-1.72948537067571,-0.313785903839496,1.88120816527662,1,0,"1","1",-1.83693115683979
1.23289398820939,-0.116726247950783,0.387034619043235,1,0,"2","3",-2.08951974890954
1.17748815502203,1.17498030999372,-0.341628512116438,0,0,"3","1",-0.473517327372643
0.218358292897115,-0.273778594714371,-0.923218764665382,1,0,"3","3",-2.36552724076613
0.553395763980323,-0.524102147685954,1.23541634032737,1,0,"3","2",-2.20739534675849
0.0845707091299443,-0.244434344904122,2.02302685707173,0,1,"1","2",-2.83821853452903
0.774260388920708,-1.37514145205398,2.37531851297346,1,0,"3","1",1.90389452032801
-0.626738387413853,1.47079367819622,1.48888713441395,1,0,"1","1",-0.639993167490381
-2.96636416179818,-0.792943660806236,3.01570322618763,1,0,"1","1",-1.53704276462734
1.2164896286559,-1.17491107166077,-2.2559855643466,0,1,"1","2",-3.76409426581652
0.181515174237671,0.487534780388243,1.13417129732608,1,1,"3","3",-3.02755850392347
-0.38894154272164,1.49827825312545,0.394051461258174,1,1,"1","3",-3.17584740577592
-1.8635026139619,0.410206699640448,-0.460266584962372,1,1,"3","3",-4.08850042711884
0.333150853301504,-0.164241214994875,1.07465629789324,1,0,"2","1",-1.01882028423141
0.360361504871809,2.75730389781688,2.9556799048361,1,0,"1","1",-1.27201005950502
-0.588492134595813,-1.32334620724824,-1.20539596844529,1,0,"1","1",-3.40205324960838
-0.66743598275189,-1.29440258174606,-0.354792982746232,1,1,"3","3",-2.41718834458544
-0.917731163903544,-0.381227118093876,1.16201799640879,1,1,"3","3",-2.09912843070412
-1.125579372537,-0.928135479890316,0.00778908424777236,1,0,"1","2",-3.83577296558031
0.720141587502378,0.432458013777906,-2.11396904537773,0,0,"1","3",-2.81175138683872
1.82398677569391,-1.41770399366875,1.4190051854419,0,1,"3","3",-1.78496030286529
0.473020620380945,1.12099524365175,2.78343591829844,1,0,"1","1",-0.75330982916666
-2.14364235457778,2.20616916671498,2.62737931602386,0,0,"1","1",-1.8989172290255
0.823391231763806,-1.36501391597437,-3.39186612900364,1,0,"1","2",-3.52915982088035
-0.289451987853851,1.13018734652583,0.313548746286223,1,1,"3","1",-0.522050094944552
-1.09931740347291,0.322408339961061,0.755051655003972,1,0,"1","1",-1.19091455791282
-0.039142711169271,0.156194978063949,-0.521843468221414,1,0,"1","1",-1.13793413910291
-1.42703486722017,-0.157371024294439,-1.02412199372673,1,1,"3","1",-0.630482953009512
-0.117291019386883,2.02452718510056,1.81158801495883,1,0,"1","1",-0.0095664479405051
-0.319776432263843,0.420704294640624,-2.52153045965422,1,0,"3","3",-3.72018986650724
-0.57264180765033,0.247525641305787,-0.0781705016337819,1,1,"1","1",-1.32248245334094
-2.45681632067892,0.603625668207333,-0.904114428583566,1,0,"2","2",-3.60863562746267
0.14937566883802,-0.0227529688710884,-0.443084194813959,1,0,"3","1",-0.77892923520929
0.837948913946013,-1.93003407722371,-0.142960020478619,0,0,"2","1",-0.948814336999164
-0.144713528165676,0.434206279139187,1.94273479467604,1,1,"3","1",0.67065495387137
0.425994838693548,-0.453730699389682,1.56873409582091,1,0,"2","1",-1.01413915699418
-0.128142696964656,0.817827942180973,3.27795534448431,0,0,"1","1",-0.100968116968869
0.171173657201092,0.536154475898152,3.39925522246986,1,0,"2","1",-0.162844452573243
0.361034477220871,-1.22736908748545,-1.54490758353012,1,0,"3","3",-3.48055440634982
-0.109400669066831,-0.460815162308825,0.154890400057473,0,0,"2","2",-3.82117841130914
1.57330913581752,-0.748052784213887,-2.22429705179253,1,1,"3","1",-0.554416461013625
-0.921564183430573,-1.04983759314263,0.0114709344624898,0,1,"1","3",-4.32431935379532
-0.412589734890468,-0.290517165222729,-1.13343968368769,1,1,"2","1",-0.801942798165211
0.58925065924017,1.37172590029108,2.72335321298434,1,0,"1","2",-1.05823742705322
-0.340001094635606,1.24689278968983,2.62323495473261,1,0,"3","2",-2.03238813506602
0.626715621965553,0.501828546877145,0.671386198667862,0,0,"2","2",-3.84334679846426
0.00386448303340558,0.507813123497467,-1.32827943413921,1,0,"3","3",-4.55884965864789
-1.56521757538991,-2.95549705371503,-0.941381141243533,1,0,"1","1",-2.94152080561582
-0.0690995659492952,0.0781190664026435,-0.510852707238285,1,0,"3","2",-3.00076381451909
-0.39824664759253,-1.51413388825942,0.466010621922546,1,0,"2","2",-3.7018557748291
0.396740723211442,-2.15900899129732,-1.3483772118852,1,0,"2","1",-1.85409692695948
-0.966853539329497,0.120044045036584,-0.54826124737878,1,0,"3","1",-1.89054692701104
-1.01848378747691,1.08990643520585,0.299595306423423,1,1,"3","1",-0.603196814382478
-1.42207912446624,1.1644738997103,-0.740487813267108,1,0,"1","2",-4.1864676469511
-0.628780776934986,3.41649740455681,0.458189313984737,1,0,"3","1",-0.358593103352282
-1.06669271129656,2.95509200588721,3.04643619793672,1,0,"3","1",0.94896491618488
-1.9288256978448,-1.83267594152831,0.119893091309584,1,0,"2","1",-3.43926678815747
1.8150063496586,-0.780726909568273,-1.09412498032759,1,0,"3","2",-1.89788004689182
1.88016044108146,-0.04076327990717,1.18610155105258,0,0,"3","2",-1.92170474514358
-0.625887532616162,-1.12501096283728,0.625033327148797,0,0,"3","1",-2.16408701922389
-1.02422711949372,-0.325389844813579,1.65638732283539,1,0,"1","3",-4.70286224287792
0.692106507071392,-0.618505122835099,-0.75782687400881,1,1,"3","3",-2.58599403913031
-1.03793791648941,0.478787971404246,1.2881721843986,0,0,"1","1",-1.63527620402339
0.643111305691507,0.289807157604866,-2.79232889115321,1,1,"1","1",-1.90169975500554
1.65106902351424,0.82079363313176,-0.309828466505919,1,1,"3","2",-1.40237750887978
-0.79738510183622,0.326574520433084,2.77920607431913,1,1,"3","1",-0.577985069183516
0.309446556011937,0.488081198395501,-0.154776294101044,1,0,"2","1",-0.626847621587577
-1.2846922707071,-1.16194147422177,-1.45232465022404,1,1,"1","1",-2.62456212231664
-0.920279168197956,-0.964122153208719,-1.7702411586492,1,0,"1","3",-5.45431552120271
0.133121777803756,-0.94167597770218,-2.60032133822927,1,1,"3","3",-3.60709386092732
0.843882433860447,0.82598324200753,-0.899512656807721,1,1,"1","1",-0.779726114545828
0.85837358290745,-0.205993311600095,-4.01621057414244,1,1,"3","1",-0.517452024663073
1.20813972934131,-0.150518850726082,-0.0805276557701778,1,1,"3","3",-2.43916953246647
-0.670117417160523,0.846420626118167,0.0842199460532709,1,0,"3","1",-0.664548557186069
-0.870646942440293,1.05052994513415,1.45035002702314,0,0,"3","3",-3.29170710735917
0.410310704588564,1.90037983526728,0.94687808375329,1,1,"2","2",-2.03628112098458
0.884875604938881,-2.17064275109805,-2.56573738837875,0,1,"1","1",-1.33370841271554
0.174075986779544,0.873328050333696,1.90407675246532,1,1,"1","2",-0.945904500434127
0.815730558167987,0.799507951889484,3.33897257438138,1,0,"3","3",-2.57833307758859
1.49148453644133,-0.270651927260948,-0.459882977651219,1,0,"3","1",-0.601419100117415
-0.588897222339914,0.756064856633974,-0.263351850343104,0,1,"1","3",-4.80888226597061
-2.07271037306604,-0.062995820361477,1.09024291824613,0,0,"3","1",-1.58327402865188
1.7458065303124,-0.104852508799925,-0.961880432386135,1,0,"3","1",0.156207767051477
1.44618937602654,0.14169024863149,-1.41218293753522,1,1,"1","1",-0.601244314262994
0.839386668745515,0.441984313299795,-1.19687510405253,1,1,"3","2",-1.63789658765538
0.210861252862925,0.972476602980772,0.318424197492707,1,0,"3","1",0.511047489305972
0.377915416017992,-1.60580953582617,-3.59742074622269,1,0,"3","2",-3.29004605837907
-0.20140346003627,0.587125795757404,1.21454684127522,0,0,"2","3",-3.68474014397114
-0.760559419008592,-1.40104501437977,-0.10048675434481,1,1,"1","1",-1.71878014013869
0.329216711126829,-0.878727271583853,-0.411463235342295,0,0,"2","1",-1.06220308078141
-1.84897833518146,-2.76268263318174,-0.820616995537633,0,0,"2","1",-2.60093647486308
-0.319060909722258,1.0063244005534,1.1748993463347,1,0,"1","1",-1.78640904486038
0.381017110330743,-2.69951198831064,-2.4398620201562,1,1,"3","3",-3.64410605255978
-0.435999366160328,1.7783559399668,1.74831048856757,1,0,"2","1",-0.395812310575753
-2.48381592477231,-1.81822994997216,3.32216932875632,1,0,"2","1",-2.02710819242855
-2.02113650837808,-0.184330736091787,-0.544177660218876,1,0,"1","3",-6.80718912911428
-1.16256643524314,-0.071240586475677,-0.04603875102177,0,0,"1","3",-5.84797289467768
1.11264303896429,0.875208594784206,3.27340260771387,1,0,"2","3",-2.4621655071845
-0.711248988065401,0.0244213145075454,1.37863109900375,0,0,"1","1",-1.11691994143403
-0.0286177597179097,0.701009338737311,0.499137437539517,1,0,"1","1",-0.782366211268124
-0.0860994439970916,0.809360701881324,0.1396787996742,1,1,"2","2",-1.57269184604029
-0.403112751442239,-0.580701756166,-0.434078436912561,0,1,"1","1",-2.96995861637958
-0.284546264601139,-0.382695168010063,1.61380951424391,0,0,"1","1",-1.21108917058124
-0.179188323881117,-0.677410076204936,0.202201856057863,1,0,"3","2",-2.51825569026384
-0.134925877933556,1.33251147951202,1.02369805025083,1,0,"3","1",0.54365725623705
1.98281878545861,0.0268430514713472,-0.557964317727718,0,0,"2","2",-2.24318881802817
0.112400626496669,0.190549671056763,0.545231774635155,1,0,"2","3",-3.62849303564286
-0.368027790323414,-1.15979862901345,-0.490068011588277,1,0,"3","2",-3.54695512280712
0.00991671597076051,-0.0433645444595277,1.43088333428625,1,0,"2","1",0.147981257642428
-1.31525086659806,-0.504181329925828,2.806502429322,1,0,"3","1",-0.691428275312523
-0.482162354994193,-2.00571625002217,-0.71177416036291,0,0,"2","1",-2.35405375770836
-0.170517554263713,-1.82073556279894,-2.98693793206737,0,1,"1","2",-4.86913557213135
0.983796174887692,0.989452186642016,0.166248729650253,1,1,"3","3",-2.28523081004992
-0.623336631458687,-0.709251693345164,0.895945066830501,1,0,"1","1",-0.735249230031041
-0.631049102723326,0.393109252649358,-0.0840359166906101,1,0,"3","3",-3.82174597331252
1.18795145676483,-0.745880470281724,-0.81597402938116,1,0,"2","2",-3.00265754875226
1.38654652818307,0.673373836609456,-2.61595940846489,1,0,"1","2",-3.54137069072145
0.482074204668021,-1.41808748597577,0.779007882177201,0,0,"2","3",-3.80099954087255
-0.217836600844936,0.321983161359987,0.602426306445927,1,1,"3","1",-1.31181283247025
0.853216712277711,0.0304769603505395,-1.46297222816528,0,1,"3","2",-2.09802085046532
-0.0284632121949574,-0.801150926052155,0.61575466340782,0,1,"2","2",-2.86397278916676
-0.186298569326721,2.79348779354766,0.355535048800269,0,1,"1","2",-3.22196820771557
0.278606073271253,-1.97309752492308,-0.247715158352237,0,0,"3","2",-3.17420857340271
1.40712755454477,1.03579959008893,1.8143751135884,1,0,"1","3",-1.84654419212782
0.287637745321794,-0.353021920664751,-1.75729090263213,1,0,"2","2",-4.38934593605759
-0.631298282575445,-2.02207423904331,-0.570524297771613,0,0,"1","2",-4.6020228793886
0.444432999209746,1.43563598677687,1.11436451307754,1,1,"3","3",-1.80699565374638
-0.569762141602016,-1.61441057493939,-2.20373320483905,0,0,"1","2",-4.8963295460342
0.996971811299363,-0.630623551193632,1.62976106095987,1,0,"3","3",-2.6492139456784
0.374715149793463,1.6684729194025,1.28950917177983,0,0,"1","3",-2.40374304009701
0.398605767926917,-2.99213217172707,-3.13606293348918,1,1,"1","1",-2.33007238716302
-0.795303945008845,1.37086344039129,1.55681054960804,1,0,"1","1",-0.94282947041183
-0.87183227239717,2.38702123661275,-0.3131459128867,1,1,"2","1",-0.468287383038987
0.348294464643188,0.852764754411885,0.79492367475926,0,1,"2","2",-2.95702832895968
1.1976894354656,0.619078631556851,2.12472075538591,1,0,"1","1",1.8812611704007
-0.0136257485229442,-1.88367417491474,-0.042859138592223,1,0,"2","1",-1.02760276152016
-0.835427388826481,0.0708732081265984,1.53266189652088,1,0,"2","1",-1.30330331793025
0.766954373976817,0.860160860384122,-0.121068975662578,1,0,"3","3",-3.27289102356265
-0.00813886891029754,-1.64082911922752,-1.62734177079715,1,0,"3","2",-3.85285534771738
0.699265752735172,0.900423053440074,1.20948015090581,1,0,"3","2",-2.0718463885685
-1.19649431361651,-0.651026157458916,0.836578668139453,1,0,"3","1",-1.31319596590292
-0.0799777406237108,-1.91632964999973,2.23648756380474,0,0,"1","1",-1.97345295154862
0.389892632402215,0.196878483565455,0.158239927549177,0,0,"1","1",-1.25343273805305
1.07369621498552,0.431990307147415,2.78844466496103,1,0,"3","2",-1.35704238995399
-1.41881091388034,0.459778996655436,-0.363689378560994,1,0,"1","1",-1.41302597482511
0.44412418029518,-0.1449032532291,-1.14420730520772,1,0,"1","2",-3.24077514522814
0.178267635696027,-1.1589592625348,-1.57684169873927,1,1,"3","1",-0.0213433768531656
0.525577666752025,-1.37474888228001,1.45086742256554,1,0,"3","1",-0.903138280473321
-1.52519413961752,1.08213731243066,0.955184842365301,1,0,"2","2",-2.72187483321863
-0.412928491808445,-0.458844028235719,-2.3529839923017,1,0,"2","3",-3.98827306846197
-0.759005243345867,-0.211251930986852,-1.25728332693997,1,1,"3","3",-4.18553650754658
-0.356034445686457,1.312906172789,-0.556982779232784,1,1,"2","3",-2.1401722220694
-0.0984736917290127,-1.23657840305985,-0.880362587886881,0,1,"2","3",-3.11652420271169
0.795581334387861,-0.0688866354211348,-0.245817666992452,1,0,"1","2",-2.74736863367076
0.26148072582879,0.866040205892005,0.677255574763481,1,0,"1","1",-0.794260633516743
1.00084648337167,0.83961100869789,-0.496148691903317,1,0,"2","2",-1.21667946182035
0.843684373741593,0.938372205506142,-0.471294757289237,1,1,"3","1",0.620320135614032
1.78822778593793,1.11540242813036,3.29903509396526,1,0,"1","1",1.56537468189156
-1.03746444563779,-1.31880334423792,-0.274825370070908,1,0,"3","1",-2.31503932097881
-1.103858232837,-2.06826481776212,-1.89011376378273,0,0,"1","1",-2.96045054806796
-1.37032392426667,1.8064317791328,0.762691101378017,1,0,"3","1",-0.639460089927433
1.30495503383004,-0.215603997337412,2.07276583508222,1,0,"3","1",0.319195045275824
-1.2393078251474,-0.554376362481231,-0.305399811265369,1,0,"1","1",-2.08486674046392
-0.880877638069816,-1.5233724257453,-0.765350779045845,0,0,"1","3",-4.22911222292711
0.278312825355292,-0.274948724816513,-0.955295837414266,1,0,"1","3",-3.81431549373201
1.54697743397375,0.0723374762430773,-0.484057438621451,0,0,"2","1",-0.712604426624171
0.195182369927399,-2.62507697864909,-2.77859681462415,1,0,"1","3",-3.94882991365344
1.08395945764845,-0.102201013840196,-0.553960273481979,0,0,"1","2",-4.25198400066677
0.482149364020624,0.908683469310485,0.767696163799404,1,0,"1","1",-0.537341360075778
-2.20602564351181,-0.281194484781048,-0.519706127525133,1,0,"1","1",-2.94303987936894
-0.542050115509196,1.16864127735259,0.853236228668026,1,0,"3","2",-2.41272149063832
-0.48647520190904,-1.20980190572702,-2.59442301903133,1,0,"1","1",-2.79699563326329
0.013572534259748,-0.410695427680694,2.58938952849851,1,0,"1","1",-0.482755270797409
-0.0280142060391091,-3.22848498140524,-0.392409865444451,1,1,"1","3",-3.77129171256319
-0.633543344146733,-1.49904059936743,1.39421518479511,0,0,"1","2",-3.93853864848397
0.242799731112237,-0.1088317931204,0.407900580946864,0,0,"3","1",-1.00349216875849
-0.11943539299029,1.7921674426949,1.42650645531122,1,0,"1","3",-2.46208091728592
-0.0445900539604326,-0.867811955200859,-1.72880854635179,1,1,"1","1",-0.996409920334664
-0.771584776129074,1.01443475859406,1.22923724661497,1,1,"3","1",0.505054382835795
1.74328653687486,0.289542201696075,-0.497599088312804,1,0,"3","2",-1.15524860291385
-0.202377706682945,0.570326006167042,0.887365200291341,1,0,"1","1",-0.742977320995459
0.846388653368609,0.959294729000691,0.29653052345072,0,1,"3","1",0.0568727951110559
-0.591787111781207,-1.11783487076692,-0.02272484425914,1,0,"1","3",-3.79593999155952
-0.528906063540815,-1.32079701879512,-0.0844196272271109,0,0,"1","1",-2.67880348097101
-1.12609675701053,-0.609678842213697,1.63222683595881,1,0,"3","1",-0.992432190599039
-0.837814196549334,0.591238861314138,1.97610730043627,1,0,"2","1",-1.65531549725496
-0.241047547379886,0.94726761064302,0.693931978618309,1,1,"2","1",-0.69623384652057
0.182510622332286,1.45881527582068,-0.176080895207442,1,1,"3","1",1.76460723687053
0.916109061302238,-1.23300488424444,-0.104717712489512,1,1,"2","1",-0.424105229845883
0.786472109263341,2.56043736905791,-1.11398747302849,1,1,"1","1",-0.809384084287856
1.86311316570979,0.0288729765567197,-1.31262875607981,1,1,"2","2",-1.39857222350727
1.1624779243917,-1.11570116196119,-0.23280215352879,1,1,"1","2",-2.25912567743987
-0.489643786289129,-1.00310156660393,-1.14345229278942,1,0,"2","1",-0.548656984737444
0.768491216950546,1.08159330816298,-1.59700274094513,1,0,"2","1",-0.31937594979869
-0.0803943581551428,-1.38477209856544,-0.99316332872368,0,0,"1","3",-5.19070621192358
-0.0184743652553254,4.12160606400269,1.95912803043788,0,0,"2","3",-2.72381778647777
-0.673767141274211,-1.4267216696791,-0.98615881195337,0,0,"2","3",-3.95986478623872
0.34291277540447,-3.49682772942419,-2.09391009906961,0,0,"2","3",-4.96314482305343
1.8262380378639,2.18200875220028,1.78770665982053,0,0,"1","3",-3.10346998062486
-1.47952075397225,0.833544315418207,1.77215230937079,0,1,"2","3",-3.70346128683502
0.613130717177858,-0.347358711417123,-2.08136958696084,0,1,"2","3",-4.39524935342659
-0.0236554432738132,-0.630787365725791,-0.119471474557458,1,1,"1","1",-0.841564279381275
0.521671935109953,-1.16817429843524,-1.42651960817716,1,0,"2","1",-1.91845515543405
0.86990475243432,-0.124889145236661,-0.237334800613878,0,0,"3","1",-0.875452856357296
-1.73869377752049,-0.895175818816799,-1.21376439772756,0,0,"1","1",-3.82046830951946
-0.274910187932364,-0.0877485824633938,-0.461793823051051,1,1,"1","3",-3.47839345922381
0.0131763621123031,-3.39376050612513,-1.14659998817846,0,1,"3","2",-2.77118835259808
1.74981267617056,2.33177702667993,-0.869023768249515,1,0,"1","1",0.138000103040858
-0.190170033015312,-0.850699467864423,0.126033292903145,1,1,"3","1",-0.74349887507129
1.14895722658799,0.227931809440794,-1.52821296341825,0,0,"3","3",-2.75493930631474
0.220738744902215,-1.08791009283126,-3.12213081629738,1,0,"3","1",-1.8427458509517
0.998792970909254,2.88744335527418,-0.354145425939943,1,1,"3","3",-2.07003813501556
-0.561205194554652,0.00334856107165666,1.80127421204166,1,0,"3","2",-1.62050114773761
-0.234574055421256,-0.0281368295055041,0.874842725290526,1,0,"3","1",-1.16528008540721
0.402819532917137,0.187587717851587,-3.38723759195618,1,0,"3","1",-0.681869291130002
-0.140300473768663,-2.52062480817498,-1.385402727586,0,0,"1","3",-3.99839327627137
0.688673448202216,1.72164852550546,3.18607343207175,1,0,"3","1",0.259406768268837
-0.394921360068416,-0.519939390708525,-1.07357279151126,1,1,"1","1",-1.02109138637143
-0.23952515397869,-0.899185773169328,0.775379895241447,1,0,"1","1",-1.17098419126193
0.482601197587567,1.97261885337071,2.80794224814985,1,1,"2","1",0.332438755021888
-0.179916492020159,-1.93152281197493,0.512213582459282,0,0,"3","3",-4.2109370014602
-1.4518379876675,-0.423593820334571,0.987072470368744,0,1,"1","1",-2.15563288463443
-1.54952614017806,0.685058270127711,-0.580268388285406,1,0,"2","3",-3.92286623668312
0.933657292202376,1.83720339557501,0.161899579751116,0,0,"1","1",-0.817131113549451
-1.51163264513462,0.169469986749434,0.374475438938714,1,1,"2","1",-0.569712079787734
-0.301525278785941,-0.71809709607307,-1.745436150318,1,1,"2","1",-0.0496309573971038
0.351690461027185,2.19469532421122,0.979650309537454,0,0,"2","3",-3.37351193176454
0.228753276101529,-1.23830807238903,-1.40871557982352,1,0,"1","3",-3.27066717399284
-1.12602282345179,2.55446530905734,0.184806999736954,1,0,"2","1",0.0879170498701127
-0.965869756394327,-0.655081844255842,-3.44270391936132,1,1,"2","1",-2.81382388461806
-1.18604906638276,0.495361373779364,-0.483839404563881,1,0,"3","3",-4.93246881214662
0.869750402038205,-0.135338178506221,-4.42686955462955,0,1,"3","2",-3.4224852943183
1.43812779368649,1.71083185892515,1.79092249103628,0,0,"2","2",-1.57193132776499
0.606369475253548,-1.62650566726666,-0.592737188086589,1,0,"1","3",-3.77575165150212
-0.484330862927069,1.27652016307976,0.882668912678971,0,1,"1","2",-2.83593884259649
0.652220049758613,-0.931242452925679,0.551190209465238,1,0,"1","1",-1.10469244700789
1.03704448169716,1.12465000496506,1.6144113090979,1,0,"1","3",-2.41075052032518
0.0774306301237404,0.109492739907095,2.2162442270142,1,0,"3","1",-0.879152958726793
0.2441176172258,2.22146216855182,-1.21960725764936,1,0,"1","2",-2.86526415612927
0.111773803018478,-1.82592291337874,0.659696433310041,1,0,"1","3",-3.69314307400426
1.59599271812273,-1.07375029246958,-2.55262635192125,1,0,"1","1",-1.37525438668175
0.112193308042565,0.778479382380407,2.03060889642299,1,0,"2","3",-2.73212980500728
-0.900855278462714,2.08107641625992,2.22065399352405,1,0,"1","1",-0.253284792377187
0.0449353288908198,1.14189552454389,-0.411753469299165,1,0,"3","1",-0.297988478748014
0.479373951070734,1.44297898655088,0.515822880668377,1,1,"1","1",-0.121622371713287
1.24085078098258,1.51346223380365,0.110847429196832,0,1,"2","1",0.24791362302819
-0.752502616570706,1.13685122217415,-2.8457088615127,1,1,"3","3",-3.33332159120082
-0.453136540346126,0.92872694801858,-0.129860068183968,0,0,"2","3",-3.50985074377457
-0.591233248760745,-1.39794758891322,-0.820496102595129,0,1,"1","1",-2.03507432377767
-0.906992972108775,-0.722481212882239,0.00574353930484071,1,0,"1","1",-1.93554309284169
-0.195641516725966,0.770846668070589,-1.51361963789643,1,0,"1","1",-2.23238814159589
1.61726138320557,-0.213143909571236,-2.54658114797457,1,0,"2","3",-3.338658093275
0.312954180003797,0.717230566116912,1.10936359027727,1,1,"3","1",0.219968877947214
-0.281030623021454,0.565493932270602,-2.6795684982724,1,1,"1","1",-2.0128890169381
-0.0681947001580819,0.757459839544365,0.222410712477819,1,0,"3","3",-2.76135409521655
0.6794379279164,-0.347604327391512,0.574345838946872,1,0,"1","1",-0.529054918153358
-0.804716185560377,1.78238009938735,1.23554596968361,1,0,"1","1",-1.70630027885443
1.15323278194093,1.37349871212881,0.895240219122068,1,0,"3","3",-2.36672315103975
-0.398880803987695,-0.319588211731582,2.608052634525,0,0,"3","1",0.0925645714038632
-1.09312917950787,-1.05366345036775,-4.50093962083891,1,0,"1","3",-5.67365715748383
0.259432314748746,0.805278674541122,0.685791079695949,0,0,"2","3",-3.72587138261978
-1.46198421250986,-0.802530327003519,-0.183666533559142,1,0,"1","1",-2.18365826487688
3.56131559442299e-05,2.81588943741678,1.45883546976297,1,0,"1","1",0.941378508685378
-0.0681580985001047,1.03695257641471,-0.0781793213333429,1,1,"3","2",-1.7863227117481
0.204739056566369,0.996636879886223,-0.0758699974286264,0,0,"3","1",-0.789315164324769
-0.354802713316545,-2.00965620280917,-0.743645242444251,0,1,"2","1",-2.18270985706924
0.794326987504616,-0.816161334260084,-1.02823671298507,1,0,"1","2",-2.29589154042696
-0.630768728762777,-0.0933850091134947,1.91869068820428,0,1,"3","3",-3.09734344632514
-1.20702387688501,0.956779404323731,3.88178886349882,0,0,"2","1",-0.942309772230595
1.09116759550007,-0.453833319793367,-1.41372061299444,1,0,"3","2",-3.4803632475943
0.312431465350942,-0.450945199898832,-1.13998236169217,1,1,"2","2",-3.01322813845914
-0.582999635944968,-0.945848353426656,-0.507083395785324,0,0,"1","2",-4.41544782702876
1.28912427832715,-0.14146174372283,-1.02531017955806,1,0,"1","1",-1.24311406768642
-0.00394257420927964,-0.811493856058056,-2.39932090703288,1,1,"1","2",-3.78849800641922
1.19826426907001,-0.529149708434529,-1.02173476779146,1,0,"2","3",-4.13599397867884
-0.33704579975513,1.16394648073028,2.65388167825626,1,0,"1","1",-0.491865445027112
0.892040596459935,-0.970677964532843,-1.74135856343967,1,1,"3","3",-1.94181536081032
0.444430176742305,3.65504236704697,2.22931880992062,1,1,"3","2",-0.855852513821041
0.783465471363145,1.0819352728654,0.277933052485128,1,0,"3","1",0.292602061675705
-0.333512907596112,-3.02108198505512,1.49768128563298,1,0,"1","3",-3.69689249929283
0.394574640339194,0.911025469910429,-1.42177965579655,1,0,"2","3",-2.9473189894831
1.94693120881922,1.51662005985294,-1.24312188481963,1,1,"2","1",0.483517311548836
0.564477175675121,1.34070530365621,-1.77118176339714,1,0,"1","3",-3.90331430022235
0.0115086153493702,-1.84377666780151,-1.45619170615872,0,0,"3","1",-1.7993241867064
0.450186664302982,0.323754271208928,-0.981676572484315,1,0,"3","2",-2.76167063746055
0.624861896073318,2.09802971753481,0.240217101468218,0,1,"3","1",-0.217366416619933
0.690056294226793,1.06820603910909,0.385324378683295,0,1,"1","2",-2.41353377015007
-0.191954876057218,-1.81252665013605,-2.08646003893316,1,0,"3","2",-4.06436648055763
0.854612031476218,-0.317075441220298,0.861792460524697,0,1,"3","3",-2.19399830951676
-1.7831125593898,-0.0582397569527036,0.500749517936391,0,1,"3","1",-1.93754304545208
-0.0356882426805341,-1.63462810647046,-0.645819488933699,1,0,"2","1",-0.681848538204829
0.380460656857361,-1.42045111252533,-3.05328982184709,1,1,"2","2",-3.45546330513064
1.4888128601697,-0.137120399074308,0.259292748958713,0,0,"1","3",-3.64395859113372
-0.677790273477281,-0.553895512542236,-1.23189151041412,1,0,"3","2",-3.42781200895716
-0.490099473571513,1.11095808033225,-1.28208489790356,1,1,"2","3",-3.17859026568147
0.213016381609469,0.0652746146612243,0.175256454838601,0,0,"3","1",-1.11839704852625
0.396393455804086,-0.759947074879088,-0.203402905701709,1,1,"3","1",-0.0531285566661783
0.65426380919013,2.31053369715101,1.12279688980104,1,0,"3","2",-2.063145040647
0.799034844419876,-0.00725996606872742,0.823344529095007,0,0,"2","1",0.40425660660896
-0.498772696008388,0.397912737388418,1.81313316483152,1,0,"3","2",-1.86950927204767
-1.18884614371856,2.28894944946329,-1.38912994410808,1,0,"2","3",-5.18162615168164
0.6181734967434,-2.28530418896536,0.0945184419713949,1,0,"1","1",-1.57781550602021
0.641691492733345,1.58277644552307,1.91090376538238,1,0,"1","2",-2.54799028345606
-0.386057118449077,-0.874482435366409,0.325936902704987,1,1,"1","1",-1.80195744806752
-0.29183243535018,-0.165585290291958,0.34114003494238,0,1,"3","3",-2.92665383704604
-0.932936072630949,-3.32434097228648,-1.30904305228196,0,0,"1","1",-2.27981418029719
-0.790883570186285,0.629248586980559,-1.26141582153609,0,0,"1","1",-2.21464901330586
1.45178906546211,-0.180261792589208,-0.512929402226849,0,1,"3","3",-3.03423048744414
-0.336651928471028,-1.2332396138999,0.0524313828273602,0,0,"1","2",-3.64686334156968
-0.303783772814459,-0.0204483243506319,0.510727573092683,1,0,"3","1",-0.652470147817867
1.03303158170992,1.63336768731223,-0.125569403551591,1,1,"1","3",-3.42946022996615
0.110336751183284,0.369854076366487,-1.17239457988534,1,1,"2","2",-1.96378447854989
-0.231051867145258,0.072131604461525,0.751011437522207,1,0,"1","2",-3.4412499640827
1.36870238978886,0.393647568863097,0.847803889533439,1,0,"1","1",-0.936734052563927
1.49502089693388,-0.40934913940877,-2.795122306322,0,0,"1","1",-2.2129435587242
0.898816225632737,0.242327376523764,-1.73677309792458,0,1,"3","3",-3.02618410769231
-0.425182327317194,-2.35400991743675,-0.606650387748543,0,0,"1","1",-2.15262915571423
-0.116504947063476,0.403216323735773,-0.312828180526518,1,0,"3","2",-3.00262839362448
0.896474157212619,0.370164235625366,0.40285121301133,1,0,"2","2",-2.58052593801942
0.397835634465714,-1.13881254039808,-0.0320130590525431,1,1,"3","2",-2.64514594587428
1.29663522967684,0.692093304944103,0.581751419677771,1,0,"3","1",-0.65228212268319
1.449347399911,-0.634011984266161,-0.0936055602937041,1,1,"1","1",0.41629219274026
0.62626295152591,0.629720242746789,-0.186536327079348,1,0,"1","1",-1.07292696479362
-0.692931699819729,0.0036463350598202,-1.31415867510736,0,1,"3","1",-1.62019568326436
-0.876506596644722,0.516039033745854,1.62204720850861,0,0,"1","1",-1.76778062045462
0.916339405627547,-2.59726187831699,-1.83319640244426,0,1,"2","2",-3.08752769719879
1.9388985713049,-0.0838536063002429,-1.1068185468055,0,1,"1","3",-3.14338720456115
-0.191192389240596,0.983187489723025,0.0389923821536092,1,0,"3","2",-3.28861284684596
0.906652460297279,-0.644394080011235,-0.989767351904635,1,0,"1","3",-4.31012581025175
0.637261837878311,2.75227180334833,1.38662614722076,1,1,"2","3",-2.52182840109925
0.144764610689822,0.175324936722848,-0.740868116464493,1,0,"1","1",-0.498772352408715
-0.277279543857292,2.0038545574458,-2.65241598433711,1,0,"1","1",-2.69891103947415
-1.53069332407108,-1.45814184560033,2.37749497754052,0,0,"2","3",-4.72087820051177
0.173828486723418,1.11731676669098,-0.631385923076133,1,1,"2","3",-3.08323261067208
1.66218634079824,2.44034272127021,0.660066894821069,1,0,"3","1",0.640485697699833
-0.370908174063442,0.0690740636651208,2.13400070588461,1,0,"1","1",-2.30065804182521
-0.674030187064271,0.806047930218352,1.42364798879871,1,1,"3","1",-0.752508580750238
-0.425265935241622,-0.255355638422925,-0.0328383060372847,1,1,"2","1",-1.5774082644177
0.632173676229102,0.839856096314986,1.2214909905748,1,0,"2","3",-1.99699624393282
-1.1500410756026,0.27234772362695,2.18364132232808,1,0,"2","1",-0.29729823256021
-0.257344771049298,1.87079295573346,2.80392804127155,1,0,"3","1",0.559456656003508
-1.13143560494795,0.557865078500188,0.897307197717153,1,0,"3","1",-0.427864660681338
-0.750723064136713,-2.19097180997495,-0.635642250975787,1,0,"2","1",-1.68574716782505
0.0996629865169324,0.861744923495589,1.65479487154727,1,0,"3","3",-2.21843303588985
-1.63918912538847,-0.301419583303255,0.771162284128547,1,0,"3","1",-1.00444107920011
0.913233069291074,-0.0723876490965095,-0.806470829284232,1,0,"2","1",-1.78348975002887
0.207500453227165,1.99875718130122,-0.659041148711831,1,0,"1","2",-3.00562468679433
-0.831809765929458,-0.636765632972535,0.70682272080741,0,0,"3","3",-4.39380662054926
0.229871640551037,-0.191205048355928,-0.87347166076026,1,1,"2","3",-3.99155134302301
-1.08913715252448,-1.28295916636654,1.79915305971499,1,0,"1","3",-3.43929166742835
-0.875082313336905,2.68678714054663,2.74965551324743,1,0,"2","1",-0.846068397929648
0.759693501159212,0.88133406254415,-2.28386043798531,1,0,"1","3",-3.15146064696367
-0.405620890288416,0.505750491020019,0.142176887479288,1,1,"1","1",-0.706820147335536
-0.281180263969286,-0.638299415994539,-0.0707468478553343,1,1,"2","1",-0.825784899285512
-2.48203254824271,0.265277424765569,0.252193245628346,0,0,"2","1",-2.91585257574039
-0.0268112090603081,-0.564793293463865,-0.0940608434470921,1,0,"3","2",-3.15542986901632
-0.0905313162928554,2.46907659205102,1.92027813804776,1,1,"1","1",0.0704384455073832
-1.35398185828918,-1.09190066773949,1.60773619663318,0,0,"1","1",-1.56559970263422
1.32086971758772,2.88968493754218,0.355492828390303,1,0,"2","1",0.0528032863090271
1.60884577522862,0.466615710570433,-0.0470388665888459,1,0,"1","1",0.800808036916221
0.396393012928723,2.09580684700447,1.06523350300526,1,0,"1","1",-0.38158641589334
0.786224257409636,0.62494065556751,-0.821481156874741,1,1,"2","3",-2.66273060186719
-1.56773011291293,0.372121060409355,-1.30606259946171,0,0,"1","3",-5.49127248605878
-1.03690646486082,0.699543803651217,-0.501798123744703,1,0,"2","2",-3.3768754574217
1.84284733176095,-0.885541622261087,0.117015096715763,1,1,"1","3",-2.01583490945055
1.14400422023841,2.86366525344786,0.184219447259647,0,0,"3","3",-2.25822306182445
-0.582984235679348,2.06070130404037,2.54856277963975,1,0,"2","1",-1.12731102331744
0.0281775737919864,-2.30158565749454,-1.49409826799737,1,1,"1","3",-4.83363627754716
-1.23837425501889,3.72554821755566,3.26691500257643,0,0,"1","3",-4.03716383745915
0.556574114511296,-1.94678225919716,1.32280262748164,1,0,"3","2",-2.38212685890159
-0.845187976536098,0.759881422390186,0.817022354465067,1,1,"3","2",-2.53870035623524
-0.786717329516786,-3.7527021942505,-2.25030429661917,0,1,"1","1",-2.33155622836791
0.678231452333953,-1.15021382981428,-2.19190303366912,1,1,"3","1",-1.47984310013727
-1.56219738731182,1.04602581783945,0.00241579023263816,0,0,"2","1",-2.42350977849612
-0.0255872265740736,1.06279720265839,-2.31306438611485,0,0,"3","2",-3.04817695129534
1.08465646642048,-1.479072406415,0.00391100784986276,1,0,"1","3",-3.44736197019413
0.910056809885798,1.47529229643436,2.67241342853454,1,0,"2","1",1.16608983150162
1.59377280342429,1.19921183498861,0.154980865341416,1,1,"2","1",1.03712624058826
-0.200667641275828,-2.30243892093127,0.455213320284449,0,0,"3","1",-2.496205059379
0.961230882149723,1.92319884969945,2.52757469758433,1,0,"1","1",1.36712706148746
-0.210688106003357,1.14494368956446,2.91845068552743,1,0,"1","1",-0.327510363605558
-0.466278889725594,0.473158436570826,-0.918281723767722,1,0,"3","1",-0.0990640410946135
-0.47757242152596,-1.14207409710665,-2.29786869307496,1,0,"2","2",-4.09441545317569
0.652247507364882,0.251393543282819,-0.63448773417066,1,1,"2","2",-2.3735134316607
-0.232381543118976,0.103424575926058,0.1714993608675,1,0,"2","1",0.182767722054695
0.433106278023177,-0.836710163789551,1.93873220424397,1,0,"1","3",-3.98759045268846
-2.9717773004487,0.233072532565799,1.04221811920743,0,0,"2","2",-4.58244768704724
-1.15730256482284,1.84318596419597,1.0382224482251,1,0,"2","3",-2.45574993908697
2.1972888526589,0.217745778055399,1.83748065099778,0,0,"2","3",-2.74863822751749
0.403497457884219,-1.19894011633499,-2.68597991240074,1,0,"1","3",-3.54681294178314
1.51741695591747,-0.951695191825896,-0.464452451775412,1,1,"2","2",-2.12676090369626
-0.186281728259233,1.5603960151149,1.4912503929167,1,0,"2","1",-0.243190137159218
-0.681192020507359,-1.55547675635078,0.793293427851696,1,0,"2","2",-3.58453570130885
-0.42270619677036,-0.734614742372162,1.00766016903043,1,1,"1","1",-0.589626397196404
-0.0741596361586939,0.635327282535101,-4.56257843702757,1,1,"3","3",-4.45002412869345
-0.33077648650788,2.04093270949628,3.52190570883904,1,0,"1","3",-2.60276647123862
0.806415537750776,1.62570872060622,0.924260121114424,1,0,"3","1",0.371116957067518
-0.429503570138546,-0.153265904000376,-0.799282271630351,1,0,"3","1",-1.88272470101923
0.138655908521712,0.0280258892229623,-1.33130215540198,1,0,"1","2",-4.03296452589391
-1.16799795564682,0.0964159440747806,-0.115514548489128,1,0,"1","1",-1.90400299265654
-0.224255797599445,0.253394751503776,-0.810456201231274,0,1,"2","3",-3.55341780838881
1.16819162513072,1.72888727282978,0.555922553749293,1,0,"2","1",-0.358317419477599
1.66560141159999,0.270119431940105,-0.937673367829869,1,1,"2","3",-2.73539097521554
-1.34054556398465,0.286308615290612,1.1368513473691,1,1,"3","3",-3.46761145950125
0.143808662023886,1.19569645607571,2.82320612937733,1,0,"3","3",-1.68599065502403
0.0761948237718821,0.742190893616967,0.310878391237874,1,0,"3","3",-2.71027108001045
-0.904467840115676,-0.433368039270528,1.00400188376029,0,0,"1","1",-1.71836579135936
-0.604692711827279,-2.7666872136711,-2.11370468221467,0,1,"2","1",-2.51339336633404
-0.847304154324899,-0.0335822622897598,-1.02590948290833,0,0,"1","1",-3.88733295074952
-0.0934540462612229,2.2363955742525,-0.0491958757922935,0,0,"2","2",-2.79537780040537
0.478234165800523,-1.22324163248469,-1.03467421950386,1,0,"1","1",-0.0844460089731809
-2.11322397136587,0.134846581881806,3.60768804981768,1,0,"3","1",-0.686873332012562
0.909082408990372,0.181608281470783,-1.17282802385441,1,1,"3","1",0.608730218773444
-1.11971223729281,0.530776510270737,1.40923496319026,1,1,"2","3",-3.69406042638369
0.0721666957130342,2.26525298839109,1.80966912330531,1,1,"1","1",-1.18736547918656
0.169380120769607,1.70110405533354,-0.12650608481158,1,0,"1","1",-0.918611128535204
0.0982732229525412,-1.50828568960285,-0.691277656479078,0,1,"1","1",-1.18091315267092
-0.560998849436823,-2.76084618833034,-0.467472061255852,0,0,"1","3",-4.79163636103108
-1.48880345813473,0.155270975325852,1.35291569340561,1,0,"2","1",-0.274317226599512
-0.607087950915046,-1.63314015494438,-0.3666379041163,0,1,"3","1",-1.48341408670045
0.252036830312547,-0.811135546465326,-0.567161968558315,0,1,"2","3",-3.67036671307431
0.501945810742345,-0.122105124262887,0.41322111198223,1,1,"2","3",-2.96580303953416
0.0278317111197987,-0.201019441935869,0.401281954916194,1,0,"3","1",-0.484567483262974
1.99447228650082,-0.232488995045638,-3.88596533360125,1,1,"3","2",-2.71348588729357
0.879550906850316,0.820138367557061,2.427829720651,1,1,"2","1",0.117878070040066
0.0114460729530773,-0.520271491262545,-1.70066710950708,1,0,"3","2",-3.11964780686548
-1.36935865184764,0.107261448309021,1.19661435699812,1,0,"2","3",-4.78715236106568
0.878547306033209,0.693945452644637,0.555687607084847,1,0,"1","1",-0.451509204539023
0.59324286917528,1.58291429680844,0.379650722450206,0,0,"3","2",-2.30815054211897
-0.824638531667413,-1.6775921294974,-0.567128751945675,1,0,"1","3",-5.96525291997963
0.206302841102385,0.693442250166364,-0.0825179748162707,1,0,"1","1",-1.05144842136483
1.02205890543509,4.16538056544398,3.01244583147076,1,0,"1","3",-1.31792937749217
-0.0661460989424817,-1.32177035145817,0.405805194349399,1,1,"3","1",-0.786954540203328
-0.917411251829498,-1.10958254920583,0.42206381839366,1,0,"1","1",-2.61516324547681
-0.704909733965866,1.60316597091171,2.98352292369341,1,0,"3","1",-0.0961405434082062
0.267710240718339,1.48345767494626,1.07040625348194,1,0,"1","2",-2.29606613104859
0.399778896048036,0.589712373659518,1.4251476306262,1,0,"1","2",-3.57530071015629
-0.471237992930934,0.766483009035596,-0.369165589480251,1,0,"1","1",0.0753937897056449
0.624806885573025,-2.06313372963592,0.880410545408733,1,0,"3","1",-0.132873052658466
0.876215900059494,-0.890121111694129,-1.06090029464997,0,1,"1","1",-1.09764889394958
0.763807413219239,0.959352220950138,1.78529129924644,0,1,"3","3",-2.69183103709319
1.86163251671954,-1.79470739341695,0.118861020204768,1,0,"3","3",-3.35573653987365
1.34523885573106,-1.02717081907008,-0.147841149162634,1,0,"1","1",-0.627597300216509
0.213972449974416,0.188478485789774,0.72703720050169,1,1,"3","2",-1.52028404341539
0.147353548984767,-1.79620929408066,-0.77504556093748,1,0,"1","2",-3.50173152436855
0.178282701002738,-0.985431160599173,2.16386576876887,1,0,"1","2",-1.71494599025586
1.54201884222482,-0.243345622017531,-2.7681025824428,1,1,"2","3",-3.7354068097835
-0.355268747458653,0.383895574156084,2.99823422689788,1,0,"1","2",-1.92736741813038
-0.0515893092988276,-1.31827100401975,-1.20166000647388,0,0,"3","2",-4.14152540541849
-0.254113738194239,1.25236091215008,1.21531759338074,1,1,"1","3",-2.75467725796751
1.01536506800903,0.894033610382119,-2.06894288924248,1,0,"2","3",-3.43099889775981
-0.300809487608919,2.95829756089242,3.2097364682791,1,1,"3","1",0.853021109397285
0.662510636776389,-1.35874589810983,-1.33063592110681,0,0,"3","1",-1.00241657126547
0.463651325864764,-0.715404493821573,-1.37751816039015,1,1,"1","1",-0.806142151517382
-0.718654547915347,-0.953177480336869,-0.78097261214317,1,1,"1","1",-2.62510442710587
-0.495021414306812,0.301200952689558,-0.857288941558236,1,0,"3","1",-1.23639133127886
1.2829535196807,3.23762881663853,1.82466623689546,1,0,"2","1",2.08537619387619
0.929034974721497,-0.902923411471195,-0.841335688251628,1,0,"1","1",-0.805124101250357
0.82855904302326,-0.48674363616338,1.67624752353208,0,1,"3","1",-0.19134080370981
-1.06291073866956,0.379583287019121,-0.417974705379192,0,0,"1","1",-3.47427050555692
-0.802880748396025,-0.133494569686771,0.632755853868807,0,0,"2","1",-1.64694935814429
-0.576316019801131,-2.39736198219296,-2.10147022664562,0,0,"1","3",-6.05523611679178
0.818100194051998,1.87444061174152,1.45082511349449,1,1,"2","2",-2.21580786971946
0.469058385678257,2.18215344038742,0.502505712465873,0,1,"1","3",-2.34437852593211
-0.812194935187954,-0.729150819231354,-0.774464097442249,1,1,"2","1",-1.49715563765497
1.22554186926052,1.55876571486168,-2.56636037640645,1,0,"1","3",-3.50525629431188
1.30207699087265,-1.48428509165387,-1.23207456398894,0,1,"2","2",-4.40431780192521
0.729672206833314,1.45923886642823,0.887321046293769,1,0,"1","1",0.533468301357945
1.08926547414315,-3.28086615519616,-4.04995960165844,1,0,"3","1",-1.56140375111731
0.737696375806196,-0.497740824009744,0.901277832800448,1,1,"3","1",0.517231224708716
0.514745883569374,0.448478123847837,-2.22957369242581,1,1,"1","1",-0.598172258377586
-0.13749006402141,2.48304935449814,2.56191075365443,1,0,"1","1",0.190405830909261
-0.0453275850378832,2.5982304138929,0.889879909450723,1,0,"1","1",0.634442867937328
0.159234171568142,-0.869256582714853,1.43880899516287,0,1,"3","1",-0.433568830822226
-2.35142613112798,0.50700965052381,1.23963813073792,1,0,"3","2",-3.50786561457859
0.870118487192308,-0.649351126399239,-0.176684957173035,1,0,"3","1",-0.42716489231552
0.00194595168721231,-0.0907375213125384,0.374412160575861,0,0,"3","1",-1.74001157098882
-0.476714643045626,-1.2607520426039,1.63833885934701,1,0,"1","3",-3.61371418595835
-0.663694304318891,-0.462538141181539,-0.275587984781534,1,0,"3","2",-3.15379438025476
0.479847145636747,2.6185467559706,2.56036808305007,0,1,"1","1",-0.0957499291504728
-1.5200126565469,2.04644547511764,2.01596002237152,1,0,"1","1",-0.908013953905146
1.78168397676414,1.10489060714999,-0.280740050449217,1,0,"1","3",-2.4173776884687
0.343946651289152,-0.121194453403289,1.51936548766303,1,0,"3","2",-2.30763196480265
-1.9981006299559,-1.02219435089344,-1.64232504568896,1,0,"1","1",-2.51084599932046
2.46014947508841,1.95072704964918,-0.853395320175827,0,0,"1","2",-2.78058957853298
-2.40706804137519,0.123767453341722,2.55500055321048,0,0,"2","1",-1.55081404716748
0.17005868397471,-3.00878068758834,-1.17053143805382,0,1,"1","3",-4.10035284221287
0.740089646804312,-0.241659230628,-0.684215019065397,0,0,"1","1",-1.46884308840195
-0.841763797081206,-0.738538012299657,0.65384898164547,0,0,"3","1",-2.0679590685084
-1.17149620871297,-1.40586486543727,-0.160784177019853,1,1,"3","1",-0.807895144922169
-0.0599135444962773,-1.43246873080727,-0.109274108239727,1,0,"1","1",-1.4686797069202
-0.841803633028238,2.1486473240698,0.653848805918977,1,1,"1","3",-3.88825292232852
0.0619144531880111,-3.59298465618965,-1.34195531415336,0,0,"1","1",-2.35873271647924
-0.661725305641883,0.262669440009422,-0.959718598144017,1,0,"2","1",-1.33219531606896
-0.093979515071953,0.865832238259704,-0.554321389592801,1,1,"1","2",-4.09697138720793
0.622578845240587,-1.10933271084815,-3.30025679267821,1,1,"2","3",-3.42487487064567
0.0672388500738209,0.542323646231101,0.575629399740514,1,0,"2","1",-1.83504277762874
-1.83723399844329,1.67896992663038,2.9071965044599,1,0,"3","3",-2.67306945850582
0.448117144447918,-1.63472798898175,-0.752051848541625,0,0,"1","3",-4.080693024136
-0.406090476800725,0.713089082768713,-3.68316910135321,1,1,"3","2",-2.97890154926478
2.06456011215682,1.98973829933877,2.07969367730579,1,0,"1","1",0.0340042555670024
-0.351185052612777,1.75620899370768,3.07003828731015,1,0,"1","1",-0.169613022723636
-0.944673833833709,-0.118922674672234,-2.22428193451542,1,1,"1","1",-2.14039515232934
-0.131249536784065,2.78220798553332,2.24368096145631,0,0,"3","1",0.123983251782489
0.565849927420321,-2.01938637992702,-2.13538835985814,1,0,"2","2",-3.68208928056185
0.293232596868635,2.669799811302,1.92458740490703,1,0,"3","1",0.84868676518265
-0.780816971198031,1.15387292660034,0.688472207155237,1,0,"2","3",-3.16571346281834
0.102022452298557,0.342698538251025,-0.842794218340014,1,0,"1","1",-1.4418587775599
-0.031323243375688,-1.8690021225562,-2.2790956448865,0,0,"1","1",-1.14708789286983
-0.0663339361539236,1.02884890063267,1.64270307290867,0,0,"1","1",-0.818769500345792
0.0845762705984108,0.34369536782854,2.35829615238509,0,0,"2","1",-0.261106942217431
-1.24978233485824,-0.488109642609493,1.86556487960504,0,0,"1","1",-2.06175218078373
-0.548081920657991,0.38889157890188,1.41425924641423,0,1,"3","3",-4.03046905001616
1.51153891352671,-3.4011487270934,-4.45040773574108,0,0,"2","2",-4.70449380616322
0.13929561074985,1.94268544336624,3.42673840785234,1,0,"1","1",-0.370929491647897
-0.898776272577715,-0.332782305618409,-0.192522914837924,1,0,"3","1",-2.0619220478418
2.00919863834427,-0.716137753183656,-3.01975793390694,1,0,"3","3",-3.72653272334007
0.896367347592688,-1.07423154780274,2.09430454321429,0,0,"1","3",-3.45929647289856
1.16846262957912,0.926453583835698,-0.439753916287779,1,0,"1","3",-2.22847268255794
0.423357969971551,-2.31346516821124,-2.30225934357014,1,0,"1","1",-2.87301962826518
-0.499529093226977,-0.543538970591766,0.296714620066785,1,0,"3","2",-3.49811593726041
0.84016012635743,0.312887482480874,-0.403602796669946,1,0,"1","2",-2.18681711758
1.61256229884347,-0.25841292672134,0.733710667386267,1,0,"1","1",0.105993839793032
-0.173266428521798,-0.184192597327959,1.14377831767685,0,0,"3","1",-1.14102279287591
-0.134687036459048,-0.569171388691922,1.60089881665077,1,0,"2","2",-2.38724446176055
-0.0027056999139663,3.00787760180477,4.1942705370019,1,0,"1","2",-1.40691274342312
-0.95720000415643,1.50933139558796,0.461276311361411,1,0,"3","1",-0.230751751287344
1.21389828332719,-0.206246009686476,-0.676824854461991,1,1,"2","2",-2.04487788726447
-1.30892965040564,1.3248999824625,0.0276814965389822,0,0,"2","1",-2.261771549984
-1.20706356444328,-2.85664072121829,-1.3232624179614,0,0,"3","2",-4.14548302074537
1.10468877532177,-1.45740876931089,-1.14965307287424,1,0,"1","1",-1.91218754664636
0.149068457515399,-1.5459897697908,1.7273791459163,1,1,"2","2",-2.18415841163498
-1.80884418690956,-0.0849584385733005,-0.0215273166915337,1,0,"1","1",-2.4818967929528
0.513652051743765,-1.4762555941274,0.228693128612486,0,0,"1","2",-4.2201042448668
0.579652240357604,-0.902718711327412,2.40567580172979,0,0,"3","3",-2.32701838126049
1.27520189712969,0.249336642729678,-0.573468132503399,1,0,"3","3",-1.85006994505772
-0.177262125824879,-1.16639049445947,0.0447076666696522,1,1,"1","1",-0.914388114748284
0.334742472940751,1.38774446601876,1.70050154132758,1,0,"2","1",-0.510616812655318
1.77525440313967,2.55753373106479,1.8764089642939,1,0,"1","1",0.969536322581845
0.319003789441859,-0.0497288912057924,-2.07384117559745,0,1,"3","2",-2.67396437645673
0.391542819059284,-1.17156787067549,-2.57990498001867,0,0,"3","2",-4.97485145440512
-0.479695024699544,-0.291539393686348,-0.0941627724057096,1,0,"2","1",-1.72462400175488
-0.000900991022967156,-0.088970938701807,-0.590553858957158,1,0,"1","2",-3.51346434357542
-0.00211104132392924,-0.998217550249367,-3.75932881628584,1,0,"2","2",-4.52046715443888
2.26792436312953,1.6873898847827,0.876176794621201,1,0,"1","1",0.772017386798754
0.140635425719009,1.59823323738156,-3.41696318920272,1,1,"1","3",-4.78658010878574
0.0175161410478797,0.934174806690273,-2.13727656949165,1,0,"3","3",-3.2909708489767
1.1598515108431,1.89551967159445,0.22757471048512,1,0,"2","2",-2.98021383951142
-0.33223530149479,-1.58232399445875,-0.398185601605292,1,1,"2","1",-0.588473667162848
-0.84003614729508,-1.44006248243665,0.0567771345976769,1,0,"2","1",-1.68060875607177
-0.799267663873649,-0.610281346128641,1.81734196268935,1,0,"1","1",-0.3224576567113
1.28508416002431,0.508328416663206,-0.265927420510365,1,0,"2","2",-3.12073201073211
0.0293126650729171,2.87155471484755,1.79161087619476,1,0,"1","1",-0.176995274412453
0.307325063508991,0.641206667795514,-0.716395911586427,1,0,"1","1",-0.603568665391121
1.74032731253254,1.28873655000996,0.548904785444304,0,1,"2","2",-1.6700934957409
1.49356051077306,2.51673728509313,1.38510387434049,1,0,"2","1",0.438040293066773
0.318866466888844,-2.29346565626893,-1.77827617058838,1,0,"1","1",-2.12460716822408
1.23870559447045,-1.05699571107627,0.431373151286313,1,0,"1","1",-2.30204287702063
-0.578754221846785,-1.32867396511884,-0.010803921104637,1,1,"1","3",-3.67596125174608
0.713111332243655,1.41208488128896,3.07540229815032,1,1,"3","2",-0.609733553704731
-0.900555763281148,-0.232331131303053,-1.27828426623034,1,0,"1","1",-1.6706945062149
1.37264375894475,0.352804444306936,-0.517559815225402,1,0,"1","1",-0.548405887697992
0.068419192364436,0.409158554377974,1.13725862902163,1,0,"3","1",-0.390414453355465
-1.73301178877663,-0.38122318780639,-1.69864820227721,1,1,"3","1",-1.94834062883799
-1.70572086047816,-0.291162719978272,2.49463710990045,1,0,"2","3",-4.31914410347577
-0.424071562691716,1.08921949975416,1.2019024379288,1,0,"2","3",-3.61540111656517
0.0735727184701174,0.482972289630459,-0.539647613069395,0,0,"1","3",-3.77540545114542
0.672697546916565,1.87833107633923,0.992748219999642,0,1,"3","3",-1.8082691858583
-0.818213586293011,-0.113936970437735,-2.20660484673849,1,0,"3","1",-2.35055949939359
-0.861347239496673,1.72025977384763,0.492359528509648,1,1,"2","1",0.81800387707521
0.543012695535884,1.99945648911841,1.87126001663966,1,0,"2","1",-0.377383335878706
-0.0994125153017844,-0.897886704135206,-2.17872510796202,1,0,"1","1",-1.21036870398585
0.801375705857483,1.155637325359,-0.502328881347022,1,1,"2","2",-2.22604083924857
-2.26319399340471,1.17219108543395,3.13405163890243,1,1,"3","3",-3.27063801446583
-0.214369442597869,0.386707609365496,0.640714817014554,1,1,"2","3",-2.78028730244046
-0.650301470354735,-0.0635149316054612,-1.11252061558977,1,0,"2","1",-1.46967951420856
-0.304506361664583,-0.478093347709933,-0.474267045951019,1,1,"3","3",-3.95391216547471
0.794343306686053,3.89523521662973,0.729737811987208,1,1,"3","1",0.540791902176452
-0.410039045336115,1.47593803623368,-0.16533365296953,1,0,"2","3",-3.25022313223213
1.27532070270386,-0.415751227315804,-1.99180889814597,0,0,"3","2",-2.45234342408365
1.69092889584362,1.6160819319555,1.41187686196725,1,1,"3","2",-0.915220424296516
-1.39280629532173,-0.589047882327068,1.65935739784172,1,0,"1","1",-0.744689167329535
-0.921487551800742,-0.484781028149596,1.27324771823825,1,0,"2","2",-3.03020631370377
1.04531813825587,-0.466765371853077,0.51550510219487,1,0,"1","1",-0.963691522946005
1.05026904684465,-0.710791375673946,-1.46454387936539,0,1,"3","2",-2.47536453977626
0.258199763501635,1.89878883889725,1.75827752653572,1,0,"1","1",-1.57543409916922
-0.168927536513613,1.34015869454595,-1.7607160380125,1,1,"3","3",-2.62665904034732
0.0679709056105189,-1.40187682032042,3.38561434918879,0,0,"1","1",-0.848694882324768
1.68155967577152,1.22532502007369,0.36499086597441,1,1,"3","2",-1.55840907840406
0.530610416156469,0.255796186001174,-0.794770689789839,1,1,"3","2",-1.5879467165673
-0.486767174915797,-0.446444238476008,2.02220904699272,1,0,"3","2",-1.4379806093143
1.98191184188302,1.51584068540748,0.0291660096919338,0,0,"3","2",-1.81391110621452
-0.936818002406711,0.521189581498176,1.6799822549326,1,0,"1","1",-1.07842467731171
-0.376219885358175,0.77811308285817,0.707950461072102,1,1,"2","1",-0.243753405454336
0.358282065107785,-0.982620684838351,-1.07915085439218,0,1,"1","3",-4.66592747166151
-0.766660157817113,0.699743936054531,2.64746352914275,1,0,"1","1",-0.493139626041197
0.834230659717678,-3.00163547581122,-0.933097343801903,0,0,"3","1",-1.77246989001541
1.72715616178569,0.688575921199571,2.95026568277373,1,0,"3","2",-0.764206825960779
1.02189212622701,-0.397576414202408,1.63923735972605,1,1,"1","1",1.2244591221613
0.76526308639535,3.03208684570734,-0.356937415133809,1,0,"1","1",-0.432168744536987
0.410235376906131,-0.044081828985452,2.41083267864496,1,0,"3","1",0.415394188638757
-0.909720667311873,1.90634146998927,0.651734557343385,0,0,"3","1",-0.715525336376167
-0.142258751232936,2.74996055820213,2.12985031678864,1,0,"1","2",-1.53156405995707
0.106016389510733,0.953543075106474,-1.19328543872206,1,0,"1","3",-2.99484184159839
0.265988351930673,1.57041879920235,2.8955614452685,0,0,"3","2",-1.5335592084842
-1.00602540455214,0.42296353821244,0.587156435538508,1,0,"2","2",-2.82129463949901
-0.832424638607889,0.531844522113523,-0.216728423190545,1,1,"1","1",-1.17659672207629
0.1440451380546,1.28454221225681,-0.517176756938314,1,1,"1","1",-0.896590031537228
-1.56047097195199,-2.29921716745273,-0.361562796092193,0,0,"1","1",-3.24588640972099
-1.29003444778579,1.70889877705916,-0.221103929865986,1,1,"1","1",-2.32671107892172
-1.43389810897885,-1.45224101174399,2.05975526866852,0,0,"2","1",-1.15430801613472
-0.194049718424333,2.97913052839518,1.97545537085274,0,1,"3","1",0.542643053763232
-0.333177846572747,2.56470807167508,2.74119030779049,0,0,"3","3",-3.0865842072574
0.217021550106314,0.326165928836791,-0.718976393487387,1,0,"1","1",-1.06701953559193
-0.900154492779888,0.719251452139137,2.79519107698735,0,1,"3","3",-2.23051254656749
-1.28594182372753,-0.897988430597926,-2.44221012217442,1,1,"3","3",-4.94907985641163
1.11685334277924,1.33462726715666,3.35003594599379,1,0,"2","3",-1.15537968262996
1.60170978452369,0.201464161716713,-1.13478451720736,1,1,"3","3",-2.35481407894694
0.190005168636387,2.34716308781171,0.8301769161078,1,0,"2","1",1.00903498826044
-0.200053606238676,0.859325784151002,-1.18093133181642,0,1,"3","3",-3.41628837368572
-0.741660990526709,0.802709647436361,1.8514615238281,1,1,"2","1",0.0290781547929224
-0.161014251389555,-1.33070370902978,0.803334106685267,1,0,"3","1",-0.284166280828708
0.904746515803166,-0.691102948770689,-1.93745647681898,1,1,"3","2",-2.18747555508052
-1.92875620513019,-3.26637759867834,-1.2351435123809,1,1,"1","1",-2.44192621831022
-1.10545961856482,2.41617262289654,2.24398456066311,0,0,"3","1",0.0773805080297678
-0.85674839134396,-1.13449712730105,-1.47837343457158,0,1,"3","1",-1.12996710065929
-0.277277709513392,1.72917203680936,1.01353468289455,0,0,"1","1",-2.4951105992304
-0.95691003652618,0.307814179672861,2.45490231737358,0,0,"3","1",-0.538601114363688
0.807628081105369,-0.726545480411092,-0.369551087880204,1,0,"1","1",-0.768219037225649
-0.4834722974078,0.0142968988954284,-0.0543774590176041,0,0,"1","3",-4.29209748829025
0.635999528783209,0.319873466221459,0.800384505989796,1,0,"2","3",-2.20845869745622
-0.68967482247652,-0.610615367243255,-1.03875736803997,0,0,"1","3",-5.78808822493096
-0.514523438818003,0.661188617552248,0.444747880788945,0,0,"3","2",-3.91275266612507
-0.74908003054404,-1.70945501129464,0.813780289112884,1,0,"3","3",-3.31047273999611
-1.07665106672888,2.39026309803353,2.61351096238226,1,0,"2","1",-1.0185200958218
-1.09732754018976,1.46711902812755,3.63797125861062,1,0,"1","1",-1.20824278690712
-1.4659446185519,0.852911313884911,-1.05947255847547,1,0,"1","1",-1.40577475801
0.207229253977144,-3.16769674545798,-1.2205074367303,1,0,"1","3",-4.47692830628868
-0.990149892078245,-0.373802385129446,3.07725000230988,1,0,"3","1",0.45637943328021
-0.475113330549448,-0.0533045242146685,1.18053946596982,1,0,"3","1",-1.41229453846771
0.15248532092073,-0.302790155243681,2.72685908782222,1,0,"1","1",-1.09083523665523
-0.112555924384921,-0.549805698510248,-0.189776152027709,1,1,"1","3",-3.57743278818321
0.611551158505772,1.01113494923427,-2.86621429871919,0,1,"3","3",-2.67367515132551
-0.407285494737496,-0.818702468284271,-1.76655091941028,1,1,"2","1",-0.804002745115448
0.99572047789072,2.63060251886908,2.62779288586144,1,0,"3","3",-1.44013310826044
0.147424836585724,-0.333882180331204,-1.03058586448712,1,0,"1","1",-1.08578477122311
1.70029547149237,1.83025405328063,0.792394404381195,1,0,"1","1",0.443052679305816
1.80169729640879,-0.839268607663191,-1.58689283938994,1,1,"2","3",-3.00955122171878
-0.153387625858611,-1.32469507131216,-0.969297469123294,1,0,"3","1",-0.687050967536438
1.67208697143512,-0.471085284267698,-1.0129600259183,1,0,"3","2",-2.33978814866417
0.403304397486732,2.08756339818716,-0.371767190700851,1,1,"3","3",-2.30443288873839
-1.492513773621,-0.341179461049682,-1.65912438051959,0,1,"3","1",-2.65666605677719
-0.461084252232893,1.7648950344192,2.29806850832659,1,0,"2","1",-0.804687629882496
0.899599355613165,1.80480752414885,1.98639859327473,1,0,"3","1",1.50047468328049
0.0166073599174114,2.30934973078687,1.28371766619304,1,0,"1","1",-0.243765249589049
-0.248216876499411,-0.14923560081454,0.161532129920175,1,0,"2","3",-3.92376791703822
0.917472409675225,-2.00453641110058,-1.66055943629828,1,0,"1","1",-1.13609383954071
0.424974628846826,-1.60500648983895,0.416040471882015,0,1,"1","2",-3.61292693728042
-0.128134355472463,0.0732059024405378,-0.164817565873338,1,0,"1","2",-3.95458994130924
0.0269217647362628,1.44130316615934,-1.99182266737151,0,1,"2","3",-3.38953298765566
-0.36433920803667,0.0259742737283926,-1.0500740172694,1,1,"3","1",-0.339736598594567
0.941058322169136,1.64818637344018,2.10287420932278,1,0,"3","1",0.0321646841358754
-0.97425408154981,-1.16417811149487,-1.93302654780958,0,0,"2","2",-4.78104888966293
-0.152370414761054,-0.712578757572046,1.12603657045007,1,1,"3","3",-2.63303318535466
-2.21550925821465,-1.40049527151751,1.40913007458388,0,0,"2","3",-4.64299451634974
-1.09149208768728,-0.293574591050515,0.524319767727444,0,1,"2","3",-3.27344957531284
0.731819624298448,0.704463622124746,-2.61140712953496,1,1,"3","1",-0.287010663960781
-0.151771485781257,-1.34088033735479,-0.943793788844694,0,1,"3","2",-3.8044384749726
-1.55095058269348,-0.3976331464032,-0.118447719822729,0,1,"2","1",-1.96459677985972
-0.467211583820215,2.03621333039647,0.810248378175543,1,0,"3","1",-0.285408636627288
0.604660500836076,-1.7725823230011,0.71917352766577,1,1,"2","3",-2.44584922201495
-1.36016187204408,1.40581595113425,-0.0570750528095261,1,0,"2","1",-1.05746424498737
-1.40240776917473,-0.0018602340584002,-1.65429086220654,1,1,"1","1",-1.43443680906419
-2.75106282075231,1.46902501110899,3.43023153392407,1,0,"3","1",0.359539723202105
-0.634273956205521,1.01234027973709,1.27517405769678,1,0,"1","1",-0.304427575667543
0.681912465358855,-0.170979756437653,1.29699816306957,0,1,"1","1",-1.56643062429139
0.187758632184925,-0.0602070570748561,0.399934979800821,1,0,"3","1",-0.541706171886354
-1.24667237227332,1.45930262561551,-0.464556119311554,1,0,"1","1",-1.33451329496474
0.556178193887513,1.90704387722535,1.59146305183967,0,0,"2","3",-3.8681500441512
0.234404119375775,-0.534530517461833,-2.65227089924075,0,1,"3","3",-4.31411584707454
-0.20902734290858,0.953413208357491,-1.89637903743231,1,0,"1","1",-1.59502879952977
1.41552156566236,0.455935672857059,0.618730892345504,1,1,"3","2",-2.14777588639512
-0.631007645885458,0.434089370071833,-0.213287840565471,1,0,"3","1",-2.14211632182094
-1.34356609803928,-2.14906422161585,1.65768620103558,0,1,"1","3",-3.55280790421648
-0.94781421816106,-0.961719365367972,0.0530255338714845,1,0,"3","3",-2.39619522367618
-0.211961054689891,0.923295071486873,1.97514456496722,1,1,"2","2",-2.61561434719971
-1.15349284391808,1.93381709852944,-0.842045030133985,1,1,"1","1",-1.75571798400282
0.129375062309356,1.35983301852095,-0.432954488948304,1,0,"1","1",-1.85083794955779
2.71757582351373,1.42288942230162,-1.24743109140827,1,0,"1","2",-1.42757856507192
0.974352340476012,0.6711046745768,-1.70555242914169,0,0,"2","3",-3.13244296338049
-2.96612742883378,-0.235529080606428,0.843210128000935,0,1,"1","1",-3.42580734050776
0.789555295922081,3.7229222435508,0.490215444644416,1,0,"1","2",-1.126181504348
0.265652727876676,1.51203428682914,-1.86828700776293,1,0,"2","3",-4.50495276851821
1.11269529081512,-2.46299527443905,-2.80577569316148,1,1,"1","2",-3.58764516412425
0.667670284137362,0.0894076674185921,1.31743605910853,1,0,"3","1",0.311017920695468
-0.0592961262103334,0.477392138065287,-2.85924012891457,1,1,"3","3",-3.02966178399594
-1.56331577964705,0.0901787332505738,1.33800346376781,1,0,"3","3",-3.9626728000008
0.182563012187142,1.55275117039111,0.625633921233525,1,0,"2","1",-0.418660007372006
-0.196911816498546,1.70360342594125,2.02459675302176,0,1,"2","2",-2.78767245167623
0.463952320818342,-3.17211378112897,-2.38798413354415,0,1,"1","1",-2.0243203436061
-0.517499096603754,2.77111975588316,-0.473067167792421,1,0,"2","3",-4.0218572310172
-0.513924137146867,0.00842706704924093,2.95698408765264,0,0,"3","2",-2.96186796702119
-1.23137968879239,1.60400799168322,1.91976146404738,1,0,"2","1",-0.830250721287307
-0.467181135303201,0.391702169189133,2.09248991220866,0,1,"3","1",-0.620888360688722
-0.134250931745123,-1.00466717291588,-1.42856528485775,0,0,"3","1",-1.20530820966903
0.300699553437105,1.84010026438741,0.727396221690828,1,1,"1","1",0.429247712221512
-1.60003014682355,-0.949200875114476,0.643189180820339,0,1,"1","1",-1.41561459010252
-0.293514183973618,-2.77091805726527,-0.847225074545947,0,0,"2","1",-2.06598305532729
0.755708460006957,-0.720325885739666,-3.75832349409646,0,1,"3","3",-3.63878832505251
0.988738844395653,-1.07565422961702,-2.21597518092942,1,0,"2","3",-3.35823082766525
0.201048832109492,-0.383760119914946,-0.489173800353695,1,1,"3","2",-2.56236375680599
-0.859250347032284,-1.42410847872537,-1.08001227260133,0,1,"1","1",-1.20817259994925
-0.0634323215683292,1.64518487671947,-0.982408780594054,1,1,"3","3",-3.73643435821207
0.628919789331453,-3.70180741354137,-2.69887406460106,1,0,"2","3",-4.00820481173008
-0.338940772942785,-0.287527833253671,0.260367220104064,1,1,"1","3",-3.8460358235385
-0.606481675478385,0.0911456708887953,-0.562055660139852,1,1,"3","3",-3.65540553428982
-0.0582740249995302,-0.933783777518941,-3.83907306405631,0,1,"1","1",-2.97728499826218
0.610251255678239,-1.98182721768155,-1.7546507127554,1,1,"2","2",-3.73073550961167
-0.699699791658032,0.937878811752777,1.65444555475505,0,0,"1","3",-3.77323020608289
0.692931405074043,-2.58964445398122,0.335281406433863,1,0,"1","1",-1.98951134549446
0.687269814872518,0.310039928311876,3.21185820449718,1,0,"2","2",-1.47953469817142
0.841165201718502,-0.44086343520712,-0.462862820274569,1,1,"3","1",0.315374487746741
-1.61815181216465,-1.60314549138309,-0.483073195570543,0,0,"3","3",-5.03861041056083
-0.0804172967005689,-2.80761509524394,-3.81634466504642,0,1,"3","2",-4.4393497445532
-0.365556805667349,1.59633288475736,2.12974574212975,1,0,"3","3",-3.36963901673003
1.7174841782964,-1.21924547091211,-3.15282069909466,1,1,"3","2",-2.71684754209363
0.405365880668553,-1.38681543930103,-1.79456698817192,1,1,"3","2",-3.2965242692085
-0.497442249272616,0.17703750802443,2.34102505177065,1,0,"2","1",-0.301976777994656
-0.154973946588699,-1.80108725228449,-0.927088124068174,0,1,"3","2",-3.25171876128365
0.246633951507563,2.09639864247687,0.49174450837885,1,0,"2","3",-3.43335578121744
0.607929271051431,-0.746227100254232,-2.15384743726738,0,0,"1","2",-3.8996059584627
0.052438703955421,-1.07539024610373,-2.93429233742796,1,1,"3","2",-3.28343622879303
0.500620746573168,1.18839363273719,-1.74493507282794,1,1,"3","2",-3.35817552194221
0.285310079046331,-2.23587809323272,-1.2907766793786,0,0,"1","1",-2.30783449561119
0.47493757387855,3.29896494559796,1.10477630602087,1,0,"1","3",-1.66689342946993
-1.79456410666298,0.257333494491139,-0.122196855570861,1,0,"1","3",-4.20311599908484
-0.546401764723262,-1.23309808442658,0.295118742690948,1,0,"1","3",-4.00567523276029
1.69448820852437,-1.94478245208383,-0.965449495453754,0,0,"1","1",-1.71871037477339
1.10807836775057,-1.54550519961428,-0.807988079092951,1,1,"3","1",0.0062148825329944
-1.0205661846034,0.29833547618488,2.43917985958975,1,0,"3","3",-2.2095137256856
-0.632863943588561,-0.857953493049226,-0.70738988930579,1,0,"2","1",-1.55403137561713
-0.417807305766421,1.98902620744155,1.32382482142083,1,1,"3","1",-0.262114990085282
1.44038138405956,-1.94504089471778,-0.230136381458268,0,0,"1","1",-1.86030934205254
-0.079570186821942,-1.2369482954938,-1.40294986534442,1,1,"3","1",-0.977284889172805
0.534356284572387,1.0449736290177,-0.300298137162012,1,0,"1","1",-1.15483158629539
0.523464126112073,0.770843683912723,3.10866343749831,1,1,"1","2",-1.38858535771439
-1.0252375557079,-1.17091250851259,-0.129663848562398,1,0,"1","1",-1.65421482305422
1.86395819151687,1.94922632944471,2.96728239266152,1,1,"3","2",-1.08328211385795
-0.451788820512499,-0.139834924739488,0.370425828761787,1,1,"1","3",-3.08619471293322
-0.338080147476692,-1.00411566321358,-1.10841149636129,1,0,"1","3",-4.17426473824901
0.565647283784733,3.72370317308809,0.482063002945364,1,1,"1","1",-0.31759240877727
-0.487133590738274,-0.599446817655518,-0.17531739649944,1,1,"1","3",-4.05624460224406
0.0293480829449379,-1.5071528640372,-0.476448851370055,1,0,"1","2",-4.16736625319055
-2.71248497466768,-2.14245399596866,0.733967965107512,0,0,"1","1",-2.30280598659488
0.331987486716793,0.101280425707708,0.0339268600264568,1,1,"3","1",0.0782284705123468
-0.0442532129681926,0.161936481020085,1.14711957051072,0,1,"3","1",-0.258680157437979
-0.517737696643104,-0.674095285745999,-0.96443497582767,1,1,"3","3",-3.64177904759182
-0.907660268368198,-1.91356150386703,2.96062875652879,1,1,"3","2",-2.05728385676997
-0.22270591082617,0.357621552717097,2.18341133902622,1,0,"1","3",-4.09586823783804
-0.979931965559795,-1.4947755272294,0.517301621502302,1,1,"1","1",-2.40150531902393
0.634300004069832,-1.51749900191073,-1.35995706556566,1,1,"3","1",-0.705944394136626
1.27054687432642,2.28836020555917,0.433555023677932,0,0,"2","3",-3.7500662026421
-0.705462473487938,1.63280438032477,0.188341579438742,1,1,"2","1",-0.28509284684128
1.91907481279562,0.605660758884597,-2.90051023355633,1,0,"3","1",-0.936832926649842
-2.33693470819327,1.18584936611453,2.30038579079831,1,0,"1","1",-2.88480826011244
1.26650108490323,-0.622305875375737,-1.49199365511632,1,1,"3","3",-2.7635016834135
0.130027529404588,-0.450045432127432,-1.84191743242146,1,0,"3","1",-1.9692106152862
0.506192507283532,-2.3649454492156,-0.210565933236632,1,0,"2","1",-3.0153737262377
0.338277060299132,-0.334854836835734,-0.79713445427287,1,1,"2","2",-3.47043055533118
-0.292024820214767,-0.610436039047364,-1.78575139025248,1,0,"1","1",-2.88325507100201
-1.70813521865876,1.54316374033524,-0.260128783666284,1,1,"2","1",-1.01491560993282
-1.08267205097148,-0.237722816326688,-0.219719152247089,1,0,"1","1",-1.00370285852642
0.817649114909554,-0.518969805509368,-2.64511931273217,0,0,"1","3",-5.69099587555568
1.37281917857751,-0.245828139202975,0.0127538261613606,1,0,"3","1",0.528255532495375
1.11388502249571,0.256685499375889,0.142337778730341,1,0,"1","2",-2.71142586737981
-0.924464432995888,0.309916158937647,-1.29564927228206,1,0,"1","1",-2.47747336154764
0.545799343451971,2.05558405805611,2.42828860865741,1,0,"3","1",0.313527307210952
-0.629003958259266,1.56459310236915,1.36721986922542,0,1,"2","1",-0.631811939327037
-0.637469732172851,0.0226908315556216,0.696029374302697,1,1,"2","1",-0.0914485621971206
0.292229030318421,0.532920087436727,0.197589099378673,1,0,"3","1",-1.061209772332
0.0177438203183438,-0.633242984332176,-0.446867146876183,0,0,"1","1",-2.94870290966648
-0.151413777916329,1.02185153708612,1.20436736436028,1,0,"3","3",-3.61197324655017
0.141107259942899,1.18265021220129,1.04980847516921,1,1,"3","1",0.853839833098734
-1.69216705217273,-1.31051706759827,-2.09155932148214,0,1,"1","3",-6.1847508606855
-0.36494289305032,-1.17175532807766,3.19308429231441,1,0,"2","1",-0.645371094699928
-0.545477268503211,-0.837207925929943,-0.442643108136195,1,1,"2","1",-1.17906977502159
-0.710895564165975,1.03567797844114,0.871211842191568,1,1,"3","2",-2.54390724456414
0.548173593563526,1.63596982276527,3.81862236646451,1,0,"1","1",-0.0799439914052752
0.335657527392107,1.0115105920343,2.38997745044573,1,0,"1","1",0.0684190406733145
-0.725920094917352,-0.154383824533587,0.587834014568468,1,0,"3","1",-0.386309689951515
1.35455709100218,0.90734630560725,-1.46852515277254,1,1,"3","3",-2.66723410849112
-0.521194412911527,-0.793194273990779,-0.797535649477944,0,0,"2","2",-3.93368622938898
-1.13673205621193,-1.1362718447532,-1.05454087876277,1,0,"1","3",-4.4705693463683
-0.0495306083166151,-0.144828903271687,0.0280355606912133,1,1,"3","1",-0.858560114481078
1.74463459595292,0.673174968265258,0.379597588824267,1,0,"1","3",-2.50233703578356
0.528090674667418,1.19413465511977,0.718689935286779,0,0,"3","3",-2.99575228341966
-0.61341319523974,-1.20675865959401,-2.37877664582433,1,1,"1","1",-2.5916356567102
0.727360868996347,-0.574606484310567,-1.39317679805401,1,1,"3","2",-2.06140190309168
-2.02528857417221,1.79022506497499,3.23704394747678,1,0,"3","1",-0.815665675452496
0.608641087735532,1.24049682415993,-1.51187310410774,1,1,"3","1",-0.227046422163103
-0.676835546556139,1.82132896512476,1.25698572949636,1,0,"3","1",-0.358531929024929
0.943311922320439,2.00156961757352,0.645716838025057,1,0,"2","2",-1.87437134445142
-0.342350102539972,-1.27649396376267,-2.15950865739512,1,0,"1","1",-2.24802932523176
-0.774995783092372,-0.394984115649013,-2.33915733052843,1,1,"2","2",-3.84924968501932
0.809777609442634,0.323435929096853,0.900358274887708,0,0,"1","1",-0.582464119537926
1.45184977314067,-0.101407428432983,-2.17680695687398,1,0,"3","3",-3.22330898952172
0.156621146942802,0.481874772958256,-0.314938046761515,1,1,"1","1",-0.727180945864038
1.49086300803785,-0.839611263544858,1.50575891593013,1,1,"3","1",1.21949883759069
-1.59723111849812,-1.03057453213547,0.0250953910855872,0,0,"1","2",-4.53229724199733
1.52595385019066,-0.593976718715085,-0.0575411138489755,0,0,"3","1",-0.987042645222795
-1.62663387619801,1.5183185270523,1.41448438544927,1,1,"2","1",-1.32419201676807
0.27173874600026,0.839250293822873,3.19981356890267,1,1,"2","1",0.810126346729002
-1.443910872856,-1.64913310108724,0.146941084099037,1,0,"1","3",-4.89716861778245
1.12763695295684,-0.33653205223021,-0.642238232683964,1,0,"3","2",-2.98495663135247
-0.0812010950045428,0.743659014344788,1.44858779302651,0,0,"2","1",-0.824131200175598
0.636229457182171,0.0184593490448614,1.69670035897954,1,1,"3","3",-2.62633451549804
-0.123402210515243,0.976714171545444,-1.15143132185013,1,0,"3","1",-0.802466074551583
-0.414588043659194,-0.358161303792793,-1.5561637498786,1,0,"1","1",-2.29839463074013
0.606737764745242,-0.803147344178777,0.933144025644534,1,1,"2","3",-2.27800849668445
0.51611620660192,0.141606851888791,1.00591458928931,1,0,"2","1",-1.00350391707676
-0.414500850974257,1.26760127570586,2.75029348868489,1,0,"2","3",-2.4283230881639
-1.64301539178409,-1.81941592181806,-0.537327060409286,1,0,"3","1",-1.91749560163804
-1.5518283199199,0.508678643517447,-0.347933511848228,1,0,"1","1",-2.57302119766561
-0.184869033020776,0.506563512196226,-0.471845386808559,1,1,"2","3",-3.43104073498124
0.325613622403658,0.319334433521442,-1.73645956810169,0,1,"3","1",-0.795943313032801
0.352176129332829,0.373095034325748,1.41861188570003,0,0,"1","3",-3.571350274888
-1.10806358897261,-1.46992010164188,-0.998589541345777,1,0,"1","3",-5.61698047750646
1.35125911476842,-0.538009978271311,1.54760670702085,0,1,"3","3",-2.51772416987972
-1.29979962294763,1.24317481136775,1.4827728794143,1,0,"2","1",-1.03858717155654
-0.519987791070996,-0.539818385645762,-0.428867815872158,0,0,"3","1",-1.89234177538226
0.59151271001197,-2.55577725464146,2.31423731576223,0,0,"2","3",-3.78674069318677
0.912666551347658,1.07664207052378,0.443233236073993,1,0,"3","2",-2.22003003143046
1.14220704843033,-1.00300058789296,0.125553881658072,1,0,"2","1",0.226810455955398
0.75929768082997,-0.886215410042092,0.293868211499723,1,1,"1","3",-2.13799067704546
-0.135314853903465,2.13458556613385,-0.225504342781877,1,0,"1","1",-0.21318073809648
0.959768907050335,0.455315523391376,0.13319638507693,0,0,"2","3",-4.2941743302493
0.916010272328926,-0.984263172545659,2.28262253859696,1,0,"1","1",-1.41784477154971
0.657762202639271,1.13897773933079,1.51579690500926,1,0,"1","1",0.159577017694306
0.328290965734709,1.95697253308988,1.27012059895209,1,0,"2","2",-2.10187012898175
0.0702455343651516,-1.07664239527061,-1.18382454922446,1,0,"1","3",-3.65271678324773
0.686767934687635,-0.271716442756033,0.0245970560094974,1,0,"1","1",-1.13962900943618
1.62303316678951,-2.45901946078338,-2.05231567099057,1,0,"1","2",-2.54564515237535
0.241676535656846,2.07867385296303,1.0337310918463,1,0,"1","2",-3.33627563741644
-0.113357746128539,-0.661659290658382,-0.301540591142804,1,0,"3","3",-4.30634716393215
0.297946822172617,-0.0181365499629464,0.707498796290269,1,0,"3","3",-2.86616661374533
0.781108868711451,0.146297610766022,-1.16977161914596,1,0,"1","1",-1.42644724534239
0.00908984827482558,0.965660042937564,0.287058920333228,1,1,"2","3",-2.22965632612368
-0.503851847362451,-0.467833706428393,1.10317941320386,0,0,"2","3",-4.22126134589196
0.787410226501202,1.64238689304691,2.00378263311165,0,0,"2","1",-0.403602654671898
-0.154655805262162,2.4346766911413,0.150555125851844,1,0,"3","2",-1.844076797815
0.118434340451397,0.525507840727026,-1.16645097367641,0,1,"2","1",-2.03198257568797
1.74948640689771,-1.29343923390217,-1.99611656539946,1,1,"3","2",-2.31303937454709
-0.527051667750549,-1.65556956347555,-4.33619757261164,1,1,"2","2",-3.39627637246663
-0.0979012342643177,-0.388943143996562,0.00114347845390217,0,0,"3","3",-4.65651504077275
0.466214747679503,1.23650202432994,1.44551868567464,1,0,"3","1",-0.463633020779009
1.16464395962468,0.828370484752402,-0.586379947167743,0,0,"3","2",-3.46670630558966
1.35592996757464,-1.09087047420406,-1.38636486979996,1,1,"3","3",-3.7305292867551
-0.482839113617505,1.75729890465297,0.969150082840153,1,0,"1","1",-0.860872763376826
-0.895123516545018,1.06509744406257,2.07661143416189,1,0,"1","3",-3.88289931786303
-0.101104369692038,0.550390595257975,0.01547355855446,1,1,"3","1",0.0888936539580971
-1.76950679385176,-2.20068138050141,-2.59298892413265,0,1,"3","1",-3.48322105017192
-0.12373922591578,1.39572174919473,2.64539376698618,0,0,"1","2",-2.24430119855357
-0.19230646115052,0.771595538055828,1.1063015219407,1,0,"3","1",-0.114710844743052
-0.0524108088643238,-1.39289991813732,-0.18650367285823,1,0,"2","1",-1.90857292240477
-0.0224422385572888,-0.665888642516433,1.87220971852405,1,1,"2","3",-3.81858377648046
-1.35752803698146,-0.47693174124996,-0.396949039360134,1,0,"3","2",-3.28131340857314
0.255120246734713,1.46158082533243,-1.20170317889837,0,1,"1","1",-1.20646983200073
0.261847314739156,3.8672136181125,2.89406429081026,1,0,"2","1",0.270112049105137
1.22645976140181,2.09655985204082,-0.669610993027473,1,1,"3","1",1.37882079779247
2.69394890744138,0.499119117386927,1.96472737743566,1,0,"2","3",-1.38475667748651
-0.964180889500109,-2.22866109748774,-1.59724232860404,0,0,"3","1",-2.4271125722607
-0.709669189417992,1.1001728775404,-0.909615810848418,1,0,"3","3",-3.47781138764183
-0.684245979299158,-1.95628714202125,-1.03323882305944,1,0,"1","3",-4.69706173033332
-0.442212553270535,-0.689624861829952,-2.65407716912761,1,1,"3","1",-1.2150023886233
-0.112662510099461,1.47271776879449,0.325023953245493,0,0,"1","1",-0.74191637767992
-0.660333461012786,-0.57700979491633,-1.73310011351269,1,0,"2","2",-4.16239213081441
0.626746709578187,-1.32042735178822,-1.600721429353,1,1,"2","2",-2.43561311968171
-0.0422826850835779,-0.853856234094292,-0.0464607019821519,1,0,"1","3",-4.27707536762122
-0.1504656980905,-1.57806494958745,-0.329468521463079,0,0,"2","2",-4.20912449094968
-0.923629733699672,-0.210243312718614,1.65708391551336,1,0,"2","1",-1.26463927225278
2.03067503038419,1.32593069225306,-0.423631415426804,1,0,"3","3",-2.17941678445502
-0.345695936432154,1.88648578619747,0.917441931710905,1,0,"1","3",-4.4965073481246
-0.740193552954489,-0.0321270255321175,1.70296647665376,1,0,"2","1",-0.116912928289601
0.562332606346639,0.535208860212672,0.296755129481476,1,0,"1","1",0.335523927190281
-1.97033719716669,-0.146546949445223,0.981594744317027,0,0,"1","1",-2.65694564611984
-1.19144064939475,-0.953762441147598,-1.27021358100405,1,1,"3","1",-0.916376951469078
1.63758372604962,1.13450455314356,1.59588988574454,0,1,"3","3",-1.79749430073697
1.15073314944224,0.650161700559901,0.383479942444451,0,1,"3","3",-2.59646446913772
0.718733995908751,0.813712004233851,0.592477925287839,1,0,"2","1",-0.830702800767648
2.08344131736533,1.05161072294054,2.3091564590858,1,0,"1","1",1.58515154863507
-0.236907857792242,-0.123583180646315,0.475590458299096,0,1,"2","1",-1.7660260391748
-1.39356424834934,-0.896170703419317,2.93450049526802,0,0,"1","1",-2.06061506855076
-0.246464757629163,1.99842263516425,-0.0477756174058677,1,1,"3","2",-2.51358063365337
0.276617271506209,-0.896779316967355,-1.29884276603944,1,1,"3","3",-3.66673320598718
1.00202001620767,-0.484753878853997,-1.20502056857284,1,1,"3","2",-2.36210139585229
0.124433469939546,2.00147855688516,2.79912577909867,1,0,"2","3",-3.08862738142449
1.33438994741304,0.504738263310778,-1.76834888267225,1,0,"1","3",-1.9228266172056
-0.0390943767512156,-0.261351987925537,0.546950359516815,1,0,"2","3",-2.24266108615792
0.497815021985181,1.52614758056701,-0.386389289017116,0,0,"1","2",-4.52132082902499
0.955877731801103,0.177819008235297,1.31286813004556,1,1,"2","1",0.310190576922395
1.08655086057535,1.42680405816507,-0.804709738991759,1,1,"2","1",0.818906794920942
0.382116932218477,0.0920103476140041,-0.388283749320287,1,1,"2","1",0.728303058069633
-2.07719259511815,0.808491422920656,0.481855312313436,1,1,"1","1",-1.69897464263592
-0.505523761630249,0.607567740545131,-1.18117834732293,1,0,"2","1",-1.51210960285611
0.564614144551609,-2.39858410848977,-2.04409031716174,1,0,"1","3",-4.47976288864989
1.28925379550267,0.609027630659842,-0.382534089507662,1,0,"3","1",-0.250721185901065
-0.452092226725504,-0.698475242509332,-1.12245107071383,0,1,"3","2",-2.84403937319092
0.527927187507474,0.402023566991637,2.48764991395255,1,0,"3","2",-1.55969721829013
0.0679591596213398,-1.70122221154445,-1.4105442075991,0,0,"1","1",-1.35701771788499
-0.689274163416525,-2.14819903851954,-1.956608382321,0,0,"1","1",-3.04383875439837
-0.0439110686302353,0.286739897696631,-0.292401259925686,1,0,"3","3",-3.63114091493692
-0.156682254883158,0.155417060165369,-0.7039610262061,0,0,"3","1",-1.6137700878268
0.303838890060092,0.417672505786801,-1.29719517328171,1,0,"3","1",-0.659787688383886
2.05730326441235,0.262944808758106,-0.666455006448443,1,1,"3","1",0.521127922125761
-0.477418716140465,-1.00556505430227,-1.24801364216949,1,1,"1","1",-1.43205577054188
0.0112424054265503,-0.549110689019036,0.483077157813869,1,1,"1","1",-0.492239764513087
-1.2671085362064,-2.02856132136333,-3.25028145102785,0,1,"1","1",-3.84954044637578
0.226063806260707,-0.476363378237835,0.407459937278253,1,0,"3","1",-0.981328140590231
-0.272514807096808,1.10663003245884,-1.45945870376179,1,1,"2","2",-2.97313333583309
-1.91690849416531,1.45899987117851,1.18563515049023,1,0,"1","1",-1.9856242930935
-0.192103910998704,2.31604609643586,0.90402553698683,1,0,"1","1",-1.10658686918341
-1.32089035814566,-1.59947673140234,1.08148255284944,1,1,"2","2",-3.42453943014627
0.0467192323333833,0.626239637036918,-1.03260092073207,1,1,"3","2",-2.10312824641217
0.94705204405484,0.395751438156243,-1.5745451013647,1,0,"1","1",-0.891712539687846
0.495550397005044,-2.76694830983717,-1.88477933794545,1,1,"3","2",-3.06061336811061
-0.785733303541269,1.63851134696776,1.96941754556544,1,0,"3","2",-0.91773142210567
-2.00357925920905,-0.132914179646555,2.81262242670091,1,0,"2","1",-1.97965949167916
0.104089748864523,-3.33856681986618,-0.618685842072306,1,0,"3","1",-1.93210320791049
-0.339310783381162,-2.35117802041809,-0.401154629967152,1,0,"3","2",-2.11321880761305
-0.469346974747385,0.66067899911211,-0.54385649923914,1,1,"3","1",-1.16098653556823
-2.24656042358149,-1.95141998608673,1.14709999540736,1,1,"2","1",-1.52150038557055
1.47378114479608,0.610161356364818,0.140569644617531,1,0,"1","1",0.47656017130749
-0.702436616520786,1.2529337965999,1.46587865574374,0,0,"2","3",-3.96926017104106
-0.825527617816556,-0.934426658767293,0.9924504873517,1,1,"1","3",-3.79411462666208
-0.647274427911339,0.206017162262962,-0.0852609742659694,0,0,"1","1",-1.32634860126669
-0.310216857020586,-2.47053975120559,-1.15299573000354,1,0,"2","2",-3.34215732913364
0.501031270796402,0.48949460678053,-1.84635172334069,0,1,"1","1",-2.82255456212025
-0.159331415178348,0.0713790326788486,1.24800434561607,1,0,"3","1",-0.527338936671169
1.8526357270882,1.26853610654809,-0.21269132776502,1,0,"1","3",-2.80544892951669
-0.374153350542754,1.65823017481362,0.70113892905268,1,0,"1","1",-2.0867863213758
-0.617293374028267,-0.9561844834684,-0.259559951699148,1,1,"3","3",-3.20502757535334
-1.01270060536337,-0.792467090853446,-0.411723376139379,0,0,"3","1",-2.41801416752378
0.333911380691501,-1.02296108549663,0.991109394374211,1,0,"1","1",-0.0738089295935273
-0.701531109307334,1.6538518096363,0.183323851391847,1,1,"1","3",-2.918594074399
0.889253307374985,0.458907177745439,-1.59556761720803,1,1,"3","1",0.206230994411613
-0.197786829788409,-2.99502263006534,-0.132936075436303,0,1,"3","1",-1.75417607005366
-0.430141083037128,1.64035641015638,3.15481442408001,1,0,"3","1",0.548509057499225
-0.516167111890808,-1.23519503914402,-1.0164001450924,1,0,"1","2",-3.20439675579079
-1.08277307812808,1.64750786141207,3.08883874825655,1,1,"3","1",0.726350780426299
1.39678415986215,1.28969109485305,0.98592334760854,1,0,"2","1",-0.168935643887586
0.0182227406167858,2.37487634366336,1.02650307480395,1,0,"3","3",-1.10656158916114
1.17311443805139,-0.655662533023766,-2.59803420148837,1,1,"2","2",-3.69035631012069
-2.07831325656809,-2.0790534241352,1.66232581452423,0,0,"3","1",-2.11426586377614
-0.104526152022534,0.82843265801122,0.220464159973642,1,1,"2","3",-2.55243281344093
-0.763021494812319,1.99940847216927,3.78057347685374,1,0,"3","1",1.09480190089844
0.0657316362553913,-1.90411618176576,0.342169433755664,1,0,"1","1",-1.3862573903059
-0.603062926296592,2.60446289144446,1.38284745273185,1,0,"3","1",-0.895749115551926
0.452201460626099,2.41380978595404,-0.370289333065447,1,0,"2","3",-2.47945979529182
0.542834696245103,-0.0883447596908384,-2.58497940856306,1,1,"3","1",-0.468837816302705
0.140076959858631,1.26788112981609,-0.69598371534313,1,0,"3","3",-2.52339475728438
-0.141096777245629,-0.729382016506987,1.92197998254148,1,0,"2","3",-3.48483030865898
-1.13483170042157,-1.17339902827901,1.02781804417532,0,1,"2","2",-3.47932649386897
-0.451210335266712,2.60354918298191,2.59492342096866,0,0,"1","1",-0.772771022320536
-1.00509860537565,0.635178577645629,1.51428084635951,1,0,"2","3",-4.31051746563099
2.31406012527245,0.539424466192016,-0.391126594375708,1,0,"3","1",-0.0327017204646265
-0.608613935599942,-1.88839721367254,-0.3131265589306,0,1,"3","2",-3.93902430188425
-0.975570162717005,-0.896810995312852,-0.119447588249672,0,1,"2","1",-1.66318836502461
0.828116143676522,1.2536149938939,1.79494937378555,0,0,"3","2",-1.54972638971208
-0.424668952655608,0.296806884253506,1.00015627676388,1,0,"1","1",-0.81450300146828
0.567883239660358,-1.06460936986137,0.914944068098585,1,0,"1","3",-3.93545109798318
0.0624259982804069,-0.953340456477686,-0.427836613484362,1,1,"3","2",-3.09287039321393
0.971303482134201,-1.44587658055645,-2.41365750343888,1,1,"1","3",-4.16902544222072
0.933855546498794,1.31956398326637,0.35117232276498,1,1,"2","2",-0.727709341804197
1.27011313616217,0.345497180564868,0.417622674304487,1,0,"1","1",-1.5564586450865
1.06483312823559,-0.594632668876933,-1.42831280438937,1,0,"1","3",-4.56960813102302
0.0113628290457971,0.929338064860593,-1.34374772624698,0,0,"1","3",-5.05332128054362
0.00430564743165071,1.81722508705869,-1.40391345023163,1,1,"3","2",-1.00384370150538
1.50114170799094,0.840663533485022,0.198775570262619,0,0,"3","1",-1.10869347504955
0.568422948916148,-0.122907482511228,-2.53815782583474,1,0,"2","1",-1.43146389640314
0.593537871226045,1.16288668015171,-1.41949136871186,1,1,"3","2",-2.39475184981626
1.86551443819471,0.131684340303502,-2.83518855051853,0,1,"2","2",-3.38808653818769
-1.73201426341193,0.278580889633646,0.71752530289534,1,0,"1","3",-4.51985902169592
0.603153034488467,2.72204550486254,1.37220067418944,1,1,"2","2",-1.48975221547403
0.245666062754396,0.899375547222801,0.764938537876846,1,1,"1","3",-3.22431106271864
0.187134777327199,1.40844816016996,2.87199299216387,1,0,"3","1",0.364150280964214
-0.405776928453952,0.969992308286369,-0.62305317234871,1,0,"1","2",-4.03539570737912
1.42140970065596,3.26961465696971,1.0461533886176,1,1,"2","3",-0.288415378490992
-1.1527725535633,3.39213608062704,0.943256018226478,1,0,"3","1",-0.166384112507342
1.12692047188583,-1.26372082752156,-0.0688596781731177,1,1,"3","2",-2.87974285187462
-0.425422207139122,0.371191223762217,0.708548261230993,1,0,"3","1",-0.848000484325833
-0.000533501655464439,1.20691411866281,1.79097253509409,0,0,"2","1",-1.14270952464405
0.029024227116251,-0.401099971137402,-0.309713355297826,1,0,"1","2",-3.35346258561888
-0.0915251108807311,-1.80014665239486,-0.130738548006752,1,0,"1","3",-3.78855959417391
-1.0010619554247,-1.09908155446948,-0.859864889198997,0,1,"3","3",-5.38219681952624
0.333036774365196,0.394810496653125,0.568788944500323,1,1,"3","1",-0.816044473259323
-1.96772057430823,-0.0576691569531475,-0.610765140697016,1,0,"1","1",-1.93793212862826
-1.51566568216543,1.16970547326944,1.75652662889133,0,0,"3","2",-2.22449083873806
0.550138892144704,0.550966003410087,-3.21348794655842,1,1,"1","1",-1.10200216315461
-0.505031961922761,-1.13743270228492,0.703108335044703,1,1,"2","3",-3.85640155211741
-0.1715012535465,1.27777498988233,0.869664918134733,0,0,"1","3",-4.29349357824467
-0.503201267367067,-0.375744046999151,0.583253872075537,1,1,"3","1",-1.37542609432202
0.314771122044852,-0.500354063263839,1.98826845300328,1,0,"3","1",0.0247329168164072
-1.94473067931983,-0.591261808647097,-1.1325947885343,1,0,"1","1",-2.48417764543035
-1.62833697051577,0.44057661280822,1.2966249037529,0,0,"1","1",-2.89827977858537
0.0385064799232993,1.59963500404621,-0.622374988507814,1,1,"3","2",-2.09232580777349
-1.1218872593556,0.172365620620911,-0.208519588890191,0,1,"1","1",-2.06395233666599
0.690088260476934,4.23803711785493,1.18153591560658,1,0,"1","2",-1.16556612367653
0.0231059613079797,-2.19387830864898,0.755896380233035,1,0,"2","2",-3.44068327086653
-0.261871624629548,-0.29818055038392,0.438206104117642,0,0,"2","2",-3.64568803207652
0.572049742792005,-0.942174993277155,1.06065348211732,1,0,"3","1",-0.663985507625018
-0.148328450844995,-0.353996035938856,0.396746479850162,1,0,"1","2",-3.13643548764128
0.405762240188018,-2.70681670073689,1.4091014266674,1,0,"1","2",-2.39303070980074
-0.384009906354294,-0.323473070720773,-1.58017014110959,0,1,"2","1",-1.08244229236464
-0.433026730528763,0.595221941669869,-0.318296191286029,1,0,"1","1",-0.859955287689097
1.72097523292981,0.604131156645272,-3.10061936211748,0,0,"2","2",-4.2754272356081
0.983490094998579,-0.689318533970139,-0.28472858951499,0,0,"2","2",-3.43229379236007
1.10669357479704,-0.315491292427869,-0.991399392193922,1,0,"3","1",-1.40160595440995
-0.556470506137662,-0.112093511352254,-4.79000967643265,1,0,"1","1",-3.62107792983824
-0.0396899423554103,0.758357961153699,2.45952313355921,1,0,"2","3",-3.32330061990731
1.44244836791916,1.32509459496606,0.938077398726923,1,0,"1","1",0.461570958687298
0.615527328667457,1.62542013672546,2.56691898354988,1,0,"1","2",-2.30771366161779
0.761834975609122,0.00798386792686256,-1.20495471033011,1,0,"2","2",-3.584471450224
-0.984625271438936,1.62089674022509,1.41394346666632,1,0,"1","1",-2.78290811907235
0.533879600722555,-0.567311607524683,2.00079310136451,1,1,"3","1",0.691264595366843
0.635896301293341,0.809209846512933,-0.494904817572816,1,0,"1","1",-0.236717506235331
2.08250396792859,-1.53337193383256,-1.39407002697101,0,0,"2","2",-3.13030670633207
-0.649042508018736,1.08205230324247,1.14162212824815,1,0,"1","1",-0.251098891331278
0.699062811576357,0.39447485740311,-1.04376827856292,1,0,"1","1",-0.240092172920812
0.203399472137027,1.6943998932007,2.6874199173003,1,1,"2","1",-0.0226222723042367
-0.904618363398985,-0.960844528624683,1.0115291458077,1,0,"3","1",-1.59123645455749
-0.344994847832569,0.364347032967091,0.232384122136309,0,0,"3","1",-0.85407002036613
-0.0459328162448815,0.171729415590943,1.40185772372929,1,0,"2","2",-2.40721953359326
-0.288055778529803,-0.061693770125454,0.947080264049654,1,0,"2","1",-0.743724062645778
-0.34769036291831,1.46579994865856,1.05069625728843,0,1,"3","1",-1.38906725693876
-0.167725041124111,0.216968865734224,-1.9672294992489,1,0,"2","3",-3.63582237889021
-1.15611705927787,0.777246780518354,1.35405581284627,1,0,"1","3",-4.55521828102052
-1.06471945541193,-0.101965466742869,3.60479710466887,1,1,"2","1",0.550397487368542
0.55883885653626,-2.8273347428908,-1.38008616853894,0,1,"3","3",-3.90401413217732
1.33924293453465,-0.963247376544304,-2.20689366268805,1,0,"3","1",-0.903195096937095
1.32635589000607,-0.965478665349009,-1.43204891397408,1,0,"3","1",0.149817868575268
0.129456110962148,0.432853873451387,1.42192002269541,1,0,"2","2",-3.14284829581506
1.42132301096441,1.79085439998489,1.93334243737923,1,0,"1","1",1.13717002808709
0.782299929580718,1.97642156231672,1.85097870117883,0,0,"1","1",-1.21089608091997
0.547972928178457,-0.994351805356885,-0.805019471046915,1,1,"1","3",-3.52912235781956
-0.328291610775209,-0.0933255506038034,1.79843803911039,0,1,"1","1",-0.882837841638062
0.000223777718998987,-0.598545751070759,-1.39834804891143,1,0,"2","2",-3.40472987461971
-0.463652186609734,-2.35407738921624,-2.03506581247632,0,0,"1","1",-4.00700757086241
0.176859245589361,-1.25858016154856,-1.34353832835719,1,1,"1","2",-3.22518043246867
-1.05504741762253,-2.81199980781965,-2.15953534484503,1,1,"3","3",-4.30847657947235
-0.461222704438089,0.597159657890035,0.887417104933898,1,1,"1","1",0.0216971668957799
0.606718283413106,1.37270982210197,-1.09284176958325,1,1,"2","2",-2.27397128641438
0.0435088289962347,0.103053910341495,-2.61419957940833,1,0,"3","3",-3.89451280027781
0.432927686800156,4.13871148955828,2.77523244954363,1,1,"3","1",1.15655525175586
0.176275979738532,-0.0217995489163897,-1.65366628009801,1,0,"3","1",-0.646139974900674
0.350424499919872,-1.11480837119813,-1.74745061066087,1,0,"3","3",-3.43370451872339
-1.05988948223413,-0.01295374558196,2.48687762642245,0,0,"1","1",-1.60160345646558
0.0291408076463774,1.02414242660859,0.186099851401032,0,1,"1","2",-3.11978463935667
0.860503637577801,-0.627945730856568,1.07938346136494,0,0,"1","2",-3.80395188590417
0.402505867986707,1.44499581592622,0.303194561001924,1,0,"3","1",1.08843725243099
0.479463332895216,2.04759395548655,-1.61446603958635,1,0,"1","3",-3.70008469317078
-0.716379664637008,0.450197120097455,-1.11262294713296,0,1,"1","3",-4.24577081671011
-1.66847949606435,-1.77881491636509,1.57789517577133,1,1,"1","1",-1.51201778342968
0.431701124319121,-1.78465676636071,-1.4769315158216,0,0,"1","1",-2.13254264888066
0.997609857147881,-1.24995435176788,0.782204170025598,0,1,"2","1",-0.0278515133018733
-0.642424354799788,-1.30576189834695,-1.41794769478517,0,0,"3","3",-4.47285650177678
-1.02500244685349,1.61676790332663,1.53385871453286,1,1,"3","1",0.00483232880970408
0.0830909862882181,-1.62968292156959,-3.44030980241404,0,1,"3","3",-3.98201680774259
-0.240282264697834,-0.884638592249259,-3.26243340391712,1,1,"3","3",-4.17491111788223
0.16308968014676,0.300711819230697,1.21072617942385,1,1,"1","1",0.113858143796476
-0.286643338827018,-0.470480394494362,-0.953631653136743,1,0,"3","3",-3.80398067646203
0.371638643172955,1.74444470250908,1.78161795523913,1,0,"3","1",-0.135197458455312
3.1249639134342,1.80739419251788,-2.0730655428026,0,0,"1","2",-2.74599545892061
0.811789930392907,-1.04631764491227,-0.707756071252863,1,0,"3","1",-0.637524012815209
-0.532029382591899,0.328442059623863,-0.868426420542525,1,1,"1","2",-2.84363424953252
1.09293022490354,1.01974249560581,-0.161472039577341,1,0,"1","3",-3.14693999474807
-0.0526305936143192,-1.24295781521963,-2.06087982337025,0,0,"3","3",-3.94323074461334
0.414370638269394,-1.18958038290011,-0.226771420531727,0,0,"2","3",-5.01213228862241
-1.3799606036733,-0.0991279738403726,-0.680299749509183,1,0,"2","3",-3.56533278687573
0.234343196271404,-1.25622572186653,-2.47455846554732,0,0,"1","1",-3.08944694670443
-0.31253794397976,1.69414356334718,0.946031845440912,1,0,"3","1",-0.0856724059703114
-1.42761323469256,-1.01817102662335,-0.343214337129334,1,0,"2","1",-1.22016681064488
0.454420755741375,-0.372104494308417,-0.162121069052677,1,0,"2","1",0.0567113187152863
-0.27470137082807,-0.00201310760355467,-0.433333424290432,1,0,"3","1",-0.938630239930675
-0.0032093823474477,0.0293650142881789,-2.39455076246072,1,0,"3","3",-4.43049423906039
0.640711981409872,-0.438744563471786,-0.730943839307039,1,0,"2","2",-2.31890432678536
0.343583032277783,-3.12728955678458,-1.98923235526394,1,1,"2","1",-1.12416286237998
0.82474085974828,0.450820894525892,0.529261587288187,0,0,"2","1",-0.17572458209514
1.07158142030556,1.58181533657245,2.11088283475509,0,1,"2","1",1.68032949946407
0.313895277055611,-0.0378955418552071,-2.20957162094115,1,0,"3","1",-1.45533460533648
-0.417459289403573,0.562557747643807,0.481429021785254,1,0,"2","3",-3.41546899108104
-1.77747323104737,-1.48749168489651,-1.52198994991425,1,0,"2","1",-2.87898850000897
0.20983370372607,1.62225471096544,1.12245364943317,0,1,"3","2",-1.31226242000972
-0.426376960548263,0.762931111989416,1.3424297527222,0,0,"3","2",-3.34581747463855
0.146825095114865,3.80058297601053,0.41676244121041,1,1,"3","1",0.186595552748751
0.924028116990954,1.58985582352228,-1.04326104269001,1,0,"1","1",-0.838570209622333
-0.595021597709264,-2.14530505221397,-1.30384187959526,1,0,"3","1",-1.55793048016717
0.202440672567931,0.0365569676957329,0.0200599885337634,1,0,"3","1",-1.90892134869436
-0.616950977877335,2.2619243078888,1.28681644268773,1,0,"1","1",-1.06652047489046
0.880676132928946,0.143500156533572,1.01293331956477,1,0,"1","1",-0.897269436705523
1.05354344827167,-1.08546515599717,-1.66663980426973,1,0,"1","1",-1.99300950869351
0.0712623167423828,1.27405973623221,1.07022897036702,1,1,"3","3",-2.64691930132655
-1.5758563686916,0.934487418574118,1.50868211913945,0,0,"1","3",-5.14341344326084
-0.27543815643954,1.70878798019053,-0.0629809428033539,0,0,"3","3",-3.71220172789756
-0.673474765595889,0.99364305025968,1.25624131132693,0,1,"3","2",-2.72949986451353
3.03356865572928,0.618913441388977,-0.863699907579187,0,1,"1","2",-1.28102907091415
0.672866310750289,-2.82247743215843,-1.85146388390681,1,0,"1","1",-1.70336394007201
-0.820855729122977,-0.792922581941588,1.06474729258656,0,0,"1","3",-4.51099044788067
-0.119557276542792,-1.61243519728946,0.0669747951694128,1,1,"1","1",-0.868942400938786
0.0896347588538587,1.51878022196068,1.47622423912742,1,1,"1","3",-2.17016977009305
-0.589550681357023,-0.691025959487236,0.640147619392501,1,1,"1","2",-3.43502750634645
0.0714322678131836,1.20918066077374,0.91497918560332,1,1,"2","1",-0.53635778834157
0.134986983687124,-0.632594702127456,-0.747997544109135,1,1,"3","1",0.541145230123014
0.45865573891247,-1.35574144452075,-2.3553914561454,0,0,"3","1",-1.83928794221932
-0.791596705653707,1.8648787735072,1.33189805025198,0,1,"1","1",-1.01064213921636
-0.641322392557827,2.70122835313719,2.02402803924878,1,0,"3","3",-2.23054068287011
-0.630522086478681,0.469479233884621,1.01774130379308,1,1,"2","2",-2.1346993044377
1.16309981323358,-0.0954607580777181,1.49752908840783,1,0,"3","1",-0.234152021841014
1.0236464915729,-0.526697423438242,-1.50201078363617,0,0,"3","1",-1.21688341484372
0.541223694848839,-1.09551693235847,0.839428676816704,1,0,"1","2",-3.55183231685135
1.70007066996355,0.20252343829923,-0.972580733480571,0,0,"1","3",-4.11772999079137
-0.387267842285915,-0.13150371242039,-1.04816480325233,0,0,"1","1",-2.28953928040006
-1.16361223110612,-0.356284557537754,-0.832255407921433,1,0,"2","1",-0.64039166812538
-0.180771622559865,-0.536383448586534,-0.558270364325997,1,0,"1","1",-1.84638906340427
1.35728311315006,0.959140640326467,-1.10606094353487,1,0,"2","3",-2.55000906918856
1.77670657908799,-0.0968867381244492,0.164592803346481,1,0,"1","3",-2.97579291319115
-1.12866033244562,0.393069055362415,1.1675104803033,1,0,"1","1",-1.80079394420162
1.51782992776078,1.24693830683162,-0.530030910667618,0,1,"3","2",-3.37952031269756
1.38081877978363,-0.484700612222499,-0.710993301068284,1,1,"3","2",-2.20789211093085
-0.60140950833394,-0.917222291508339,0.258036189771301,1,0,"2","3",-3.4961391505601
-1.81845930814286,2.69555423127536,0.788983412815835,1,1,"3","3",-1.50398471611324
0.373601499157067,-0.710050302857043,-0.752960958161945,1,1,"3","3",-2.21485123612074
0.485425648685358,-0.21332674905939,-0.787406148765641,1,1,"2","2",-2.98932598821377
-2.69992868374185,-0.495488562874026,1.91526750477481,0,0,"3","1",-1.41824646836831
-0.717856690344131,-2.90949786827786,-1.0363764979127,1,1,"2","1",-0.973305251840461
2.31326543772672,2.63959624383613,-1.4446619127118,1,0,"1","2",-1.75767345089951
-0.462303067012651,0.479973839385383,0.21923470112638,0,0,"2","3",-4.76819927415553
-0.337000510136969,-0.133708326070674,2.54573508052335,1,1,"2","1",-0.0136317260944547
-0.832763511504715,-1.35075523311557,0.645534289352355,1,1,"2","3",-4.27407710606132
-0.0999934274070532,-0.42636239805114,2.19127219266273,0,1,"2","2",-2.92671909539653
-2.14838009728927,0.346381204918153,1.64210518299461,1,1,"3","1",-0.803847156804956
0.910385899025835,-1.09911220207561,2.20430196484733,1,0,"1","1",0.384989474829527
1.02256707243711,1.10632598871499,2.21996367950714,1,0,"3","1",0.1128123586929
-0.805253472266374,0.125224595589038,-1.28694912648829,1,1,"2","3",-3.31093205586617
0.246573860702345,3.50400979057609,3.62575034728788,1,0,"3","1",0.0665724661587075
-0.813091584010629,1.63809717930435,-0.139620683728285,1,1,"2","1",-1.17721031453987
-1.17434205144303,3.11585604762305,2.67848770793776,1,0,"1","1",-0.503933857965152
0.543569491655729,1.79746249854513,0.600489360331691,1,0,"3","2",-1.79231098667835
-0.27998161883242,0.0433907201341568,-0.838442385453138,1,1,"3","3",-3.62938590998691
0.385946988836038,-0.824589606094418,-1.01753083342071,1,0,"1","2",-2.8242304077856
-0.189592589912846,1.6520107323308,0.393318190011553,1,1,"2","1",0.640417447229061
-0.738711218188818,-0.845919532948541,0.987295867915159,1,1,"1","3",-3.34450735414906
-1.30543878175697,-1.31094016741526,-2.22775910481861,1,0,"1","1",-3.2359242024484
-0.875434029400468,2.09502331767935,2.40895673663358,1,1,"1","3",-2.0605265364226
-1.8836411543609,1.17278467734924,-0.298106606099055,0,0,"1","1",-2.57057427463937
1.11537027044801,-1.13524783529886,-1.77356615493692,0,1,"3","2",-3.17235090690108
-0.963752772309924,-1.35557614438264,-0.0277162946561869,0,0,"1","2",-3.40406163946491
-1.20062470483599,0.328073484687272,1.81145553224952,1,0,"1","2",-2.72404129575471
2.38337640435249,2.35495873836222,-3.22964765099468,0,0,"1","3",-3.76760373121246
0.462516101841996,0.686033220316347,0.407969242534458,0,1,"2","1",-1.0379516866209
-1.06322236327678,0.532216390662698,-0.00510913551640813,1,0,"1","1",-2.82118312741804
0.360624640856236,0.159070464777619,3.14295423278201,1,1,"1","1",0.773168615311518
1.09486728541344,-0.0827193325216634,0.582837738940424,1,1,"2","1",0.969019630511823
0.134633366218768,0.602848661087083,2.45458338236857,1,0,"1","3",-3.55712208479521
0.161112656515529,-0.11396177191557,-0.40590079572044,1,0,"1","1",-2.76773958312264
1.18086663742808,1.09153161890123,-0.0102013579782342,1,0,"3","1",0.925213202624197
0.880823530848615,-1.99576701030568,-1.65069732713744,0,0,"2","2",-3.00156799250463
-0.297494422774436,-0.021894178844762,-2.49418388611528,1,1,"2","1",-1.19717583476372
-0.931679218140816,-0.179576015679555,-1.62936230657911,1,1,"1","2",-2.98999860296589
0.0874742830525805,0.0275236955972671,-2.60686236003025,1,0,"1","1",-2.46411162206343
-1.00701625514257,0.0491551788090197,2.45152919581925,1,1,"3","1",0.187010399203624
-1.60936032959295,-2.39625748307006,-0.574252867975568,1,0,"3","1",-2.12701208212492
-1.84973012275273,-0.31424654836137,-1.37284996230191,0,0,"3","1",-2.85167370145518
-0.508753386956713,-0.742499863363577,-0.900689553407486,1,0,"2","1",-1.39388075233558
-0.417470690367397,-1.31169272434219,-0.225878385753432,1,1,"2","3",-3.40802091769156
0.229754190868326,0.138982958987743,-2.02622259624426,1,1,"2","3",-3.42307992077335
0.927672671488084,0.547851459395926,-0.598823687276972,0,0,"3","1",-0.155072747844891
0.909865743775672,0.566715961127683,0.515854289296003,0,0,"1","1",-1.85512194143663
-1.05323350709904,-1.49802114396836,-1.82845960376212,0,1,"3","2",-5.12134864727096
-0.818562338303601,0.925953088991494,0.454872809674316,1,0,"2","3",-2.83541935944678
0.536482507127498,-0.946091160608544,0.4043728354303,0,0,"2","1",-1.4334055428338
0.276091111932531,-0.16503916881531,-1.53596989542858,0,0,"1","3",-4.23865823357789
0.0521161213723242,0.805910624806918,1.0360411918409,0,0,"2","1",-0.995458313767843
0.420142773278555,0.169674322049852,1.39541049176658,1,1,"1","3",-2.28042973681013
0.00885268590460053,-0.253365570201947,-0.262341397584538,0,0,"1","1",-0.441404150198019
1.38122398578591,-1.20444728428889,-0.721977754445608,1,1,"1","2",-3.16440215226393
-0.410533488348714,-0.100729549385175,0.389851367011244,1,1,"1","1",-1.63832504153675
0.880312265895093,-0.264336884686048,-0.0403842914495807,1,0,"1","1",-1.02054412341261
0.178488355709572,0.573373534381126,-0.715490223352909,1,1,"3","1",-0.282757318491595
0.523299882753666,1.04114517193109,-1.51164387697689,1,1,"2","2",-2.44317934242838
0.38427111601521,2.14102715972949,-0.476849977975163,1,1,"1","1",-0.866801897950741
0.613938854681206,-0.160614694436009,2.16542630215738,1,1,"2","3",-2.17072423021875
0.557415680215714,-0.213698967143763,-0.979517496349457,1,0,"3","2",-1.64091185961585
1.04634009368711,1.73812647032792,-0.736764637731648,1,1,"3","1",0.867726699215987
-0.868570754795262,-1.49869295138508,-0.351015148594604,1,0,"1","3",-5.24945913941697
-0.285563493386482,-0.154878380735726,0.84658421464134,1,0,"1","3",-3.13579434978919
0.378483422748483,-1.99227192739858,-0.829975642195261,0,0,"3","1",-2.02920562508462
-1.04682049149505,1.27444948015667,1.04873733464112,1,0,"3","3",-2.67062879017949
-0.252983433578579,-0.477733544593165,0.406873142523094,1,1,"3","1",-0.149525775680352
-2.22550855886698,-0.341016806422477,1.25960131655141,0,0,"1","1",-2.30893052740293
-1.33929552056987,1.19233135574292,1.2991529361911,1,1,"2","3",-2.8058174262547
0.448665314219297,-1.04486403938326,-0.522204072061467,0,1,"3","1",-0.677140951283991
1.43849918487884,0.609364308376573,1.64214329521363,1,0,"2","3",-1.73042884117922
-0.932906771766739,-2.59720535919,-2.25305128337996,1,1,"1","1",-2.36046235304775
0.365512521153677,-0.173307607536873,-2.65115754886989,1,1,"1","2",-3.77662933917376
1.21062902702375,2.36352637412078,1.50035365851866,1,1,"1","2",-2.53190242716238
0.417997477021815,-0.404156441831122,-2.40281424295448,1,0,"1","3",-5.06352151616993
-0.672681779833488,2.26485987062717,0.173624075273593,1,1,"3","3",-3.05036955693068
-2.03451576186384,-0.733623300259553,0.143410774746465,0,0,"2","1",-2.71009635155449
-1.16851110407678,-0.953501944023631,0.932688150370174,0,0,"2","1",-1.82717408661287
-1.50289716254623,0.0913596965040713,0.312638504613749,1,0,"3","1",-1.05071097291552
0.365659771712463,-0.470889524767925,-0.333076161340834,1,0,"1","1",0.24463607497142
0.191546590403341,0.119488757825881,0.543907534681033,0,1,"3","2",-2.97903045554607
-0.871768389355113,-1.11932789423129,0.657539103600318,1,0,"2","1",-0.891032623477245
0.973711206633586,0.639929160787996,1.4830294585139,1,0,"1","1",-0.347267268875686
-0.219341939781332,-0.33789780150453,-0.435930220457204,0,1,"3","3",-3.45458610981177
0.503320525576401,-0.674052332454702,-1.62446078794664,1,1,"1","1",-1.91280784109788
-0.0850758446726025,-1.91871267401467,-2.58750691023395,0,1,"3","3",-3.97735421741764
-0.289776506488296,1.29837623029912,0.117547710002098,1,0,"1","1",-1.79610710326096
0.490565992386771,1.01962646303105,0.718812700612699,1,0,"3","1",-1.06207563971763
-0.955297884524162,-0.0807727717065515,0.696674512311965,1,0,"1","3",-5.05494454981948
1.47904831832108,-0.144659612609651,-1.65149172488399,1,0,"3","1",-0.723900137748294
1.2282573881989,-2.37680999615359,-2.88763863561847,0,1,"1","2",-4.34036556508363
-0.214683249947919,-0.147397477939978,-1.58710881187935,0,0,"2","3",-3.94941113318798
1.17529332499554,0.797840071181877,2.34650205436933,1,0,"3","1",1.10521129588536
0.0115239608751561,-0.40583025677803,-0.202214721430892,1,1,"3","1",-1.97939521910364
-0.605255203690277,0.506300642364793,-0.748579134160832,0,0,"1","2",-3.55015322590362
-1.4804921733044,-2.64209329842061,-2.4915685304772,0,0,"3","3",-6.07565997676574
2.40903331855857,0.440248013897785,-1.25335423239638,1,0,"1","2",-1.84954800620968
-0.194070082545056,-0.572352059517553,-1.24287262510022,1,0,"3","3",-3.27378748761172
0.570001550343458,0.144389314030048,0.3130321247136,1,0,"2","1",-0.485531656249886
0.505797677762801,1.37766963514818,1.06004762227215,0,0,"1","1",-1.22321821992772
-0.0578905460422201,0.859115397100007,3.19985262902258,0,0,"3","1",-0.195041865414608
-0.81114573261483,-0.933171556999252,-2.51012357541926,0,1,"3","1",-2.31528756858209
-1.52492375900851,-1.66709865580944,1.41337413315604,1,0,"1","1",-2.70345299495662
-1.5356220977625,-2.31208564741588,0.56874005699034,1,1,"2","1",-2.45258443601332
0.139757595032927,-0.257018993766732,1.69403742877053,1,0,"3","1",-0.614289994995616
-0.481575546132202,-0.477532316262437,-0.296837893410682,1,0,"2","1",-1.74513964782958
-1.09593547258424,1.68751214367049,4.32672942937663,1,0,"1","1",-1.15503029277065
-0.563977663400136,-1.472097887158,-0.238478513300525,0,1,"3","3",-4.3108959218474
-2.0415491453085,-2.58866342444302,-2.20820864701442,0,0,"2","1",-2.76609154094087
0.704454743221556,-1.28592972006225,-0.80658632838266,1,0,"3","3",-3.49486182362575
0.852073438242059,-1.5837462942858,-1.1028600951353,1,1,"2","2",-3.39867930345666
1.03418772259861,-0.597058852006215,-3.16300066288161,1,1,"2","2",-3.74046417582372
1.71430675460257,-0.0192739141079391,1.96642286477278,1,0,"3","2",-1.2371553761725
0.766077500162377,-1.45094889693227,-0.508044343970563,1,0,"3","3",-2.59410910729049
0.245753266142374,0.114027501875672,0.0224006694453354,1,1,"3","1",-0.443607862014314
-0.515140851524202,-1.37992553453723,1.17518191882996,1,0,"2","1",-1.62654317240987
1.63580045318249,0.774275332495024,-1.37009668142959,1,0,"3","2",-2.38780677463328
-1.17622131502166,-0.653300184004261,-0.789858252778112,1,0,"3","2",-3.57858778366622
0.2600506175805,0.412006612648433,2.39817276076963,0,1,"1","1",-1.54915536846838
0.736592667312572,1.41865831956647,-0.715988027641324,0,0,"2","2",-2.7777196044819
1.02416317929395,-0.0137235623193869,-1.90553427860166,0,0,"2","2",-3.74511751299358
-0.782890375355912,0.0474073440290855,-2.42452688755462,1,0,"1","1",-2.42837234064067
0.29919621709844,1.43767291568885,-0.193751823401795,1,1,"3","3",-2.26852111204523
-0.951069991513312,0.929952323644765,-0.324302445288937,1,0,"1","3",-3.73522900216529
0.120202059072654,-0.956899165721015,0.8348308104961,0,0,"2","1",-1.14726787000617
0.845692052366807,1.08503163145078,2.32089508897766,1,1,"1","1",1.11948267439331
-0.919648523104884,-1.0131387337548,-0.488075227614415,1,1,"3","2",-2.7236323462421
0.473113801970817,-0.239677232733614,0.440877937538258,1,1,"3","1",-0.427040763386405
0.0697602576037364,-1.01567099949586,-0.035540406790578,0,0,"2","3",-4.74626665195957
0.0518218787724115,-0.73375723636043,2.00952361511225,0,0,"3","1",-0.904860687644734
-0.803636451448,2.46656594101585,0.09032328468109,1,1,"2","1",-0.022431870385193
-0.249297404149711,0.0382698111481301,0.133541289108249,0,0,"1","1",-1.95150926468975
-1.58280051714902,-3.83004914963397,-2.83857733889176,0,0,"2","2",-5.42360760892975
1.23787504149763,-0.970064549699442,-1.37328523132881,0,0,"2","2",-2.06207295786302
0.133714822019489,0.704905556521312,-0.110678820802567,1,1,"2","3",-3.47924036491515
-0.302893725667505,0.628575664539524,-0.674429737323663,1,0,"1","1",-2.12305849441092
-0.255069371463043,-4.1572753604437,-2.09130153005108,1,1,"2","3",-5.49676023067859
0.892152144844577,1.33185989538989,-0.579579263395302,1,1,"2","1",-0.0700499992584633
0.116854521088344,1.8991419991311,0.105927210088945,1,0,"3","1",-0.645282020482411
-1.55293923952196,2.64163918516078,-0.864904434693257,0,1,"3","1",-0.323226577028449
-0.0350978792924826,0.229871940946267,-2.48084854168749,1,0,"1","3",-5.54013593934813
-1.00780101715234,0.694419609751296,1.94694432111555,0,0,"3","2",-3.82558438067456
0.989298594786995,0.466111585679232,0.352173186019367,1,0,"1","1",-0.426126181106496
-0.756427411852352,0.0961505668895267,1.91569701322062,1,0,"1","3",-3.09639376378453
0.67661035173301,-0.556046459378294,-1.63869786037024,1,1,"2","1",-1.41327423842855
-0.813242293935702,-0.238907955482503,-1.89338312297397,1,0,"1","3",-5.2129749000523
-0.857967265983999,-2.15402272365509,0.857502712289917,0,1,"3","2",-0.976746070829665
0.197398628236939,2.69948447078168,2.17548781867809,1,0,"1","1",-1.07367043299768
0.122227325930481,-0.197137805695478,-0.848040844094685,1,1,"1","3",-3.62493626994275
1.05383789666871,0.102531083427933,-3.04956491738456,0,0,"2","2",-3.69723160298237
-0.211031788453159,0.330053101282022,1.61659423024163,0,0,"2","2",-3.05567130654045
1.1772478150241,-0.376208065030812,-1.14925090525644,1,0,"2","2",-3.87644486727535
-0.294332026769195,-0.340596904689601,-0.141435062251902,1,1,"1","1",-1.01820560366648
0.696975149014705,-0.906223260023618,0.571216634471496,1,0,"2","1",-1.12931341856737
1.04736356311087,0.776345260264986,-3.15109336339976,1,0,"1","1",-1.19279183621691
0.424434142262585,0.246017325955188,0.0998471069021404,1,0,"3","3",-3.68989750402481
-1.06509923458682,0.475358268943985,1.5897549934803,1,0,"2","3",-3.79544730081121
0.0983246046614124,0.731937787725,0.652779058760721,1,1,"1","1",-0.849019332765701
0.528549426340097,-0.654135765191243,1.55667744844074,1,0,"3","1",0.145673110707222
-1.0678202155375,-2.02249841202897,-2.3318188472801,1,0,"2","3",-5.35331449557962
-0.223723473622901,-1.22308278285167,-0.778188118460541,0,1,"3","1",-0.806624109343557
0.544478233351922,-0.00601966667583256,1.93127822338767,1,0,"1","2",-3.22795611998267
0.272671397422372,2.40484586652952,2.41647610883281,1,1,"2","1",1.36215017623659
0.226821012327427,1.25413094294793,3.9158695759575,1,1,"1","1",0.898392714600877
-0.0401363701910816,0.718326443077628,2.66822925619943,1,0,"2","1",-0.337919479159958
1.70512864549563,1.44612297996025,-0.00682494691024615,0,0,"3","1",-0.79609944543063
-0.387254236235082,-1.50169396035463,1.14431051244254,1,0,"1","1",-1.6205336563232
-0.751252353211648,0.683701875805561,-0.385241130344933,1,0,"1","1",-1.44014670412175
1.05004301124525,0.0732530885979807,-0.228619621831411,1,0,"1","2",-3.08707797355775
-0.687320719028122,-0.181922710384951,-0.318485914152071,1,0,"1","3",-3.72601508085049
-0.911946583493384,-1.02017698614149,-3.35372304352454,0,1,"3","2",-3.39116923612782
0.603998462245067,0.896854994637188,-1.33439087515298,1,0,"3","2",-3.49369229208634
-1.46907958171336,-1.08072041406416,-1.34947247920681,1,1,"3","3",-4.39180396261882
-0.0530757806415781,1.64099076272068,0.848943531437783,1,0,"3","1",-0.670625536375354
-2.33783295272557,-0.121811403631693,3.67081440381163,1,0,"3","1",-1.18424514577554
0.969307971874433,1.48980506355922,0.898223868428559,1,0,"1","1",0.254199559369577
-1.16873773492417,2.29203935786516,-0.568794427169208,1,0,"1","1",-0.43371372207216
-0.0351588395071488,1.59228321748493,0.321867052539921,1,0,"3","3",-3.29514974325052
-1.13819679814016,-2.24849328027284,-1.68983814761065,1,1,"2","3",-3.90389009162458
-1.75431064513574,-1.35475494573814,-2.17485694040084,0,1,"2","1",-2.22732992826519
0.247312005653462,-1.26714381999229,-2.14411476287813,0,0,"3","1",-2.20895755530445
2.65208972353418,0.403561991957843,-2.03766360956231,1,0,"3","1",0.318581871047929
-0.972285688262268,2.7009973423417,4.7144122212391,0,0,"1","1",-0.297342570302763
-0.476681193192527,-1.68042200024486,-1.05051894203706,1,0,"1","1",-2.39999351926855
0.434959420474709,2.12140442939672,-2.49358668888073,1,0,"3","1",-0.637503642467468
-2.06423649193228,-1.9227925961844,-0.969951436778817,1,0,"1","1",-2.59093223740985
0.476281010193159,1.14979799013618,-0.115955193200887,1,0,"2","1",-0.809275726765658
0.47153258719695,-1.12585058240374,0.888091975139126,1,0,"3","1",-0.0734370101189601
-1.31701698742448,0.477131571333368,-0.479090593329938,1,0,"1","1",-3.03686144699691
-0.0625744229886499,0.210246113960035,-0.695275420629247,1,0,"1","1",-2.15030740455524
-1.95838847507791,-0.372984950923383,0.587974736780942,0,0,"1","1",-2.12545778656455
-0.111642974678315,0.944425500588682,-0.296904586891297,1,0,"1","1",-1.23415606113225
-0.589153128885761,1.73382314229343,2.74730565632964,0,1,"3","1",-0.963938079635464
0.232704694905053,-1.75386936392266,0.238901648944684,1,0,"3","2",-2.69129504201394
-0.670466524792373,-1.82004211253894,-1.3846494498178,0,0,"1","1",-2.40965990718589
1.50938172427457,-2.39921463787608,-2.88867395933773,1,0,"1","2",-3.56465642378862
0.499406582898277,1.27584422883013,1.21618013895894,0,0,"3","2",-2.52974087831248
-0.584356486400029,-0.0575121962264846,-1.37062656637631,1,0,"1","1",-1.1660379632433
-1.7378590346507,0.384137253747201,0.534718343510846,0,1,"1","2",-3.90883875847918
0.606567838684756,0.500375353455261,-0.170922342682132,1,1,"2","1",0.628707514323899
0.988805295257375,-2.40858025331658,-3.48142263243194,1,1,"1","1",-2.03095217261355
2.29632607334059,-1.46761668535732,-1.28151150401484,0,1,"2","1",-0.124832064210882
-0.10589470729814,3.4254696144592,4.08301612293848,1,0,"2","2",-0.902210136391474
0.896761524451521,0.307878987203728,0.0698053351750068,1,1,"3","1",-0.171790097280666
-0.077443541964058,-0.867857284755437,0.407788205848251,0,0,"1","1",-2.082608664626
-0.452670537331228,1.54242479853576,1.59053517074632,1,1,"3","1",0.446359817343906
-0.352357199393407,-0.27606418007688,2.55291397783126,0,0,"1","2",-2.77051376693843
-0.356513208314163,2.20100650259092,1.4785291831241,1,1,"2","2",-2.09051833551745
0.659097886836634,-1.0531898824195,-1.56832498186836,1,0,"1","3",-3.51504363125377
0.181246339591952,1.72438852289312,0.905916415241149,1,0,"1","1",-1.51383787030215
-0.191350390627293,0.290605740215175,-0.272640448052458,1,0,"1","3",-4.95601762886092
0.0726037565051443,1.54908058424707,-1.15569202763191,1,1,"3","3",-2.9737977329314
-0.0163267539325484,-0.222156357507088,0.582368603477613,1,0,"3","1",-0.49643604299142
0.291121095609276,1.28754187977063,2.27140466944597,1,0,"3","1",1.0887312777466
0.973682144894285,-1.80537661514509,-1.78608447838987,1,0,"2","1",-0.972019944362475
-0.802353247301479,-1.6823984435877,2.17095307804007,1,0,"1","1",-0.942170747523966
1.93100593775427,0.686461888961147,-0.115700023197378,1,0,"1","1",-0.382555423565846
1.30150735666981,3.28688422685407,1.37346428999582,0,0,"3","2",-2.01034445725401
1.7818798227817,0.516061515677559,-0.410108219101185,1,0,"3","1",-0.158123223964968
-0.00941661112469274,-1.27553345944062,1.05701319708732,1,0,"1","3",-4.3382028458249
0.32048832132035,0.328407572293581,0.72023931108828,1,0,"3","3",-2.36668952202061
-0.629961740583952,-2.18132258693635,-0.824813237744812,0,0,"3","2",-4.77813039591584
-2.56341052013067,0.478856075220166,2.20682717284319,1,0,"1","1",-2.17632100223632
-0.247059404595924,-0.710189590445318,-1.30792541353247,1,1,"2","1",-0.185274144996585
-0.287577058393363,-0.192789562734125,2.24158976108331,1,0,"1","1",-0.458879785143475
-0.842134786308667,-0.903059820816361,-0.682403552388552,0,0,"1","2",-4.48945292125272
0.421201119993535,-1.82326115019858,0.383212827013234,0,0,"1","1",-0.705870358659887
-0.972367150611937,-2.14195634677854,1.37415151131549,1,0,"2","1",-2.44246565692447
-0.0135274290921537,0.0738464158778699,-3.04819702461708,1,0,"1","1",-2.30470406774657
-0.279599649696203,0.217956978688153,-1.76619803262719,1,1,"2","3",-3.15250823733561
-0.0699098859601339,0.582165871667659,-1.19136039889178,0,0,"2","3",-5.92615924835099
0.612868390390617,-0.867223516014002,-1.42210942627107,1,0,"1","2",-3.6646549518871
-1.48683031524716,-0.710074637659811,-3.41792580017697,1,1,"1","1",-2.6254974183464
0.686203833956045,-0.740434150205713,-4.94806266156784,1,1,"3","2",-3.34438735549993
-0.947995205658951,-0.747266629912442,-1.20483714327321,1,0,"3","1",-1.73935452089169
-0.263792862876978,-3.58981556359337,-2.14591719212191,1,0,"2","1",-2.49301667446249
-1.68634563028317,0.870766456460423,3.73510366232024,0,0,"1","1",-0.390313975228402
-0.928630879542159,1.49432030281015,0.123456969009105,1,0,"3","3",-2.90847917490026
0.690012809182471,-0.185390452495563,1.52707632027112,0,0,"1","1",-0.779324666575934
1.76316825690898,0.885991039173033,-4.30656690056839,0,1,"2","3",-4.11765613382391
-0.208782129431581,0.668573390716223,-0.0804150155346532,1,0,"1","1",-1.41080720447214
1.18811309408221,-2.82494869255615,-1.97745566015822,0,0,"2","3",-4.97491387502857
-1.46426643845231,-0.906838947217641,0.564975557462944,1,0,"2","1",-2.04181262088126
0.108860519491176,-2.37702087631703,0.0796300703049599,1,0,"1","2",-3.51724833003935
-1.19299970015459,0.320860984619181,3.3411603429198,1,1,"3","1",-0.203494948950699
-1.24484991396826,0.0307232864912566,-0.15244264524942,1,0,"1","1",-1.59376030377219
-0.447754844145821,1.26450199718334,1.44327296577143,1,0,"3","2",-2.17920610292101
0.770347275871899,0.882421984396401,0.396564405785723,1,0,"3","1",-0.563571466660807
2.26458595865952,-1.7438415252815,-1.49432548291597,0,1,"3","2",-2.46214856555076
-1.25894009132191,0.11513304236174,1.00072565281432,1,0,"3","1",-1.06115387136625
0.706777768479167,-0.728991258883031,0.108475711352998,1,0,"3","1",-0.217501192921284
-1.63852975195398,-0.568996257896473,-0.495201482423795,1,0,"2","2",-2.81186010790074
2.29845031160827,0.615641701741398,0.0800541489767687,0,1,"1","1",-0.744890087490414
-1.14695448263359,-0.752688211707744,-1.56315027377047,0,1,"2","2",-4.1476642593013
-1.04741184238344,2.02304798261198,-0.657908603069333,1,0,"2","1",-0.400112310244364
1.12614435891682,0.69718378419695,-0.879919972115776,1,0,"1","2",-3.23060481672445
0.0735040118047882,-0.0618372185259243,1.57609708156591,1,0,"2","1",-0.579847885819977
1.75319185306077,-1.18632648853684,-2.49797007362515,1,0,"1","3",-4.06081271149636
-0.0249674668095024,-0.913596253970745,1.38580756997392,1,0,"2","3",-3.3355570197387
-1.14593165600422,-0.00897760759023297,-2.21377956654334,0,1,"2","1",-2.07442672810548
0.980456197033353,-0.697820744611985,1.38323633680448,1,0,"1","3",-2.60318085656666
-1.02528229878313,2.67567674777838,1.33144982743115,0,0,"3","1",-1.44382337903133
0.698289459168619,-1.25957554107135,-0.1030188041309,0,0,"3","1",-0.683713364834194
-0.577381592476746,1.31499904590142,-0.387720550332799,1,1,"1","1",-0.476206136421533
-2.28559259522869,-1.38397545947281,0.575900436182974,1,0,"3","1",-3.093811410676
0.649799166025007,-1.05133539277037,0.414032834965213,0,0,"1","1",-1.78183585931924
0.0746559124157263,-0.347045361228544,2.12379656035836,0,0,"2","3",-2.72209442165256
0.295659971649709,-0.527483786553095,1.31203697499515,1,1,"1","1",-0.65536719168304
0.977033384676601,-1.04867325923107,0.984449422978905,1,0,"3","1",0.584784908518826
-0.0473705842797407,-1.27442318758573,-2.31841534087056,0,0,"3","3",-5.75995067270604
-0.531240477221344,1.39760474949577,1.41352284161167,1,0,"3","1",-0.343282417811498
0.246645425099881,0.882574677124099,-1.26681416765412,1,1,"1","2",-2.48141719424225
1.26239179847833,2.81464262006881,2.10396909465116,1,0,"2","3",-2.02729370468626
0.749408015662439,-0.169820215402206,0.01979267148728,1,1,"3","1",0.794630387390379
0.77445324538363,-0.519912615408674,-0.508168643310933,0,0,"1","1",-1.42543472931314
-0.786291124784497,0.23246500291687,2.03803301420808,1,0,"1","1",-1.64630648657336
-0.0272090283211908,-0.116914736700089,1.89812518725293,1,0,"3","3",-2.63953827958182
0.452494519146187,1.12300491738703,0.116642396116152,1,1,"1","1",-0.709514045049426
0.462231353233666,-1.11154522437666,-0.4720676393787,1,0,"1","3",-3.33200377310337
0.658188423863012,0.848373100128338,1.73532472706845,1,0,"1","1",1.01231310118569
-0.476759448411005,-1.58175121288623,-2.65134716182194,1,0,"3","1",-3.0699478027047
-0.114005985088735,-0.1772764218412,-1.29972932934939,0,0,"3","3",-3.94937095457271
-0.118514598623892,-1.84591055433499,-2.1691351329443,1,0,"1","1",-1.95221837868813
-1.69233718466609,-1.70694733727472,-1.31286606354173,0,0,"3","2",-4.35503396181772
-0.847580792632453,-0.79115330794915,-0.418935175877154,1,0,"1","3",-3.92432255259894
-0.740372532227212,0.936298518782882,2.27854370956206,1,1,"3","1",0.0263814217222693
-0.738392364234067,1.88197588413484,3.75554080412379,1,0,"3","3",-1.07939725130848
-0.597709816002402,-0.0891691178769824,-1.06331435826995,1,1,"3","3",-2.14977087615604
-0.717081397125594,-0.556225014930678,-1.28420309437357,0,0,"1","1",-2.45811098597331
-0.36319842289566,2.7810701209843,-0.935802389411498,1,0,"2","3",-4.91691148965275
-0.0730513839012562,0.417956886347907,-0.474291994563492,1,1,"3","3",-2.80158647814672
0.230529534107069,1.17428005693338,4.05057349007358,0,0,"3","1",0.185298215388758
0.85699042114293,3.52975606354123,5.25618478424965,1,0,"1","2",-0.895798638291267
-0.269643651860845,1.22283399497671,-0.22503593968106,1,0,"3","1",-0.487344147769491
-0.379714798063287,0.377220031907752,-1.36771215949662,1,0,"1","1",-1.05782201083516
0.471660934993195,2.04266559180814,3.14248347910492,1,0,"2","3",-1.18225669340737
-1.21211484773592,0.308237904964337,2.58036466757871,1,0,"1","1",-0.140680732689695
0.102393573199022,0.388456719005461,0.415799835445711,0,0,"2","1",-1.14808802596202
-2.44920808217722,0.618079316389701,0.640085283149375,0,1,"2","2",-3.29029531259291
1.00173925582004,-1.96084217452068,-0.595222951757269,1,0,"3","2",-3.55442174578855
0.772506185600944,-2.19020311892377,-1.93557828645216,1,1,"2","1",-1.39772613628481
-0.808755380486431,0.689087588897141,-0.175249907970587,1,0,"3","3",-3.95160945394838
-0.8267206314289,-0.517098952047616,-1.95182933038254,1,1,"3","1",-0.962604750668685
0.269017780626938,-1.06539666999104,0.360443663504732,0,0,"1","3",-3.32540619850276
-0.93312848818882,-2.20946524587945,-1.91987703473693,0,1,"2","1",-3.64008100600742
-1.32303599200729,-0.334408297404888,-1.33919354626554,1,0,"3","1",-2.35304135540985
1.46789173933913,2.13259919762019,1.03863124553586,1,0,"2","1",-0.811773741801595
-0.369852010767877,-1.23770082252348,-0.215398116136578,1,0,"3","3",-3.74006351075029
-0.233771542444282,-0.375610286288307,-0.0456142907888455,1,0,"2","1",-0.709464635540918
-0.97776073383539,-2.03682397436008,1.65413496771353,1,1,"2","3",-3.99364270934434
0.279758931529685,-1.18910631858827,-2.37930338900504,0,1,"1","1",-3.30907255796257
1.90383133720581,0.11548834566663,0.424182403919715,1,0,"3","3",-1.84929449138718
0.36524489333342,-0.729555433360689,-1.26171866592531,1,1,"2","3",-3.16488364208873
-0.873175614421426,-0.407284001547847,0.478072038568123,1,0,"1","3",-5.03515282108079
-0.228413775937692,1.47139816994286,0.101775052627888,1,0,"1","2",-2.96015356077404
-0.158165731047443,-1.48802527619717,1.22487112926245,0,1,"1","1",-1.26080947044234
-1.9731647160955,-2.23064584976454,-1.10263549445879,1,0,"2","1",-2.66094147707833
-0.526132144046064,-2.52422770278363,2.23839574513913,0,0,"1","1",-2.62537211072978
0.78199656831922,-1.33468295583919,-1.466777200889,0,1,"1","1",-0.454903933342306
-1.35796714354959,3.24516655686263,5.89314220303526,1,0,"2","2",-2.57289919189301
0.187437513502185,-1.01556052163006,-1.53210200765285,1,0,"3","1",-1.07012825712367
0.176409902418976,-0.152364398450989,-2.59499438631555,1,0,"1","2",-4.0655753630559
0.328749946392708,1.73697920927306,-1.61680450699735,1,1,"2","3",-2.29636803599676
0.787726071081787,0.2363694479249,-0.282138232795369,1,1,"1","3",-3.33480629617964
1.39155045619936,0.559896017330561,-0.480538822279905,1,1,"2","3",-1.4491280238547
1.20804579795824,-0.548473112646052,3.52843830674472,0,0,"2","2",-3.02349844683187
-1.15437432805867,1.44883809537395,3.82731270925593,1,0,"3","2",-2.95074607006307
-1.59406723334942,1.73652086366289,3.43698451175103,1,0,"1","2",-1.2417255844451
0.718865108596587,-0.810381644389072,0.543545388894436,1,0,"3","2",-2.02755190233643
2.71244649517395,2.42516354099696,4.71110597168961,1,0,"3","2",0.775669704620981
-0.564308510891904,-0.0153778009329765,2.72845369289463,1,0,"1","1",-0.161584682711028
0.261867319030618,1.07925044020079,0.908211794170445,1,1,"1","2",-2.50090174047821
0.138326595716805,-0.383024343205148,0.930724155050501,1,0,"1","1",-1.04634981904782
1.27845913729637,2.03443064008014,0.673024822057281,1,1,"2","1",0.442716920197239
0.228628852318955,0.482099391796706,-1.25817407851177,0,0,"2","1",-1.14201590140113
0.925640608787388,-2.18621409334008,-0.87817952500088,0,1,"3","3",-3.4721379267024
-1.46566538882009,-0.844044899033208,-1.29460491046771,1,0,"1","2",-3.90242964594548
-0.0447817967183704,-0.0470161032145797,0.957540105440517,1,0,"3","2",-2.52883756298605
0.356258876027377,-0.300458309957162,-0.91230759823914,1,0,"3","1",-0.542436930466181
-0.506071472538514,0.682039705315819,0.132004926848871,1,0,"3","3",-2.73344761680169
0.0228301635111217,0.772261470503858,1.77332659199504,1,0,"2","1",-0.437718642989468
0.874525027200927,-0.201224171755853,-2.49896942638206,1,0,"3","2",-2.49953957845163
0.628306412570549,0.474067953817894,-2.57465547135142,1,0,"1","3",-3.85491117453468
-0.466682979999618,-0.047520478564004,1.74002130442687,0,0,"3","1",-0.84598778121115
0.0256777683318633,1.02632271330574,1.28321933188765,0,1,"3","2",-1.6517749055433
-0.85316887085335,2.01705755838507,1.93452106497509,0,0,"2","1",-1.07957111929065
1.32553648952002,-0.987119159294381,-1.51316507684263,1,1,"3","2",-2.95196919522247
-1.08866758922247,1.64642860563445,-0.642073980262036,1,0,"3","3",-4.02196022121873
1.09991021093577,0.195186551752706,0.261661109079988,0,0,"1","3",-4.26525165196589
0.984563848405516,0.911459359476847,2.11214764368887,0,0,"1","1",-0.549310165928359
0.694594942495203,-1.48559666823285,-0.869843388024912,1,1,"1","2",-3.31186233032865
-0.280688143284395,-0.276148906751215,0.684665779055721,1,0,"3","3",-2.94149138709373
0.955055090098419,3.99125394294205,0.994059142814906,1,1,"3","1",1.54166030043273
-1.2123550429382,0.489227481337181,0.354095789051945,0,0,"3","3",-4.86343942090455
-0.111816541307984,-2.85185251455935,-0.609877481692446,0,0,"3","1",-1.94147211147336
1.2254883092877,2.65324039288804,2.32417460827796,1,0,"3","3",-1.70446121690737
0.614776106242058,-1.14219739832448,-1.16835790267452,1,1,"2","1",-1.14972146949784
-0.85535956514235,-0.166728873030683,0.95860982798106,1,0,"1","1",-1.10981661607727
0.348677732808249,-0.193067196839894,2.32254384168232,1,0,"1","2",-2.45889964664913
1.2234675911787,0.765049652109469,0.750753927874806,1,0,"1","1",-0.363234735019419
-1.31506913861887,-0.330804378913996,2.57532442255547,0,0,"3","2",-3.26787190995952
1.00496497426404,-1.30136814110081,-0.0892579170669217,1,0,"3","1",-0.428530392730018
-0.524611850776496,-0.308956952163973,2.2746271089491,1,0,"3","1",-0.428759096382271
0.261999688060496,-1.30768712572586,-0.52615358728509,0,0,"2","2",-2.96670004470154
-0.103726112181552,0.0264934120069372,1.56708697003608,0,0,"3","3",-3.85437943542626
1.13484678404601,-2.10947134545133,-1.01609197362054,1,0,"2","3",-3.74023929493661
0.716920694883617,0.967317712314492,-1.39159310866061,0,0,"2","1",-0.987554998592046
1.39562116444475,-1.21958202198578,-1.94103407728638,0,0,"2","1",-1.30546754469998
0.169849863504271,2.66160579278737,3.45574399524795,1,0,"3","1",0.505636879340468
-1.05345630487195,-1.42651330313321,2.39753486921093,1,0,"2","1",-1.25252633535367
-0.930378292475979,-1.93893987697795,-1.85008352271611,0,1,"3","1",-1.91603003199478
0.22328210975385,0.854623004405986,2.45610142080692,1,0,"2","1",-0.110486137942905
-0.0389942083486893,-0.177461301511545,0.764234786529263,1,1,"3","1",-0.426579752373718
-0.397217340431356,1.01697086086549,-1.33412842306181,1,0,"3","1",-1.41610021189757
-1.38858638473024,1.15547485202527,0.777748592120296,0,0,"1","3",-5.33566242016484
-0.862062442320847,-0.30640658262218,-1.74698817001738,0,1,"3","3",-4.21524868080777
-0.0315299512249873,2.52031763659973,-0.138205385895388,1,1,"2","3",-1.76286946830225
1.46219738911189,-0.0977052511716278,-2.46847877810314,0,1,"1","2",-3.06032225843163
1.24823261574145,1.3989279169211,-0.675468546308622,0,0,"2","2",-3.24138364704991
-0.144860646151232,2.14450711802987,1.40204524762185,1,1,"1","3",-2.92649746025323
1.066832142808,-0.842169696289653,-0.370087876097104,1,0,"1","2",-3.29567142941911
-0.827276549622033,-0.142960447466795,-0.901717605937684,0,0,"2","3",-4.78311438761697
2.31765789194462,1.79119320426272,1.57680193328472,1,0,"1","3",-1.99785161406036
-2.55995765280666,3.24224092748814,3.3077952952954,1,0,"2","1",-0.759138155867096
-1.71771770710065,-1.02332508930009,-2.39425315339225,1,0,"2","2",-4.48897149445722
-0.133906097281001,0.543632515106108,-0.405456396166375,1,0,"3","1",-1.36450144676703
0.500161273560884,0.370776707652612,0.511591623266948,1,0,"3","1",0.23296386892969
-1.15034131612012,-1.61355069218055,-1.90786215387031,1,0,"3","1",-2.26403351199804
0.631575317239551,0.357955134672214,1.04809304304653,1,0,"2","3",-2.41395886476517
0.50000151581264,0.304375980647595,0.316526614095962,1,0,"3","1",-0.626793301650813
-0.0465689989702429,0.166645775196753,1.87242278462755,1,0,"3","3",-2.72898891365915
-0.910622969307518,0.932177293250552,-0.245792127252194,0,1,"3","3",-2.96080840390055
-1.02921688545183,1.67917262397289,2.11249847037772,0,0,"1","2",-3.48315333246454
-0.800943109375924,-0.627420919348272,-0.355952560791848,1,1,"3","1",-0.66615300815387
-0.648778348322273,2.29744137798021,0.454989815334708,1,1,"2","1",-1.5408606651714
-0.214464558859864,1.65220245923642,-1.02618119522875,1,0,"2","2",-4.61390382486412
0.214179832827414,-0.518685658164369,0.33411739346892,1,0,"2","1",-0.0171174528632519
0.0185234152995108,0.528244118770807,0.263436093997331,1,0,"2","2",-3.66299827762678
-0.902899397434239,-1.92935241947746,1.80242557088816,1,0,"2","1",-2.40451818590175
0.280768401307879,1.53587625164042,1.49739429213298,1,0,"3","2",-2.24637381024796
-0.273529903076902,1.27169651053176,0.950917921702312,1,0,"1","3",-4.34149181700958
0.805856833107522,1.976877949812,0.996127312792093,1,1,"2","1",0.0121268711579698
1.01995541694114,0.886925252702833,0.0628523931828488,1,0,"1","1",-0.81144399319979
-0.559452001061052,-0.965095188495752,-2.74066464407116,1,0,"2","3",-5.2384915821659
0.736866543220515,0.475547884053801,0.860394456146054,1,0,"2","1",-0.823496525588558
0.604516089821467,-0.329417347985002,1.13195855377895,1,0,"2","1",-0.160568549416687
0.70701858708658,-1.469589806803,-1.85128200229477,0,0,"2","2",-3.53998666436753
-0.352064077747962,-2.19666016898487,0.363969476683973,0,0,"2","2",-4.10795100366845
-0.608031600670854,-0.332430721750453,-1.50781119734364,0,0,"3","1",-2.36655748597763
-2.11480405952401,-4.47987220338879,-0.646813996451545,1,0,"1","3",-6.98630552979579
-0.329193756124509,1.22360759411303,1.76815754162974,0,0,"3","1",-1.85688863010105
0.722769691212944,1.65179459582618,-0.394146388023185,1,0,"2","2",-2.79464897806184
-0.317279467456989,2.22170032022958,2.88947608741239,1,0,"1","1",0.363168468553657
-0.0857608634946976,-1.23321230573948,-1.39747183632877,1,1,"3","1",-0.934311496713385
0.208047545734827,0.973917222038598,2.83673587520733,1,0,"3","1",1.41307457159692
-1.29365063235236,-3.11630465494966,0.409400326393982,1,0,"1","1",-1.93957057891884
0.880664106449033,-0.797855415251246,-2.11386043112846,1,1,"1","2",-3.7949264547638
-0.942116609663132,-2.05386090565785,-1.89304884612336,0,0,"1","3",-6.27429903337309
-1.81534593855027,0.318659789300709,0.169637393908619,1,0,"3","1",-2.62662173424801
0.0551370313614566,1.57096302272048,-0.335544960429867,1,1,"3","1",0.0530438732529359
-0.531218942316509,2.01793523718441,3.29947251426763,0,0,"1","2",-3.06249196369173
-0.280473161858009,1.35287670265593,-0.0599459874725129,1,0,"1","1",-0.972009693251647
0.562310577762515,-1.42852854145812,0.0101663653222134,1,0,"2","2",-2.40501235971825
0.210068271502509,-0.637995825892751,-3.12435412063155,1,0,"1","1",-2.20135673046734
-1.64585097027458,-1.60436335850648,0.224572073271174,1,1,"1","1",-2.05200195128208
0.666090881551219,0.976262545503995,1.96419274784182,0,0,"2","1",-1.92272509784623
-1.66289627276562,-1.04711126243846,-1.69753514539466,1,1,"3","1",-1.53141554044626
0.709904838435058,2.68747101595074,-1.99109125271762,1,1,"1","1",-1.57280478132234
2.99424258986506,-1.01970782796499,-1.53828427287929,0,0,"1","3",-3.47205381286204
-1.50672794699885,0.30811169908277,0.298368570604973,1,1,"2","3",-4.06423487101709
-1.03075246034211,1.12524535984078,2.43022177868233,0,0,"3","1",-0.0589445940083614
2.35434472336841,3.25035046952767,2.19477158648862,0,0,"1","2",-1.62037147979735
0.440917130965789,-1.03727184856183,-2.64832567939107,0,1,"2","2",-4.37499159251779
-0.66713381077433,-0.522250441274296,0.252007446830307,0,0,"1","1",-1.71686794556933
-0.542964930801232,0.317911037850283,1.5064876695984,1,0,"2","2",-2.77020167869949
0.0329577416685837,-1.39923571619012,-2.41135222574731,0,0,"1","1",-1.67350241038044
-0.4736134300815,-0.684997587450207,2.32602877049478,1,0,"2","1",-0.510538603049324
0.00978623934360735,-0.86590495842788,0.188168890546162,0,0,"1","1",-2.66116883687951
0.922337484232142,-0.441766421488694,0.257913285318103,1,0,"1","1",-1.24018334538945
1.21495358979632,1.6811966320903,2.38130392399603,0,0,"2","1",-0.429136140987915
0.79185260383224,0.760993360583114,2.12180077896354,1,1,"2","3",-2.61030989014855
-0.922914806722139,0.558455299319052,1.17486408675264,0,0,"1","2",-4.95687032198902
-0.321755360401903,-0.467256529427263,-0.833871213264413,1,1,"2","3",-3.76781945118937
-0.549292680362695,0.818799395407761,-1.03940721196638,1,1,"3","1",-1.79814806393481
-0.196459266498647,-2.19496749577226,-2.39255940793612,0,1,"2","1",-2.09449305928646
0.180431954782638,-1.99623387399088,0.82227875126481,1,0,"1","1",-1.50303432553696
2.01145153503665,0.118424262533592,0.317267869591532,1,0,"3","2",-1.51844366693402
0.50408027305544,0.261899616918712,-0.635687544456881,1,0,"1","2",-4.42935900452474
1.33253467720688,-1.87266676982994,-1.40362166114084,1,0,"1","1",-1.51429007123988
0.197524274090467,-1.08879846623031,-0.846578017470359,0,0,"2","2",-4.65837810333278
0.171620195950519,-3.8265644582501,-3.11726320999233,0,0,"1","2",-5.65767866638744
-0.085526460165265,0.771190964001604,0.65661016730057,1,1,"1","1",-0.419408026588465
-0.385818573214919,-0.685210607276831,1.24395513051623,1,0,"1","1",-1.18904159689325
-0.755797991458087,-0.11436526595259,0.293435903198725,1,0,"3","1",-0.818346836363055
-1.37168027307432,1.54438256472112,-0.501210201150382,1,0,"1","3",-4.42140211306458
0.864377578298426,0.271188230371564,-0.395718576003088,1,1,"3","2",-2.2940187539705
0.9425794473229,-0.224511853601408,0.593158268497145,1,1,"3","1",1.67834697861973
1.13153436431947,2.28199949196936,1.64548821712988,1,1,"3","1",1.13781819999326
0.562269002027847,-1.39812670506873,-0.833330593351214,0,0,"2","1",-0.232180292360321
1.20766684874163,-0.385921587176814,0.845262183195211,1,0,"3","3",-2.34355470634984
-0.0784267044191987,-0.168192283291653,2.68169548787525,0,0,"2","1",-0.361145949163551
-1.68295676877504,-1.08627748769807,2.16534862106801,0,0,"3","3",-4.33986761788937
-2.84609082976346,-1.20029835541331,-1.83807499613978,1,1,"2","1",-2.10301699120361
0.0233757375443619,0.405645710128062,0.741680003251032,1,0,"1","1",-1.41585806684333
0.461155000342397,1.35763237537867,0.249439981946052,1,0,"1","1",-0.801716902637998
-0.27449891297031,-0.697519146803952,3.3717738226189,1,0,"1","1",-1.62316630159158
-0.856638142795151,3.52059334945419,1.12043744964833,1,0,"2","1",-1.08708702485437
2.58263271684595,-1.73031575251039,0.177914485851265,0,0,"1","1",-0.477210926570788
1.18360052400058,2.73400824855055,3.59643866069291,1,1,"3","1",1.69839125356692
1.51823967720931,2.86171102000166,2.0904660211272,0,0,"1","1",-0.0382931752816577
1.27183841391694,0.717540675004443,0.978966394838019,1,0,"3","1",0.575470142144875
0.725104602176456,1.3808615895471,-0.481148162516478,1,0,"2","3",-2.93590365186043
-1.2626088107049,-1.65879287873355,0.167363199519749,1,0,"2","2",-3.08883462975228
1.12413612030732,1.50355743621985,-0.0786546561055377,1,0,"1","1",-0.522868589398061
1.4639265421677,-0.950992988218363,-1.7251893609394,1,1,"2","2",-1.94362460164226
0.0150038037084329,-0.687637093971008,-1.39736936952021,1,1,"1","3",-4.04004403419765
-1.29465681887702,-3.70305594132338,-1.3873092302003,0,0,"2","2",-4.43590776317383
0.276740444278078,1.563813993832,1.35719919060638,1,0,"3","1",0.294432663459897
0.832277980676156,-2.2875865920862,-1.7784116410358,1,0,"3","1",-2.7100911925912
-0.169784710987726,1.55643672548297,-0.224795447720985,1,0,"1","1",-1.24033074313345
1.00858689374078,-3.39407712891428,-1.46229649391507,0,1,"2","1",-1.04663947168123
-0.499299310976483,-0.150400968241409,-0.25551454186399,0,0,"2","2",-3.42569139018753
0.178109729473608,0.906192835337847,0.541983272496366,1,1,"1","1",0.172228893020834
-2.16122518433258,2.58219938102315,1.02868934348687,1,0,"2","1",-1.33665763330726
-0.723266488452408,-0.979306719133218,-2.48854826078609,0,0,"1","3",-5.50260875584988
-0.732071251899097,0.666617286720473,3.12711032981416,1,1,"1","2",-2.03253032217925
-0.684426906186287,0.623815235840972,0.861849542578892,1,0,"3","3",-3.73829000518827
0.0976223806306263,-1.26470650218754,1.56046567118807,0,1,"2","2",-3.09603211657431
0.671460686973029,-1.06394315874711,-0.15038195956317,1,0,"2","2",-3.30716766662041
0.281848108787042,2.59156904601491,1.86382535951183,1,0,"1","3",-3.56678588962102
-0.189551523786492,1.79076325571969,2.25380735381394,1,1,"1","1",-0.27838829165131
1.02629423362932,-0.936669172728428,2.16414212320773,0,1,"1","1",-0.311544805084438
-2.78695472691238,-1.64805962643456,-2.28454247670911,0,0,"3","3",-6.08461864179529
1.87877200819737,-0.205290547887325,-0.383487757317624,1,0,"1","2",-2.74367320032785
-0.71279376982355,-1.14172584702486,-2.53183062771108,1,0,"2","1",-3.85537687843309
-0.167979449264479,-1.59962624157652,-2.37736881035629,1,1,"3","3",-4.79300740174973
0.601279046066242,0.0812001148224679,0.104195025482472,1,0,"3","1",0.507783541132741
-0.604539540036514,1.31263328083739,2.13792422618404,1,0,"1","2",-2.75309282680993
1.66905574199968,0.959366817195148,-0.234281756061005,0,0,"2","1",-0.211266152964899
-1.18472392460134,-1.42789331430673,-0.368244559058433,1,0,"3","1",-1.68688830897711
-0.728321268401265,0.167036414784296,-0.655052217418036,0,1,"3","1",-0.267409157330198
0.211311540076795,-0.206675124769813,-1.77502581221504,1,0,"1","1",-2.38742520653984
0.34424437447905,0.898081862435366,0.537536539239724,1,0,"1","3",-2.67988593823279
-0.294314650672625,0.0228522788413472,-0.455970846976592,1,0,"1","1",-2.35441841521681
1.37620492789214,1.82393103634356,0.44053310753069,1,1,"1","1",0.565449743100591
0.46933583376573,2.20408333680529,1.18952848884484,1,0,"2","1",0.333351586407103
1.28445621508875,2.40043724315677,-0.915541775352983,1,0,"1","1",-1.54549364070075
-1.5009698666601,3.74063029651727,2.80103700655964,1,1,"1","3",-3.40368565226418
-1.23024667392097,-0.0896848539803284,-2.44110805666588,0,1,"3","3",-4.05794206809863
-0.69155381012867,-0.907025054864208,2.30845277942191,0,0,"1","1",-1.69316333043544
-0.394194526891117,-1.92827432023931,-0.773158829934887,1,0,"3","2",-3.92497627960897
0.220344060212196,0.292083879102513,2.25339296413805,1,0,"3","3",-2.18177694012109
2.10271773479907,-0.697583599324485,0.73472786002737,0,0,"2","2",-2.42629617137289
-1.11873594245547,-0.449275337467581,2.13381205542297,1,0,"2","1",-1.70851201289244
-1.13688144153064,1.08154251083491,-0.152384961974777,1,0,"1","2",-3.14957274406706
0.19454115604963,1.24227082390037,-0.488973102929983,0,1,"2","2",-3.12114523811704
-0.677353791803093,-0.00875792797292965,1.35252625833868,1,0,"1","1",-2.33761989754207
-0.197395109996674,-1.05785540694178,-0.489959839336719,1,1,"2","1",-0.95477323517945
-0.0993604341562064,-0.796364050269795,1.82368073477286,0,1,"2","1",-0.543273554622406
-1.19120092173479,0.154727890021887,-1.75680510511531,1,0,"1","1",-2.29713055694964
-0.674960908112842,1.44671106493949,2.14424310423165,1,0,"2","1",-0.963665650135967
-0.864811783466219,-1.18872741608817,0.460890433966096,0,0,"1","3",-3.88546521634552
-0.427019593732559,2.64617250674065,0.334930747889095,1,0,"3","1",-1.24018484733431
-0.594166806154327,-0.41925006503626,1.85613318022693,1,0,"1","1",-1.70740792724244
-0.433012183547442,0.957333682974646,-0.796925989313691,0,1,"2","2",-3.70026661356397
0.0947782049376937,-0.118920668691879,0.781608492474561,0,0,"1","1",-1.5192158216179
-0.436537623375615,3.00495341160862,3.5926387941931,1,0,"2","1",0.422677814633669
-0.243578470447256,-0.0295026720654912,0.327189617856659,1,0,"3","2",-3.29506224494596
0.392224838747005,-0.778692538647747,-0.0217183532440362,1,0,"3","1",-1.80165674322222
-2.00733440927983,0.25761571861199,1.37022868089801,0,0,"1","1",-2.16375169696524
-0.32153500183411,-1.27227789986514,-0.632994422850565,0,0,"3","1",-1.67330614131815
-0.157198717691661,-2.21806624829075,-2.03709599490442,1,1,"1","1",-1.97177739930761
-2.23401088050719,1.21160194168074,0.294568928635645,1,0,"2","1",-1.67174759269852
0.227198541579151,0.601090574306465,-0.388117122201788,1,0,"2","1",-1.12609137869008
-0.807475455404341,0.245152011937364,-0.0532388375701563,0,1,"2","3",-4.25965564223102
0.490036897297656,1.08004893800377,2.46539032156004,1,0,"1","3",-2.12592538543635
-0.720566530711626,0.19526436145467,1.60912987879136,1,0,"1","1",-1.42904545464062
-1.72843937894798,-1.91097665733199,-0.317352219396297,1,0,"1","2",-4.34571785034644
-1.26225613142672,0.527203799860182,1.7876266139336,1,0,"2","1",-0.799363830592351
1.08295738955853,-0.505623882227373,-2.15368161894075,0,0,"2","3",-4.0995148535817
-1.28689750947761,0.927876753572983,-0.50951204061005,1,0,"2","3",-4.58844253430761
-0.201124269878175,1.08000794226276,0.101108135925725,1,0,"1","1",-1.22761111511402
1.30988638552485,0.655249095690873,-1.78227070379339,1,0,"1","1",-1.44926045121248
0.878525557283012,2.2795654964497,3.8497029599425,1,0,"3","1",1.05871761246928
0.657147590841461,0.336172479578103,-0.051579615172406,0,0,"3","1",-0.919493855002021
-0.0452816737127747,0.893583667275063,-1.5441540775246,1,0,"1","1",-1.55557956298388
0.0772702530768499,2.64663330292368,4.7680636315158,1,0,"1","2",-1.24760046222769
-0.14164003616794,1.229631155935,0.0207373960310466,1,0,"2","2",-3.17933700997409
0.103975193633325,0.0547286379972078,-0.80730314415242,1,0,"3","2",-3.5066538495758
0.0661064761412493,2.53226948994289,1.3407200198064,1,0,"1","2",-3.40303688710709
0.554436341587733,-1.10501723769923,-1.2257389968371,0,1,"2","2",-2.97153180979269
-0.521343658502077,0.580469374645283,-0.56144752642329,1,0,"3","1",-0.160460742351481
0.720279129882941,1.6589512782277,0.0734249586348922,1,0,"2","1",-0.639151379332946
1.4824721973528,0.304462033414676,0.191136118458289,1,0,"2","2",-1.92739217708578
0.770666797466515,0.182430724626443,-0.124701293733566,1,0,"2","3",-2.00995038154584
-1.55890494943172,-0.725063315447457,0.507451014081958,1,0,"3","1",0.0694966567331852
-1.05598018276572,0.346963343280882,-0.122198329993682,1,0,"2","1",-1.0129888759873
1.1190124572341,-0.21823857637837,-0.191296199654,0,0,"1","3",-4.20495004041677
0.768504907441596,-0.148692127640894,-1.49481248093584,1,1,"3","1",0.167733223313975
0.589723776188283,-0.686231280095202,1.21672442891728,1,1,"3","2",-2.15943174056479
1.4139495829429,1.91356256894528,1.35878196168094,1,0,"1","1",-1.77623030992446
-0.38206448290051,-0.842733846094011,1.25374754158175,0,1,"3","3",-3.54759736270208
-0.46252781822088,1.59719125762945,2.28956474816395,1,0,"3","2",-2.42457346174715
-0.476598685524154,-0.353381996420642,0.203270266476011,1,0,"1","2",-3.99340971547424
1.36635613750137,2.11462160282361,0.902145856026491,0,0,"1","1",-0.737814578487427
0.964629706346476,-0.617645328663813,1.31966488770109,1,0,"3","2",-2.20517056028348
-0.174896556707773,-1.37521599944645,-2.98463744314567,0,0,"2","2",-4.08937170287456
0.281335539938965,3.22991341669062,0.457354452723549,1,0,"3","1",0.640512883739527
0.167567110751291,1.75845521857434,1.60519740462602,1,0,"1","2",-1.35164930185321
-0.91964782781731,-0.474308964003199,-1.6126267939591,1,0,"2","1",-1.55095798891352
-1.32262510184557,3.41881601004852,3.46575288711982,0,0,"3","1",-0.00667911231865759
-1.06181916569665,-1.2634906506676,1.1541961399834,0,1,"2","1",-1.31908450303363
0.486915229196559,1.03209997014742,-0.471198664755653,1,0,"3","1",-0.673761729494808
0.65661425472966,0.726821471802553,-0.327924272287005,1,0,"1","1",-1.21869915092698
-0.69305118890725,1.45785121953468,0.390810896323286,0,0,"2","3",-4.57678251458257
-0.374622890502184,0.583974096077242,-0.439557852309885,1,1,"3","2",-3.18029821724544
0.126807394312911,0.463930734306036,4.81134534602129,1,0,"1","2",-0.664621726075779
-1.63905018614087,-0.944156174252982,-0.978342918584667,1,0,"3","2",-3.88152735948846
0.711276003079366,1.83382992942386,3.3829521870958,1,0,"2","2",-1.52296607234798
0.152181986418325,0.0697068157771526,1.05361950925051,1,1,"1","3",-2.81125657730842
1.79991334718707,-0.012450806910524,-1.01934198683961,1,0,"3","1",-0.57385646827226
0.806772168667399,-0.781410388927716,1.00171337253188,1,0,"1","2",-3.01313197027683
0.141067793867437,-0.272268861611757,-0.222129212258622,1,0,"1","1",-0.72352924905023
0.676872830455374,0.709084312573831,-1.41660091712032,0,1,"2","1",-0.975708506124358
0.0485050953582907,-0.00705922601092131,-2.89484404664376,1,0,"2","1",-2.32445403213378
-2.00441883218126,-0.351648751513653,0.783846161205934,1,0,"3","1",-1.54691341723344
-1.48542836936048,-3.0149789687555,-2.15667328116904,1,0,"2","1",-3.17041344013702
-0.977782346461963,-0.983436279170571,-0.256236707274378,0,0,"3","1",-1.86403370803829
-0.0574162607041882,-0.456129971549471,-1.08026910329034,0,1,"2","1",-1.40258157479426
0.751362261689649,-0.893431309367681,-0.526321150289971,1,1,"3","2",-3.11216136317008
-1.2630043356943,0.179696852214426,-0.120448091031312,1,1,"2","1",-1.23176180454285
-0.624269244824683,0.571142332473785,0.254378273603664,0,1,"2","2",-3.83073015271076
0.891706720201623,-0.442094494529371,0.582049891768121,1,0,"3","2",-2.65989673850006
0.481443289244609,-1.79461211378968,-4.99152672404172,1,1,"2","1",-2.16370345259026
0.603406027362283,-1.65328962127086,-0.132700655756888,1,0,"3","1",-0.67862215584526
0.095208944511657,-1.61860569892949,0.0270424618733088,0,0,"2","1",-1.36178031570208
-0.302388230981349,-1.40442019541035,-1.98278760961519,0,0,"1","2",-5.25161622137739
-1.06491842800906,-1.69751027178207,-2.7783221590418,0,0,"1","1",-3.0507023161809
0.611204779106903,-1.38610774025149,-1.73714861643678,1,0,"1","1",-1.56004559287309
0.157185813633748,-1.88570002787306,0.441433390886267,1,0,"3","2",-2.81730615131638
0.0199411133563199,-1.10619833055043,-0.620883291242072,1,0,"2","3",-5.1575133789759
-0.619397066965972,1.76160899096026,-0.146003305853926,1,0,"1","1",-2.45100870573244
0.384470270907875,-0.107714913522089,0.324426529904839,1,0,"2","3",-3.54621612064398
-1.15918276741502,0.282736438160397,3.32070492829331,1,0,"1","1",-0.689768624360197
-0.932920869124907,-2.39343955846277,-4.59553255710106,1,0,"1","1",-4.37735941560198
1.21237620397539,0.800762983596702,-2.20321227617322,1,1,"3","3",-3.08761309996101
-0.042035096320893,2.48781474215199,0.0220299299595994,0,0,"2","1",-1.05523193925173
-0.380542485062603,0.821852546283351,0.873818957477053,1,0,"3","1",-0.670675078663569
0.0481806481447274,0.45434434478873,-0.267455876645573,1,0,"3","1",0.809471350807269
0.136596034993331,-2.77709067346447,-2.55938915910685,0,1,"2","1",-2.50870365034098
0.245535156000044,0.4730992191858,-0.957623072667069,0,0,"1","1",-1.48494694427464
1.54205604994782,1.2019473645912,-0.495284529791702,0,0,"3","3",-3.66587533082107
-0.275773384152384,2.30806802138515,1.11286796519819,1,1,"3","1",0.420113266630749
-0.26471969372648,3.51166053818497,1.11690554595375,1,0,"1","3",-2.74828841017143
1.27988643561668,1.16951774217771,-1.79882124644326,1,0,"3","2",-2.72391952171913
-0.981269615769218,2.0032935812232,2.10501889748542,1,1,"3","3",-2.78295309582946
0.415888296915889,-1.06920903455982,-2.28076192728176,0,1,"1","1",-1.76748605357166
-0.611938861723039,1.63586216180436,0.120475099263923,1,0,"2","1",-1.31061206056201
-1.62382748979167,0.882807370231093,0.363317476856549,0,1,"3","3",-4.01632521286734
-1.16728483003974,1.1028583375282,-0.710847041507226,1,0,"1","3",-5.29346754240251
-0.582906351977379,0.0760433785260053,0.611311782334001,0,1,"3","2",-4.23184121517138
1.07188455336661,-1.5461566030808,-2.396585350982,1,1,"3","3",-2.73433419280206
1.64845972569812,1.24382934837011,-0.509714528303771,1,0,"1","2",-2.78931149396253
-1.32315212078174,-1.21552365394219,-1.34806835195862,1,1,"2","1",-2.05571166588071
1.58964599651715,-0.42513131384122,-1.258986609548,1,0,"1","2",-3.15362602238887
-0.405981864929022,-2.78180137116073,-5.49600287374655,1,0,"1","3",-5.60244623415255
1.19712550175588,0.525745451789907,0.321624305016431,0,0,"1","1",-1.36663394088973
0.589241843171316,-2.38692298912738,-0.667724099715229,1,0,"1","1",-1.9301940125667
-1.51715934667172,-1.38012793768425,-0.577926270039791,0,0,"1","2",-4.36975984817713
-0.200753840932762,-1.3832339206786,-2.0123214055004,0,1,"1","3",-3.97891125144925
0.623466831380739,-1.21092811952383,-2.54021959137999,1,0,"1","1",-2.14788430885633
0.0167852497733563,-0.424694719687537,1.1965627913118,1,0,"2","1",-0.907856432716271
1.27722054784288,1.13443395392642,-0.126226509563088,1,0,"3","1",-0.165884714860454
1.67015706813058,0.758063090673428,0.10728626331317,0,0,"2","1",0.000202867659931272
-0.468167480848983,0.974846785454372,-0.764309306694524,0,0,"1","2",-3.58003048851834
1.60241891601694,-2.72641518159719,-3.13548283836309,1,0,"1","2",-3.36907055153167
-0.0315212688450867,0.752808358336017,-1.63004615070461,0,1,"3","3",-4.02019447040052
1.12674215263108,0.462294716574944,1.3047840919902,1,1,"3","3",-1.71801741054613
2.54340945391603,-0.333699532652868,1.82332477835602,1,0,"3","2",-0.777847495829041
-0.827906734511635,1.07340238977016,0.264491935756406,1,0,"3","1",-1.16753656255863
-0.096961703655596,0.16693058855422,-0.801257201110577,1,1,"3","2",-2.42772355671285
-0.0991721444847362,-1.92968919351557,0.643365782548858,1,0,"3","1",-1.35280094604117
0.660502114775289,0.181022211937944,-2.69499915052952,1,0,"1","1",-2.19218621341485
-0.874690724036606,0.848957224434042,2.50724539860802,1,0,"2","1",-0.227675056497945
0.296595053085815,0.536924915152181,0.184471767444524,0,0,"1","1",-1.66744408231913
1.86013884294218,-1.00473593951807,-0.466228699569827,0,0,"1","2",-2.90681591512147
0.626934534107476,-3.49010577114862,-0.453017601744857,0,0,"1","2",-3.8903970627885
-0.166629409913424,-1.69196551841909,-1.90658542064361,0,1,"3","1",-1.83859524681821
0.354368819186315,-4.53551222543084,-1.93441865421085,1,1,"3","1",-1.67657285880443
-0.215722614992271,-0.286651665515489,0.0669646068948245,0,0,"2","1",-2.09416421981822
-1.23973005020947,-2.01514551676549,-0.463848595968935,1,0,"1","1",-3.16239789674524
-1.23115296305699,-0.706542763890947,-1.46610212554738,1,0,"3","2",-5.06720035088531
0.842683982299862,1.19601854081244,0.77466878848303,1,0,"3","1",-0.19209465453906
0.363181091049638,-0.263154602264969,-1.60578545758492,0,1,"2","2",-2.23259343989581
-0.136795715821277,0.85893280498107,0.587501846308437,1,0,"1","3",-3.54516189381186
-0.00231853089130118,0.795994614043797,-1.0468963181391,1,1,"3","2",-2.65824907842385
-0.885581463902944,0.048923795653575,0.9909193030617,1,0,"1","1",-0.598780017440328
0.981578347245877,1.60420769934897,0.100763155225779,1,0,"1","1",-1.40338372733144
0.323759746558716,1.03565823350009,-1.00233963581719,1,0,"2","2",-2.50204623883053
-1.14596684726288,-1.48749503619062,-0.343100147359992,1,0,"2","2",-3.86043012476616
1.28567569433279,5.54858732243209,2.96485599374666,1,0,"3","1",1.24772202831291
-0.54799744079067,0.0274556355218037,-1.82190751303248,1,1,"2","1",-1.16066437906873
-0.952106960770423,3.53215664833171,4.38629684724415,1,0,"2","1",0.616763622530199
0.382597813355025,0.133650684998629,-0.00246810960484161,0,0,"3","3",-3.31191797778477
-1.84219535528952,0.340911132812989,1.60072107981317,1,1,"2","2",-2.25459309890508
-0.560652992558575,0.818818663490249,1.49564587584014,0,0,"1","2",-3.84782245982702
-0.962724678042946,-0.830388920398873,0.992546511064198,0,0,"1","1",-2.21625576361916
-0.483795788267926,0.116632195093027,-2.61978130183652,1,0,"1","2",-4.04363418673668
-0.716832980573365,2.69341885827981,3.98302014325076,0,1,"1","1",-0.950964970870031
-1.11863588973155,1.84839790454817,2.00426806613536,0,1,"3","1",-1.25683200259233
0.0785443204059075,-0.174447274415699,-1.73914565448751,1,0,"2","1",-1.62609346504278
0.265353797031495,1.24329613030431,0.687958061183094,1,0,"2","1",-0.544088848724767
-1.66059982361678,2.29349251057087,-1.97627563023255,1,1,"1","1",-2.24459722419472
-0.390952917419183,-1.35783580882305,1.20688061810733,1,0,"3","1",-1.41021056462997
-1.65969693683107,0.0559214985599708,0.789359303004039,1,0,"1","1",-1.22959921385466
-1.24333940186079,-2.09225312153847,-0.753146425468619,1,1,"2","2",-3.18007704999959
-0.0561046773204795,-1.78463159131321,0.287234740183775,1,1,"2","1",-0.802549954235484
1.71529912676793,1.76489204866041,0.654037701085485,1,0,"1","2",-1.75323472410241
1.05583532504711,-0.611700654922501,-0.203699762708776,0,0,"1","2",-3.38667483053206
-0.776745157885677,1.93872784274984,3.6950532963922,1,0,"1","1",-0.307392512139848
0.5400889262638,-0.135415565186219,-2.1842560928449,1,0,"1","2",-3.1568952781101
-1.03527832211978,2.77233651896251,2.58630612830192,1,0,"2","1",0.0754409527286077
0.420666187029682,4.20765354407519,1.2790068105077,0,0,"2","1",-0.86949103961047
0.38389718338079,-0.193733097706978,-0.730465401366981,1,0,"2","2",-2.79623242923202
-0.919208217815212,0.182825669570401,-0.375793815814889,0,1,"1","1",-2.54998248282695
-0.971490216112195,-1.40470050909276,1.38408539302641,1,0,"3","1",-0.396803035243957
0.832670333987327,1.48282669428778,0.220010588420493,1,0,"2","3",-3.18542576785742
0.477526943246643,0.820106704402471,-0.482802450347349,0,1,"3","1",-0.801659621775674
-1.76126428872096,-0.275201348797284,0.407969333737736,1,0,"1","1",-3.60529448957831
1.07664577889682,0.163228835392836,-2.65413433706092,1,1,"2","2",-2.84950270159373
2.02318171414052,-0.682043311267479,-1.27995389890377,1,1,"1","3",-3.64700316991643
0.66626977231605,1.42222123105233,-1.01934762130847,1,0,"3","1",-1.01882460255463
-0.581417708216959,1.10340274261926,-0.36131126819524,1,1,"1","3",-3.85233590693014
0.21072217986974,1.53633433379735,-1.56811999432585,1,0,"3","3",-4.59496449299681
-0.875413910006466,2.14363349540905,0.194792388774872,1,1,"2","3",-3.37081122870891
1.06000663434927,-1.20774361130983,-4.74790712327691,1,1,"3","2",-3.95762991263162
0.944699298858724,-0.4930326784616,1.39253682471044,1,0,"3","1",0.552624503606208
1.18271669876725,-0.619331728776097,0.887582924476093,0,0,"1","3",-3.32166135240449
0.196268044898119,-1.09867070421441,0.888236762048454,0,1,"3","1",-0.363622736476409
-0.603701714569398,-0.61624452829803,0.335553102413432,1,0,"2","1",-1.17011693199775
0.466237769507464,-3.14160320384531,-1.95496194508979,1,1,"2","2",-3.26244590843256
-0.839291424063636,1.2394206313864,-0.228115273979022,0,1,"3","3",-3.93615046031492
-0.827266349202533,0.385159960544896,-0.794009438236564,1,1,"2","2",-4.04157491880764
-0.179200177469218,0.206354513602222,1.26593760365384,1,0,"2","1",-0.08834594878072
-0.345895405372338,-3.45214135850943,-2.92268332029483,0,1,"3","2",-3.27734344529059
-0.368995681954812,0.262417730463645,0.0422037113581353,1,0,"1","1",-1.29376740779327
-0.468445799896213,0.192437874601588,-0.511755204567889,0,1,"2","3",-3.29396204135802
-0.108488840749638,1.00851983793466,-0.145113323886805,1,0,"1","1",-1.61411965647854
0.710389794421785,-0.456491266425998,-1.01473190754107,1,0,"2","1",-0.833836793417073
1.01921433890772,0.575662242803676,0.402603190432182,1,0,"1","2",-3.16370822250338
0.835792237953985,0.0299268624301624,-0.655324959772278,1,0,"3","1",-1.11881368087987
2.16675556793963,-1.01325485213226,-3.06661557239713,0,1,"3","3",-2.25277417900498
-1.65709613104417,-0.262997332767546,-1.34483802944934,0,0,"1","3",-5.85341150381107
1.71606056324898,1.66914503548651,1.7257378738455,1,0,"2","2",-1.21932152348448
0.781459049911657,2.15561262070679,0.830296082627554,1,1,"3","1",1.14153269598419
1.65782526690568,0.908669879915003,2.15870013154882,1,0,"3","1",0.604194697911421
-0.677386414596699,-0.908438219994987,-3.43910887765568,1,0,"3","1",-2.22010986494569
-0.836337097780475,-0.366432571431313,1.78041644870581,1,0,"3","1",-0.66685650113815
-0.0221516844275037,-0.168643264151391,-1.42586297679077,1,1,"1","1",-0.842309313604205
-0.588194629557107,-0.319275141814661,0.834432264264541,0,1,"3","2",-2.63577831782662
-0.00994774448584202,-1.44699416753932,-4.02795532246511,1,1,"3","1",-1.09651252975607
1.8240835122922,2.67036845500603,-0.144919674213789,1,1,"1","1",-0.156251876130659
0.080649270444171,1.12566242023787,1.73882698052739,1,0,"1","1",-0.189990296590396
-2.04113767316875,0.355224677733096,1.77428473954441,1,1,"1","1",-1.6364299343438
-0.624079442246871,-3.44988119201797,-0.440198869476777,0,0,"3","3",-4.31350035164289
0.827256961081376,1.45236124140574,-0.651846145623586,1,0,"1","1",-0.678855107518679
0.0406759609658813,0.0128615863156614,2.30970376166019,1,0,"3","3",-2.35091333288038
0.228896438485776,0.474479198890394,-0.410209172654702,0,1,"3","3",-3.24404882144023
0.069971100842111,-1.62553092373122,-0.710958817657447,1,0,"3","1",-0.776626022522674
0.654432652717899,2.80466587975393,1.99072835039085,1,0,"1","1",-0.275239862787161
-0.306331310616071,-2.46010512922857,-1.32786546932674,0,0,"1","3",-5.27374884304255
-0.45064938764806,-2.81189020632726,-0.0692886151048482,1,0,"2","2",-3.49790925041606
-0.157258928707562,-1.9402129234817,-1.52925634826183,1,0,"2","1",-1.01146570308102
1.07250753579053,1.70161727524626,1.50772598209606,1,0,"1","1",0.412360929498035
-0.0560012249039014,1.76146600115812,5.44160314425703,1,0,"2","3",-1.39685409581585
-0.0744371647980854,-0.192436352844008,0.89622039798448,1,0,"3","3",-3.90421224682998
0.869084664909666,-0.206996929658737,-0.556546786731667,1,1,"1","1",1.0430380171643
-0.151345440529008,1.81353587577656,-1.9688584390642,0,1,"3","3",-3.44704202020443
0.638508163069468,-0.245409986425774,0.463112682505522,1,0,"3","1",-1.12411115183505
0.544029869382996,0.885792693111307,-0.42904226563101,0,1,"1","1",-1.30941283184808
-0.563267312079705,-1.19583756724844,-1.12045232913099,0,0,"1","2",-3.71014214819037
-0.158411801150007,0.850011101121515,0.352326650196528,0,1,"1","1",-0.92229831594585
1.7787198664999,-2.0521049195491,-1.62249883174151,0,0,"1","3",-5.2698659835074
1.01095630001774,3.65614928128451,-0.0197585632322472,1,0,"1","1",-0.954109052248747
0.222837871684823,-0.567609906391519,-0.827878244827368,1,1,"3","1",-0.842164841436706
-0.163433913052275,0.924273947221416,-1.38768592039037,0,0,"2","3",-4.14996849568396
-1.81203330198966,-1.21431569483232,0.745933852436765,0,0,"1","3",-5.82455975425631
1.39005544721342,0.114039773369271,1.16957491449921,1,0,"1","1",-0.0863158415939707
1.21503453672981,-1.25025630254392,-0.921524559034373,0,0,"3","2",-3.37107243699826
-0.539959209162838,2.40977868791471,1.00774447028852,1,1,"3","3",-2.96584863693385
-0.0234553401081571,-1.92574640028964,-0.743159614642606,0,0,"2","3",-5.43000914055817
-0.346888918207589,0.20653298030504,-4.52118756192394,1,0,"1","1",-2.81389243869285
-0.119197465433247,-1.0010763155867,1.19328672750059,0,0,"2","1",-2.71504825550917
-1.51169625084451,-1.38952600968977,0.606586386579633,0,0,"2","1",-2.82987294461275
-1.11256356031421,-0.787026665778104,2.90270788934894,0,0,"1","1",-1.15662164244237
-0.141184141597539,0.680288243455745,0.817918491395963,1,0,"1","1",-1.65330030093519
-0.132551350038485,-0.973718725438976,-0.476390915558559,1,0,"3","3",-4.01899786466048
0.162428550100291,-1.24704724461219,-1.01787427189401,1,0,"1","1",-2.04300566238355
-1.51598710664108,-0.881393948499422,1.63014096987029,0,0,"2","1",-2.95841411126161
-0.235355015140647,0.587810042746808,-0.869703415128738,1,1,"1","1",-1.09365408349436
-0.536785894049236,-0.848504406159593,-1.0265188949093,0,1,"3","1",-2.31932997487636
-0.451367364983912,-2.42332481869587,0.148944828943848,1,0,"1","1",-1.1739317758221
-0.188293318370734,2.93605535826787,4.54546203404054,1,0,"3","1",0.423968540110751
-0.335596927533372,-0.488507039470562,2.41591288121006,1,0,"3","1",0.0808160973609893
-0.302110570391945,0.429822336864733,-1.38613269740808,0,0,"1","2",-5.03234540063071
-1.0428857750384,0.842268474635776,2.36433966756788,1,0,"1","1",-0.885561410335928
0.913418028155367,-0.635446482321195,-0.42674809142424,0,0,"1","1",-2.96660298721659
0.473070031434609,-2.00802896527576,1.87826113445153,1,0,"1","1",-0.230753535734491
1.33125127770353,0.479459470033096,1.28458589858796,1,0,"2","2",-2.85071805816959
0.558823887489074,1.68728932370223,3.0702448740849,1,0,"2","2",-0.614555018466379
1.68364313880333,-0.0617714218841495,-2.09766191521871,1,0,"3","1",-0.541873310395064
0.532099154109888,-0.787070166972596,0.822697705827657,1,0,"1","1",0.0854578079957662
0.890279352987705,1.01085352325939,1.21921172533617,1,0,"3","1",-0.308545659464347
-0.555819496590722,0.314653806271587,0.337061362681652,1,0,"2","2",-3.68736414867073
-1.13387008243618,-1.63329869255943,-0.0586820603069665,1,0,"3","3",-4.38869616525817
-0.203316537142463,0.0287136347831834,-0.107304572418775,0,1,"3","3",-3.63176781975027
0.630965655484451,-0.754109126398262,1.24082157965799,0,0,"2","3",-3.34802640479763
-0.727104702307122,-1.23190790983729,0.425629468307882,0,1,"1","2",-3.62293557346233
-0.179172062656222,1.62643642165329,0.168689049460229,1,0,"2","2",-3.81272268475635
-0.791458272126927,0.876735634948004,-0.140783335136446,1,0,"1","2",-2.1237429303253
-0.925741358862491,0.0125509975013101,0.301730934616599,0,0,"3","1",-1.79333961584917
0.996269829929953,-0.166047584077567,2.73255946073777,1,0,"1","1",-0.0572209290174838
0.180583940814107,-0.464272806288776,1.67339314779425,1,0,"3","1",-0.0329669139452083
-1.00187333616762,0.415595946227631,-0.423487182307346,1,0,"3","1",-1.80650972323127
0.147434312328648,-0.0784195287863014,-0.880277164157574,1,1,"2","2",-2.53877735245143
1.08600069291292,1.32866875727472,1.66623394425109,1,0,"1","1",0.376019588255862
-2.89574923223855,0.258879707081361,-1.0866966498751,1,0,"3","1",-1.57644530080654
1.3215239911273,-0.155529177110894,1.74734664542627,1,0,"2","2",-1.65778845998054
0.00661572126821185,2.60731798999317,2.47468254298182,1,0,"1","1",0.417179117061246
1.42994586882752,-1.15044940930196,-2.06065178607296,0,0,"1","1",-0.883618993389491
0.153243217270047,1.13572541715486,0.740449576333118,0,0,"2","1",-0.524775577056111
-0.692601385466893,-0.110187817585427,0.59708953800182,1,0,"1","1",-2.64555202489069
0.908578399842204,1.47492464149513,0.156571357421046,1,0,"2","1",0.335554920562028
0.832720804315253,0.138788741833367,-0.603170842114565,1,0,"1","3",-4.13359002625401
0.622209628991655,2.69758616994936,2.06744500002726,1,1,"2","3",-1.83962790977817
0.00902827953786254,2.14807232159311,-0.515552951007649,1,1,"1","1",0.0609771266663655
0.985882102904232,0.199322293392125,1.36713760804407,1,0,"3","3",-2.64638585574705
0.459665194695735,1.41053417715914,1.6449214566006,1,0,"3","1",0.372778438227115
-0.569443446707794,-0.0495594416935313,3.05399723386828,1,0,"1","1",-1.2975105357555
1.21820529523627,-1.47063414029482,1.55994527817157,0,0,"1","2",-3.03510016359805
-0.351369532885799,-0.112473252570712,-0.536884534652917,0,1,"3","1",-1.57075452057988
1.28563192722523,3.47559733377505,0.640071082246612,1,1,"1","1",-0.705821031756059
0.386684112512832,0.800057403886543,0.273667780757632,1,0,"2","1",-0.661130154881879
-1.02947832544473,-0.615502224177134,-0.628437160148723,1,0,"3","1",-2.19724186585912
0.202031541912608,0.711823042979229,-1.4065577396553,1,1,"1","1",-1.54161038510135
-1.26177347406631,0.34655005211945,3.11165776132244,1,0,"1","3",-3.52094166122308
-0.787879141323051,0.781660002988968,1.93258725088472,1,0,"1","2",-3.76062778634841
0.846908365291206,-0.165065644238231,0.713049636071071,1,1,"1","1",-0.265738625660479
0.200461093545828,5.20278998048977,3.10669041774292,1,1,"3","1",1.44593701897677
-2.58469134805877,-1.394352090658,0.341105759721033,0,0,"1","1",-2.75313706698228
0.706065706774919,-0.0552308348028092,-0.879344961345276,1,0,"2","3",-2.96453068878686
0.375734696432959,1.64215517067437,1.02858537349305,1,0,"1","1",-0.792409549481929
-0.974957027842677,-0.730488263353861,1.05776954725758,1,0,"3","1",-1.41710415307844
1.02890675583905,-0.503881767700641,-1.33010755443118,1,0,"1","2",-3.02906912533059
-1.18286288579326,-1.38566789213524,1.17645154459108,1,0,"1","1",-1.80467032927734
-0.361083698130331,-0.641267116443877,0.629229524325215,1,1,"2","1",-1.69232289841306
-0.400774096683902,-0.647889146070218,-0.115785704385806,1,1,"1","2",-3.34553939903551
-0.712514842833457,0.82796899012209,1.6039357314834,1,0,"2","1",-1.31663692948162
-1.71603647608386,2.13815641018482,3.52074899072666,1,0,"2","2",-2.14216878129319
-2.17931985294458,-1.71910162827324,0.847649470764654,1,0,"3","1",-2.28137292508115
-0.0336167028354911,2.43629805377738,2.31204238265017,1,0,"2","3",-3.80781015094335
-0.355468807272444,2.55957495301187,2.58539231580208,1,0,"1","1",-1.24340742484857
0.123986377831405,-1.13224338784797,-1.45235694170103,0,0,"1","2",-3.55973349297721
1.8280843037693,-1.64493763757284,0.312823465700659,0,0,"3","1",-0.8463133156162
1.51044600261329,0.535287615186331,-1.61449571406522,1,1,"1","2",-2.35204768230591
0.0584515605259731,-1.26291506297756,-2.01270251822092,0,0,"1","1",-2.62574552264764
-0.499980945400768,0.416798215512629,1.66498885473296,1,0,"1","1",-0.436629939568991
-1.41270324723882,0.487902882613919,1.5091819714929,0,1,"1","1",-1.70502464264821
0.570159542659084,0.707792636122937,-0.371118313644444,0,0,"2","1",-1.16352147999261
-1.77651417377223,-1.06086009213694,-0.977291906931808,1,0,"3","3",-4.65980744588409
-0.264158921998655,0.465104538197269,1.21800155801602,0,1,"3","1",-0.618096852211734
-1.16236826772006,-1.63178374676065,-0.76671754206455,0,0,"2","2",-4.19819994566692
-0.458315876364672,0.451082133973629,0.957892353510118,0,0,"1","2",-4.3226682351989
-0.332714950925052,0.800320632683985,1.05945286941368,1,0,"3","2",-3.93771446448382
1.43957919401539,1.55174204779644,2.20871670269348,1,0,"2","1",0.628067505322713
-0.152699942279664,-1.01419682086317,-0.0139727056173976,1,0,"1","1",-0.689307234703173
0.780197288945114,0.126970394338218,0.429895970222582,1,0,"2","2",-3.05295621021754
-0.933759876183715,0.0546154858285918,2.97012728484413,1,0,"1","3",-2.12450874194815
0.667731562627912,2.63037355798876,0.731715140372086,1,0,"1","3",-3.29055581970498
-1.10100012226034,-1.11479524175474,0.105919221365198,1,0,"1","1",-2.82630528648562
-0.442748099271523,1.32432288359941,-0.587137731657306,1,0,"1","1",-1.03449269555409
-0.768781993109591,0.721905397488953,0.392950987072643,1,0,"3","1",-0.994248935315652
-0.733200988591214,1.19873539889001,-0.861861664283559,1,0,"1","1",-1.3820915799873
0.00422927529254508,-2.1511027199865,-0.460801256544374,1,0,"2","2",-3.03924426631611
0.142488653586072,3.40364749446575,-0.46480986200436,0,0,"2","1",-1.17015021601565
-0.383078433538324,-1.39123375892325,-1.9119599443014,0,1,"3","1",-1.07500557548249
-1.84209627322853,1.73360544881787,2.6521078671851,1,0,"1","1",-1.09209557362816
-0.810144050543115,1.39968659001498,2.27163309265461,1,1,"2","1",-0.121174606828458
1.79845173688833,-1.17974825868484,-1.06865745706671,1,0,"2","1",-0.159146568880296
1.60839376646893,0.32603008210252,-1.03859083167807,1,1,"1","1",-0.731902138970832
-0.052521975935209,2.07280465960594,0.264183650409229,1,1,"3","1",-0.0914411165832947
-0.279204826211807,1.94282946643996,1.09148808108503,1,0,"3","1",0.25505331510793
0.80205234627781,-1.67260578703978,-3.26319768535488,1,1,"3","1",-0.342018393575481
0.938314005765706,-1.48494155422044,-1.9075337331341,1,1,"3","1",-1.31335957659255
-0.551457221361352,-0.449919322200357,-0.0677829574897213,1,0,"1","1",-1.92706181328656
-0.394469499896068,-0.604998397602697,-0.537995615115479,1,0,"1","3",-3.6406720184024
3.41469052998137,-1.51644165455708,-1.43689608705698,1,0,"3","2",-1.75058052032691
-0.351137035920402,-1.62628431911586,-1.12441188873906,0,1,"1","1",-1.44250322931899
-2.21998465853313,1.72777768745682,-0.0889779608582446,1,0,"3","1",-1.94936798235647
-2.36229925136895,-1.35055913400634,0.973578030133292,1,1,"3","3",-4.15342551167737
0.151940372949499,-0.684163489121342,-1.40517720395756,1,1,"2","3",-2.54482945999175
0.204595275781909,3.08377958802544,0.324295861455692,1,1,"1","3",-3.11018297336807
-1.87896407954376,2.21234913920916,0.517868224325018,0,1,"2","1",-1.66137868377707
0.706005692076469,-3.42760102520991,-0.6836490950439,0,0,"3","2",-4.23824261716822
0.394266253075621,-0.76261238579933,-1.22518960891125,1,1,"3","2",-2.16126931292063
-0.281316693767711,0.317399533390702,0.0452578647579589,1,0,"1","3",-3.997973440944
-0.221813400649954,2.0337528380684,2.0685817982421,1,0,"3","1",0.0270170163056567
-1.26651077647147,-1.64169826788553,-0.19885210674351,0,0,"2","1",-2.89211603470291
0.275086271870845,2.46842290275461,1.95153700415763,1,0,"1","1",0.360317614759234
0.104070455512493,-3.17759226352102,-3.68509499585538,1,0,"3","2",-5.08733647176126
0.221878552848323,-2.13769524177878,-0.58111056089125,1,0,"1","1",-1.72331037601337
0.387042991587473,2.87819393340429,1.78007299543616,0,1,"1","1",-0.669936256522683
1.66011587670323,1.36590782473441,-0.357948154684457,0,0,"1","2",-2.76010823559452
-1.00596440154151,1.93855580952839,0.595011760478784,1,0,"2","3",-3.7564228690088
-0.942202244796285,-1.76266263813093,-2.71526777493351,1,1,"3","3",-4.66348864033398
-0.366706714955136,-0.609521679697746,0.0373799974485609,1,1,"2","3",-3.18050133918123
0.435027503365213,0.862894644107239,1.83127041198616,0,0,"1","1",-1.85670679275957
0.278458672184349,1.00743862496643,3.0853763372505,1,0,"2","1",0.17347620267773
0.807583547149158,-0.696332649837436,-0.254174874636078,0,0,"3","3",-3.55287748127403
0.676844768049924,1.33988818490453,0.452414817968224,1,0,"3","1",-0.106908970585088
-1.01066578948043,1.90021788056637,1.42619320022402,0,0,"1","1",-1.52772261776096
0.00770349332721119,-1.84843881142468,1.40214475093838,1,1,"2","1",-0.349123433730626
-0.744067747403928,0.661445083367834,2.49811783685515,1,1,"2","1",0.484423639916618
-1.43622455820216,-2.03188477554672,-1.78130356985976,1,1,"3","1",-1.60926532694445
-1.19458845880841,1.39771822137251,0.673347782392883,1,0,"2","1",-0.808452386500244
-0.796882735968716,-3.76167055357272,-0.397010280019703,0,0,"1","1",-3.09934090738781
0.503441362700352,3.12629903426148,0.488764936170061,1,0,"3","2",-2.11609258379931
-0.878514622445747,-0.400264849268387,-1.0223722632081,1,0,"2","1",-1.95957259058397
0.24233588388788,0.0152885198827643,-1.38611085179235,1,1,"2","2",-2.07115269273366
0.560369038231648,-0.515510860166403,-1.26727525401476,1,0,"2","3",-3.56617492798433
0.940066646651825,1.76604788944225,-2.2016674738156,1,0,"1","2",-2.65608462391314
0.509430975960789,-2.63237182842123,-4.85469209925094,0,1,"3","1",-2.04391234929487
0.764544218077132,0.609536904483255,1.08586214061319,1,1,"2","1",0.197441379717773
-1.30100050680549,-2.32524399259166,-2.66160665494712,1,1,"2","3",-4.22249653329998
0.66080471507037,-0.105941860314132,0.51673537675034,1,0,"2","3",-2.27815749719283
-0.00676507147408901,1.04447151177202,0.794453163217683,0,0,"1","1",-0.947288114172389
-0.266775549065539,0.24892725377408,2.21822518926742,0,0,"1","3",-4.36806059956539
0.228350669645782,-0.194794141924547,-0.205078833326713,0,1,"1","3",-3.579933959113
-0.408478851279162,1.16326065175712,-0.195526556298592,1,0,"1","2",-4.28861431196405
0.0274613402003951,2.34790639185489,0.144600118683747,1,0,"1","1",-0.472018510530896
0.606114518146647,0.610194304153173,2.88087812433224,1,0,"2","1",0.161056247529516
0.0286751193091349,3.29891804835885,2.67482733222049,1,1,"1","1",0.209141152455659
-0.255120181954794,-0.668302317128299,-1.46664343342972,1,0,"1","1",-1.53379078772194
1.11429429671245,2.9291447209626,1.06185278598226,0,0,"3","1",0.271741853594409
-0.297484266553173,-1.32172190519219,0.320723555008791,0,0,"2","2",-3.9437196980744
0.396874909485615,-0.46466661718036,-1.1642266292302,1,1,"2","2",-2.79240720172528
0.874676683778231,-0.575015013394281,0.179706932237088,1,1,"3","3",-1.84757551250126
0.437735554308227,-0.811548668842948,-1.31599311870228,1,1,"3","1",-0.915652480982766
-0.469292116230429,0.822701863922572,1.07488768345965,1,0,"2","1",-0.605328977837408
-0.703355066183574,1.57839128655158,2.73298112704412,1,0,"1","3",-3.34662049102186
-1.42787152538212,-0.906445919297182,-3.34389275168385,0,1,"2","1",-2.93956724999236
-0.148837320496425,-0.943013876393426,-0.342425300362584,1,0,"1","1",-1.54230792652295
1.64160285633335,1.16055488968695,-1.11186478536892,1,1,"2","1",0.00819291688676627
0.347145455526565,-0.655385449774494,-2.26295580677304,1,1,"3","3",-2.49369314351722
-0.394942628267068,-0.0344996668164507,-1.85228624070285,1,0,"1","2",-3.75966950314429
1.31772594867143,-2.96160189599288,-0.362828350197267,1,0,"1","3",-3.7924079880623
0.983043099387463,1.02490209354764,-1.07817410374716,1,0,"1","1",-1.23239541746163
-0.435353945129407,1.22291541121933,0.956662652807023,1,1,"3","1",0.37908109326784
-0.357167285359779,0.872338172570181,0.0240199637058849,1,1,"1","1",-0.706447064676715
-0.156940386835133,-2.1277704624827,-3.82805573905612,0,0,"3","3",-4.9780643879831
-1.10023473213758,2.0082551206129,-0.554665173913457,1,0,"1","1",-1.28378797776504
1.73253276093199,-1.5645371883246,-1.05687262017981,0,0,"1","3",-2.47410885849117
0.350020224398901,-0.424895128890365,-1.3073033443542,1,0,"1","3",-3.46389759065743
-0.642574118603327,0.395491091816009,-1.38352375642608,0,0,"3","1",-1.70619386381228
-0.0365973571732958,0.13358721950729,-2.76130818549261,1,0,"3","1",-2.49864947776123
0.120328313165514,1.64086028809517,0.200097984709488,1,1,"2","2",-1.99562275508574
1.92101957275177,-0.66741383446553,-0.396083040943594,1,0,"3","2",-2.24080608189446
-0.020278124275701,0.0208269811082681,0.242305242337168,1,0,"1","3",-3.31825418020211
-1.40248362253368,0.00313537909531124,-0.543825118973778,1,1,"3","3",-4.10612111020957
-0.311925992547428,-1.48689693559236,-0.648365446094766,1,0,"3","1",-1.4249856292138
0.13559901010217,1.92006687524897,2.50949225576229,1,0,"2","1",1.16773007205769
-0.354782600587857,-1.63962119416677,-0.368410131902305,1,0,"2","3",-3.6595889239863
-0.322806776542959,1.75791090225066,2.6885214144744,1,1,"2","3",-1.50113298125361
-1.71056919368359,-1.3757821447674,1.95093508456695,0,0,"2","1",-1.3259000780384
-0.397274275150289,0.518670577335253,-3.02480430394621,1,1,"1","1",-1.10339848733992
-0.954251395288675,1.07061400995838,1.41346377590683,1,0,"2","2",-2.65151906715507
-1.20799997549597,-0.298666921221993,-1.0699990959363,1,0,"1","3",-4.78888183276835
-0.870767351543799,-0.247444041232482,-0.798095206929558,1,1,"2","1",-1.81059017061364
-1.53366371189727,-0.946246421317449,-0.088401132131833,1,1,"3","1",-1.67062479862863
-1.16519817776977,0.914298253890865,-0.698153475109205,1,0,"1","3",-4.85020484331745
0.707112859294798,-0.416932243802318,0.409645569783046,0,0,"1","2",-4.99473431484901
-0.831042491525165,2.72208584445601,0.317909680647896,0,1,"3","1",-0.4532228323962
1.00661390801628,0.870127230879151,-1.64874179341408,0,0,"2","3",-3.57212825423804
-0.402895281371702,-1.93103581462487,-2.20101948820323,1,0,"1","3",-5.81489268134264
-0.700767807388438,3.223983375521,2.20860924779245,1,0,"2","3",-2.71583324111291
0.432983697984416,2.54182134809003,3.42416553403409,1,0,"3","3",-2.72606156671224
0.772727954681047,-0.101564014112442,0.078442325342827,1,0,"1","1",-1.54153842829126
0.274323642366042,-0.743566394671833,-1.17331707268348,1,0,"2","3",-3.00253682035959
-0.0624356333419698,-0.274109281356478,-0.155182954809387,0,0,"3","2",-3.71326083574147
0.472000840123072,1.79653553758647,-0.586075330103869,0,0,"3","2",-3.623767673721
-0.325248107968767,1.81687917412031,1.84761472994133,1,0,"3","3",-2.34239177242738
-0.883386933944703,0.831612312746817,-0.251906308019781,1,1,"1","1",-1.23005892810582
0.823603642292336,1.65240072193079,-0.761174226397751,1,1,"2","1",0.155183588581554
0.0919234655541411,-1.45700741701455,-0.710922028744653,0,1,"2","2",-3.31000993947112
-0.752421697516759,-0.566174729012796,1.90666064760478,1,0,"3","1",-1.19286612430443
0.915624158262982,0.285550175181728,-4.29749899632286,1,0,"2","2",-3.26132607982443
0.196789557991292,3.96581403607974,2.03975204112145,1,0,"2","1",0.43918587299526
0.860998953246843,0.998722923751342,-1.14571141760832,1,0,"2","2",-1.79049335220292
-0.205465743460125,0.769675142805123,-0.065630314450821,1,0,"1","1",-1.25375517919425
0.363026631408872,2.26561630930919,1.92725546139043,1,0,"3","3",-1.38927359558961
-0.680271773518258,-0.296406249399951,-0.398577407190391,0,0,"1","1",-2.04625049291776
-1.96102889438127,-1.88951541184526,-0.864297996494017,1,1,"1","3",-3.75851984748879
0.133011307018231,2.05094131288283,1.25140089025261,1,1,"2","2",-1.50140070033345
-0.34627420394135,1.01674895275824,-3.25292330743501,1,1,"1","3",-5.3246047425029
-1.9809819487346,-1.50756672951678,0.311208669189742,0,1,"1","1",-2.11903705228356
1.22737558742627,1.41207278693803,-1.18533432458926,1,1,"1","2",-2.19667424843922
-0.35693392774418,1.3573522388656,0.966523305131934,1,1,"3","1",0.168615055565772
-0.237191202042961,-1.29888582918534,-4.00880101106557,1,0,"1","1",-1.59825279645386
0.238066298242741,0.371471769955769,0.771736682169691,0,0,"1","2",-3.45799176858495
-0.312884222636405,0.151975755732056,3.18100715912315,1,0,"1","1",-0.32633767770742
-0.805925699127975,-0.274607719900956,-1.09357283183129,1,0,"3","1",-1.21587063914472
0.702370221834057,-2.21268091542056,-0.915647121539099,1,0,"2","1",-0.795515486768829
-0.669011728491442,-2.39624394346415,-1.00001207563291,0,0,"3","3",-4.70840784350286
-0.334593271632482,1.58040617507527,-1.22796790594307,0,1,"3","3",-3.24122404584225
-0.814083488417908,-0.949655594667538,1.45443578265543,1,0,"2","3",-3.95031418525367
0.617934633639562,-2.49709572486057,-2.7756555974369,1,1,"1","2",-4.34041338792083
0.567088309267792,0.395934935810921,0.414385634088785,1,0,"3","1",-0.793500457595462
-1.13658623970442,-0.931004450197499,1.41757571686852,0,1,"3","2",-3.98164272192321
-0.998184485765999,2.1961743125437,-0.604378134529275,1,1,"2","1",-1.04487514795304
-0.494621573850373,-0.727757820722272,2.80460051132027,0,0,"1","3",-3.93925252569112
0.279879884734808,-1.66353754573852,0.76903820930263,1,0,"1","1",-0.819202878371233
0.377044327810299,0.866610757048862,1.08818143758999,1,0,"1","1",-0.49479558795565
-1.28838116965973,-0.817225144969891,3.04942490409373,0,0,"2","1",-1.50814785847745
-0.293883670136572,1.31023496799259,-1.36082538504359,0,0,"3","1",-2.14095343867454
0.660445751783375,0.209558282730002,0.650470801429323,0,0,"2","2",-1.90018496215145
0.33753590810852,-1.37922671551566,-0.37026062148343,1,0,"3","1",-0.609327041442179
-1.21145916987976,-0.538979442842153,-1.90561516148588,0,1,"3","2",-4.79226978432605
-0.44374690560843,1.40440147128039,-0.524021058507129,1,0,"1","1",-0.370302238954304
-0.639282843395171,0.80759225218135,1.40637162103634,1,0,"2","1",-0.922109031482966
-1.47731747034309,-1.93915159532,-1.83971158675282,1,0,"3","1",-3.5348450509885
-0.376876680961749,1.68428238333631,1.41078977507778,1,1,"3","1",0.203236072966893
3.12727817953949,1.00054926989243,-1.59727860478238,1,1,"3","1",0.526871303482834
1.08012852459997,-0.198421384623477,-0.909959585147856,1,1,"3","2",-1.89166030729881
0.855218944209693,0.146679316061562,0.851243478780517,1,0,"1","1",-0.23884547069827
-1.23374852265464,-0.101480166702522,-1.60862695784156,0,0,"3","3",-5.52626052926486
-1.44088128307253,-2.54747370839313,-2.2861414791526,1,0,"3","1",-3.15621952805028
-0.806950349479889,1.2783854825646,0.720446386010259,1,0,"1","1",-0.291005830900029
-0.509153307273318,-0.376208927144145,-0.891196459141413,0,1,"3","3",-3.12066969530457
0.326137038554964,-2.84372330270652,-2.07734897586684,1,1,"3","1",-1.04277748178009
-0.270860616064186,-1.4493883336872,-2.41100203715137,0,0,"2","3",-4.99696966304431
-0.799026969326581,-0.221259019806575,1.83525434862445,1,0,"2","1",-1.3076420537066
-0.1895834374364,2.13298476796737,0.788741081173417,1,1,"2","2",-2.33777708434029
-0.990664848082739,-0.252195967487804,2.77219084691078,1,0,"2","3",-3.04746776794019
-0.368870285909719,-0.472889860586452,-1.65653893418015,0,1,"2","2",-4.43076624174922
0.128811499127967,2.00617277606931,-2.52031852992862,1,0,"1","3",-4.7997168541716
0.598996313056418,-2.41390886336807,-1.61705719271901,1,1,"1","1",-1.28453235394314
-0.597050558255456,3.56370804601204,3.73086440809318,1,0,"1","1",0.21502178816041
-0.776202096748546,-0.311297214825795,0.106723834107583,0,1,"1","1",-2.08950729246011
3.01405128586597,-0.979594340088613,-0.987199226330123,1,0,"1","2",-2.90314794054787
1.11282788006001,-0.277621164810139,-1.69379892659744,1,1,"1","1",-1.42634600699642
0.595848994228781,-0.692534755763247,-3.4473441458561,1,1,"1","2",-2.81017404350345
2.15234668945163,1.90243298366628,-0.822452611624774,1,1,"2","1",0.197009000783229
-0.0489271173514108,-2.42845307125904,-1.3371520900245,1,1,"3","2",-2.15793182730039
1.2259277744098,-1.32066948292511,-1.42432125809239,1,0,"3","1",-0.429424718806383
-0.362066289244206,-0.732491423905575,3.31321954792434,1,1,"3","3",-1.91466173546113
0.048810659952143,0.105530775380243,1.20782370526881,0,0,"1","3",-4.57203879583066
-0.6685846131089,0.039710084697226,0.282414061463677,0,0,"3","2",-3.26452438797227
-0.105326500175139,-1.07317372266356,-3.33757213112274,0,1,"2","3",-4.10744405905194
-0.422920063828967,0.914297625339848,2.62740063495391,1,0,"1","1",0.723024498194663
-0.275511561676371,-0.244482178050638,-2.84703084739574,1,1,"3","3",-2.74554453374706
1.97087699222067,2.13703123207188,1.22964043116026,1,0,"2","2",-1.94001787828804
-0.556675373131165,3.22698407722117,2.26085855362842,1,0,"1","1",-0.592790741930541
-1.02763808068714,-0.864106524171796,-1.47838722311375,1,0,"2","3",-4.63527070020034
-0.523178381187672,-0.255162731311587,-1.50638551360881,0,1,"3","3",-3.54467664210914
-1.36166952952042,3.03089240120144,1.48668675843067,1,0,"2","1",-0.093628076072203
-0.845870441962587,-0.287010142627404,1.67084049267552,0,0,"1","2",-3.72747506422358
1.10102114547156,1.84639591216988,0.215229879907252,1,1,"3","2",-2.48747491336855
1.72494413026758,-0.0526841906213407,-1.73478886312791,1,0,"2","2",-2.96171709890234
-2.3295344949854,-0.306185143246253,1.45744312455011,0,0,"1","3",-5.01367754441788
0.663607047037058,0.515309799466045,1.604477631802,1,0,"1","2",-2.63984234088998
-0.338891217649409,1.43460094972424,-0.990776537900694,1,0,"3","1",-1.33539811060434
0.0898686831489137,-1.10795306225226,1.54293004517165,0,0,"1","1",-1.65502514049044
-0.0741027692818531,-0.593900505808935,-1.901533133056,0,0,"3","1",-1.06347841967833
-0.494573625127304,2.05435040944176,3.765611370579,1,0,"1","2",-3.3012014841075
0.993627672984366,1.00359790123918,0.302194821544529,1,0,"1","3",-2.2229337324434
0.51843774728193,0.863502611014249,0.412026253255148,1,1,"1","1",-0.197335453416402
-0.93178098970293,-0.472339589898569,0.850875406921088,1,0,"3","1",-2.00192143588127
-0.31725508555714,0.983216212067331,0.77561650486774,1,0,"3","1",-0.266558193269654
-0.582615359683481,-0.170656547850895,-2.03032210402402,1,0,"1","1",-3.19922193747542
-0.754758900016325,-2.07389625904932,-0.379458409726882,1,0,"1","1",-1.36294523365097
-0.994001307028684,0.459469742776037,-0.158499731606753,1,1,"3","3",-3.83899954100325
-0.146891092682626,-0.331350225354664,-1.65764287284394,1,0,"2","1",-3.31623953915482
1.07386585008932,-2.09400175146909,-2.08505286544663,1,0,"1","3",-4.35521222111149
1.61432012767788,-1.77562416779598,-0.200629700597275,1,1,"3","1",0.808303475879717
-0.686186411447152,0.885655134987209,0.334072099081239,1,0,"1","3",-3.92626824444922
1.01576217832807,3.11902928450198,0.857244261468286,0,0,"3","1",-0.600024589678209
1.31043113036394,-0.71670281176698,-2.53169884897099,0,1,"3","3",-4.16162932083242
-1.3598503651429,-0.390067131518621,1.967209672238,1,0,"2","3",-3.34499627605974
1.46304887488156,0.95786492425225,0.305752166416797,0,0,"3","3",-3.6165981645868
0.425414993443635,-0.43305071619775,1.87763819936115,0,0,"1","1",-1.05255273279421
0.657863754651692,-0.853999636847885,-0.209408674840762,1,1,"1","3",-4.56369055273161
0.377899784438795,-2.44420861105915,-1.85647053146824,1,0,"1","1",-2.38313158306421
-1.47005413715819,-1.00065795004326,1.86042451043182,1,0,"2","1",-0.898699519612919
-0.85711167716079,0.00362659012565649,-3.04955642663296,1,0,"3","2",-3.41604270533591
-0.723168244256445,-0.225485579204226,0.839233444393768,0,0,"3","1",-0.473682385573202
-0.707867634751829,-0.622231893594398,-1.41706741029232,1,0,"2","1",-1.87777137910191
-0.516009549157337,0.0616601604748687,-0.431346151494979,1,0,"1","1",-1.6067497410062
-0.499486576440739,2.28406309803061,0.972241510154512,1,0,"3","1",0.00127761341630128
1.12431021949147,2.75196176813942,2.11245606267776,1,0,"3","2",-0.544299289421197
-0.493221782454872,-0.422690766259373,-1.76845819975973,1,1,"1","3",-3.95722914618456
-0.418552898868537,0.0665083142397633,0.598146881257604,0,1,"1","2",-2.20432439635763
-0.0354123646575527,-1.91012041952775,-1.51164113446545,1,1,"2","1",-1.7641520695251
0.790883271670784,-0.852555291771694,-0.455615720685338,0,0,"2","2",-3.18542751326544
-2.52081624425657,-1.50906298526813,-0.954280119238583,0,0,"3","1",-3.55748105816652
-0.829131207229969,1.92876064888233,2.2368318142106,0,0,"1","1",-1.63102666534529
0.845842762780941,-0.247641041836563,-2.98546534013134,0,1,"3","1",-1.73813519171784
1.04937797710025,0.85303998511282,1.23457842624385,1,1,"1","1",0.273722270286015
0.397033741153017,0.306647977871252,-0.0864436930715617,0,0,"1","1",-1.76796582119169
-0.994566025023551,-1.61317775470139,-0.961538639909022,0,0,"2","1",-1.73387641572161
1.43863375192811,2.21176105540712,-0.748908457629972,1,0,"3","1",0.517696959912133
1.16183751280475,1.56244045864827,1.62105281267744,1,0,"1","1",-0.00723847814720335
1.15590726363393,0.870296543032897,-0.342972605558441,0,1,"1","1",-0.835418069785346
-0.163751934953073,1.26611096409446,1.06254657077396,1,0,"3","1",-0.233201490165723
0.647528629914688,0.753242354096081,-0.484620617406448,0,0,"1","3",-3.49256411346619
0.446324490186852,-0.855378346756924,-1.90622970322867,1,1,"1","3",-4.69189316544245
-0.84008053068408,-1.31273720735349,-1.63262901088607,1,0,"1","3",-4.61783736485119
1.20007824846145,-1.45199348775805,0.0230973320175345,1,1,"3","1",0.022254857856302
0.435978033609473,-0.346750309564085,-0.156041322776551,1,0,"1","1",-1.87481600736509
-0.235345660529145,1.31101619597663,0.859304124712811,1,0,"1","2",-2.19729026505596
-1.55822118137029,-0.370888577512893,0.702350695118206,1,0,"3","1",-1.95455912507275
1.78471926107731,0.41933367654674,-0.0575221139021082,1,0,"3","1",0.703811313854405
-1.11999804072598,-1.99427265356507,-0.859717621219876,1,1,"1","2",-3.48949372489984
-0.301198053051157,-2.56871378190385,-1.2212983980473,0,1,"3","1",-0.659239373141801
-1.27853407618008,-1.57378948486675,0.00228072938862084,1,0,"3","3",-3.97461575052595
-2.10412528971208,-0.452669033000139,1.71727606788934,1,0,"2","1",-1.86689827804833
0.7923978501657,0.42205936584596,-0.80109691452087,1,1,"1","3",-2.4976776601167
0.146643033941836,-0.316915031922362,-0.519516560382455,1,0,"1","3",-3.3308753708826
-0.434761255818858,0.536293012673819,-0.526302150803823,1,0,"2","2",-3.98823825448498
-1.43873108166589,-0.883488292449286,-0.300140314489284,0,0,"3","1",-3.0037874273537
0.735873977438288,2.07520849300519,-1.61932331656617,1,0,"1","3",-3.08473926562627
1.14373442164037,-1.37171605443912,-2.9011200972155,1,0,"1","1",-1.26492351070889
0.309045862128766,0.605518969825101,0.871362449032747,1,1,"1","2",-2.7838772793152
1.36352890752215,0.204353602311808,-1.91632024267596,0,1,"2","2",-2.72301353383396
-1.10117385759993,-0.957348029708131,1.37459698423196,1,0,"1","3",-3.68265306337099
-1.3328202666416,1.2875563986379,1.86566770706297,1,1,"3","1",-0.295335404732673
1.48658637462645,-2.48235148349492,0.469426227399197,0,0,"3","2",-2.86153089184421
-1.79994880700325,-0.549857814845036,0.165093291525294,1,0,"1","1",-1.51959939114553
-0.495685667771208,-1.72672851914426,-2.87854891999542,1,0,"2","1",-1.88897270213359
-1.14123375267999,1.24719131099134,-0.0756012555941539,1,1,"1","2",-3.46642271173189
-0.106993181224078,1.12886487489589,-0.242865866425686,1,0,"1","3",-4.54479936103973
1.7286405931029,2.98326289093231,1.71565778559515,1,0,"3","1",-0.0374584220005205
0.950437855993891,1.48130017559563,1.944945480933,1,0,"1","2",-1.83657320931348
-1.15945593664206,2.80927427196461,2.43004366692016,0,0,"3","3",-3.09055727884681
0.828203336060298,0.647243856044013,-1.32833367739262,0,1,"3","1",-0.159240585654422
-0.420382654653427,-1.44460855743837,-0.709872262586151,1,0,"2","3",-4.94606067572583
-0.328966056543482,-1.0549457761031,1.12402244922986,1,0,"1","2",-2.8137519062233
-0.689221645511766,-0.440226102976131,-0.401640154150077,1,0,"1","1",-1.52036172005893
0.469496858026904,0.573867738532617,0.608240367339668,1,1,"1","1",-0.0857381163621466
0.312637168729625,-0.259028066426651,-0.292577026049018,0,1,"3","1",-0.891162920893622
0.538645940140941,3.45376872837758,0.827896898790012,0,0,"1","1",-0.876981943538648
-0.0882988526307148,0.536102653074871,-1.08218983547268,1,0,"1","2",-3.3202711885367
-1.21420312452584,-2.06063951381749,1.17061192783535,0,0,"1","3",-5.13892054305924
-0.265087657455673,0.625712639270757,-1.17497585874353,1,1,"1","3",-4.69880586839092
-1.40971061815029,-3.15546239902014,-1.57449839251779,1,0,"1","1",-1.88451257089163
0.287095558145849,1.35958627660786,1.15522877003572,1,0,"1","1",-1.36826810204102
-0.992857674620265,0.502546459815524,-0.34247272063402,1,0,"2","3",-4.29982624223025
-0.667663381683706,0.831150683441607,-1.98166220891728,1,1,"3","1",-1.10490201958816
-0.655051114148377,-0.416206615295164,2.32346475817665,1,0,"2","1",-0.526247314658856
-0.889497751260822,-1.33682916765053,1.73821223914752,1,0,"3","1",-0.504619953794114
-1.41007490867789,-1.74301793076381,-0.400190447636806,0,0,"2","3",-5.79050103242908
-0.018534970755559,0.246683929619055,0.0742567316913507,1,0,"3","1",-0.144682648800699
0.272199493115227,0.269968556846284,2.16229996846413,1,0,"3","3",-2.58740226931678
1.07191602896306,-0.0191936823867239,-2.60627852264567,1,0,"1","3",-5.40624057775514
0.794527297739001,-0.0256134344284058,-3.14365355384211,1,1,"1","2",-3.24327953449012
0.376612708584848,-1.66018753378559,-2.47272368665137,1,0,"3","3",-4.81039656800654
0.656872807298521,3.34489749404612,0.702974426785999,1,1,"3","1",0.273237108699599
1.40792329341879,-0.931124267623803,-0.230117413952804,1,0,"1","2",-2.9228917916771
0.0589577916011552,-1.66181838297409,-0.404707183543133,0,0,"2","1",-1.35544356488192
-0.106894828146408,-1.33493618839105,-1.30250050200526,1,0,"3","2",-2.66642002873809
0.488703382559994,2.46320226976587,-0.824836154816003,1,1,"2","2",-2.41336719600081
0.439750076434692,-1.21666354230315,-3.4574324816639,1,0,"1","1",-2.53079381480518
-0.202591948365389,-0.482357114600364,-0.804780222504424,1,0,"1","2",-4.47734457989395
1.76903085237968,-1.21196030070901,-0.645224947917007,1,0,"3","1",-0.378919071313851
2.24031185816255,-0.205345746263471,-0.366889815620155,1,0,"1","1",-0.186938141144891
-0.446379644150607,-0.486685789681142,0.843068295328178,0,0,"1","2",-3.05564281753631
1.16186245712144,-0.610636755620288,-1.6515353659963,1,1,"2","1",0.146490645692885
1.59299357769147,-1.51470874803384,0.25526295770056,0,1,"3","1",0.342423426669868
1.66904150473599,1.52909754566329,0.632243027836215,1,1,"2","2",-1.53741331777984
1.19657370931911,-1.0220001801095,-1.40583211105627,0,0,"1","2",-4.03121606027587
1.4369394031105,-0.706290844218996,-0.741114064802318,1,1,"1","1",0.166240689034358
1.20057065477073,-1.31272841843218,-0.456215158554497,1,1,"2","3",-3.15569743675915
0.319616327532766,1.15855106506483,1.41024928287851,1,1,"2","1",1.48628499692699
1.71609274595636,-0.0492789935619167,-0.96997496369629,1,0,"2","3",-2.97568116862363
0.654594414533798,-0.952609380022774,-0.696279166080183,0,1,"3","3",-3.29777127395373
-0.832670812828749,1.43711915991395,0.0401479178797053,0,0,"3","2",-3.24872367330393
-1.32828390865365,-0.0710662825915695,0.262571815376511,0,1,"1","1",-3.37716942758296
-0.9880302447007,1.41805696627326,-0.757567911549109,1,1,"2","1",-0.674682126915345
-0.418723010891974,0.611571177656572,2.89062084863338,0,1,"1","1",-0.597123284585928
-0.419611736639416,1.70467315657746,0.18149905967752,1,1,"2","2",-2.04531459851696
-0.593614485226753,1.34741420085488,0.34113926767451,1,1,"3","1",0.0130868349283431
1.37719215248644,-0.0477657954159707,-1.14810238301675,1,1,"1","3",-2.95894763823664
-0.424247024514351,-0.250797464625473,0.0903571343996721,0,0,"1","3",-5.77753904800414
0.64173556176691,-2.86768237808055,-0.405042244184776,0,1,"3","1",-0.936149394777841
0.84534165364792,1.35528512800363,1.56640021722771,0,0,"3","1",-1.27664466908071
0.953482016722355,-0.452363735083636,-0.259143722413081,1,0,"1","1",-1.01499318709659
0.529941244846496,0.30140981090788,-2.44622808691821,0,1,"2","3",-3.53884552467754
-8.20707625501482e-05,0.149258526218787,-1.55815010773583,1,0,"3","1",-1.0163453169336
0.207171708607333,-1.15495806577072,-0.275372802890276,1,0,"1","2",-3.70754602885035
-1.3284605382306,-0.696349236219422,1.18366541040524,1,0,"1","3",-4.97959839601548
0.805037758336056,1.21772297027823,0.508086091926977,1,1,"1","2",-1.94468650904681
0.312841816521976,0.670016390053298,-0.275805065806745,1,0,"2","1",0.410963380560928
-0.994313595607492,1.38705143970642,-1.18424535095631,1,0,"3","1",-0.967385613600243
0.457371793327386,1.07828985370019,1.2641374138315,1,0,"3","1",0.479869869808679
1.2606515319531,1.62707006375933,-1.88991070464762,1,0,"1","3",-3.16367027650973
-2.35576312311111,-0.110106805784168,1.19874217133551,1,0,"3","1",-1.33164682954817
-0.820752387940855,-0.186440950362631,0.799740069364981,0,0,"1","1",-2.85276391465736
1.8300400344587,-0.0573698490232108,-0.935400795107942,1,0,"2","1",-0.294517993842237
-0.872150231643085,-0.469186413782309,1.29801188496575,1,0,"1","1",-1.82809023408455
1.58876217723925,-0.400869846241977,-0.746124639976228,1,0,"3","1",-0.0733740271965942
1.61117113250009,-0.147704733232861,0.867178661372569,1,0,"2","2",-2.22285025257825
1.14523620955417,1.67297456920811,0.611637292817709,1,0,"1","3",-3.18997667609694
-0.715915014345529,-0.0837090167542085,-1.34477269758977,0,0,"2","1",-1.4446237592296
-0.382201450096312,0.692851552004962,3.20773381415033,1,0,"3","1",0.953019558622664
-0.926596102027836,0.426992595697689,0.752205655518277,0,0,"1","1",-1.88215941766951
-0.395567454851907,0.86251985309966,-0.524102701036165,1,0,"2","1",-0.696869385488231
-0.100866383255511,2.1753550902212,0.402669737725331,1,0,"1","3",-3.06520825609502
0.311154015005281,-3.04296545594165,-2.67289319044592,0,1,"1","3",-5.03091745557346
-0.468056788074127,1.21496281228057,-1.01126727521472,0,1,"3","1",-1.47019034745059
-0.00375012691856549,0.682042088884706,-0.953104212671749,1,0,"1","1",-1.12161929363964
-0.0451112434513192,1.2101248942413,2.12668259427373,0,0,"1","1",-1.06106489058134
-1.76293621596148,0.263689993734573,1.58222914693633,1,0,"2","2",-2.84967790212713
1.0324403776666,-0.844372978477559,-0.350044476506425,0,0,"3","2",-2.93219687085387
-2.91828628070256,-3.74279120679024,1.92429912549169,1,0,"1","1",-3.21613524579651
0.834893615215147,1.50720051185751,-0.07959457744467,1,1,"3","3",-1.99978686815457
0.856785647670045,-2.06543210905899,-3.42522926360594,0,1,"1","2",-3.5581018775713
1.19885340399494,1.51054091654557,1.04105761282391,1,1,"3","1",0.655088200011377
-0.571144266686314,-1.82314213879854,-0.061871356020014,1,0,"1","1",-1.11091788883569
-0.86549284134323,-0.336748185948239,-1.050931395148,1,0,"1","3",-4.83437626896508
0.676452725618544,1.63451533501377,-0.0410148183111066,1,0,"3","1",0.0609943713999614
-0.466799571180408,1.39480348860787,2.57182919351417,1,0,"3","2",-1.46932965500253
-0.504378263295683,-0.220927550371788,0.0609778415817949,0,0,"3","1",-2.02545661424026
0.897671242476262,-0.276369382113257,-1.34350098097448,0,1,"1","3",-4.59698955520962
1.43165020448359,-2.32539119140296,-0.805638286418497,1,0,"1","1",-0.406557536879569
0.531561160310898,0.971192850339121,-0.262097228414467,1,1,"2","2",-1.42331383664876
-0.548163405005731,0.141738199232416,1.29527657797419,1,0,"3","1",-1.24743364113222
0.335111289296702,0.520936193568445,2.89721170318207,0,0,"2","1",-0.329725410167805
-1.49607042188491,1.58064190814817,2.21081900903017,1,0,"3","1",-0.593357927657309
-0.302291045296369,-0.458494440061989,-1.72141119623614,0,1,"1","2",-3.60061664660624
0.428992219313874,1.69647682601303,1.27061713701355,0,1,"3","1",0.576987359478383
0.514641917307016,-0.992611992955651,-1.69768469376302,0,1,"1","1",-0.453206867606563
-0.0128404009282628,-1.23304034969175,-1.64625575277981,1,0,"2","2",-3.52339932857641
0.269126551626187,-0.286961885446959,-0.484134898016803,1,0,"1","3",-5.3217486192877
-0.11030123534315,0.660161919768431,0.492531837512068,1,1,"1","3",-4.14898481291466
0.264734271929599,-0.728496446081024,-0.733496725239401,1,0,"1","1",-1.40873033273086
1.90228646703695,-1.20555283167595,-0.847684784550595,1,0,"1","3",-4.04908821951785
0.38261040743446,-1.76699107373235,-2.41863331084131,1,0,"3","1",-2.25866372042424
-0.299064899907912,-1.46287910995788,-2.62248379000321,1,1,"2","2",-3.74516700271089
0.283577837764003,0.481511859938852,3.27838124689142,1,0,"1","3",-3.10765011955767
3.48237298103725,0.975217152146129,-1.44127115536238,1,0,"1","1",0.675012756447082
-1.63630709329159,0.00843648657061614,1.0621523951687,0,0,"1","1",-2.43374553784612
0.156665052126485,1.49593256307922,-1.36345104998402,1,0,"1","1",0.0466587216407308
0.0435542046110843,1.11069786259699,2.83042488429183,1,0,"1","1",-0.127644527191015
-0.224524328277585,-0.802582065570782,-0.0274332989675785,1,0,"2","1",-1.23010811448125
0.141398106166834,1.59373647303439,1.34751961128738,0,0,"2","2",-3.52686782584803
0.355727966640303,0.404018446870179,0.252008824496526,1,0,"1","2",-2.7856147709466
-0.14474225274797,-1.06960156750255,0.417390811873388,1,1,"1","3",-3.20190240360083
-0.21484103224764,-1.09993044945899,-1.81444567590851,1,1,"3","1",-1.95192683106885
-0.894839117536145,1.13494388059878,2.52166621756181,1,0,"1","1",-0.634913799483149
-0.623599625407189,0.85508173020338,1.58538580792261,1,0,"2","1",-1.70744585542666
-0.438213304878884,-0.881512122269174,0.82886040959001,1,0,"1","1",-1.44019435173899
1.02182583356239,0.236014062179564,0.937337841494049,1,0,"1","2",-2.68221045963984
1.50854586791216,-0.704347092815763,0.109257690101003,0,0,"2","1",-0.410024956026216
0.772266176190602,-1.88498603111741,-1.66583328864864,1,0,"2","1",-1.36822415674152
1.26328837800725,-1.19297584773889,-1.82997234652916,1,1,"1","1",-0.672915220222461
0.396446379329148,0.709145006242007,-1.25553940117456,1,0,"1","1",-1.09396695840496
-0.435486815794342,0.869618265407263,-0.67639365993529,1,0,"2","2",-3.00021391159866
0.693812475339232,2.07026304403475,-0.807556278118468,1,0,"3","1",-0.769325015729783
1.790658298972,1.14056550107029,1.45245090887577,1,0,"1","1",0.66827875903328
-0.826288947202252,-0.837086988252715,1.97224120957881,1,1,"2","3",-2.7598551767054
1.32750421275664,1.40002823457241,2.38891681242861,1,0,"1","3",-2.37967987473609
0.499738072480436,-0.915187755674004,-0.109658675928696,0,1,"2","1",0.226257076307864
0.153591266385068,-0.411571867177881,2.13554482260218,0,1,"3","1",-0.730391569204024
-0.287555446160726,-1.03706369366812,-0.369360884603647,1,1,"2","2",-3.72497575891837
-0.598745439500231,0.352929086124132,-2.26390536055302,1,1,"2","1",-2.0525857954035
1.79272864340353,1.54813395406819,3.37184002027355,0,0,"1","3",-2.0610026147321
-2.01990243198055,0.179362190274108,1.89782758754697,0,0,"2","1",-2.53783975117893
0.163031909352044,-1.02401881278604,0.296920962147942,1,0,"2","1",-0.337495800240265
1.79854997708003,1.65231499822308,-1.379631148474,1,0,"1","1",-0.921937756422487
-0.388782161088665,-1.91733068612426,-0.792437532681744,0,0,"3","1",-2.49964709596345
0.0248760839061942,-1.73300538836767,0.169459999520617,1,0,"3","1",-0.566433830833648
-0.058928978453084,-1.01889521626703,-0.353941658139804,1,0,"1","1",-1.96201586480325
1.54701877420837,-0.0891519994322401,-1.48163304021455,0,1,"3","2",-1.61639005912301
-0.815170407413849,-0.679606226049328,-0.0496458656169333,1,0,"1","1",-1.42777509813407
0.227004384007034,2.61965278980711,1.51106868484703,1,0,"1","1",-0.154198320030011
1.67158565571297,-2.19556218691783,-0.639435797011167,1,1,"3","1",0.140872712157913
-0.0573540489789644,2.57159179250431,1.52582204184911,1,1,"1","1",-0.449670526929096
1.33598871153901,-1.3341839469304,-0.945836452690483,1,1,"3","2",-2.15712938788627
-1.07512723120551,-0.0441929683033836,-0.1042234847357,1,0,"1","2",-3.53758544467807
1.11706034408504,2.76663632127229,-0.0535002778396485,1,0,"2","2",-1.61699310980923
-2.03483641713607,-0.020327558538029,2.02514493357887,1,0,"2","3",-4.32123327446387
-0.0843861240461975,2.65001943780237,0.618558966981354,1,1,"1","2",-2.84034323966273
2.31133833871424,-1.5329663207148,-0.965801660087541,0,0,"3","3",-2.6224751444035
-0.625344728060168,0.332354374001126,1.06981111913467,1,0,"1","3",-5.12587622506026
0.0228086937502222,0.538854158189272,1.41478744507149,1,1,"1","3",-3.0496484065147
-1.24962540650545,-4.06063563968898,-2.24829617962642,0,0,"3","1",-3.42227919940658
0.98883795074303,-2.80385868781674,0.889458835464405,1,0,"3","2",-1.42560795386753
-1.51857051657255,2.38366546431252,0.8573189385309,1,0,"2","3",-3.79672452368918
0.846447709287386,0.404461842242206,-0.34871331332885,1,1,"1","1",-0.701103054774775
-0.193598346901977,0.412281891984378,-0.309211467507441,1,1,"3","3",-2.03142691127292
2.18357444944918,0.414051303528189,-0.8708214077941,0,0,"3","2",-2.79670101095556
-0.827038773895509,0.714915043602607,0.532631968489363,1,0,"2","3",-3.60431455925446
0.889797580317556,0.339048017767515,-0.751404467930735,1,1,"3","3",-2.35343044489023
0.394201563316761,-0.792364910031824,-1.53668716072177,0,0,"1","3",-4.88130338677613
-1.56911132620032,-0.172076208754896,-2.70755078406257,1,0,"3","3",-4.03537114974152
1.17893652812664,0.376047608310939,1.79220448476742,1,0,"3","1",0.695095723413977
0.566241664930879,0.415849820528465,-1.0145660975918,1,0,"1","2",-3.23977016264998
1.07867403244479,-2.50042290236077,-1.8146550352714,0,0,"2","3",-4.88309856831257
0.147103933451472,0.936693954377023,-1.24510206208359,1,0,"1","1",-1.01927702717691
-0.632798671942187,1.18048193203671,0.523022924265952,1,0,"3","1",-0.363680300631581
-0.158801885834104,1.01996457964267,-0.933573260652094,1,0,"3","1",-0.98042913187208
1.51405012167565,-2.07940897577708,-1.81463578950666,0,0,"1","1",-0.810635213542858
-0.608104099197862,1.98333907786744,2.07410046813562,1,1,"1","1",-0.494159299907431
-0.265500239087751,0.529877293239467,0.904547725281514,1,0,"1","1",-2.41729220847541
1.66649079572458,0.874825235435464,-0.169419508447514,1,1,"1","1",-0.0655972532118084
0.521076672859408,0.654743961329018,-0.0952035433866827,1,1,"1","1",0.533292518669981
0.778157990594534,-1.50470449803048,-2.23642727251071,1,0,"3","1",-1.53749565281975
-0.00781243787873689,0.43944231138091,1.63585884735251,1,0,"3","1",0.0125477866901866
-0.47884248865091,-2.01817522187616,0.74585488162369,1,0,"1","2",-3.75833754358012
2.23187055133496,1.0456524344201,0.282099731857595,1,0,"1","1",-0.142749386430142
-1.44076248651619,-2.1461168022165,0.448137672000625,0,0,"3","2",-3.59756139003746
-1.29460926771555,-0.164314722327999,1.8356121277178,0,0,"1","1",-0.873494529077956
1.16401803780852,-0.679577850104859,0.346591839519277,1,0,"1","2",-2.75476228676946
0.957411526113245,0.350165475559314,-2.00831746395607,1,0,"2","2",-3.09608355933792
1.04863922523192,-0.250328803461155,1.00170875679097,1,0,"1","1",-1.18522910437025
-0.178239877383408,0.785001274925633,-1.58080876031854,1,1,"3","1",-1.40686993979196
0.209239916711521,1.05223900005328,0.774237305274391,1,1,"2","1",0.288058285398255
-0.379762706974859,1.70445715985612,4.5011301521141,1,1,"3","1",1.60352064327136
-0.159381217884246,1.33946785720063,1.80074385742258,0,0,"1","1",-0.355829778144964
1.75547950864999,1.24592742840733,-1.04995369626465,1,0,"3","3",-2.19164907050709
-0.582483411320722,1.14042239797205,-0.762306217006765,1,0,"1","1",-1.17846986610827
1.03534010506838,0.963267399581061,-0.574550148330575,1,1,"3","3",-2.2480906448443
1.32263099995456,-1.26195568122309,-1.94902640944537,0,0,"1","2",-3.97289551961876
0.430445845173277,1.25698795404963,-0.531852656122892,0,1,"2","1",-0.225703911065219
-0.240370331764928,0.846994396650388,2.62481665535375,0,0,"1","1",-1.42531351046163
-0.186016468880948,0.251956543525257,-0.00177580286848072,1,0,"2","1",-1.02763550209709
0.666743563808717,0.588830906525301,-1.01953710338596,1,0,"1","1",-0.694445181733071
0.284541639911687,1.82135834411701,2.41672482250717,0,0,"3","2",-2.20164571246643
-0.776306327111928,0.54758590433987,-0.0378850235414708,0,1,"3","1",-0.846132614968611
0.88691152975636,-1.77180616733553,-1.82319640454404,1,0,"2","2",-2.77492456801962
0.681719458719699,-0.26049379912373,2.38549306940093,1,0,"1","2",-2.24298365267544
-0.0903000136544033,1.49237489851332,0.40576938902864,1,0,"2","1",-1.16367552925687
0.984787399350478,-0.187135023294753,0.174442403344044,1,1,"3","1",0.75373165948687
-0.366079779543582,0.853340660430102,-1.44709747958169,0,1,"2","1",-1.54717053831443
1.03267821007317,-0.614635726891323,-0.949729341722901,0,0,"2","2",-2.30127220653224
2.10336373604021,0.338813688908255,-0.672936988282297,1,1,"2","1",0.0627572997115653
-0.232705045796561,1.67733407813245,2.69356056020422,1,0,"1","1",-0.653352046914387
-0.0793256397837308,-0.407499688687977,-1.42240787862043,1,1,"3","1",-0.919995883033934
-0.728132524558817,2.62946859345025,2.79418389823794,1,1,"3","1",0.891933481021468
-0.740259690205293,0.0953870739214428,0.572301018871288,1,0,"2","2",-2.24113144661673
-0.464400327729619,-0.801628864660316,-0.558203077584294,1,0,"1","2",-3.52527890493868
-2.21080993418052,0.547204421716647,-0.230623692069613,1,1,"1","1",-1.0112865873729
-0.152231847468719,0.84032502485644,-0.437756389273141,0,0,"3","1",-1.20189326089158
0.320353500847971,0.270157137048791,-0.504272376583708,0,0,"3","2",-4.2348226309168
-1.10835740861164,1.07904702859859,1.06606771187872,0,0,"2","1",-1.56743664625785
1.14286811799912,1.13821088537374,3.16588523040355,1,0,"3","1",0.254160767047025
-0.731764583616479,-1.40251879230726,-1.99168224110629,1,0,"1","1",-1.82150854142919
-0.707295538248755,0.463746781791069,3.50400689778541,1,0,"3","1",-0.0184892773675104
0.352762063862175,-2.20215894715833,0.394490777003455,1,0,"1","1",-0.683452870650725
0.454373244992128,-1.63225545014543,-1.37879367747099,1,0,"3","3",-3.82151126308087
-0.446633943650766,0.423268160672442,1.33360341704329,1,0,"1","3",-2.53337780807007
0.226646734546853,0.562146230181337,2.06075112633104,0,0,"3","3",-2.54362282100503
-0.234367097027932,-0.934638764244861,-0.500600589263014,1,1,"3","1",-0.754800370773939
2.41653597002663,0.460911833191085,-1.01062880159237,0,0,"1","3",-4.29395863004697
1.60773636031544,-3.02880998000517,-4.31923058709652,0,0,"2","3",-4.83350140054149
1.07860699939482,-1.42682502746857,-0.437076471878196,1,0,"3","3",-2.88819293626453
-0.379118518450746,-0.308431352986706,-0.84106135924323,0,1,"1","3",-4.99629636458863
-0.731163432666862,-0.663521126686773,0.0694548872010113,0,1,"3","2",-3.82438106979936
-0.207532496532315,-1.20701912280057,0.435611527996632,0,0,"2","3",-4.5748388778775
-0.260526022991476,-0.966068243981951,-0.533697982322632,0,0,"3","2",-3.60032824013091
0.106036782123413,0.216277934622419,0.508575519094023,1,1,"1","2",-2.66361106542582
-0.103297234117,-0.281496136150238,-0.369476220231779,1,0,"3","1",-0.603186321540503
0.867083170418355,-0.773069349565673,-1.21735480577808,1,0,"3","3",-3.7434945305648
0.356671473355279,-2.78216516145745,-1.70380283957939,1,0,"2","1",-1.44598476041814
0.959837632701946,0.681086464723613,-2.02696651539717,0,0,"1","3",-3.11797260065823
-0.0510918615258901,1.24920901626907,2.65842415844028,1,0,"2","2",-1.82174709969502
-1.51933941878075,-0.861736360640214,0.0526947788474713,1,0,"1","1",-2.07666148527496
0.12602979991628,-0.0051092202594696,0.376754584366061,1,0,"3","1",-0.651934697457022
0.0497654965329948,1.05448258209519,2.73577709953087,1,0,"1","2",-2.11028375655653
1.46577133982465,0.522704377103233,0.832439295465721,1,0,"1","1",1.0262895755253
-0.648572196415215,-0.172095670314931,-0.436349998616545,1,0,"2","1",-1.27772375174727
1.26416246478723,2.22749919331312,2.41172541148217,1,1,"1","1",0.770335270208228
1.78134976233102,-0.870094603430559,-3.29585422809792,1,1,"3","3",-2.86951482028819
-0.999454475821951,0.118067514724873,-0.0108186857821384,1,1,"2","1",-0.0154689903350244
-0.591339939983884,0.715628128350069,0.521306021008798,1,0,"3","3",-3.23632838149236
-0.374926823178788,0.592521547793252,-1.52891925402715,0,1,"2","2",-3.7759794460845
-0.553536374531967,-2.55203365057638,-0.653661320754721,1,1,"2","3",-3.11601542791419
1.45490930858092,-0.505284415186107,0.341218740542105,1,1,"3","1",0.584250275817126
-0.379034273613186,-0.248457382165628,-2.49290097104615,0,1,"1","3",-4.16312854033254
-0.323145448634643,-1.56320936927281,-2.49111431868538,1,0,"3","2",-3.00391876092192
0.0598125328450358,-1.84325077503574,-3.17407272161774,1,0,"1","1",-2.38571482994066
0.696809286542914,-0.957039575063784,-0.578517874974497,1,0,"2","1",-0.293848848455571
1.12237898947252,-0.298196616178178,-1.13949123252916,1,0,"2","3",-2.58364621489624
1.03390675146299,-0.427825515058411,-0.93871607216125,1,0,"1","2",-2.8161403854321
-0.120931997658785,1.23560268368368,0.0428909474585754,0,1,"3","1",0.718245035703896
0.566165273992076,1.42689255367829,-0.0484744332722978,1,0,"2","1",-0.554143085024617
-0.404454745468923,-0.645600997102729,-2.50046965936684,0,1,"3","1",-1.6875674801709
0.139643393372769,-0.247455545397432,-1.1059503961307,1,0,"2","2",-3.73082610540247
0.584924514086813,-1.85949398432965,-3.80324385153898,0,1,"1","1",-1.77041232119492
-0.707058117351651,1.08085921994468,1.26326621736679,1,1,"3","1",0.31592851528692
-1.64818942266338,0.224644734381406,2.21513765674367,1,0,"1","1",-1.56330450860954
1.49078878481178,-1.54135217782444,-1.88601282162088,1,1,"3","1",-0.240754941078435
0.163380552730366,-0.191641738317886,-0.968984818459342,1,1,"1","2",-3.4297177051757
0.899919893253382,0.0472080032563575,-0.83232991068899,1,0,"1","1",-0.766795339038008
1.34681178414277,1.14087760286913,-0.13857519725244,1,1,"2","3",-1.90133842092949
1.34760127286464,2.13522198038511,2.66200384047304,1,0,"2","1",1.21254730592246
-0.813181359017373,-0.113428763183094,0.762256305573878,1,0,"3","2",-1.51621100174875
-0.489030938843301,-0.87612487674787,-3.49046291205463,1,0,"2","1",-2.41060468557891
-1.07584916489854,2.24112222198357,-1.57689209823866,1,1,"3","3",-4.21480157862834
1.2305503190953,-0.372279992599928,-1.06453745974739,1,1,"2","2",-1.75371248797828
1.48863226206164,-1.39137455278082,-2.89151477383119,1,0,"3","2",-1.9818628546438
-0.259248290100772,0.538155801095831,-0.242956641902829,1,0,"1","1",-1.19671374552208
0.306707863818618,0.321258125631096,2.16445503090576,1,1,"2","3",-1.73594078305624
-0.637147132744941,-2.61171131263698,-2.22583203117671,1,0,"2","1",-2.42438341885455
0.656180068093451,2.43503797769765,2.54923698291326,1,0,"3","1",0.54549527527435
0.0838761383105842,1.00017849942701,2.49053181397463,1,1,"1","1",-0.21634568090637
0.505691783972063,-1.58024814933508,-2.32149787041077,0,1,"1","3",-4.27401710779003
0.0777210534441525,-2.30776213937074,-3.30187932830822,1,0,"2","3",-5.48927548568497
1.45721948246818,-0.464113322464557,-3.01150904306738,1,0,"2","2",-3.00060098288643
1.26625357827811,-0.292051492082191,0.485656615283792,1,1,"3","2",-1.65583077191325
-0.182642435294683,-1.77397854998431,-2.53464609171803,0,0,"1","2",-5.14657088586383
0.622528000471487,0.858317234353667,1.32346517046525,1,1,"3","1",0.958324270558132
0.584673565843658,1.80048683146292,-1.57880187794921,1,0,"2","2",-2.40321345842487
0.497139808972627,-0.330887268997957,-0.453861730814419,1,0,"3","3",-3.32251405782633
-0.469344175818688,1.47770984803356,-2.88973199117035,1,1,"2","1",-1.16316593975347
-0.179937129696767,-1.69058690862383,-1.29270073741802,1,0,"3","3",-3.72930197428787
0.455197462066797,-0.507767103016685,0.557557522201496,1,0,"2","1",-0.713924531333369
-0.0847889735610801,-0.717283137154764,-1.95311650627546,1,0,"3","3",-3.70857878260107
0.74744199090747,0.458965788659767,3.38622708129009,1,0,"1","3",-2.14958834433749
-0.138013574452161,0.118786465959086,1.10017528178287,1,0,"2","1",-0.380442417296037
-1.22193386514027,-1.30881306536235,0.494644999923167,1,0,"3","1",-1.52188087977571
0.735787731813044,0.331225950933307,2.1761325764258,1,1,"3","1",0.977264905762792
-0.14584817392173,-0.652268923860391,0.04457926448931,1,1,"3","1",-0.131079686046038
0.105380214120353,0.255577021594563,-0.307265656212484,1,0,"3","3",-3.76444266471227
0.944155488506445,0.2509200060971,-2.24662846166978,1,0,"2","1",-1.87443020887623
-1.24210786790443,0.176844817386968,3.19520748497289,1,0,"1","2",-2.53183662878885
-0.0815453567228187,0.902195974625477,-1.8259277765716,1,1,"2","1",-1.97754248725028
0.922307551245497,0.730116358945326,1.52390627753993,1,1,"2","2",-1.02149636118641
1.46631736079374,0.858893709914545,0.828580638987341,1,0,"3","1",0.339083447114108
1.96800100797565,1.94415776545716,-0.453538754583186,1,1,"1","3",-2.04826578827021
0.705827333482151,-1.4788313315682,0.69569488546129,0,0,"1","3",-3.66239267806103
-0.802092836262523,-2.54466780271831,-2.71830652044161,1,1,"3","1",-1.79120302803187
0.13350424264044,1.46823529016021,0.138320765096925,1,0,"2","2",-2.36181374556771
1.74156016964584,0.150133804005206,0.329334020462393,0,0,"2","2",-1.84400010383956
2.36921946881061,-0.681213064961366,-1.15656123845166,1,0,"3","2",-2.43937538569745
0.123408779433132,-1.95594885709413,-0.675686539282407,0,0,"1","1",-2.39289849101288
0.79419978307096,1.40471312598928,0.538680568606765,1,0,"3","2",-2.13467781723024
-1.42393252166098,-0.803093831570918,-0.152458442078089,1,1,"2","3",-4.0235411211444
1.77488913492367,-1.25592765053565,-0.663842692290755,1,0,"2","3",-2.87468124108992
0.655430401699664,-0.362072767023057,-0.892744279956231,1,0,"2","2",-2.86110522055027
-0.0549735819965909,1.09911048114761,1.18691011780847,1,1,"1","1",-0.58842576103842
0.461558637651858,1.83243028970237,2.40605883081503,1,0,"3","1",1.0915929169061
0.80388459847882,-1.43591337181948,-1.88051719080137,1,1,"1","3",-4.34934634441828
0.706272153133052,1.0834378284435,0.869410499769073,1,0,"1","1",-0.00934018497000999
0.157537671868501,-1.31447193355613,0.853988319845327,1,0,"3","1",-0.696149163256162
0.226957129274344,-0.51888382417365,0.536915365911704,1,0,"1","2",-4.05634894358037
-0.829653364022653,0.833396275080605,1.26939188559748,1,0,"1","3",-3.23747142447435
1.55192180518423,0.295738940086577,-1.08625102082916,1,1,"3","1",-0.485899731961694
-0.946024050899183,1.60126323225416,-0.824258841158257,1,0,"3","1",-1.48471416355804
-0.303336459734523,2.67844160380757,0.954344098277286,0,0,"2","3",-3.39516207821246
-0.475442528796683,0.214091213112375,-2.63544485449092,0,0,"3","3",-5.02373602443973
0.0638086940968718,-0.0268318736718426,-0.987787458825068,0,0,"1","1",-1.77464740906726
-1.20743014910708,0.199056923515976,1.32969173610561,1,0,"2","1",-1.56699689967529
0.894878838284509,-0.522592273387349,-0.00598953766289212,1,1,"3","1",1.56007247084254
1.72665833200297,0.493440132395463,3.31741246871572,1,0,"1","3",-1.34636118815892
-0.0214200596758754,1.511565927716,0.674932053244011,1,1,"1","3",-3.11287882305315
-0.872239520566764,-0.294346619562599,0.435437222318666,1,1,"1","1",-2.36976772787515
-0.908195792814161,0.867706300590131,1.73762877668496,0,1,"1","2",-3.56780979051863
0.458022997592915,-1.16583875353401,0.0554183786937869,1,0,"3","2",-2.41645183107402
-0.437484674799248,1.06724163210544,2.11982013545795,1,0,"2","1",0.670787353089926
0.226679090321373,-3.01554005215285,-3.45490077930361,1,1,"3","2",-2.89243462230236
-0.0225408877656162,2.64932270192605,1.99874521395861,1,0,"3","1",-0.520766067039428
0.290547482547309,-1.38291924388812,0.422984800478596,1,0,"2","2",-1.60734406652414
-0.980079414207661,-0.163561375438419,-0.986083434808851,1,1,"3","1",-0.514034823153118
0.166530019211047,-0.532673982734266,-3.66771282724363,1,0,"3","1",-1.85592586333736
0.255040423461606,3.22664599657024,0.0148484528114827,1,1,"2","2",-1.74991544583393
2.02166954027019,-0.58781879915146,-2.97631642199612,1,0,"2","3",-2.85692462599216
-0.301276163786452,-0.659988141555671,0.939239249994685,1,0,"1","2",-2.88915739808491
-0.0636394142915098,-0.838378517881038,-0.730146424869056,0,0,"3","2",-3.39812349645174
-0.496652895778805,-1.04235039449819,-0.948063425125721,1,0,"3","2",-3.46302919292457
1.35814613669266,1.28351468499591,3.3067859462604,1,0,"2","1",1.1986405184496
0.153027164660349,-0.460219603963054,1.17803370062795,1,0,"1","1",-0.506445765932385
-0.214527821631941,0.216692476848246,1.23217402466801,1,0,"3","1",-1.15230556766334
1.60713535119395,0.219961801356078,-1.25818263038775,1,0,"1","1",-0.870573848580849
-0.713323360402789,-1.65364953794276,-1.10557886217221,1,0,"1","2",-4.76385368695301
-0.201224621652673,-1.00277222397987,-4.31506628135432,1,1,"2","1",-1.70095122037904
0.912226233701958,-2.73285403795406,-2.22050253080195,0,1,"1","1",-1.84677683915025
-0.308521826704748,-1.72305372013941,1.53868615064079,0,0,"1","3",-4.12625676766377
0.923566094011048,-0.450250788084654,-0.211264853130966,1,1,"1","1",-0.0645152186055459
-1.93251699817554,1.02828149060774,2.51984674992325,1,0,"2","3",-3.92155855037143
-0.850593045083191,1.76571925953602,1.86863556306903,0,0,"3","1",-1.28047882026079
-0.706727751971888,-0.603587474836768,-0.498125756174505,1,1,"2","1",-1.21256070393243
2.11701342702283,1.75844123582056,3.78150547520394,1,0,"1","1",1.09735812911317
0.356347867008534,0.367754027613174,2.69503951394008,1,0,"1","3",-2.89847472152497
0.237497440044786,1.11797815890945,0.343064639128153,1,0,"3","1",-0.51713015187389
-0.891856815695524,-0.999950037257673,-0.0821922873538488,1,0,"1","2",-4.43237738099866
-0.798079938253761,0.232425133106382,-1.05620935311099,0,0,"1","3",-5.24297123858717
-2.66597319413099,0.736941813957609,0.0147961761500222,1,1,"1","1",-1.83847714081198
-0.0198765069569185,-0.298262810073462,0.401983654758072,1,0,"3","2",-3.46525158623451
2.00872603508156,1.16918818232843,-2.94794657736864,1,1,"2","1",-0.421859235853571
0.0128475257875203,-1.87100890943869,-0.599938727575273,0,1,"1","3",-3.8850170929246
0.755281945750483,0.601247526196993,-0.702364891593693,1,0,"1","1",-1.12793903852947
0.168134313116995,1.79244909464654,3.46560385779739,1,0,"2","1",-0.0404355653864766
0.149993594674321,0.00703680182013906,-0.0931850640022051,1,1,"3","1",-0.64216676290994
0.09316515581689,1.09284074522442,-0.334148760297283,1,0,"2","1",-0.690021766497289
0.328527287730912,0.430232993042114,-1.30421778583632,1,1,"2","2",-3.00841579194264
-0.627408246277322,0.648134815024284,-0.354666739736197,1,0,"2","2",-2.72987436444779
-0.209778870366438,-0.518296085623837,0.629283043384272,0,0,"3","3",-3.33704633848881
-0.418922067654612,-1.57543135972148,-0.873955624966363,1,0,"3","1",-1.1447802663802
2.34868517977287,3.24416716575347,1.66256303535394,0,0,"3","1",0.931684886078934
1.69555420828341,-0.52407133301406,-1.61847936101135,1,1,"3","3",-2.45236749322633
1.04247927432818,0.818789428376733,-2.48654236315086,1,0,"3","2",-2.711082496666
-0.458859578273541,-1.09996229912515,1.27205712171282,1,0,"1","3",-3.75037003669995
0.563940092839478,3.16615243226433,0.116937490667441,0,0,"1","2",-2.91418130603198
-1.20218490904923,-0.843180584698892,0.500200984886719,1,0,"2","1",-1.58350224223105
0.969247291048048,-0.0190417998633698,-2.280874883572,1,1,"1","1",-0.529977580024591
0.122333850524117,1.32363007570768,0.868890943405482,0,0,"3","3",-3.63791906059675
-0.507898888632133,2.07225301969586,3.46849540445748,0,0,"3","1",-0.502786786655493
1.32675382834129,-1.05727125939417,0.463242044600782,1,0,"1","1",-0.30278739403483
-0.536280414495702,-0.868259077220234,1.55536063504509,0,0,"3","1",-2.00287748461813
-0.157332654010048,1.48403854430826,0.987755945210975,1,1,"2","1",0.258981326309992
-0.17940077342716,-2.53380926871216,-0.852431863261665,1,0,"2","2",-3.14952833903004
-0.00390395905648218,1.43538951591745,3.35780233491475,1,1,"1","3",-2.18619323567396
-0.126447553182644,-2.03910836991827,-0.187310534367549,0,0,"3","3",-4.50073840590521
0.521703542957336,-0.852239338685169,0.414047474001735,0,0,"2","1",-2.2134664407511
0.104338064350603,-0.886328436263253,-0.389877022333599,1,0,"2","2",-2.87142168870806
-0.203523811539163,1.82163816409259,-0.389849058217927,0,0,"3","1",-0.762672851287765
-1.35698860482435,0.195888663679797,1.01620648093731,1,0,"2","3",-4.02967836624625
-1.32744072460843,-0.998795224870449,-1.78813987315101,1,0,"1","1",-2.51510851593678
0.530262444034865,1.10275986850941,-2.73547559698685,1,0,"1","1",-2.03928563976819
-0.477374429186759,0.487989657784998,-1.62270930757597,1,0,"2","2",-4.78686104901439
-0.637239005546535,2.19268579091645,0.113508185214192,1,1,"3","3",-3.58344228206408
1.34886491116192,0.140005058325486,-1.82260652783966,1,0,"1","1",-1.85474072716616
1.01360675473897,-1.09697852270987,0.92138088982479,1,0,"2","1",-0.0401587561349575
0.796156410735807,0.515592603997455,0.355283368846437,1,1,"2","3",-1.62490648312243
-0.293236736146431,-1.38368426995135,2.33230665006302,1,0,"2","1",-0.548183410444414
-2.97332121050114,0.800033220132519,0.247255903898229,1,1,"1","1",-2.15829181446872
-0.555468062305532,-2.21117397529014,-0.331895512075378,1,0,"3","1",-0.0489801678432487
-0.213055997482283,-0.673518821789577,1.31580519415044,1,0,"2","1",-0.231141986246558
2.57103711713244,0.760253523031533,-0.270371285437121,1,0,"1","2",-1.8977967171388
-0.366883205200478,-1.56807655560074,1.16272985367417,1,0,"2","1",-0.838101311840706
-0.197538171004917,0.97832089276048,0.257048043698832,1,1,"1","3",-2.74459519539545
0.361645446812132,-0.963449308429655,-0.0646194152011121,1,1,"2","2",-2.3373561622799
-0.600995339009622,0.122464643602324,2.17296574840974,0,0,"2","2",-2.13870530373889
-0.942916976736638,-0.462600973033616,1.98553306891869,0,0,"1","1",-1.74835349963477
-0.793032128614587,0.268560214207397,-0.16508636080867,1,0,"3","1",-2.00685794004377
-1.29781397663151,0.859054192127964,2.91272057937026,1,0,"1","1",-0.317428544882411
-0.771949204622402,-0.500550328452118,0.516386471448907,1,1,"3","2",-0.990707405396924
-0.71298053648933,-1.88373423032019,-0.0239076669281982,1,0,"1","3",-4.67225466435402
-0.915168467561779,1.04864949843168,-1.14406552975956,1,1,"3","1",-1.32364392123687
0.66928613855536,-1.65518147509379,-2.38919766744888,0,0,"1","2",-3.93225432484852
-2.28800963081683,-3.41157822507959,0.253108876428183,0,0,"2","3",-5.82180756790765
0.150199793999735,1.82926767425388,1.11052682207779,1,0,"1","1",-1.41349865211551
0.0776873731204058,0.104418756687341,-1.07971120505823,1,0,"2","3",-3.98816941778837
1.18335165821883,1.74769894085794,-1.81484338346844,0,1,"2","3",-3.03281026602406
-0.747003840203567,1.7988698393706,-0.550004619303721,1,0,"1","1",-2.76849371389784
-0.171772399513375,0.689198191294422,1.48238587774749,1,1,"3","3",-2.42276433432523
1.17628638538937,-2.00497978845608,-0.134352205798377,0,0,"2","1",-1.07129269895808
-1.0918441361496,-0.0148564438299602,-0.260006867626126,1,0,"1","1",-2.35876384166229
0.827199714383183,-0.69526310489208,4.01721883182257,1,0,"2","1",-0.326303812145156
1.0488505613748,-0.907214926429648,-2.64278238549337,1,1,"2","3",-3.68750370087874
0.438054244200258,0.64492318049839,2.33996777223157,1,0,"1","1",0.628632892629492
0.0284580785585222,-0.345170531521633,-1.90668025595981,1,0,"2","1",-0.229258206318393
-1.92686140823777,1.18950221172872,1.05080937904086,1,1,"2","1",-1.5375172528205
1.47226295272328,-0.830487083436593,-0.345303406379616,1,0,"3","2",-2.29528307202828
0.249957844579451,-0.0206930045012298,-0.33069651673691,1,0,"1","3",-3.05628976450776
1.09349054594159,1.08995686829904,1.46485778481217,1,0,"3","1",0.0731496421475364
-1.80839581145607,0.555598571491163,-0.67206136098517,0,0,"2","1",-2.7043417683976
0.0104989138868192,-0.770280921089764,-1.55315107599218,1,1,"3","1",-1.3303560884108
0.866405770866579,-1.37191446522123,-2.42884531157674,1,0,"3","3",-3.94990931394658
0.364929683901841,-0.453732223873429,-2.75811741850785,1,0,"1","1",-1.06114171940665
-0.464864257988828,1.16619404448214,0.537140497026683,1,1,"2","3",-2.85258944459589
0.397397598942725,-2.32291869943705,-3.75418915773718,0,1,"1","3",-4.52633593782268
0.307629791832511,-1.08307501499282,-3.04662488505587,1,1,"2","1",-2.23612224224602
-0.187613591185105,-0.687065490137864,-0.80496244765311,0,0,"2","1",-2.91666654045563
-0.0460989364011899,1.73723720214326,0.889787676295981,1,0,"1","2",-2.303877381126
0.257140583838502,-0.689898278453653,-1.5036189579102,1,1,"3","2",-3.09026588334398
0.840053522154249,0.597802458279455,3.46542551843704,1,1,"2","3",-0.552830165233435
0.888078335528076,1.72242448507276,-2.2580536504889,0,0,"2","3",-3.46063719197003
0.342641121613383,-2.16876138490882,-0.27689555309144,1,0,"1","1",-2.09458140144464
-0.873697769990831,0.893937737667237,0.402388142855433,1,0,"3","1",-1.0035879271541
-2.69497190817296,1.83345884477833,2.93584873015078,0,0,"3","1",-1.2265074922845
0.390607752390509,0.107293593298605,0.898290420442941,1,0,"3","2",-1.14840318996497
1.61545262339908,0.770671713493628,-0.451501846494293,0,1,"3","1",0.370395834123066
1.6217003037113,0.139208655275035,0.0910529771925583,1,1,"2","1",0.049453351984712
-0.685146350833031,-0.131911258669143,-0.91859936766572,1,0,"2","1",-0.785990331275426
0.867853437619213,-1.26276262527461,-2.10874354161993,1,0,"3","3",-1.85757927674334
1.1667935912105,1.34061114038134,0.19136581058335,0,0,"1","2",-2.92146608300681
1.07281691867764,0.543844074402177,1.93005732252458,1,1,"1","1",0.33525236007564
-0.627760587584144,-0.0426030625859476,-2.29086010570053,1,1,"3","2",-2.88984037437537
-0.115332739240493,0.183695881076816,-0.439094656843479,1,0,"1","2",-3.00773928521022
0.590245697390554,1.55384272676583,-0.327296953424856,1,0,"2","1",-0.284153849008757
0.391630325077135,0.310477900393017,-0.22246723467732,1,0,"1","1",-0.289854767144302
0.30972462930193,-1.93692835004331,-1.60948113038192,1,1,"2","3",-2.90279349073468
-0.797653183668741,-0.68279423156637,-1.27140316265279,1,1,"1","1",-2.53132838192154
1.66760121483273,-0.37783325928497,1.41618972036322,1,1,"1","2",-2.15019084927143
0.347012823827123,1.78953407189677,1.21894780283479,1,1,"2","3",-3.13004156098028
-0.086325189774589,-0.308391082645662,-0.554009609352482,1,0,"1","1",-1.80966548939473
0.572899244726455,-0.143714213844635,-2.35260459521668,1,0,"3","1",-1.09990984279885
0.579815110309377,1.98905224815694,2.07912446679014,1,0,"1","3",-2.42833393707149
-0.524241048920975,-0.789876910283887,-0.204241888805033,1,0,"3","2",-2.30736183108744
0.10775041487776,0.0325911390245142,-2.60950885651981,1,1,"2","1",-1.00308428596235
0.770700610489357,-2.70243317349274,-2.01504687546537,0,0,"2","1",-1.95558481598786
-1.17149489546625,-0.94845085768542,-1.8646005460791,1,1,"1","1",-2.16709325479457
-0.0760996542068545,0.965298356810295,3.34591156453413,0,0,"1","1",0.0685828239241661
-1.1468813545781,-1.28830950558991,-0.363476100092676,0,0,"2","2",-4.59850903478781
0.500329520879022,-0.900386057245159,-3.93021215472157,0,1,"3","2",-3.31910777211917
-1.32307311631971,1.02898191159217,0.896586265323712,0,1,"3","2",-3.47130510355238
-1.03819554895374,-1.19448500412203,-0.51521261050425,1,1,"3","1",-1.10732839069844
1.80949809569723,-0.995490451616303,0.0511958775444301,1,0,"1","2",-2.07692118681982
-0.13142169089784,1.51046749873175,-0.800093638589776,0,1,"1","3",-4.31905115489092
-0.69610658884455,0.972457742725362,0.501307988365827,0,0,"1","1",-1.6258553137889
-1.00095088450329,-1.9912704703832,-0.808872854170018,1,0,"1","1",-2.73197336515283
-0.893893727856451,-1.11236879681492,-0.913957748114259,0,0,"3","2",-3.66295524350012
-0.895174528135647,1.35509428236863,0.36621006939151,0,1,"2","1",-1.29707223451706
-1.28848206274013,-0.314041822707321,1.28575531022927,1,1,"3","1",-0.609218671725376
0.619424644360458,1.50809704139209,-1.66037804502568,1,0,"3","1",-0.520535723531494
0.164464759014685,0.621161630803668,-0.896072182585169,0,0,"2","1",-1.49848797345249
-2.77102061397054,-2.31860882502336,0.0252015066935153,0,0,"1","1",-3.07762163639717
-1.26108969613593,2.01733253463082,1.18768617947509,1,0,"2","1",-0.871210777599505
1.39736806314195,0.494241745295944,1.70046395175866,0,0,"1","1",-0.422339855964974
-1.16549756427617,1.07864918884787,1.17688493259795,1,1,"3","1",0.0965459999372413
0.837556415793634,1.15577133395516,-1.73372715081031,1,1,"2","1",-1.37354724821727
-0.340358912291193,1.44930976758174,1.77704719322957,1,0,"1","1",0.697147543835334
0.730809583581975,-0.470612430835365,-1.42423976313752,1,0,"1","2",-3.27894751538397
-1.22737761912377,-0.49857098136798,-1.40023553782972,1,0,"2","3",-5.65693466282648
-0.484974701109397,-2.50568219988199,-2.77745341161964,1,1,"3","1",-2.13239610791093
-0.0296805420202455,0.736526463160054,0.680022478163524,1,1,"1","3",-2.60718510665704
1.94470003064206,0.252388432253745,-2.48396069935041,1,0,"2","3",-3.86551863736361
-2.36910423697018,0.0603992101772901,2.83227055339338,1,0,"3","1",-0.6212721482328
0.432887749504575,-0.773881439250541,-0.709987487172564,1,1,"1","2",-3.34557776928186
0.0399594292026208,1.15440861982321,1.01911541328174,1,0,"1","1",0.100446135870977
-1.00045974184058,0.436447761580907,0.499374332697548,0,0,"1","1",-2.08196034958676
-0.491332135372825,0.737924023953049,0.728176800853887,0,0,"2","3",-3.77142050094619
-1.0123576854554,-0.231502811010549,-0.522000016214484,0,0,"1","1",-2.0334908767837
1.12053471907278,-0.695990509238949,1.14892293043691,0,0,"2","1",-0.716768135613369
-1.53975265260806,-1.86336122981904,-2.71752469698332,1,0,"1","2",-5.82165341313677
-2.2212294810482,-0.442473572547678,-3.16660605257721,0,1,"2","1",-3.32744961483722
-0.113534225659389,-1.82466099233149,-1.13110517007433,1,1,"3","3",-3.47474081108473
0.463091608814702,-1.22726373060624,0.0632736392182826,1,0,"3","3",-2.56947019462047
0.272267242093559,-2.27333363927744,0.460503670885406,1,1,"3","2",-2.81488701276329
1.10804032604031,1.03042421535862,2.00748361496276,0,0,"3","1",-0.791900098164776
-0.542478067643445,1.41898547600669,3.48482193871012,1,0,"1","1",-0.965962899342448
-0.325163898139052,1.1052852397675,1.2749831352811,1,0,"3","1",-0.832645233482275
-1.72882391477276,-0.945957816890393,-0.0687846693284943,1,1,"3","1",-1.31955451897924
1.57719786398072,0.427216893390019,-2.5368537751248,1,1,"2","2",-2.95691838485988
0.767760299115711,1.05979694638308,1.65760292171945,1,0,"2","1",0.601434159102983
1.17376728522442,-2.6674735166448,-1.23843617304748,0,0,"3","2",-3.22296488281807
-0.177906411127562,0.299527646497927,-1.37602532495924,0,0,"2","2",-4.08033090907421
0.913903326256338,-0.855283613436743,0.426437014384572,1,0,"2","3",-2.85061388793181
0.303953707294658,0.460238688322622,-0.921743131999462,0,1,"1","1",-1.07654082310094
0.724857910003638,-0.110713966929227,-1.14962342631218,1,1,"2","2",-2.73533581999839
0.787655130795487,0.429607404372429,-0.540725138621948,1,0,"1","1",-1.17745606295635
-0.790452335294008,0.918354026954556,1.15329532425168,1,1,"2","1",-1.41905997744975
-1.47724949704458,0.537678862524867,0.039981606621085,1,0,"1","1",-1.95979793192248
0.708664975388148,1.0604367095457,-0.0904031934290889,1,0,"1","1",-0.929014649741542
0.250233174065743,2.21109970208735,2.57680504525545,1,1,"3","1",1.46252898480768
-0.0562154488452994,0.49585717402541,-0.586394875254093,0,0,"1","1",-2.38228151041983
-0.149552966682122,1.24695877270155,-0.282136783874228,1,1,"3","2",-1.4423137322648
-0.375971255027309,0.510404812396987,-2.53725122545402,0,1,"3","3",-4.104220769948
-0.124287151346585,-1.83098712322118,-1.78555304410309,0,1,"3","1",-1.66118756533144
0.210424803490949,0.201377845941745,1.02074321221811,1,0,"3","2",-2.45935257869023
-0.760069203788025,-2.65186519788754,-0.355403692538239,1,0,"1","3",-4.41620141124547
0.162087245674515,0.0927831005699797,-1.18509628690151,0,0,"1","2",-4.38900110382184
-0.776587297487986,-0.192298889654391,1.51458574404999,1,0,"1","2",-4.36897633777226
-0.523640776584487,-1.26256674848755,-0.410426981189781,1,1,"1","3",-3.68874486600111
0.725794734943303,1.51311643946939,0.559301791805783,1,0,"1","1",0.123455338707227
0.94339865025412,-1.42564803346758,-2.72163894448905,0,0,"3","2",-4.94766404168166
1.32412154176654,2.52055365991456,2.27827742024889,0,0,"1","3",-3.22393435371502
0.892494215333185,0.630095920581133,-3.33830521486635,1,0,"1","1",-2.01729263924351
-1.611107579023,0.183704109646763,3.30869274328964,1,0,"3","1",-0.471768653521835
0.908301556410869,0.670845741148892,0.0697168543101572,1,0,"2","2",-3.38611426727645
-0.69550985911139,-0.64165774249153,2.72864671321807,1,1,"1","3",-2.57500125370955
-2.28240230689699,0.599647981630187,1.58206596056683,0,0,"1","1",-2.43155864748208
-0.791676227436282,-1.52996211591012,0.261330457565296,0,0,"3","1",-0.868521923494254
-0.557551485699621,0.664783195507072,-2.13383111178409,1,0,"3","2",-3.38849198323864
-1.17433407632834,-1.09849612262035,-0.0955180821173512,0,1,"2","1",-2.01550049984963
0.262008654376657,2.93959704340709,0.704274077621747,1,0,"1","3",-2.70056860565283
-0.220648834490006,-1.18537535483068,-0.239160048397378,1,1,"3","1",0.125742147278123
-1.01478173782388,3.08290704097388,5.17042801430259,1,0,"1","1",-0.322949626138499
-0.557763007011034,0.354035441908315,0.228605923359848,0,0,"1","1",-0.548076315173834
0.548586413838455,-0.322953073423063,1.21380768582005,1,0,"2","2",-2.3242839866549
0.636599967619417,1.14539396994777,2.9296060226413,0,0,"2","1",-0.314442633186351
0.428076036114263,0.550174964231776,-1.42677701078548,1,0,"1","1",-2.15256595734801
-2.34139201348876,2.16389442113271,2.81530033621648,1,1,"1","1",-1.10774988305876
-0.780223007420488,-0.737332225816844,0.524446066651619,1,0,"1","1",-2.73358554225749
-0.0791451694544897,-2.1058577206273,-1.94190083033219,0,0,"1","1",-1.87663664614805
1.2529654353074,-1.18480614001879,-0.796387938770351,1,0,"3","2",-2.58088155784063
-0.149603443817439,0.595538771286962,-0.863841570281741,0,0,"1","1",-1.69700908014281
1.18109422496317,-1.41544680226346,2.29075882623212,0,0,"1","1",-1.10527659863246
2.23449598657125,-0.0646704943014395,-1.1572499272597,0,0,"3","2",-1.71042041383542
1.4867671006067,0.226170767510804,1.36519745879168,1,0,"3","1",-0.0481219380787361
-1.07929954582269,-3.17578610191943,-1.43428732587697,1,0,"2","3",-5.01443534645693
0.0875824874726934,0.0598046307208749,0.405909281298754,1,0,"2","1",-0.325532975061209
0.416580170200929,1.72599360708582,2.5855763107105,1,0,"2","1",0.905308278423121
-0.360782291766842,1.59703714982333,-1.11522335207112,1,1,"1","1",-1.2133705651321
1.51431020591543,-0.165543127975143,0.33487608405044,1,0,"3","1",-0.0619822043604012
-0.0277365428588502,0.981499300794339,0.215355664852291,1,1,"3","2",-0.936822282979412
-0.814293506177324,-1.3982254654398,1.99829375402549,0,0,"3","1",-1.45969797040267
-1.45816700113005,0.196815154064287,2.47134215390366,0,1,"1","1",-1.40139137101289
0.497913142365684,3.28418256645496,0.137571033560952,1,1,"2","2",-1.80133161466724
-0.783250740306031,0.621025984054774,0.229489022280217,1,0,"2","1",-0.674202085769642
-2.77325060286716,0.677875698446486,1.8025813722272,1,0,"1","1",-2.36729989045501
-0.59698062808808,1.56528548374625,-0.787891644834188,0,0,"1","1",-1.99398464987589
1.09455572861354,0.779299474296755,-2.21823682880237,1,0,"3","3",-2.82802880827661
1.39326721379679,-0.323859974371865,-0.0516601169809123,1,1,"1","1",-0.0963693143761913
0.748111255057741,0.685382773504762,-0.49696637730056,1,0,"1","3",-2.97932928685148
2.50997697467192,-0.407093132850702,-1.48740100633175,1,0,"3","3",-1.10169562168802
0.40623530926889,0.324325074411022,1.57737756441948,0,0,"3","1",-0.536051200459079
0.403941742752942,0.60388630767282,1.82346879921874,1,0,"3","1",-0.38596347214676
-0.497858051109326,-0.0245718343025908,1.08263847860073,1,0,"1","1",-0.547051982636882
0.0390770918304732,0.631507585904515,2.59810629217698,1,0,"1","1",0.608928023387899
-1.973008031198,-0.154533385647876,0.831295120853867,1,0,"1","1",-2.09813975888762
0.333131966498692,-1.71779823330116,-2.25619687151812,1,0,"3","1",-0.455496736598896
-0.382538681382082,0.749078327851403,-1.34167031066227,1,0,"2","1",-1.31112834712344
1.51046209545477,0.903000838988024,-0.0892266641755587,0,0,"3","2",-2.88262906338678
1.07804737237531,0.389743574611486,0.310233296162929,1,0,"1","3",-2.13402886355094
0.713072172898359,1.29227073078931,0.391764215319176,1,0,"1","1",-0.28194516229318
-1.59789644695399,1.62316659566971,0.102954819464555,1,1,"1","1",-1.17580297635068
0.767923580137133,2.29928808368743,-1.10393024208395,0,0,"1","3",-4.22190414834015
-2.11572600360266,-2.0551793094839,1.80552930742928,1,0,"1","1",-1.97688357160166
-0.433138295623526,-0.304039410440194,-0.76491573294055,0,0,"1","1",-3.21544728456372
1.59978741399015,-0.535561765336435,-1.25720544996819,1,0,"1","2",-2.44246167843741
-0.10659759246995,-2.86411096042748,0.613304476075239,0,0,"3","3",-5.08623030097281
0.17085762915583,-2.17389110907126,-0.289686629260142,1,0,"3","1",-1.41507009992556
0.0782377371843375,1.68645934215778,0.492721374676966,1,0,"1","1",-1.1314867359733
-1.61251075348443,-2.19871009669287,-0.834469899432528,0,1,"3","1",-2.36359237947417
-0.679841633781362,0.323354874775047,2.09407085941832,1,0,"3","1",-0.812555296974145
-0.612842115928701,-0.558313981863059,0.904840910386626,1,0,"1","1",-1.97163075673368
1.54567203527896,-0.581405106106541,-0.208092673074539,1,0,"2","2",-3.52164620098174
-0.0557743488574562,0.838834507560223,-0.458452500376826,1,1,"3","3",-2.48024344840558
0.408584485115651,-1.74287896013843,-0.864739715777953,0,0,"3","1",-1.53760563729359
-0.330304515502634,0.949662899644258,0.319537300772841,0,0,"1","2",-3.65296920171497
-0.308851386821997,0.325160208179027,-0.778494879230874,1,0,"1","3",-3.59882907203698
-0.893575726075541,-3.52151956835239,-0.774824982886783,1,0,"3","2",-4.16166828926278
0.825366195513304,-3.64583530431332,-5.32397149840729,1,0,"1","1",-2.17816258647359
0.752998402477905,0.224194675774823,-0.152040013618807,1,0,"2","2",-1.82187725937516
0.981995067231443,-0.616568982631391,-2.34727898832626,0,0,"3","2",-3.67914958064051
2.4007932989985,-1.0861061855304,0.646414266366041,0,0,"1","1",-0.348315527048442
-0.0832550349692193,-1.33777416240944,-0.084237961733186,1,0,"1","3",-3.28982638606755
-1.02932570273613,1.71533881578732,-0.0173431471908827,1,1,"3","1",-0.66226733437794
0.761188486918418,-0.663719741759061,0.308650793744654,1,0,"1","1",-1.10303259371775
-0.66951425916328,-0.982211818276708,-0.222680453668283,0,0,"1","3",-4.91460876287703
1.56690540557378,-0.0138742559163788,-1.75098093556497,1,0,"1","1",-0.684065631105236
0.573670441061525,0.700175648072194,-1.32191492704352,1,1,"3","1",-1.10435751993171
0.0685615086693926,-0.207573679489273,0.216696432159039,0,0,"3","2",-2.75936897573109
0.145093137430802,-0.868177700734741,-1.19152497278659,1,1,"3","2",-1.77977624647065
0.143427490268049,-0.533986574668362,-1.20817123126746,0,1,"1","3",-4.05487437588969
-2.23646804555591,-1.40206129987218,0.488368046953906,1,0,"1","1",-2.14544026600467
-0.785816457605704,1.86740710267337,2.21360546016202,1,0,"2","3",-3.98982677185766
0.434456329328206,-3.41188283820234,-0.993588204917084,0,0,"1","1",-2.77859752219297
0.334995015947616,-2.28428500229135,-1.59744271629915,1,0,"2","1",-2.13401623999368
0.728823835442128,1.71609748624556,2.80837518727163,1,0,"1","1",0.313689092398785
-1.13068303290761,-3.54598560379767,-2.28981134022175,0,1,"2","2",-5.6620983168849
-0.714524341662038,-0.465732412118947,0.59709254005196,0,1,"2","1",-0.90026178174526
-2.67669188991818,-0.431296887612397,-0.612748028142597,0,0,"2","1",-2.17410275564895
-0.908165136693226,0.290970801429511,0.103676120219242,1,0,"3","2",-2.52042129945518
-0.829145110509911,2.88061775163082,1.63782264624135,1,1,"2","3",-2.20064091668037
1.10700389753611,-0.538574710834643,-0.177345200833827,1,0,"3","2",-2.53880847692237
1.35286796115717,0.887276291083261,-0.457361175128237,0,1,"3","1",-0.554329512965379
-0.05671658872356,2.19321566148796,0.487204449175749,1,0,"2","1",-0.0801154350056976
-0.0553825216259784,-1.6760622230709,2.52199182295966,0,0,"3","1",-0.021154471933843
2.69274499646655,2.22656345227765,1.9499102874548,0,0,"2","1",0.491778081866775
-0.589572577200248,-1.48093271266627,-2.70156863732312,1,1,"3","1",-1.6274314387131
-1.67316453971821,-1.99527270604679,0.213305597906488,1,0,"1","3",-4.62162117806472
1.01222070287308,-0.184401176071307,0.245303116056106,1,0,"2","2",-1.75652382794229
-1.02811382674896,0.428340403323903,1.38529539933307,1,0,"1","3",-4.18014798907663
-1.30717278738135,-3.1959380889525,-3.7447212546454,1,0,"3","1",-3.25716827310973
0.317302808590388,1.89061217417397,2.20712618512847,1,0,"1","1",-0.199125430839607
1.1557414576333,0.0373071841824865,-1.66933198325812,0,1,"2","2",-3.23919254680977
-1.01975172130585,-1.32321771768216,0.151455909593599,0,1,"2","1",-1.71854393568794
-0.192544620722275,-0.195771118077348,0.894209886401097,1,0,"1","1",-0.525621868884516
0.253593878602163,0.0542867264036419,1.61400700410986,1,0,"1","1",-0.937558195905806
-0.944870081493869,-0.316535611970123,-3.01327841476375,1,0,"1","1",-3.16243140115372
-1.88589054782204,0.236391309017728,0.0853117476134028,1,1,"2","1",-2.17392758835404
0.614528519446449,-2.04255272877791,-1.94293656695611,1,1,"1","1",-0.820354517800744
-0.934465119224351,-0.366711022963242,1.10249083479854,0,0,"2","2",-4.44538038943075
-0.227202400021322,0.01061987963295,-1.13375301783475,0,1,"3","3",-3.81260600844127
1.18142424114966,-0.567531909018605,-3.75116556512332,1,1,"2","1",-1.23762798251933
-0.354911908809837,-2.37895586109796,-2.92190926545333,1,1,"2","1",-2.60405466213972
-0.616727788374365,1.93181027258199,2.29387559941334,1,1,"1","1",-0.638910555674104
0.798419866330199,-2.99402535086458,0.146822466131816,1,0,"3","1",-0.815446774118203
0.327086758348501,-2.38282480494506,-1.03528057448748,1,0,"2","1",-1.35980421300207
0.812387475253468,-0.711347044999549,-0.151552899893979,1,0,"1","1",0.80703189047876
1.10558520643893,-0.712640620310884,1.02933066312165,1,0,"1","3",-3.44210918944164
0.174999574091658,1.5113779086051,1.95909335277049,1,0,"1","3",-2.03094463246424
-0.654807329907556,0.869352289749868,1.27884238782491,1,0,"3","1",-0.433758530411003
0.870823284743557,0.669783819955182,-0.924910339167157,1,1,"2","2",-3.11743029085283
0.800606120553589,0.237424048242015,-0.533996168105904,1,1,"1","3",-3.23981951517162
0.579054118283784,1.11168680501601,-3.50162850249669,1,0,"3","1",-1.79615874836949
-0.730162281625188,-2.30393100244131,-1.17906849011245,0,1,"3","1",-1.77077780110067
-2.04081558181872,-1.53835313987244,1.76978880500808,1,0,"3","1",-1.6403830564912
-1.04080772321751,0.573821330218217,-0.388540340727513,1,0,"2","1",-0.97891266790552
0.909693210469484,-1.34870604347246,-2.96240724708585,1,1,"3","1",0.0061689526636739
-1.94284031220593,-0.830550854897861,1.99542163240879,0,0,"2","1",-0.859259364853526
0.395774957539082,2.85514262686601,0.940793549360509,1,1,"3","2",-1.06136142941555
-1.62376459159644,2.81519114844061,0.166752740449362,1,1,"2","1",-1.09378839249544
-0.555091593138839,-0.262534000279671,1.99282776636141,0,1,"1","1",-1.90985291707633
1.94418422742498,0.399580569381715,-2.7949153263438,1,0,"3","2",-2.46773459865891
0.281644220668717,2.97445434615138,-2.67222621135955,1,0,"3","3",-3.24417164912425
-1.42962271208482,0.72065034942799,2.16604635200575,1,0,"3","1",-0.579566093398571
1.36971382648891,-0.83276910792056,-1.8382970236356,1,0,"3","1",-0.922205542371096
1.30387891788281,-0.728028067995378,-1.70946968776698,1,1,"3","2",-2.30958028972079
-0.74626744580081,-0.762187921798465,-0.314108883871521,0,0,"1","2",-3.19854819690327
1.77794458948898,-1.59823344369278,-0.231857029436679,0,0,"3","3",-2.15556372936463
-0.375864617268856,0.663960486267338,0.690194058747458,0,0,"1","3",-3.70331085551757
1.22569270450592,-0.505506670749675,1.9358412872216,1,0,"2","3",-3.38205447413837
-0.39397756943938,2.0023458179891,-1.32813531166343,1,1,"3","3",-2.67856587248272
-0.882342527280943,1.16808010060878,-0.127942237697019,1,0,"2","1",-0.96438220175699
1.02574450684979,-1.02282806080105,-1.8642607785335,1,1,"1","2",-3.62528215875938
-1.54834304457479,-0.103935792887622,2.38622424026519,0,0,"2","1",-1.52348104644556
-0.234553996713166,-0.974862841609646,1.70062811504181,1,0,"1","1",-0.509339676260222
0.956273074624751,1.33696360437383,2.99246910983474,0,0,"1","1",-0.766930421784318
0.134206603283771,2.16861646792606,2.6864060363378,1,1,"3","3",-1.74031576070441
-0.79800009155869,0.471698760874379,-0.0665643340214437,1,1,"3","1",-0.461129191463835
-0.241813354950214,0.908010449862554,0.757852919834041,0,0,"3","1",-0.889194801692828
0.0260489165339955,-0.96976536682085,-2.1136663936367,1,1,"1","1",-1.93363472173496
-0.336643173665744,1.5306986015355,0.922163525725929,0,0,"3","3",-4.50436115565946
0.343489997869946,0.591918729528946,0.0492799510881462,1,0,"1","1",-0.444199396071931
0.628624744791575,0.91481021499803,0.583790109398626,1,0,"3","1",-0.0691171870771995
0.00378121559795557,1.34956571772042,0.120516234919031,1,0,"2","1",-1.3446789847902
-0.324023133505241,-0.640071192832506,-0.357384545071656,1,1,"2","1",-1.30517231799184
1.15040560319285,-1.14979409680851,-2.54915501937161,0,0,"2","2",-4.88562651118008
1.34308427340068,0.185726786166782,-0.847894278164162,1,0,"1","2",-2.76732074395462
0.735687339034621,0.462194507250024,-0.735529686086732,0,0,"2","2",-3.53080603464632
-1.99575231594695,-0.637589048478524,-0.792630087022326,1,0,"2","1",-2.00726126499375
-0.353767805117316,0.48884212693936,1.60811381665962,1,0,"1","3",-4.44759411964556
-0.587028882430375,2.66415280563424,0.0940906514723936,1,1,"1","1",-1.50267499205708
0.142083390429811,-0.653294320418193,-2.4474658076302,1,0,"2","2",-3.29580070230532
0.512919507887607,-0.541471382619066,1.18181405952268,1,0,"2","1",-1.07671420750068
-1.37848379006974,-1.21546158107438,-1.00366576437569,0,0,"3","3",-5.42618454728009
-1.07582143968025,0.991182526540072,1.98164069583203,1,1,"1","3",-2.62025738732365
2.05535169880778,-0.0788156423106638,-1.67189922219289,1,1,"2","1",-0.104335372802901
0.415580646403078,-1.16754513135327,-1.61554061275098,1,0,"1","1",-2.25118154811131
-0.135860346526479,-0.950612991679052,-0.943335953607667,1,0,"2","1",-0.644762243322084
-0.864199138471881,-2.15453162077683,0.615546499932995,1,0,"3","1",-1.83427849236089
-2.04559986629379,-0.131157856487281,-0.566587641653835,1,0,"3","1",-1.61025445807997
2.29665683868401,0.14494974788206,-0.827206400281346,1,1,"3","2",-0.723355654870014
-1.47786737798659,-1.36140725716792,1.00225709026706,1,1,"2","3",-3.96652475469406
-0.514025943783375,-1.1249479894603,0.538294050795639,1,0,"3","1",-0.107792634255449
-0.349268462849257,0.177642102230133,-2.9663750423884,1,0,"2","1",-1.95243035326284
0.998344317028379,-0.543918724077157,-0.738890761441692,1,0,"3","1",-0.927437979216947
0.379910728179647,1.75520987441294,2.81021204529976,1,0,"2","2",-1.5477918201599
0.16445711110978,0.711324861877038,0.571264764705185,1,1,"1","3",-3.08049964497689
-0.975740826384117,0.337148534545176,1.09893357564048,1,0,"1","3",-4.63943156887116
1.15967776668471,-0.795173222482536,-2.27859700946722,1,1,"3","2",-2.23752442913612
0.39633263949118,-1.59235098828919,-0.884694464415588,0,0,"1","1",-2.25255729482423
-0.657041350284715,-0.897670627851164,1.14208336994382,1,1,"1","3",-3.34680075546415
-2.05274202312844,0.384519502743502,-1.11812604757044,0,0,"1","3",-5.68151257548755
-0.0373032505212985,2.57761426038464,3.54579708806265,1,0,"1","1",0.225128518228499
-0.0635748098521345,-0.392118599380395,-0.602150401135317,1,0,"3","1",-1.35496338147839
-0.412824790479333,-1.25443423279019,1.93052056216303,0,0,"3","1",-0.542564170864257
0.597512626233629,-1.99625852123943,1.01393499700797,0,0,"3","1",-0.370472958843928
-0.458843004380205,-0.223398588735845,0.537601151814992,0,1,"2","1",-1.95705745303671
-2.64383027675815,1.66144481182904,0.965465791200666,0,0,"1","1",-2.62794260611582
0.249709136770043,-0.246325077590206,0.4100680542327,1,0,"1","1",-1.09168879628935
0.528837217928738,-0.34385747837398,0.56736211328088,0,0,"1","2",-2.90185096144314
0.340267769472928,0.390148092298648,-1.25300095542848,0,0,"1","2",-4.58677339481735
-0.0956540236630088,1.93530393198966,-0.0256258047772817,1,0,"1","1",-0.635143725308627
1.2344690919935,0.673080225618307,-2.6403940230299,1,1,"3","3",-3.09800364235371
0.210708114162144,-0.208572661758932,-3.77106049093612,1,1,"2","3",-4.53421135899848
-0.781265970969038,-2.01689469941316,0.243859555409247,1,0,"2","2",-3.2753896637899
-0.462161956354281,0.263893734959924,-1.44663018090835,1,0,"3","1",-0.678762224890288
-0.466835462711378,0.88067478025056,3.00796869463955,1,1,"3","1",0.669985666870822
-0.166557928431122,-0.501755298695073,-0.200867604068139,0,1,"3","3",-2.89789348488501
-0.393596626235634,-1.75960399687845,-1.47374443064532,1,0,"3","1",-1.35847852682007
-0.806366147909687,2.11318863763523,2.9302724745628,0,0,"1","1",-1.41295380571127
-0.0639269029051043,1.35308876327378,-1.11060170825756,1,0,"1","3",-4.40125414374965
0.608670689861706,-0.0444899534553048,-1.08592839328094,1,0,"1","3",-3.54228025625994
2.20922603260814,-1.47312429444222,-1.09022477613664,1,1,"2","2",-1.76427451645563
0.626265583147191,2.074501887197,0.432103101651338,1,1,"2","2",-2.48409278788184
-1.02545020215228,-1.9484920684044,0.653902771304685,1,0,"3","2",-3.33804841625621
-0.417327385719098,1.0452471917805,-0.169417540258425,1,0,"1","1",-1.44296865723162
0.152358616198905,-0.492030366670706,0.976164290904098,0,0,"2","2",-3.60351640951713
-0.375681140980722,-3.36764489648372,-3.45295697353391,1,1,"3","2",-3.5636381676841
0.131478549212053,0.675540684472069,2.41545697221728,1,0,"1","1",-0.239887682479458
0.980086209735504,1.39200582454944,-0.663973219225586,1,0,"1","1",-0.944900634248782
-0.40569848595329,-2.04200876287306,0.0901239006698497,1,1,"2","1",-0.805065105747992
0.717605965031351,-2.42024113206589,-1.00776053971313,1,1,"3","2",-3.07231508794686
0.820853204999779,0.299840522130595,1.72141288855121,0,0,"2","3",-3.66229998880905
-0.0892972821921783,-0.19019664315012,0.975750166303779,1,0,"3","2",-1.53943238361055
0.930544386646199,-0.367908753513806,-1.26274274993683,0,1,"1","1",-0.838000497034597
0.187061415644617,-0.121698326981534,0.0659647829267279,0,0,"2","2",-3.45871691003426
-1.20852133426673,1.81188208335324,2.38852562920438,1,0,"1","2",-2.99969385822573
-0.179619340866124,-1.88554762221359,-1.62778472624722,0,1,"3","1",-1.79563800288453
1.28852024486835,-1.40539962807237,-1.77971695745234,1,1,"3","2",-2.31251586778167
-0.442239043239997,-0.869767964797769,1.12244198169643,0,0,"3","1",-0.979493348770463
-0.615237221250017,0.425741580649557,0.745971215134632,1,0,"1","3",-3.36131188875189
2.87487953413202,1.84576509166502,0.448530220023001,1,0,"1","3",-1.28557852064433
-0.807876600574464,-1.53694739933203,-3.50996465468139,1,0,"3","1",-2.29003713006085
-0.187989050901957,1.73654527788849,3.17460048360098,1,0,"1","1",0.179630097370709
-1.16077787101825,-1.52484397578232,-2.05951740451397,1,0,"1","2",-4.75364115986838
-0.644545046697332,-0.703242715905357,-1.00310194354049,1,0,"1","3",-3.64249916646437
-0.879841990290574,-1.13619374868176,-0.347982301750165,0,0,"3","3",-3.81183627796134
0.919959439949225,-0.516547459106681,-0.6375874068573,1,0,"2","2",-3.96403753939725
0.545886061032236,-1.05951263295747,-1.91808862588983,1,0,"3","1",-0.904440085149281
-0.804074447048961,-1.0266281609056,1.41460469685218,1,0,"3","1",-0.625363178997778
0.656985692962767,0.948165133795828,0.532148125127358,1,1,"3","2",-0.0865101093963534
-0.122094138475005,-0.847639456390766,-0.243716945759871,1,0,"1","1",-1.79482263678912
2.42136547417039,1.89034359712699,1.31683323001741,1,0,"1","2",0.319377073222538
-0.856489618789763,-0.796296867154769,0.244102713794161,0,0,"3","1",-0.84760300985976
-1.14690202895243,2.87177318328306,1.08216229535263,1,0,"1","1",-2.01292977663756
0.582667455168847,0.0287125345916655,0.561831073959602,1,0,"1","1",-0.990857459279313
1.14915251608706,0.222992223603228,-1.60980932584331,1,0,"1","1",-2.79990633644656
0.667038799264676,-0.7384384004306,3.72989647932159,1,0,"1","1",-1.27332021917091
0.380131618836313,-3.64009598895489,0.814952788103997,0,1,"2","1",-0.477606929596093
-0.00257949046283459,-1.62948837909051,-1.58237896180379,1,0,"3","1",-0.611338748170942
-1.16584373868774,-0.810731449056101,0.156002317908221,1,1,"1","1",-1.10846890042902
-0.267429089877852,-0.469068109571657,-0.786012014925244,1,1,"2","1",-1.28887810356057
0.411148152635809,2.89186142810175,2.0885452207336,1,0,"1","1",0.0382345224612699
0.137437339734896,1.46382202290499,0.470291301545094,1,0,"3","2",-2.49642883689128
0.00668438997692667,-0.21700112285403,0.908235222711759,1,0,"1","3",-3.60168106348776
-0.350890423242642,1.72116806866521,0.587515109521849,1,1,"1","1",-0.288459043315557
0.895206978293839,1.45946162614701,0.508702368648945,1,1,"3","1",-0.122111444767524
-0.35290737732429,-1.01026132810678,0.232154954931281,1,0,"1","2",-2.06161521066398
0.65512849506322,-0.694346082756048,-1.87351280666373,1,0,"2","3",-2.72254860804637
1.49198129499146,0.401977402986998,2.0794858426005,1,0,"1","1",0.949783196704966
-0.419271564190653,0.967275806864181,0.672312456368049,1,1,"1","1",-1.33669669699888
-0.40960350082044,-2.41039805857311,-1.40313343816321,0,1,"2","3",-4.32459520130006
-2.26040837166208,-2.35245081266774,-4.10317708461243,0,1,"1","3",-6.04242003637586
0.705491217415477,-2.39973574902469,-2.77410816661682,1,1,"2","3",-3.26363474270552
0.253573576135668,-0.452954351266273,1.72471223718656,1,0,"1","1",-0.0204406369166918
-0.165525673976018,-2.58360225751184,0.214335193194426,1,0,"1","1",-0.800344909969168
0.150425309254289,2.94792775775671,0.823195900636915,1,0,"2","1",-0.806410225677693
0.977963070288448,-0.171473030049252,0.990864334687372,1,1,"3","2",-2.07178778360476
-0.68905422544169,0.233881044670156,-0.978295814417626,1,0,"1","1",-1.87668351742539
-0.720950157606692,1.01377365920508,-1.63146509507957,1,0,"1","3",-4.59584359774169
1.33949756763714,-0.550900069372299,-0.00672759174551552,0,0,"3","3",-2.4140364171646
-0.144714559132289,-2.02876386065148,-2.60054893271569,1,1,"2","3",-4.55329579057723
0.60651483288398,-0.697304904829669,-0.843699646144788,1,0,"2","2",-2.73145945539041
-0.456427782882423,-2.7145520532402,-2.96134571545836,1,0,"1","3",-5.30314857349196
-2.01209393918809,-2.49100427828265,-1.53122527306485,0,0,"3","1",-3.16402651975027
1.37470231855472,-0.801497180345159,-1.16840959542681,1,1,"2","3",-4.16092467411466
0.940095096694652,0.0680076561560902,2.14346018780621,1,0,"1","1",-0.115754599859188
-1.71537659953168,1.64700082181593,0.949679355328968,1,1,"3","1",-0.321335334439666
-0.915883939338191,0.527432165146773,2.0493803595592,1,0,"2","2",-2.58209062108576
-0.0140188169791037,-0.633813931989889,1.81721766525957,1,0,"3","1",-0.973699721057013
1.09429538626505,2.10101224985699,1.71850901500269,1,0,"2","3",-2.12662926670403
0.947468710244164,1.06667609256605,-2.2216933751657,0,0,"2","3",-4.5777527014109
1.00349019611812,-0.335049236785819,-2.19587926855902,1,1,"3","3",-2.73749259307482
0.340159332926365,-1.44282389787618,-0.927612502561473,1,0,"3","1",-1.18629138873513
-2.45677275881549,-2.01282226992256,0.59950049867232,0,0,"2","1",-2.46806398887971
-0.842688554802122,-0.31447621052154,-0.405941225494455,1,1,"2","1",-0.623469916282997
0.263870726944193,1.57838425908444,1.18898637517496,1,0,"1","1",-0.153735727576717
-1.85366854179683,-0.807579283727393,-0.628553738787915,1,1,"3","1",-1.57682670295784
1.53040544961111,-0.599848571436956,-2.01546176140444,1,1,"3","3",-3.30792252479926
-1.05209240283203,-1.02335887795466,-1.22786750039476,0,0,"2","1",-2.45763677218063
1.21263934483413,-0.563444517249646,1.07273245348134,0,0,"2","1",-0.506240482985666
0.067774620952881,0.514641077599861,0.800822427985962,1,1,"1","1",0.144091378648317
-0.904875214581613,0.665977648565356,-1.97639756550284,1,0,"3","3",-4.55367418779436
-0.773222237368735,-0.646113220289014,0.102372309598263,1,0,"3","2",-2.46700202495159
0.324028424675622,-0.920614196042641,0.415378588859561,1,0,"1","1",-1.60337822928062
0.669493179199451,-0.697638823607343,-1.66023732432883,0,0,"3","1",-0.674093612833872
0.848344146767043,-1.46725171324745,-0.577009699305449,1,1,"1","3",-2.71168566883319
-0.685779592406334,0.772171754193959,-0.841265317878823,1,0,"2","2",-3.16932778370544
-0.929711535293719,-1.14081339494718,-0.821971272188103,1,1,"1","1",-2.05138839901914
0.907909921342085,-1.20010685681803,-0.595054742776802,1,1,"3","1",-0.370791168862193
-0.0283714379900271,1.67310933830506,-1.77416418110414,1,1,"3","1",-1.26658110537855
1.32725442116143,1.7770632819148,1.46511479486287,0,0,"3","3",-1.81397456584537
0.0215272731512164,-0.258888154465353,-1.16461687140785,0,0,"1","2",-4.00225767409701
-0.931173267731522,-0.973509381383707,-0.335273919744103,1,0,"2","1",-2.48685314271524
2.26538985830379,1.1079849650446,-1.78955164838968,1,0,"1","1",-1.10776570177911
0.282891615700674,-2.28412724144271,-2.55383555276461,1,0,"2","3",-5.10692863166116
1.11656333334876,0.421947518762569,0.240726988455778,1,0,"2","1",-0.18268994400111
1.32790225646257,-0.297355413654992,0.589839914625291,1,1,"3","3",-2.40205722071948
-0.678971817762147,-0.840010302957982,0.404211926144526,0,0,"3","1",-1.51730942797137
-1.56772182858706,0.647623613455898,0.710686957903745,0,1,"2","2",-3.57718673277747
-1.26317324730731,0.101310005590506,1.87064723493613,1,0,"1","3",-4.21055981894423
-1.59392029630643,-2.15021857097774,0.50778221331204,1,0,"2","1",-1.9592485216568
1.73884315151129,0.380396423410629,-1.27724549301697,1,1,"3","2",-2.82036830751303
-1.17118049462399,-0.748968932182295,-0.923977708547222,1,1,"3","1",-1.45851362229583
-0.25760230355804,-0.6341230187399,-0.20343175530094,1,0,"1","2",-4.25421897675379
1.07722239497527,-2.34002194974365,-2.84272210367931,1,1,"3","2",-3.02660697803198
-0.624855717652402,0.051083120849277,-1.22911604447847,1,1,"1","1",-0.969494552646478
-1.0214796529553,1.56548577827958,0.944303186178965,0,0,"3","3",-3.29902064733894
1.09911279310623,-0.728138115777371,-0.40699268624303,1,1,"3","1",0.178399079937573
1.37917407452258,0.48988669430418,0.918838135052531,0,1,"1","1",-0.0701956993589625
1.64370525840805,-0.830034374564211,-3.1148125005302,1,0,"3","1",-0.224294161800351
-1.30511152369999,-1.0136988011913,-0.0810115375778689,1,0,"1","1",-2.27743401398327
1.28129195331414,-0.297840284741289,-3.12696003335599,1,0,"2","1",-2.36865201454187
-1.02246650679963,-2.34546490667919,-2.89659585644248,0,1,"3","1",-2.63736262248059
-0.18218094733361,-2.2862678307751,0.494069380775246,1,1,"1","3",-3.92228705452107
-0.604986909699323,1.07926506053459,2.52680736755483,0,0,"1","1",-0.685465854188585
-0.831483225071244,-0.492178544187541,0.79069161088216,1,0,"2","2",-4.11983712557583
0.558323377286166,-0.0908739547839383,0.458730523479704,1,0,"2","1",0.316327650894032
-0.398397942186151,-0.94250696805484,-2.37584626704924,1,0,"1","1",-1.62698685617109
-1.28866158749282,0.00186470526811201,0.0854443931303193,1,0,"1","1",-2.3084076055793
-2.36326071080378,-1.32771960777545,0.447331846587689,0,0,"2","3",-4.43503510684309
-0.549043742420397,-0.0761033173321202,2.67001753563891,1,0,"1","1",-1.06827296381863
0.652695115975512,0.586048039972419,-3.95676124861836,1,1,"2","3",-4.02840320778652
-1.31969592571172,0.114188935060985,0.10805832398682,0,0,"1","3",-5.09982835045581
0.586969209319745,-0.183278223013915,-2.93750250227995,0,1,"3","2",-3.41586362402906
-0.590470262225697,-2.02358299169748,-0.306760265229692,0,0,"2","1",-1.86571746409151
-1.17220983613092,0.64488032128908,0.937915136590036,1,0,"2","3",-4.0396501008255
-1.81385017574296,-0.103983791693625,-0.938135350051378,1,1,"3","3",-4.03856499481185
-0.519754336031638,-0.545341152227866,-1.33354848632895,1,0,"3","3",-3.02176976952994
-0.201645797192212,0.657704250219548,-0.729197342407029,1,0,"2","1",-1.68158860526724
-1.67198778677049,0.133299901231643,-0.0501824622933471,1,1,"1","1",-0.750199433613919
0.894090103044081,-2.03852131443662,-0.847097045790188,1,1,"1","1",-0.864429180718902
-0.540858219621283,-0.224802979731117,-0.0740515656444062,1,0,"1","1",-2.94029757819792
-0.208774850619456,2.52501840752437,-1.1943251600249,1,1,"3","1",-0.295333407303449
0.265574321624566,0.213576015260485,2.79336064513431,1,0,"2","1",-0.343794270660383
0.00393261759531268,-0.473468371540299,-1.14185091902866,1,1,"2","1",-0.233844286808839
0.467114571976773,1.30853585734514,1.5127587548875,1,0,"1","3",-2.657714538601
0.796621537618275,2.139420496587,1.25394490552389,1,0,"1","1",-0.23656966882379
-1.56725555547902,-0.101345962556601,0.518448029681285,0,0,"3","2",-3.63601427751983
-0.502445114731973,0.376249918040541,-1.49778004652494,1,0,"2","1",-2.52083791363487
1.58870982441159,1.77188086483336,1.94368978994829,1,0,"1","1",0.379401843221
-0.946140871097593,0.491293707919821,0.340392964611804,1,0,"2","2",-2.33995635998021
1.16465833571004,0.0551194423830059,0.244868604858107,1,0,"1","1",-1.22903647916773
1.54279565470895,0.549189685698311,0.137567649724277,1,1,"1","1",-0.419325855202507
0.420529829630818,-0.303558293933421,0.118781837540214,1,0,"1","2",-2.86715276142168
1.75855939860632,0.300453458937992,0.611517379240361,0,0,"1","1",-0.346678116574632
-0.62528760655848,0.394296821690418,-0.658539294207602,1,1,"1","1",-1.65332038119322
1.17953339516036,-2.11631592535725,-2.70368518399239,1,0,"3","3",-3.96309121004135
0.24734226941763,-1.5436285504435,1.7178078155956,0,0,"1","1",-1.9678120683619
-0.105846431605125,2.74989522157247,1.63785764318539,1,0,"2","3",-3.06925549778589
-0.131182047523255,-0.471506219613795,-0.93542373045555,1,0,"1","1",-2.00547396444492
-0.434390293719326,-0.41777895404142,-2.06896571708535,1,1,"1","3",-4.09165644697512
0.202196525795642,3.85208096477588,2.25932791411277,1,0,"3","2",-1.02056856497861
0.777559370562186,3.41143419075962,3.32643268319146,1,0,"2","1",0.450152151459996
1.4676353075661,2.02405036220476,1.24351705699067,1,0,"3","1",1.23700278039625
1.47461771572982,0.457753148587351,2.71566777018849,0,0,"3","1",0.529836299272952
-0.624597305311347,-1.15726702530582,-1.56352355342278,1,0,"2","1",-2.62794747168733
-0.66073231364651,-0.738421010187441,0.104884561778852,1,0,"1","3",-4.17849182493775
1.69218143745423,1.79847086672806,0.889088706819771,1,0,"1","3",-3.25405267427848
-0.422819182679216,1.46167976754699,0.0808310848189322,1,1,"2","2",-2.72680985666887
0.540115227641834,-0.881605881056287,-2.10369651623858,1,1,"2","1",-1.06071309846457
-0.643928585884092,-0.755747464850693,0.425701836763392,1,0,"2","1",-0.745802296208792
-0.4981959679765,0.977258159994056,2.77162247428936,1,1,"3","1",-0.220014656614418
-0.871113914570032,-1.44223036497781,0.366297602894571,1,1,"1","3",-3.80648722414037
1.28769754939975,-0.58400263714938,-3.06687166924738,1,0,"3","2",-3.28328169551625
0.813919671908105,-0.823062294861412,-0.718711823226083,1,0,"3","1",0.0878324062793472
-0.483283571562579,0.372810754466374,0.347999906314112,1,1,"1","1",-1.78513118231187
-1.26278759250182,-1.93622067421734,-1.1900737028925,0,0,"1","2",-4.97756731186329
-1.58640194791396,-0.74165226783265,-0.336443675787925,1,0,"1","1",-1.26258570030691
-1.06136066755415,2.18649407654694,0.116645282930131,1,1,"1","1",-1.82867598262952
-1.38994107801191,-0.289882995318805,-1.29941072502425,0,0,"3","1",-2.20194362592214
-0.510418962095966,2.87079163394997,-0.0739845200930955,1,0,"2","3",-3.13927541198136
-0.549192398869749,-0.134722571290088,-1.96996993816071,0,0,"1","1",-2.70985981284851
-0.952122518552257,0.45432738681792,-0.699153345819337,0,0,"2","1",-1.73174070424702
-0.582275146276732,2.91369471452365,1.57350012682239,1,0,"1","1",-0.17638655913494
0.694557082788922,-1.481157501348,0.00518939180684441,1,0,"2","1",0.0975788701108771
0.524804400833281,2.48695793879997,1.92202547722203,0,1,"2","1",0.18500949844708
-0.340853616810962,-3.26556136338793,-3.13064362488253,0,1,"3","3",-4.72270378119554
-0.882466481333954,-1.90285581805441,-1.74378362893562,1,0,"2","3",-4.87768211400997
-1.71556124838095,-3.23645367825462,0.079476234943074,0,0,"2","1",-3.02159852425378
0.578046559226722,-2.24302425837566,-0.663472837586432,0,0,"3","1",-1.47766229755494
-1.15496301040583,0.966562002459553,0.388619765611915,1,1,"2","1",-0.975506679537203
-0.731978362237866,-1.12726628458709,-2.63440669856775,1,0,"2","2",-4.27057610248746
1.13833136585225,1.46728651720821,0.0805599138296733,1,1,"1","1",0.0089814121311016
-1.06251527535743,0.200312212832049,-0.649683857152223,1,1,"2","2",-3.40165136857194
0.264286739401072,2.30598108881211,1.96686940925851,0,0,"1","1",-1.13017234556582
0.23491339134135,-0.809155513326975,-0.681921950918804,0,0,"2","1",-2.137479263292
-1.40524624162193,-0.0349006296700861,2.47341467467313,0,0,"2","3",-4.24061855814337
-1.09328928684718,0.758598682056106,2.52810119790283,1,0,"3","1",0.428175520314378
-3.07646686529585,-1.48077220230448,-0.739886665840019,0,1,"2","1",-2.06395583120113
-0.811051043522984,-2.36765712425131,-1.6296362886981,0,0,"1","1",-3.414251798016
1.1526392416232,1.39803821531047,0.987984427011426,1,0,"2","1",0.681860219232489
1.00442266721537,-1.14038227928857,0.807070822015756,0,0,"1","2",-3.41743552455604
-1.29992233333878,-1.21325048484583,1.30539649306826,1,0,"3","1",-0.360514608381133
-0.237775410269773,0.572046229642636,0.125807861363239,1,1,"1","3",-4.29934787723672
0.292370833143095,-0.40179902437678,0.927410511875905,1,0,"3","1",-0.565061862378526
-0.230876191429482,-1.04629176583821,-0.646446506122817,1,1,"1","1",-1.05297601164727
0.723743506971931,0.879502316641463,-0.315466437880945,1,0,"1","3",-2.91259665616917
-0.617591680678474,-1.52400609650554,-1.30262905889376,1,0,"3","1",-2.37256059054971
1.08285197433398,-2.09831781260402,-2.92058485008857,1,0,"1","3",-4.43802125295344
-0.01255110888924,-1.09549652983815,0.678406380596848,1,0,"3","1",-0.671904742174934
-0.748900921409944,-0.700168198727135,-1.60647705424998,1,0,"1","1",-1.77582683735105
1.36845930858569,1.59703034771813,-0.0167576103773606,1,0,"2","1",1.39249435659352
-0.354423422713641,-2.1228856596633,2.13475106275199,0,0,"3","1",-1.92848517000323
0.539730338708188,-0.386619074616748,0.103269885844698,0,0,"1","2",-2.2656245742701
0.0261376445114417,-1.08057600208111,-0.307406360685195,1,0,"3","3",-3.84064021650225
-1.77485150160536,-1.19784551064817,0.936688927993961,0,0,"2","1",-3.97836491059564
0.0203095021706541,0.503226453566971,0.563585712081482,1,0,"1","1",-2.25421914096437
0.0914853770574013,1.4163738173568,1.34240683067851,0,1,"1","1",0.00987398934143457
0.389631451983485,-0.316382499793869,-0.910619445629687,1,1,"3","1",-0.643587183063916
-0.257698332370968,-0.0496184607595366,0.479198819366444,1,0,"3","2",-2.2866514211951
-1.15127345421674,0.307130523050855,2.08278476822464,1,0,"2","2",-2.44332112207755
0.384615128022314,-2.15814306179711,-1.70783365681376,1,0,"3","3",-3.40717857853039
-1.2252609022745,-0.311972690380038,-3.48671084667536,1,0,"2","1",-4.32806882356388
-1.90608141658348,-1.67720885122521,2.17560188525487,1,0,"1","3",-4.18587343853262
1.27733223222217,-2.07277296374626,-3.06799947485998,0,1,"3","1",-1.23049698285078
0.441064045365482,0.78474165072008,2.73576179425989,1,0,"1","1",0.935827136998352
-0.39248427299786,-2.28906012367549,-1.91217150218174,1,0,"2","1",-2.06334474214558
-2.77482350715106,1.57157477457938,2.34888979083845,0,1,"3","3",-3.24635495502329
1.0711035906816,-0.883110983458338,-0.606778510534466,0,1,"2","2",-2.29649820998905
-0.515647382478929,-1.95654485237115,0.626426432750621,1,0,"2","2",-3.48411896942897
-1.32684016278316,-0.0615527042799171,-1.52275728817907,1,0,"1","1",-2.33299661766166
-0.0770884817743471,0.0413766429112758,0.229979996497591,1,1,"1","1",-1.1254775120877
-1.74546241643464,-0.953074995514984,0.671682839332312,0,0,"1","3",-6.15913130413715
0.405342112466182,-2.3719829899382,1.18084353874504,1,1,"1","2",-1.79204778416071
0.653060058524772,-2.71575101439612,-3.89478478989042,0,1,"2","2",-4.63155903166238
-1.02636710406113,-0.928327358258255,-1.01165239933827,0,0,"1","1",-1.84072837139989
-1.06489536326171,-1.42261114212921,-1.43089943407188,1,0,"2","1",-1.44582021710435
-1.05603627883016,0.512938618273291,1.95742489949462,1,0,"3","1",-0.018896258328685
1.02366571455974,1.87924376475142,2.60232364003307,1,0,"1","2",-1.50824126700052
0.538542679228713,0.021784149123226,-0.987275426771745,1,1,"2","3",-3.82233404693201
0.886910467992695,-2.60422437051732,-1.56478275215881,1,0,"1","1",-2.8425497663614
0.100019362399747,2.52962137685056,1.41831767199577,1,0,"1","1",-1.32284971393861
0.170302094842594,-1.99170427734135,-0.901833182058634,1,1,"3","2",-3.21759533776612
-0.922872060985775,-0.344676916116254,0.117075828032418,1,0,"1","1",-1.71630582091258
-1.88020139562714,-1.89318735810464,-2.54695707081418,0,0,"2","1",-3.77227626793226
0.626729840300587,0.766977780464019,1.18171277993928,0,1,"1","1",-0.700712438927837
0.2361234678253,0.866838867864835,-1.15474987568028,0,1,"2","3",-3.1422821284855
0.711880764468831,-2.38731766611735,0.903105193161139,0,1,"2","3",-3.24436812354213
-0.868891497143836,-2.29102085452449,1.84388568108733,0,1,"1","1",-1.10585276439421
1.5691634929571,0.805746058431654,0.455764779045043,0,1,"1","1",-1.35959943016651
0.702054381847815,-0.920815664188231,-0.484273690963402,1,0,"3","2",-1.763489938653
0.754686864041275,-0.524860038017512,-2.10314747446069,1,0,"2","1",-1.79182145212695
0.699690506734816,-0.174770875871495,-0.659064319802982,1,0,"1","2",-3.32541685500119
-1.39883107168743,1.75098839621228,1.36650633130696,0,0,"2","3",-3.85947755740411
-0.225797229862596,-1.00526807279669,-0.0801848824367599,1,1,"3","1",-0.499665064988416
0.0146337013903279,-0.645983169415197,2.1588039117844,1,0,"3","1",1.18176834097883
1.59489418340169,0.305416549476089,-1.77692724001896,0,1,"3","2",-3.16372140423794
-0.20151785109679,1.20192481881592,2.40537129320591,0,0,"1","1",-0.70725698245702
0.256573178790505,0.519185058339625,-0.334202780552922,1,0,"1","3",-3.32319615136193
0.39952866214291,0.347290466953353,-0.534912934134063,1,0,"3","1",-1.28243748310268
0.0327965065816973,0.8144682594023,-1.56561096047695,1,0,"2","1",-1.06165530063919
0.637869110316929,1.11437972422173,1.83649734061965,1,0,"1","1",-0.0786308272991897
-1.01159151564432,-1.22967783354008,0.370142610968638,1,0,"2","1",-1.9675198678839
-0.291076613570781,-3.41623456487011,-3.23344060257588,1,0,"1","1",-4.61518427441839
0.0298315114579727,1.55535004089117,1.84499059899019,1,1,"3","3",-2.20251495433328
1.38506904179192,1.27348993056083,1.68747579324209,0,0,"3","2",-1.52984806814973
-0.348461886803029,-0.160539778452648,-0.375712225916742,1,0,"1","2",-4.57933705314369
-0.250577888331866,-2.66280055851096,-0.321490224324362,1,1,"3","1",-1.30831201413035
-0.145142858390952,-1.02161371086357,3.33475298822804,0,0,"2","3",-3.53815286079227
-0.525554873624427,0.450464617969693,3.1753868717133,1,0,"2","1",0.00595728490819503
-0.390155564683095,-1.93942906738566,-2.59175566946915,0,0,"3","3",-4.44195672551071
0.425363763701615,-0.606891840262034,0.608480276590419,1,0,"1","3",-3.7850569974781
-1.56457721636987,1.49152970831114,1.04003008588356,1,0,"3","3",-4.53807882110011
0.961916595422312,1.90597496524842,0.292372501884898,0,1,"1","1",-0.659494671403353
-0.841549034146429,-0.959932572966293,0.412111538646004,1,0,"1","1",-3.02416424194715
0.795229107150341,1.59263724852586,-0.189059711038812,1,0,"2","1",0.720833125856289
1.14935768721178,1.07929220041394,0.210781843407617,1,1,"1","2",-2.34103640664759
-0.739046276671298,-1.98966031460071,0.615836278651466,1,0,"3","1",-0.904781054073557
-0.394116402162637,-0.288234816283876,2.3258570419708,1,0,"1","3",-3.85493843556674
-1.63346590939779,1.07470273052136,2.04419246184909,1,0,"3","1",-1.48170164820719
-1.35965462446773,-0.44432428926749,1.65437588728155,1,0,"1","2",-4.63684524720049
0.0704615798279436,0.987506497225435,1.27620204761577,1,0,"3","2",-1.85125347191179
0.770578012155744,-0.684058700884432,-3.54290522469775,1,0,"2","2",-3.36962246283612
-1.39857210655758,-2.63670816368195,-2.00018838910417,1,0,"2","1",-3.41650353792294
0.486518333611548,1.47870200047184,-0.270267713221687,1,1,"2","3",-2.23729371517781
0.0147326467463958,-1.75230555935823,-0.114683450054326,1,0,"2","1",-2.11691120392021
-0.0141802352706206,0.0820219012209257,0.316021859409645,1,0,"3","1",-0.639499560790154
0.460082042646116,0.429017240226851,2.94647529326143,1,0,"3","2",-0.665381727865477
0.0797627842716521,0.554866294839258,1.20107936674363,1,0,"2","3",-3.68313580822274
-0.471946344460097,-0.199434856176339,-1.26907004539074,1,0,"1","3",-3.32054318272049
-0.227170988629318,0.212283011756806,-0.937512078722111,0,0,"2","2",-3.95548768243687
-0.611165204718619,-2.15900775185163,-3.84892059699307,0,1,"1","1",-2.37135926800212
0.570338555861833,0.553881750175265,-1.80276572191076,1,1,"1","3",-3.59865166988319
-0.643825296281822,0.0230036384435164,0.37212574412315,0,0,"1","1",-2.54969235559308
0.444175648412396,2.27799965706143,2.81897684138581,1,1,"1","1",0.421111859660013
0.130543624266005,1.21303106259035,1.80248203858614,1,1,"1","1",-0.371116859139263
0.184100407431954,-0.578748625893905,-0.981428984782526,1,1,"1","1",-0.799238181937704
-0.871649744750846,-0.0173400982264306,-1.39553710428799,1,0,"1","3",-4.34241832582537
-0.925962545558186,0.252349317719414,2.30668633765637,1,0,"3","3",-3.36028482561892
-1.42597433542268,-0.854396607149968,0.532931085474092,1,1,"1","3",-3.07982891726052
-1.45922178130763,0.835375367569394,-1.42670126827834,1,1,"3","1",-0.728194239919222
-0.360427554869091,-0.152434509642936,-0.271688877802129,1,0,"3","3",-3.48945671484572
0.229962435752947,0.75452988658566,2.38524217368822,1,0,"1","1",-0.123757223651552
0.785979451319183,-1.79598674153426,-1.14483454227797,0,0,"3","2",-4.09232077411473
-1.68151552203637,-0.857062675275946,-0.123767632497206,1,0,"2","2",-4.15959466042597
-1.51003271969664,-0.6772641856108,0.842683686530373,1,0,"1","3",-4.73391486243351
1.30323865964044,-0.51038472353011,-1.76583634439525,1,1,"1","2",-2.80517787633388
-0.7900244585292,-0.555683772234182,2.15665532644071,0,0,"3","2",-2.84593949735391
1.25834258392054,1.50733254757207,-0.128408989142455,1,0,"1","2",-2.68617615031011
0.0740920693610001,0.127655014737964,0.879259587489579,1,0,"3","1",0.771023375908899
0.0785529884987702,0.493766050185205,-0.477407321983485,0,1,"3","2",-2.06268360721113
1.48556644773279,-1.01710287034317,-0.494172684251634,1,0,"1","3",-3.54455105958341
-0.18139900049248,-1.74951411306761,-1.81861493367586,1,1,"2","3",-3.85149173196233
-0.128655400879953,1.52540077128186,0.567283124740571,1,1,"3","2",-1.8471458155278
-0.757409293880071,0.561547638711859,0.327093727097076,0,1,"1","2",-3.27781159638006
0.576802212184446,-1.09017738602897,0.265292133103184,0,1,"1","1",0.679490780366468
0.103987773252059,1.65624134837056,-0.815836680085433,0,0,"3","2",-3.5356513220222
-0.338238471515146,3.36605758237291,3.65200830484809,0,0,"1","2",-2.17970790310628
-0.940707367752112,-0.242062872684253,-2.43479852666355,1,0,"3","2",-4.29214177473507
1.13204229744721,1.19907623482753,-0.367783294380497,1,1,"3","1",1.25225092951862
1.25280106471115,-0.160414969542195,-2.89136862809375,1,0,"1","1",-2.22517061279752
1.25366796036017,-0.67849823102431,-0.929427715247181,0,0,"1","1",-1.15746697087009
-0.154645486191523,-0.225204293017803,-0.87660237960037,1,1,"1","1",-0.856073369592729
-1.44932927407692,-3.64553859473122,-1.17101096470261,1,1,"2","1",-1.99086944759451
-1.36543931388433,-1.33188255501981,1.05277679376206,0,0,"1","1",-2.25897620422458
-0.310406342968383,-0.946162130923649,-1.66650138739427,1,1,"1","1",-0.189062582176367
-0.238897085139868,0.25682858089413,1.44276819988854,1,0,"2","3",-3.56916713040517
0.46434084268902,-1.53812945974823,-1.88188358937176,0,1,"3","2",-3.82359991340846
0.829503370903756,-0.852631693219253,-0.367772234396282,0,0,"1","1",-0.491242907754415
1.71305980334254,-1.68392228456086,-2.80466225629451,1,1,"3","3",-2.46216180494512
-0.00169057924493214,-1.28728798350731,-3.55759351224922,1,1,"1","1",-2.71245789108688
-0.233114236681461,1.64004856345116,1.37320732749854,1,1,"3","1",1.89700972549018
-0.91439777133122,1.83843404176285,2.79256852212362,1,1,"2","1",-0.40161182986121
-0.678819990507059,0.720849031286994,-0.392347073173846,0,1,"2","2",-3.44473174241639
0.459133624048475,-0.0227917114715132,-0.483488554743401,1,0,"2","3",-2.98501340389108
0.94248668764667,0.142078035964646,0.815798882147877,0,0,"1","2",-3.09470832485207
-1.1760907910451,1.4884431209879,1.41864751873053,1,1,"1","1",-1.42686774736021
-0.792100298982305,-1.63058756363459,-0.535363098417732,1,1,"3","1",-0.357454544224824
-0.123089682117873,-0.317258091505236,-1.88963135187642,1,0,"1","2",-4.10101620421786
0.458246546356686,-0.389322423889855,-1.22704837609607,0,1,"1","2",-3.55211300106492
-0.133646752459057,1.49858241699845,1.51365587844122,1,1,"3","1",0.661608730764434
0.563855300037295,-0.109171542151775,-1.79432465200558,1,1,"1","2",-2.84266257611023
-1.41127293302585,-0.322927314726848,1.48197642054673,1,0,"2","2",-3.19241559466389
0.842169935366278,-0.341436890556964,0.307701107746305,1,0,"2","1",-0.390456925808285
-0.796711486201357,1.01651582347486,-0.114907981311272,1,0,"1","1",-1.57924627895226
1.15061444145948,-0.572974364058959,-2.21845730840434,1,0,"1","3",-4.1700904768016
-1.49866055823601,2.21845123758395,1.66518525092911,1,1,"3","2",-1.53568783320434
0.863451361325708,2.96544405251502,1.95417459437388,1,0,"1","3",-1.48186337638177
0.314076177514508,-2.16524491736176,0.406715194214374,1,0,"1","3",-3.28241624905304
-1.05536242512809,1.6332960329996,-0.0905627521439754,1,0,"3","1",-0.273831804890411
-0.480694319301325,0.712506661497225,0.949902874130711,1,0,"3","2",-3.07163634548791
-1.28153570017001,-2.50623695592686,-0.729657314862352,0,0,"1","2",-5.25180449358403
1.23482669282303,1.2747729136462,1.20628097765795,0,0,"3","3",-2.01160382890632
0.52864807433959,-0.962351724279857,-1.50056842567985,1,1,"3","1",0.0137770001142206
0.467832687442067,0.520046540510773,2.73709578667967,1,0,"2","1",0.141220491324747
-0.902548707285274,1.24183331530609,2.62443458674129,0,0,"1","1",-0.443553085057641
-0.159818699440173,1.93251489861092,2.69435269544862,1,0,"1","1",-0.573710390733341
1.21422425644277,-1.94252390406135,0.01659075369483,1,0,"3","2",-2.68027195421877
0.617994005732013,-4.39525807181929,-1.99056004722746,1,1,"2","3",-4.1789737813262
-1.84641545994229,0.444841284146426,-0.0250437097025554,1,1,"2","1",-1.48932259015153
0.659084368367373,0.616033065551437,-0.997199239129726,0,0,"3","3",-3.60004409153022
-0.340423179845116,1.80682540958283,0.653034614569247,1,0,"3","1",-0.645248483645108
-0.196557153599643,-1.83604081972581,-1.13098124724837,0,0,"1","3",-5.5316495979405
0.797280028281535,0.166753492246121,-0.591614523703265,0,1,"2","1",-0.896089898898412
0.158061144568428,-0.549096306265883,-0.0983382864617197,1,0,"2","1",-1.01263152370061
-1.95443385227973,-0.859914348236155,1.24343804465329,1,0,"3","1",-1.58606340419803
0.176303387867732,-0.369957686483908,0.0297432634696944,1,0,"3","1",-0.202269625762593
0.788747498084155,0.362331422934018,2.06469373151355,1,0,"3","1",1.0353141828798
-0.0638637944879315,-1.21134463347113,-2.4982744497814,1,1,"3","2",-3.14698567328591
0.383669952554387,1.36374936069384,2.82433197564811,1,0,"3","1",-0.277541234568147
-0.933665722724583,0.879809344443329,-0.931866604771274,0,0,"1","1",-1.70346721346386
-0.601420062758498,-2.45641442056262,-1.9769862680017,0,0,"1","3",-5.61704894968721
2.14680260022771,2.4073686791157,-1.98201045732197,0,1,"2","1",-0.458328713058068
-1.84989164442993,-0.485316843548159,-0.649498413552916,1,0,"3","1",-2.57659868497868
0.791409350393462,0.941118459671273,-0.185933137396019,1,1,"1","1",-1.15312780519555
0.307973042705297,2.59216392185874,0.716967909907912,1,0,"3","1",-0.37576834599133
1.27472260892591,1.50014481554229,-0.349934905147953,1,1,"3","1",0.802239585641724
0.128528958275349,0.0385679626869526,1.20503556809551,1,0,"3","1",-0.743123719328924
-0.149653880623047,1.0718057496027,1.64616484242325,0,0,"3","1",0.130509858873948
0.867731961861847,0.6733144932366,-0.591589572703777,1,1,"2","3",-2.37937269862082
-0.0199460340437556,1.30662889620395,-0.846901705076802,1,0,"2","2",-3.53190092002146
-0.769162918078209,-2.17302056996613,-0.554913161053191,1,0,"3","3",-4.10606978969237
0.51515090312646,1.21156463781771,0.31873400443339,1,1,"3","2",-1.83791797963967
1.64415579683214,1.53585153426326,-0.770411429123498,0,0,"1","1",-0.725115584163231
0.367677619295058,-2.04745465047734,0.724160352299584,1,0,"3","1",-1.25908993770463
-1.70268222753173,-0.830599058785104,0.22844558285694,0,0,"1","1",-2.67056718349412
-0.596508542839228,-0.610665005065639,-0.969124353018741,0,1,"2","1",-2.08312919093602
0.365109074159227,0.268484550589805,0.282849062999593,1,1,"3","1",0.289088584626476
0.988392182098009,-0.388154351569316,-1.12211483771575,1,0,"1","1",-1.0982019487881
0.344690073679961,-0.14092233021834,-0.920346366837856,1,0,"2","3",-4.23142543153583
0.229155910047448,1.08658816166079,2.18431603360249,1,1,"2","3",-2.60606399385356
0.650750049369948,0.892506951942672,0.603472668434229,1,0,"1","1",-0.543924913828179
0.730229607316586,-2.03796846138135,-1.13275580545055,0,1,"3","3",-3.46950083876006
0.373534850433311,0.52788246919062,-0.242191772998931,1,0,"1","2",-2.5533277105258
-0.698078488712269,-0.595430528088432,-0.622353485134933,0,0,"3","2",-2.7888247265382
0.195929245538432,-0.264436756320015,-0.0468696106768147,1,1,"3","3",-2.78764580735119
1.59012997441182,-1.51675620313687,-2.11300868498512,0,0,"2","1",-2.17396680982424
0.776220405031913,0.242714232039152,2.58416365073654,1,0,"3","1",-1.34566881294427
-0.492667010385266,1.13110547379625,1.48273672961567,1,0,"1","1",-1.69895272835203
0.822803398831931,-0.6106578379886,0.167534184650883,1,0,"1","1",-0.559731911500145
-0.97455371818145,-0.746943099663488,1.03336757121581,1,0,"3","3",-2.92259106240296
1.49936789957491,-1.29283312895615,0.486514715896689,1,0,"1","2",-3.52766379804395
-1.25049517899082,1.07770702623323,1.92215285392521,1,0,"2","3",-3.8568076989451
-0.796532569274022,-0.827205011060186,-2.45122309016682,1,0,"3","1",-3.20001859044007
-0.482696113668433,0.587580694301309,0.424122027570597,0,0,"2","1",-1.90350969818946
-1.47223444597491,2.64787063316571,-0.577179228780354,1,0,"3","3",-2.86302371006754
1.16557840392749,-1.09266188727594,-0.176700061419061,0,0,"2","1",-1.90128982347083
0.473793975771955,1.98019377409344,-1.34166529451108,0,1,"2","3",-2.86710283870996
-0.273783123237993,-0.469112329830752,0.274987181796103,1,0,"2","1",-0.817337417222055
-0.783741815333838,3.75010231405913,0.302365949339433,1,1,"1","1",-0.603126640622158
0.086984056818859,-0.405875921405765,-1.26474638454229,1,0,"2","1",-0.792068211887354
0.901234646482463,0.484260589853738,0.791959067048505,0,0,"3","2",-2.32062426572711
-1.03225348654838,0.269801243221571,1.18079199357497,1,1,"1","2",-2.8518306261803
0.764471364598895,2.17014678753361,0.0660688648078599,0,0,"3","1",0.58735355866411
1.91667594931128,1.98868209341349,1.98947300333603,1,1,"2","1",0.881117157084434
0.818719801265775,-0.179591127206842,-1.71587352351939,1,0,"2","1",-2.17049033052257
-0.766948516539037,-0.68976829941246,0.559176004015788,1,0,"2","3",-4.43276327970429
1.73728937275474,1.70948416876226,0.384439994278428,1,0,"2","2",-0.835760195490683
-0.112822115594376,2.08267069057518,-0.223423621666552,1,0,"3","3",-3.14272336221464
-0.366681633132095,1.15757907159538,2.192516335553,0,0,"1","1",-1.03658389696765
1.168441562715,0.137568567919853,-0.214385521050263,1,1,"3","3",-1.65241268095936
0.351993201117274,-0.72702851987471,-2.20527196595669,1,0,"1","2",-4.16764814347191
0.98309893418464,2.18731961706467,0.0411302804433186,1,0,"3","1",0.165819948018056
0.517211276164164,1.40184361941494,1.23148503575794,1,0,"3","1",0.00195772804625394
-1.05236266861578,0.884373424750203,0.354445871298238,1,0,"1","1",-1.66417890503696
0.623839509199403,-1.54173568482363,0.309174912566556,1,1,"3","3",-1.86304022913362
-1.78209987684383,-1.4867704516209,-0.37129796101265,0,1,"3","1",-2.10939865735377
1.61958828898358,1.86500360175368,1.32844029635679,1,1,"1","3",-1.36976289438578
-0.777382038335789,-0.498075004272642,1.87317324457561,1,0,"3","1",-1.33804595925916
-0.339609724453345,-1.35185421672683,-1.27677070124129,1,1,"1","3",-4.2554471444704
-0.216688984218167,-0.367454227647914,-0.648601060427745,0,1,"2","1",-1.79184669198195
-1.72903417096039,-1.27839822499907,-1.77159113246477,0,0,"2","2",-4.50820282046965
-0.665432999878384,-0.121961988830258,3.15036628404442,1,0,"3","2",-2.0988121907238
0.322831488883422,-0.861384527904425,-2.02809589630709,0,0,"2","1",-2.70327476822925
-0.878811751228013,-0.726491054123423,-0.483599339166098,0,0,"2","1",-0.970726948451745
-1.2936188018376,0.539536127167601,0.45181255018312,1,0,"1","3",-4.68450660746672
-1.29224959068039,0.128612444054489,-1.73838622711182,1,0,"1","3",-4.65564413274397
-0.691469757149983,-0.96791722332735,0.50782761749799,1,0,"3","1",-1.06317867248412
0.43525664069563,0.922783447703577,0.732699613194568,1,0,"1","1",-0.577301151944722
0.31213718251203,-0.576242375511857,-0.884194651026,1,0,"2","2",-3.61673263373889
0.854899757064364,-0.628926769288585,-1.54052100824493,0,0,"1","3",-4.2379434533849
-0.676121599342478,-0.863882460511382,-2.48187263440955,1,1,"2","3",-4.6478755729351
1.60257377020276,2.206790836273,-0.414113218129687,1,0,"3","3",-1.96416008655845
-0.141861855105158,4.4326573772193,2.48669988356481,0,1,"3","3",-1.64641447070874
-1.41538657672634,0.154110808149995,0.097731230000876,0,0,"3","1",-1.50336818840574
1.18040444164449,2.49571214810572,4.0276287292093,1,0,"3","1",0.768136993196862
1.50682001641776,2.34593622284866,1.18150306917541,0,0,"3","1",0.506774367757565
-0.567166807379325,1.19390297700456,-0.234891000568039,1,0,"1","2",-3.18569777049104
0.994271354156024,-0.859355273240007,-1.82840096696279,1,1,"1","1",-1.29767151944918
-1.43649520404695,-0.211174884874346,1.32133806543328,0,0,"2","3",-4.21191436298045
0.171149494062234,-1.54052717366969,-1.28531209092582,1,1,"3","3",-2.6836698594683
-1.21500872550565,-0.148672646073478,2.54915353743948,1,0,"3","1",-0.218731996213324
-0.664607489127583,-0.822784077814247,-0.519559681575194,0,1,"2","2",-3.56190426104622
-1.13758490950992,-1.08623336088855,-1.43881241288522,0,0,"2","1",-1.54122715435507
0.856057236520956,-0.276147870390344,-0.324036686104424,1,0,"2","1",-0.96055644393027
0.382568506294646,0.344693551624225,0.06926497204825,0,0,"2","1",-0.974097513435696
-0.653466478351805,1.00822956497918,1.03094516617504,1,0,"2","1",-1.42418806606859
1.04449341185612,1.48834920282134,-0.932827585874247,1,1,"2","1",-1.32222394392026
-0.073301474851524,1.60742359484614,1.3954421123705,1,1,"2","3",-2.79757690476311
-0.724415760687275,1.2619937394359,-1.06850781607027,1,0,"1","2",-3.27685747441093
1.43883225733203,-2.53287342992718,-2.29024750533852,1,0,"2","1",-1.16566061725562
0.077141714082511,1.40100619703422,2.34206704086297,1,0,"1","2",-3.00841664959207
-0.574469068211763,0.673583285798896,2.28129879723088,1,1,"3","2",-1.48949991882924
-1.29868079390971,0.265909177838668,0.681216406708958,1,1,"3","1",-0.801934461180535
0.187112410598162,1.84847279717263,-1.50622355860257,1,1,"1","3",-3.4306891443824
-0.72904709637097,-2.95117065144843,-1.4248653082708,0,1,"3","1",-2.06529229959747
-1.19226690504518,-0.548762282639883,0.416580599196762,0,0,"1","1",-3.19889546584519
1.47184606310699,0.113263665090184,-1.1039043770763,1,1,"3","2",-3.02841885354865
-0.243480486927444,0.926987626855756,0.667440940958916,1,0,"2","1",-0.3044920957455
-1.07863973362453,-0.948826947254099,-0.171640178151139,0,0,"1","1",-2.55327917396669
1.79665637840368,-1.30882055313926,-3.28385511924631,1,0,"2","2",-2.43769855250157
-0.152560703944186,-3.45882812602213,0.133958565825733,1,0,"3","1",-2.59920783764923
-0.637708812137832,1.06365036722243,0.165810201387094,1,1,"2","1",-0.902134543097193
-0.380900459581465,0.784888782013858,-1.31793021304262,1,0,"1","1",-0.986232265866002
0.453747167571987,-1.03664450380685,0.121812094096115,1,0,"1","2",-3.51339828057058
0.318035850532194,-1.64487861434932,-2.18134020207871,1,0,"1","1",-0.590739574801444
1.18842280007492,0.297853219915907,-0.221915465471515,1,0,"1","3",-3.24269671310959
0.903073908363083,-0.969993812275646,-2.38971390989978,0,1,"2","2",-3.47053480982458
-1.18474381599315,-0.321657279992812,-1.92993223471641,0,0,"1","2",-5.85901688317318
0.794061346535297,-0.131007128751053,-0.528452857794185,1,0,"1","3",-4.05734659158056
0.189904851282915,1.61620769062992,-1.48101781082233,1,1,"3","2",-2.70805095898077
0.467391333031658,-1.03236548787192,-2.09822385396231,1,0,"2","3",-3.67839067807938
0.0426193751390274,-0.660951600119399,-2.17715088556245,1,1,"2","1",-1.32656965231706
0.433115840558922,0.141131552621852,0.261818251508476,0,0,"1","2",-3.18429865369182
-0.103187058218115,1.59208371912734,-0.0284922421997746,1,1,"3","3",-1.93972401641674
0.178039738544938,0.27363857526594,0.702125076389767,1,1,"2","1",-0.368873814980799
-0.328786027350896,1.8294003732892,0.862914608007911,0,0,"3","1",-1.45228755419581
0.53069122286674,-1.15041322731232,-0.535288900610732,0,1,"2","1",-1.38671475484588
0.434753092343413,-2.6549313190708,-3.88987198580188,0,0,"2","2",-4.36212603988096
-0.748891100982149,-0.27051499982889,0.671299265555757,1,0,"2","1",-0.842784114741549
2.43462833475976,2.04947063652378,-0.414481399507448,1,1,"1","3",-1.9553968511946
-0.581933090653155,0.125304389594697,0.809488134654432,0,0,"2","1",-1.55291541062557
-0.195250707483795,1.76336262717659,1.02301577986575,1,1,"3","1",0.040294978789619
-1.61651436804257,1.65601485446511,0.977613200485674,0,1,"1","3",-4.22513143575469
-0.884399609721894,-0.547558157657941,0.085426545531482,1,0,"1","3",-3.75269576377365
1.29588553624122,-0.913367770604112,-2.01903693337167,0,0,"1","3",-3.83982094111784
0.0192113100114209,-1.22623649182436,0.446941101986247,1,0,"1","2",-3.0709066689667
-2.14228011329832,-0.181650857314448,-0.429191115440897,1,0,"1","3",-3.59868108600124
-1.18029347754455,-0.965387093314783,1.39795504523297,0,1,"3","1",-0.960987830190671
1.22427363072961,0.420763462557065,1.29852092870885,1,1,"1","3",-2.50646811669495
0.1229714404086,0.872858519728344,0.98238873890184,1,0,"3","3",-2.49022397758174
0.100988364474696,0.124796943233749,1.38487683075595,1,0,"1","3",-3.14130496389904
0.880775125283753,0.943426416583642,0.777367993264851,1,0,"1","1",-0.581677178196827
0.606990953502775,2.4392973687428,0.771640762120194,1,1,"2","3",-1.73483867831035
-0.829435142053613,-0.00871296517630557,-0.251116834106615,0,0,"3","1",-1.67203103460348
0.521161225036929,1.06873424883276,3.3456218187764,1,0,"2","1",-0.143516564826648
1.0612829680283,-0.156698108733794,2.12879982412441,0,1,"1","1",0.400841501980066
-0.452897718556794,-1.35843074874404,-1.88003857167601,0,0,"2","1",-2.24174033755102
0.669851493341035,-0.79755493307672,-1.69796452009161,1,1,"3","2",-2.45549552542182
-1.43602809364586,0.265250411094473,0.0236799967767316,1,1,"1","1",-2.08470454244645
0.0548199605969766,0.262047532563975,-2.3654215035374,0,1,"3","1",-0.576615409056132
0.517941015339763,0.10267752506104,-0.488997210194842,1,1,"1","2",-3.0170076248161
-0.356680146350022,-1.34160447372887,-1.11368777756461,1,0,"3","2",-4.51652703761757
0.537342472243175,-0.177775216932175,0.0967881131203903,0,0,"2","3",-3.64334255340234
-0.173687891567468,1.14169132572886,1.34606427733695,1,0,"2","1",0.044410019613474
-0.488376595142893,-1.27700715261116,1.45205366678757,1,0,"1","1",-1.66976519792701
0.281985834426446,1.74844734529681,0.899610752501973,0,1,"1","3",-4.23431788213985
-1.25198449010386,1.56196720377461,3.82195130500844,1,1,"3","1",0.871072888712621
0.830728438552034,0.179507427101774,1.4963883576154,1,0,"1","1",-1.10166191391161
0.867079489616271,-0.0847058179452355,-1.80311763117923,0,0,"2","1",-1.97598330318162
1.49019731370801,0.581999258922073,-0.685276916057014,1,1,"1","1",-0.236050717102986
-1.93405064544279,-0.787750815559242,2.8092472975284,1,0,"3","1",-1.20361598358073
2.85547476711164,1.51752599516297,1.52489516749422,0,0,"3","1",0.365966893808636
0.190278034916936,-0.12416124453062,0.168549591925572,1,1,"1","1",-0.904853194386479
0.102681187989371,0.811958370261564,0.179336558426942,0,0,"1","3",-4.71242638239317
-0.0607576167393529,0.16593140231297,1.49120191921839,1,0,"1","2",-2.69073243549158
-2.43939081735492,0.0964141545246125,0.0522109416587364,0,0,"1","1",-2.77499966807313
0.907585844990594,-1.70133701111542,-3.95776588322339,0,0,"1","1",-1.37548903905703
-1.00076211991059,-1.40246937777298,-2.17111453274063,1,0,"1","1",-2.6337211356331
0.763366215264777,0.687213224370388,-0.536522008373095,1,0,"3","1",-0.27881374081866
0.254295298518071,0.385112510636659,-1.89973085458369,1,0,"1","1",-1.43967950426607
-1.59926737049198,-0.749133102145962,1.09595534589094,1,0,"2","1",-2.12259933787239
-1.7628144496046,-1.27618295278944,3.01589928139981,0,0,"1","1",-1.91644523420873
-1.21392948247504,-0.793750277411939,0.263224571371111,0,1,"2","1",-1.47882715018014
2.4804572322334,1.80670751406651,2.10005701460307,1,1,"3","1",1.7594764469367
-1.89802740695116,2.72519960978907,1.46548151660665,1,0,"2","1",-1.0213667361939
0.736973185295267,-0.477090353816057,-1.79705717256554,1,1,"3","1",-0.680384672119702
1.87082266002515,2.46793888050271,0.135160436598746,1,1,"2","1",0.988903201114777
-0.154708364688929,-1.77976291992118,0.573611767436793,0,0,"2","1",-1.76075081000212
-0.734664377706384,1.10247720172222,0.816702248501699,1,0,"3","1",-0.461174913485551
-0.656529315613244,0.547504496273605,1.65071189489385,0,0,"1","3",-3.18608872395364
-0.18656712979809,-0.556697999605679,-0.0834446199695472,1,0,"1","1",-1.18514195874008
-0.0575333124187611,-1.70785199663195,-0.869726834916871,0,1,"2","1",-0.8063809887229
-1.26103210602913,1.43483522997716,2.57890952274521,1,0,"3","3",-2.74884815589472
0.721912993278501,1.51184942511433,-0.92901646304622,0,0,"2","1",-0.868549586493399
0.353542946329973,-1.61069197384577,-2.70300873269902,0,0,"2","2",-4.7565025532455
-0.161864552513743,-0.321310647653082,-1.17092565339925,1,0,"1","1",-2.49986999687995
-1.29041001774049,-0.111318469101203,0.255349204296653,1,0,"3","1",-1.14350072968662
-0.555992643828801,-1.52488660016032,-1.31002334157057,1,0,"2","1",-1.61842404281912
-1.13095541180713,-0.311936506160323,-0.91066116271355,1,0,"3","3",-3.47081504690315
0.410757493833741,0.649372105015551,0.307458719469553,1,0,"1","1",-0.381788002093494
0.238278548433192,-1.25828634893369,0.253034030497318,1,1,"2","2",-2.5557693612528
0.11499143150087,1.93032393435164,0.973723887256582,1,0,"1","1",-0.219197081090615
-0.281658729754038,2.26572692565874,2.52789503721628,1,0,"1","3",-2.64864791749556
0.393638253864876,0.9780929082777,1.54618310040783,1,0,"3","1",0.0382202814733004
-0.913196128716084,0.399713844171765,-0.525972132707808,1,1,"3","3",-2.7278845472098
0.745659004764236,-0.495633387609039,-0.644602305291753,1,1,"3","2",-2.68509191695239
1.22951493423665,0.14590972621618,1.02386530129225,1,1,"1","1",-0.216922240863905
1.49289946480404,0.0256753331085635,-3.46713406347945,1,0,"2","2",-4.25175451390399
0.557248659904051,1.57185904776388,0.0402270152519605,1,1,"2","2",-0.803820415491526
0.549062993546414,0.0878744195783373,-2.09963974868972,0,1,"1","3",-3.70595998330073
-0.47001063088557,-0.594000035692956,-0.158464032461358,1,1,"2","2",-3.49814893044042
2.282787484397,0.476888507615474,1.02995006146106,1,1,"2","2",-1.90011113601342
-0.516890499573814,-1.4230014823033,-0.175181597796771,1,0,"1","1",-1.53286467297268
0.564522997895347,-0.0182377629407429,-1.00709476933311,1,1,"2","1",-1.15844107598202
-1.09340170159301,2.24944801175126,0.638586672516302,1,0,"2","1",-1.31179458271937
-0.1192107367559,-1.86753956015069,0.959118011471033,0,0,"1","1",-2.59304793700685
-0.0452393972430254,2.54834463665553,0.382065941251835,0,1,"3","3",-2.25562642268849
-0.293352431704608,0.701048592519587,1.97304627077627,1,0,"1","1",-0.0412392068038754
-0.168546461804527,-1.91117897558995,-0.134706959678119,1,1,"3","1",-1.40336497011395
0.400072193648527,-1.54180462381548,0.0196243000485746,0,0,"2","3",-3.9024592720471
-0.319965767265015,-0.212651264561904,-0.359002099826501,0,0,"3","2",-2.97103144199886
-2.6118680782624,-0.0152634795969991,3.18348510710268,1,0,"2","1",-0.748090994648374
-0.748366744309986,3.22402886970064,0.588562570525684,1,1,"3","1",-1.08002527980687
0.267396073884272,-0.989655427400681,0.206009705479802,1,1,"1","1",-1.06259553329108
-1.49718037182076,0.26209759845163,0.296896582594448,1,0,"1","1",-1.94872908986178
-0.804890763100171,-0.855693881202195,-2.83198108916433,0,0,"3","3",-6.03508699459925
0.599879717476603,1.89028539925139,0.919152219197579,0,0,"1","1",-1.0936194949729
0.660236226616852,-2.45470588948772,-0.67463279889859,0,1,"3","1",-0.797686525643998
1.25137698368826,2.10688171320726,2.1306820613793,1,0,"3","1",0.699700487123155
-0.0433723547398249,2.91892134833194,1.95383825768332,1,0,"2","1",0.011404978637682
1.78172557780458,2.96136845149903,2.29837288808256,0,0,"1","2",-2.08462776944566
-0.953427820690865,-0.086569599739794,0.60133255118494,1,0,"1","1",-1.05974894709029
0.93286226879308,0.183653188934805,-2.03644269458396,0,0,"3","1",-1.99840962142941
-0.968185028558784,-0.393288758041577,1.59313362932936,1,1,"2","1",0.25867271055439
0.0307836060262769,-3.53696795054856,-3.33542702646335,0,1,"2","1",-1.85729910805272
0.360998808849678,-0.947619071157627,1.07777038913926,1,1,"1","1",0.203835058920833
0.125736084235902,0.941757014773923,-0.568217203143432,1,0,"2","3",-3.50023082825407
-0.307894013144523,1.24385986014328,0.910251525249558,1,1,"3","2",-1.53234130641093
-0.373976627919431,-0.702548457396408,0.180533412506195,0,0,"1","1",-0.701412816047732
-1.01320793217773,0.462244484330942,0.291871080548585,1,0,"1","2",-4.02730643293415
0.314124286134463,-2.60276365280049,0.932304152393011,1,1,"3","1",0.856854625037625
-0.0782386737428382,0.736324744155883,0.852332904629364,1,0,"2","1",-0.980623021767761
-0.0444452071347217,-0.65829817853034,0.587050517115771,1,0,"3","1",-1.38222077082052
-0.701171119313352,-0.69769105775029,-0.259034745955358,1,1,"3","2",-2.82850503185166
0.368548007897413,-1.9529466217787,0.906159509036816,0,0,"2","3",-4.38854648356672
-0.0245258924668759,-1.52274302585691,-4.36868444328253,0,1,"2","3",-5.12327357544541
-1.25015627399671,-0.516857299838096,2.08962060725043,1,0,"1","1",-1.45443425837569
-0.284872013521839,-1.41625848337955,-2.10854200144171,1,0,"3","2",-4.14661454658328
-0.441799656314853,-1.33316347653339,-3.23180236740512,0,1,"3","3",-4.93391474197548
-0.853264970668865,-1.85819131456482,-0.559862431401166,0,0,"2","1",-1.53320434404412
-0.446776108960217,-0.16553993174378,-0.411420687364298,1,1,"2","2",-2.38849586112813
0.076783283347625,1.0223763932547,0.346470065120741,1,0,"1","1",-0.902556002400726
-0.181827531896635,-2.57745210313304,-2.14194291922377,1,0,"2","3",-3.75097471311998
0.325349135750602,0.72405074994439,-1.62348486812838,0,1,"2","2",-2.55920007177092
0.165237198772441,-0.219692573750975,-3.21145830444826,1,0,"2","1",-1.78099879169038
0.190573596635698,-0.704823612375318,0.4310950830179,1,1,"3","1",0.519345248850514
1.50694188782587,1.97518356722952,-2.61789087773886,1,1,"2","2",-2.97889117812881
-0.238841851871059,0.172255243338717,0.966382108698054,1,0,"1","1",-2.23681606340305
0.677977649975903,2.05607923978126,1.7881420033716,0,0,"1","2",-2.09050320150609
0.668593877469002,-1.30817280565688,-1.22084387934888,0,0,"1","2",-4.3378402235939
-1.00861399882069,-1.4404211552645,-0.00653456429916294,1,0,"1","2",-4.20473519589487
-0.0817881201811236,2.16305647500221,0.440897309402837,1,0,"1","3",-3.52260943871055
0.787237939637707,-0.113090657674523,-2.41788557814475,1,1,"1","1",-0.575974077215929
-0.365871861208118,0.0565064861273201,-3.35826240489123,1,0,"2","3",-4.54769648755238
-0.766217883364518,1.35741665931127,0.26014643531134,0,1,"2","1",-1.81715101269874
0.0531521568610376,-0.22572149185014,-1.97075252383888,1,0,"1","1",-2.86157319749342
0.232793257105928,-0.253558302709971,2.06766169937368,1,0,"3","1",-0.14542115292788
0.0646909168981902,1.13871869930518,-0.950652183017567,1,1,"1","2",-2.61609873856708
-1.29108355027115,-0.441170999137246,1.92367222636768,0,1,"1","1",-0.914030063735395
0.666764880996622,-0.562836640727051,0.270592535952045,1,0,"1","1",-1.06187626428024
0.142789066312243,1.23635854167937,-0.119183161517608,1,1,"2","1",-1.16515649118277
1.79619507069511,-0.393883197172892,0.318842776138729,0,1,"1","1",-0.475402911372272
0.777437760212212,-0.550202589155989,-2.39706191843037,0,0,"3","1",-1.31706647782121
0.904487681965125,0.0199290806596954,-0.881505836683462,0,0,"3","1",-2.05911798120583
1.56096035346607,0.90845267335781,-0.355091011573859,1,0,"3","1",0.455940427758988
-0.230658423571679,-0.903056099724413,0.761062821644662,1,0,"1","1",-0.957106493229851
-0.486019322905734,-0.519221034319059,0.835556822747414,1,0,"1","1",-2.27080047570082
-0.55991922477707,-0.865210211831721,1.38898609837173,1,1,"2","2",-3.16365920329509
0.108889688888198,-1.43007928964228,-1.41843862569922,0,0,"3","1",-1.22278748347985
0.0376918345866759,1.08795867671017,-1.4969401603736,1,1,"3","2",-3.07966197235505
0.244893061132374,-0.25096534934973,-2.56854263638339,0,0,"1","3",-5.60369552014369
-1.02741946787516,-1.0007998059601,-0.467515880729458,1,1,"3","3",-3.36810883326127
0.810277101923796,0.401221283742557,-0.643145870289905,1,0,"1","3",-3.83699001316655
-1.68311519304008,2.45119134231952,2.14732544964575,1,0,"2","2",-3.92338990872587
-0.859316180228468,0.312367823988206,1.74052422265202,1,0,"1","1",-0.549912049881359
0.90058956878341,-1.91068084454297,-0.703039290124263,1,1,"3","2",-2.14241529174426
0.57097560994109,1.14276654957381,2.52190370288463,0,0,"1","2",-3.39095930664449
0.0477380072742776,1.36018163259583,1.37549261355579,1,0,"2","2",-1.39481734375579
0.750499279207994,3.98768571847674,1.59305426488785,1,0,"3","1",0.280009517932997
-0.54278727794843,0.843289027192142,0.338866857880341,0,1,"1","3",-4.71238697957753
-0.852227849968266,1.60182840945582,-0.257964628623238,1,0,"2","3",-4.00058352392034
-2.4758309406517,-2.0736082568466,1.71476429613881,1,0,"3","1",-1.9084280417323
0.619859739097199,0.999871955035567,1.70531425861638,1,0,"2","1",-0.581552451770294
-0.917696462261941,-0.849285798634043,-0.78921562137567,1,1,"1","1",-1.64084830098892
-1.62617355216667,1.08648359789283,2.8022833377388,1,0,"2","1",-1.00446083641375
-1.94335340650303,0.226001883449552,1.61155686402316,1,0,"1","1",-1.59133903141012
0.745197115642736,0.997069320895151,0.209188321007353,1,0,"2","2",-2.42104391915915
-1.29476060734792,1.04641428738061,-0.233474725214403,0,0,"3","1",-2.20119841408474
-0.97846390377977,0.852633778501383,3.68521374482829,1,1,"1","3",-2.81536947544238
-0.153904754273118,-1.01671321729719,-0.728052093145597,0,1,"2","2",-3.52217670694842
-0.876486597221239,-2.68429531388754,-0.525212379035996,1,1,"2","3",-3.43336266099868
0.34174154181141,-2.11042255649532,-2.33312922191226,0,0,"2","2",-5.02096751709841
1.19309143790538,-0.0440212473528744,-2.41641144900814,0,1,"3","1",-1.12009189101253
0.122886536705089,-1.26883349816408,-0.171303227579171,0,0,"3","1",-1.81532549484722
0.647424146737358,1.92696686673781,1.04859133578014,1,1,"3","3",-0.904025424159398
-0.0333972721423908,0.408775239497842,0.634844616259004,0,0,"3","1",-0.707749334271805
1.33041019915012,1.07616117023103,-0.963258836101599,1,1,"3","3",-3.4610306740959
1.44197668497912,1.8065758289926,0.527130859334808,1,0,"1","3",-2.17354770042552
1.07120195847212,1.88494708300189,-0.0205537660315168,1,0,"1","3",-3.22833736722425
-1.72162639628908,2.95537273120556,2.00822073175183,1,0,"1","2",-2.76724107253781
-0.204907983433317,-0.113225594803036,-0.48135033756736,1,0,"1","2",-3.19926239124766
-0.154397839930402,-1.55125908363396,0.36692819652507,0,0,"1","1",-1.97919084846553
0.692279342168914,-1.78148576505929,-1.04008222845095,1,1,"2","3",-3.43517919922862
0.198361077357801,0.17394463492355,1.0383891935349,1,0,"1","1",-0.715271056228445
-0.901045036136499,2.0516664926827,3.83530229190662,0,0,"1","1",-1.1795998330945
0.264065141946914,-1.18509713749437,-1.81605823823326,1,1,"2","2",-2.95852974958372
0.829100943067381,-0.38872457768503,1.21687973022889,1,0,"3","1",0.37983213917588
0.682885006050347,-1.55837885264128,-1.04781319386429,1,0,"2","3",-3.04737666322435
-1.32394742644547,0.679595761125965,-2.88031930787873,1,1,"1","3",-4.89308204558493
0.367424619028861,-1.24629556971712,2.03414065095441,1,0,"2","1",-0.00760949166239611
1.25931681279619,2.33861266775368,0.260231803748295,1,0,"1","3",-2.7769500628123
-1.32597091877514,0.512811945729346,0.626191457342592,1,0,"2","1",-1.73704269297102
-0.938711620778289,1.82819618494825,1.13663681144734,1,0,"1","1",-0.994392659398838
-0.555278228532709,-2.21490589516796,-0.336170416117245,0,0,"1","2",-4.57402845593566
-0.398825130752295,-1.9459122171554,-2.50095283151004,0,1,"1","1",-2.08257867094939
0.0760125505700134,0.654870493051427,-0.414109221611016,1,1,"2","1",-1.00226436915265
0.345855539868565,0.703937893481953,-1.31758018787525,0,0,"1","2",-4.15357260632696
1.0515423311478,0.260601090281738,1.97168049601005,0,0,"2","3",-3.60349551742479
-1.08310459689391,0.123210037919222,0.367729798372187,1,0,"1","1",-2.77900803342939
-0.839182508044519,0.340672534377034,-2.95340152617432,0,1,"3","1",-1.57764445698488
-0.297276676883657,-0.205827991817241,1.60201357278051,1,0,"1","1",-1.50960102235712
1.2381233513795,-1.33361953090057,-1.46762819746207,0,1,"1","1",-0.67945603124963
1.20594481237482,1.1412820795367,-0.052088468603789,1,0,"1","1",-2.04263765969815
-0.898617697117982,0.954309632511146,1.59202720042773,1,0,"1","3",-3.5760595942024
1.7431396852312,-1.90174901234106,-2.75964496168864,0,0,"3","3",-4.54725999834548
1.27809206475316,-0.102317411622231,0.807381657825314,0,0,"3","2",-2.42593643300681
0.280105550587226,0.718543283569959,-1.7025729587013,1,1,"1","1",-0.895740232417927
-0.999118604093251,-0.24253807678269,-3.3459555309076,1,1,"3","1",-2.18406996556918
0.0267111445883918,-0.962465139432076,-0.699945923623439,1,0,"1","3",-3.61101934578086
-0.458834205102654,1.87915186827754,3.33815647837909,1,0,"1","2",-2.72291875366089
0.0249244303546946,-2.34278506415276,-3.12168723327912,1,1,"3","1",-0.327989254120929
0.676392816385221,-1.2718535962019,-0.367080522277813,1,0,"3","2",-2.63010657936833
0.529999482490991,1.85573705429447,-0.165694538188406,1,1,"2","1",-0.157199580542682
-1.10701473067142,1.40124821377093,2.2939709002144,1,0,"2","1",-1.66192662118518
-1.75847393689163,-0.125054885044942,0.703907912630173,1,0,"1","1",-1.90921804301421
1.17236556883863,1.40279239257208,-0.768591196572015,1,0,"3","1",-0.408414282253756
-0.652716966809468,-1.87021295296565,-0.580210261477968,1,0,"1","1",-2.52044699301096
-1.30349381560115,1.03173826188812,0.124000511496188,1,0,"2","1",-1.79120496101597
-0.0750680350587419,0.924260706414022,0.902099707150501,0,0,"1","3",-4.29222553132774
-1.4202197558835,-0.309687395500774,0.658278917165339,0,0,"2","1",-1.35586727407594
-1.3568497122305,1.42957682212613,3.91902417675456,1,0,"3","1",0.885445047864216
-1.12814391789985,-0.8395707786078,2.57884175607946,1,0,"2","1",-1.32707268271693
0.276486323522645,1.56638548692391,2.14003829553485,1,0,"3","2",-2.37957595556799
-0.98485109064273,-1.97651947730369,-0.998602001504248,0,1,"1","1",-2.76928825101661
0.213131993609485,-0.30782435046369,-0.104768194650475,0,0,"2","3",-4.04455879001335
1.06559860096741,0.370805692086105,1.16434355912764,1,1,"3","1",-0.207697811501317
-0.749763543500218,0.0390974393219846,2.15570885930672,1,1,"1","1",-0.571475032676543
0.507619363497717,-0.163046028013093,-0.445879161632676,0,0,"3","1",-1.3555424890687
-0.141459544611913,-0.795207586689376,-1.3148570666104,0,1,"2","2",-3.74479160853916
0.52779288000068,0.797720633982002,-0.468789815559589,1,0,"1","1",-2.40576338797262
-0.0832966960771309,0.597938332425117,0.0632662968138276,1,1,"3","1",-0.015597457872543
0.417639860829982,0.706309575114895,0.89745686742446,0,0,"1","2",-4.49988211534852
1.39558765791286,0.263403671607618,0.211230217658335,1,1,"3","3",-1.9914063807258
1.34016267073283,0.79719052661886,-0.466902021326474,1,0,"3","3",-2.96357191080836
-0.467686379872127,1.21436368031337,1.65544685330748,0,0,"1","1",-0.150889325221194
2.63550112616981,0.0995904376180113,-3.4871126803382,0,1,"2","2",-2.92962556202682
-0.901621231793111,-1.45639573956477,0.934267102443472,0,0,"3","2",-3.40245933588845
-0.866927696772276,-0.351063605426032,0.0565517702817978,0,1,"1","1",-2.52996860251444
0.287540471889963,0.302183244268301,-0.795199571455846,0,0,"3","1",-0.858138319700683
-1.32787216290825,-0.0597219985012133,1.28395257576272,1,0,"2","2",-3.43087259570717
-0.864614472484448,-1.68702351863693,-0.101967152391348,0,1,"3","2",-2.58327832624271
0.379515491815989,-1.88979438078667,-1.23336235089629,1,1,"3","2",-2.69496854556058
-0.974719561034104,0.553200152385573,-0.398459061341995,0,0,"1","3",-4.61807475213317
1.30923727142754,-0.00718531595784458,-1.35451817356863,0,0,"3","3",-2.48718617237647
-0.560023671243537,1.95653124458886,-0.106791913179518,1,1,"2","2",-3.21501354826488
0.819676043206509,1.52189517812601,0.245753058963739,1,1,"2","3",-1.80374855687307
0.145510160447498,-0.353531001400199,2.02597634380407,0,1,"2","1",0.463785515031808
-0.936638829427641,2.1792772249825,1.42791543922382,1,0,"3","1",-0.310785797032336
0.382458308893259,0.00268305703482877,-0.617610774039878,0,0,"1","1",-2.37395507620941
1.82294089005053,1.13976725970968,2.25777717736132,1,0,"1","3",-2.25143419136384
-0.346686936161541,-1.09906082611024,0.110483514364866,1,0,"1","2",-3.46804760927068
-0.042910753902619,-0.325733679775647,-0.100492601310843,1,0,"2","3",-3.86127966553775
2.10324763710035,2.05783622688393,-0.474463117732408,0,1,"3","3",-2.88812078972024
-0.438448134188111,-0.428307620500187,-1.33385438615491,0,0,"3","2",-3.54554656203432
-1.40951258691995,-0.274873422317584,0.342511645220713,0,1,"2","1",-2.96685921070809
0.551067397133263,2.02466498194134,-0.915958002650477,1,0,"3","1",0.342108842720826
-0.135090140645327,-2.26010162560731,1.85364617594973,0,0,"1","1",-0.616797836479657
-0.476837034789017,-0.258066036576661,-1.19320877375937,1,0,"1","1",-1.39084004705063
1.24021452202151,-2.4990651268771,-0.71756779172255,1,1,"1","2",-3.41676946041254
2.23857564669981,-0.222519258041455,-2.0727061670908,0,1,"3","3",-3.02938449428295
-0.725390519201271,2.17643732063725,-0.0362638651417677,1,0,"2","1",-0.931212070066614
-1.11580392310415,3.65508352849503,4.31398475690879,1,0,"1","1",-0.790786285480961
0.82225182408969,-1.54196835725748,-1.65839767482058,1,1,"3","3",-2.95447912864235
0.198035542408233,1.66353438289441,-0.0360975782789301,0,0,"2","1",-0.633186716843434
0.98433776372903,0.109401867792558,-2.59541003134736,1,0,"2","2",-3.22344490296019
1.03480523357222,-2.38475444672406,0.526602331719698,0,0,"3","1",-1.77202512499152
-0.309107482588125,-0.296832589212512,1.29217316972039,1,0,"1","1",-0.0970872646800712
0.326114595602702,0.937748649274198,1.68856686312668,0,0,"1","1",-1.16120058045108
1.07566575025998,-0.0643108594874507,0.691570700500696,1,1,"3","2",-1.0858720369787
-0.554364644861499,1.05267258864121,0.056168537971693,1,0,"3","2",-3.1908934310014
1.13327925677964,-0.773911954625919,1.62003588679445,0,0,"1","2",-2.85720749444077
0.356132878434632,3.05997998958322,-0.689101590570135,0,0,"2","3",-4.00775422829882
-0.0236032047872727,0.102156803649083,-0.388475744232202,1,0,"2","1",-2.12489833143399
-0.628202975765031,-1.56159112310115,-1.42122259042961,1,0,"2","1",-1.21073615751487
-1.16053162385856,-0.0424835302950587,0.977929214497551,1,0,"3","3",-4.64942523627984
-0.0241694917013809,-1.72603356663379,-3.99977355197449,1,0,"2","1",-2.09270971329951
0.507145991742337,0.128681712025536,1.91627837073454,1,1,"2","1",0.51298033685353
1.78921186033775,0.200660624401896,0.111012894837229,1,0,"1","2",-2.369343027098
-0.480461389046434,-1.15716648218199,-0.0561740975649057,1,0,"2","1",-0.500427109234663
-0.0935260378340496,-0.803352223768932,0.654181841800912,1,1,"2","1",-0.467934489062462
0.422311680645215,1.26659822808992,-0.129130406990205,1,1,"1","3",-2.97463671037289
-0.506950560914813,2.87996890483646,0.599683494385478,1,0,"1","1",-1.54808120038195
-0.923208189031667,1.3325539973758,-1.16506733210668,1,1,"2","3",-4.16389966018978
0.0611629990649551,-4.29422510377856,-3.62949107725165,1,0,"1","1",-3.33625204975629
-0.434937074272119,0.963478292997618,-2.00412999644725,0,1,"2","1",-1.87122339621871
0.804344263490979,-1.15284823507457,1.40917371014235,1,0,"1","2",-0.962417166096206
0.778675715549588,1.77687243897913,2.45005890781134,1,0,"2","1",0.876141572845097
0.0171843539159243,1.81611628247119,-0.225969378883951,1,1,"2","2",-1.35468253211058
-0.207018745181836,0.0515125406228429,-0.962216581325732,0,1,"3","3",-3.78602943552166
-0.140368381880003,-2.26296975096161,-4.69561880602181,0,0,"1","1",-3.67822999230152
0.539560271993404,-0.948725657378262,-0.150292258186873,1,1,"1","1",-0.599498169971348
-0.354223604323523,-2.63849032516425,-2.55905579804471,1,0,"3","3",-3.21443881933518
-0.404527418948913,2.58948713481864,-0.181486547746564,1,1,"1","1",-0.551947287949893
-0.202772062233159,-1.12747690941342,-1.23948382280927,0,0,"1","3",-5.27442194629782
0.559077125525635,0.429311266743843,0.47665033632602,0,1,"2","1",-1.56929544808231
-1.03359917277063,1.41654502143292,-0.34529730183279,0,1,"2","3",-4.39153386517522
0.990414088335111,-0.65221708303741,0.639734386630185,1,0,"3","3",-2.8927522012341
-0.954962145836635,1.04845000569991,-0.64226739596491,1,0,"3","3",-4.06437451644777
0.706546960321013,1.0387522105451,-0.72868097416394,0,0,"1","1",-2.07396728511642
1.14567758572019,-2.77704968236115,-0.523009065052055,0,0,"1","2",-3.46057902118097
-0.263764607365105,-1.84944214161592,-3.35875603564823,0,0,"3","3",-5.82399154872681
0.839316698372893,2.00031993335896,0.285153751615407,1,1,"2","1",-0.402918602025821
0.367290960527641,-0.296897547699672,-0.85752975253837,1,1,"3","1",0.464492385567005
-2.08808501702629,-1.0776310271626,1.93856169353735,1,0,"3","1",-0.663859325482758
0.948131975174848,1.67743552692579,-0.571076999530338,1,1,"3","1",-0.0773299326660366
-0.677609703502997,1.45548871809399,1.49870783387169,1,0,"1","1",-0.771037585927069
1.37335926570734,-0.648839302369387,-0.0865355671783,1,0,"2","1",-0.0414013507429188
-0.168151609838391,-0.767032464595732,-0.558405936284685,1,0,"1","1",-2.77181048919889
-0.715863820625158,0.210552567799613,-0.2625789168317,0,0,"1","1",-2.20057063258095
0.823836109721683,1.81404205939653,-0.260196732099464,0,0,"3","3",-3.18348405871274
0.242789039026067,-0.393571329102265,1.88704656360213,1,0,"1","1",-0.541944545633008
1.24313582028724,-1.1517258152673,0.577527627342887,1,0,"2","3",-3.2154146421665
-0.000690024439972498,-0.415386684295083,0.330626776257505,1,0,"2","1",0.249527993174054
0.0633752638819935,0.0038817293737308,-2.94211488699733,1,1,"2","3",-4.03476812624832
-0.0976869150119806,1.28694928707089,-0.334562854805299,0,0,"3","3",-2.80301586533931
-0.662403213650591,-1.19074434319771,0.805913272363555,1,0,"1","2",-3.7456453733928
0.329112469377527,0.623482065542193,-2.33675765012588,1,0,"3","2",-4.22315437773438
0.715716326526347,1.27459639881591,-0.910470901824667,1,1,"1","1",-0.950289620027728
-1.05917358249612,-3.64711310481775,-1.44497294243616,0,0,"3","1",-2.92220304789596
-1.1094108214117,-0.417272040830719,-0.792673493829223,0,0,"2","1",-2.86896387455606
-0.343950451875227,3.1012651431886,-0.0524777340241429,0,0,"1","3",-4.51227779336384
-0.824142923261102,0.79284471904531,2.13568341820355,1,0,"3","2",-2.86827550916773
0.753356254156392,-0.438348480544147,0.637749755136329,0,0,"1","1",-1.61030883680588
-1.45999149065547,-2.43412609592593,-1.40832822736066,1,1,"3","1",-3.29091719143034
1.76138728178294,-0.155875173580119,2.76324862692573,0,0,"1","1",0.0581269478002948
0.99858546976109,0.378697982146552,-2.55585362308551,0,1,"2","1",-0.645322538836909
-0.782253157811528,-1.5125483487895,-0.934684441219711,0,0,"1","1",-3.73054135827074
-2.16929063440341,0.86223547399226,1.38619131936583,0,1,"1","1",-2.12692877483257
0.573883153830912,-2.96256480254818,-1.9619595168958,0,1,"2","3",-3.38356453334889
1.09487960467056,-0.821574633580676,0.15062175404898,0,1,"1","3",-2.52858569029166
1.06864906786916,2.4447377227911,-0.903981339571997,1,0,"3","1",-1.4406855037102
0.759844962564768,1.83358665627085,1.30182708392967,1,0,"2","2",-2.77168802689864
-0.934585168225471,0.260486110325959,0.931555385177751,0,0,"3","3",-3.68152756193322
0.48172665345482,-0.572993637550304,1.95826442880296,0,0,"3","1",-0.650378494351557
-0.0257815602789637,-0.764479766106308,2.26032345812025,1,0,"2","1",0.531304981258906
-0.7672125095198,0.118629994602478,-0.997684450762208,0,1,"2","2",-3.36706814848603
1.01955523044451,0.0387034072568079,-1.94837207405846,1,1,"3","1",0.0956340505538962
0.538590406576534,0.201092451371186,0.69014818321122,1,0,"1","1",-0.241860274794325
-1.25249126080727,-1.43640734507961,0.460648318971276,1,0,"3","1",-1.77360800522109
-0.477910693124975,3.45632336166497,2.6683532309674,1,1,"1","3",-2.98569662147915
-0.296614591853244,1.61475925823969,2.02920227253462,1,1,"1","1",0.482868098604056
1.05662907696988,0.318835474020917,-0.349416164640869,0,0,"2","2",-2.95607063951566
-0.149165350820906,1.05977143136361,2.06153216831371,1,1,"1","1",0.122948728873617
-0.455109552618535,0.484350903629441,0.60530312214465,1,0,"2","1",-1.49401683172516
-0.823021500479863,2.11846113857997,0.803392274016009,1,0,"3","1",-0.700926175457024
0.0960879673741949,-1.30922211682118,0.753324666833112,1,1,"1","3",-2.8987618182082
0.0313499205883563,-0.402508689434394,-0.171239313144936,0,0,"1","1",-3.14434479785993
1.83233048554384,0.339204000691853,-0.549656117158965,1,0,"1","3",-3.93457828441313
0.338788092045913,-0.637088839365294,0.869208660157842,0,0,"1","1",-0.113055945174664
-1.06904585089126,1.54781457874627,1.67601412231251,0,0,"3","1",-0.490073348688112
1.07684649572638,0.804814306904774,0.447725670218704,1,1,"1","1",-0.316715233100281
-0.195652345566864,-2.59302090738533,-0.326572233478379,0,0,"1","1",-2.23081519350775
-0.796378015227531,0.858811922912971,2.43235550202413,0,0,"2","1",-1.16321520945854
0.0260225707423599,-0.149932963191976,2.856446959254,1,1,"3","1",0.695806350543321
0.919475004760769,0.86446753701403,-1.19927637235837,1,0,"1","1",-0.747285754818541
-1.99944665930288,-1.06170226329691,-0.68110278224364,0,0,"3","1",-2.97796973663832
0.448389293985142,2.56227057715558,2.25485071573685,1,0,"2","3",-2.24790464804624
-1.29839219859599,0.0695991238904039,-3.96284736166032,1,0,"1","1",-2.83679011133997
0.237843112609563,-0.824170388122299,1.20993494928856,1,0,"3","1",-1.21070466764866
-0.304122609345774,3.28589155196542,2.04080743662429,1,0,"1","1",-0.553659171603875
-1.15203290898943,0.0664106884442574,-0.0579361862229524,1,0,"2","1",-1.03869643770411
0.955113816247615,-0.700827406513583,-3.24660470607744,1,0,"1","2",-4.03846533366584
1.41385593394059,1.04240108415631,0.163865514460963,0,0,"3","1",-0.425667087380957
-2.02654801938811,-2.3349206202327,-3.03634034107523,1,1,"3","1",-2.67961544706005
1.50444208889001,-2.24987908727385,-0.761945502630984,1,0,"1","1",-1.12940691953904
0.820985818842375,1.59890207266533,-0.627612352846145,1,0,"3","1",-0.249281073225943
-0.0330085247351211,-0.183356110927609,-2.87331365863067,1,1,"3","1",-1.0438886288532
-0.304160104671754,-1.45534808613711,-0.3626800714013,0,1,"2","1",-0.795133246249359
0.554304311894869,0.522508293206712,0.294288517502099,1,1,"3","1",0.553194596818956
0.459579513997795,0.855077322622688,2.01000365372143,1,0,"1","1",-0.308339441537296
2.27629529828536,-1.79145142891528,-3.02481029642847,1,1,"1","3",-3.32235233536589
0.267809392574924,1.56188892040722,-1.18038094570585,0,1,"2","3",-4.17439272481545
-1.06334780728593,-1.50753149796205,-1.19673244792437,0,1,"2","1",-2.33558409119937
1.6398967469795,0.698871608635228,-0.960464157666789,0,1,"3","2",-1.4758190867015
0.706466998589528,0.257701253443853,0.0934045933130712,1,0,"3","1",0.32030458848327
-0.413510185198612,0.770398487878756,1.37272760861942,1,0,"3","1",0.403574836293991
0.484492865624488,-0.365757650982816,-1.02256759057163,1,0,"2","1",-0.547583563303892
1.05111996938064,1.22547628477116,-1.58333376670441,1,0,"1","1",-1.12791248928648
-0.157566742042169,0.271231394248933,-0.479981906971147,1,1,"2","3",-3.25982356223119
1.37216194721559,-1.6545909273901,-0.435584542452676,1,1,"3","2",-2.00375636712401
0.570469559685188,1.77363428152781,0.0400187568221274,1,0,"2","2",-2.52912721298589
0.193564911501402,0.860451482705822,1.3398224065718,0,0,"1","1",-1.72024700531039
-0.924550413522936,-1.70261106166628,-0.724508241980122,1,1,"1","3",-4.18972948395766
-2.08029590129091,-0.207049948604972,1.34209010162629,0,0,"1","1",-3.05672762121613
1.50823774742138,0.877831095263016,-4.08073290258731,0,0,"2","3",-4.53195338600647
-0.604226992812511,-0.903040960808856,-1.48519705360292,1,0,"3","1",-2.14234617282572
0.0612289489521382,2.17033798836038,0.571828202709817,1,0,"1","1",-1.11336969730691
0.25194936291032,-0.0409761172107932,0.231474781922185,1,0,"3","1",-0.319457927295884
-0.178267733366228,-0.733230921080329,-0.597080623337373,0,1,"1","3",-3.47790317823075
0.918509254634111,-0.181035200024215,-0.044610680155141,1,0,"2","2",-1.75914274576266
-1.2385768239816,2.24247534007275,1.1924604367923,1,0,"2","2",-3.26119609075911
0.660284622507633,0.440530621318406,0.506543813531621,1,0,"1","3",-2.90327289102766
-1.81903206800648,0.373021215667127,-1.49291829888327,1,0,"1","1",-3.51075387353176
-1.15974258560893,0.697089842304068,0.574199720405396,1,0,"3","1",-2.17808157410989
2.59774826344875,-1.46562085451182,-4.54125610427198,0,0,"1","2",-3.16901843166728
0.784279411427489,1.03059989694845,0.653326651116225,1,0,"2","1",0.174564407010823
0.981923028497866,0.202527418563447,2.01979279393346,1,0,"3","1",-1.22902092803218
-1.34591274781764,1.25969637693403,0.623932062219322,1,1,"3","1",-0.217002555204233
-1.96840246514476,0.937288255293953,0.579229884561456,0,0,"2","1",-2.88460921608011
-0.145613524756348,-0.419309134213008,-0.362473466018772,1,0,"1","2",-4.50237291421317
-1.48995040716701,0.348918351983702,1.63228325517759,1,1,"3","1",-0.487152320711484
-1.87577459477598,-1.45235881655324,0.318717773418566,1,0,"1","1",-1.8309479202238
-1.24964311747734,-0.276855249555524,0.60438568013566,0,1,"2","1",-2.38325541411967
-1.72448216455824,-2.27913157300762,-1.87073546138667,0,1,"3","1",-0.629894158690431
2.61090516064485,-0.432395596673176,0.0870471215556778,1,0,"2","3",-1.10602425046358
-1.66313598067945,0.984367251450289,-0.211947005748262,1,0,"3","3",-3.79454693651745
0.730570708526703,-1.96904597634304,-1.88499474277225,0,0,"2","1",-1.27814041191378
-1.38577584720853,-0.896725004252717,-1.90422554507798,0,1,"2","2",-3.2366114632585
-0.370719474531707,-0.675269563093516,0.0255180988324841,0,1,"1","1",-2.05006643570655
1.13610799139235,0.645828361031086,-1.53421264288549,1,0,"1","1",0.276329344063644
0.848678314505989,-0.32400180219282,-0.965759370720707,1,1,"2","1",-0.286547970300566
1.15174139524965,1.47457482384281,1.84553795413192,0,0,"3","1",0.362499635453998
1.94788825629546,-0.347172478325208,-0.980662435024753,0,0,"1","2",-2.35885107715109
-0.760070027033188,-4.45048232365799,-1.02036605126824,0,0,"1","2",-4.45032023852068
0.101488225991472,0.918706358728058,0.103292975006505,1,0,"1","2",-3.93678648378646
-0.0609354170338949,-1.49478003024209,1.41613968631237,1,0,"1","2",-2.67110168991121
-1.43334881545623,-1.3456547815175,0.31174001431916,0,0,"2","1",-2.35649413754695
-2.0900499642866,-1.97529863544356,-0.0877656162204143,1,1,"2","3",-4.80136356619477
-1.09207871636893,2.1812452022554,0.91737269162623,1,0,"3","3",-3.52430530685894
0.0900884523335715,-1.67359936195332,-2.06934115534343,0,1,"3","3",-4.43582159049108
-1.46135525362091,0.175886476283954,0.26188097881528,1,0,"2","1",-1.55016425785238
1.06567050503245,-0.827624844675315,0.139093879727068,0,1,"2","1",-0.347166291805264
-0.638890752004159,-2.02266757891563,-0.817345303525884,0,0,"2","3",-5.32497599664242
-1.29854426542849,2.44479966872608,0.0129140152433742,1,1,"3","1",-0.740167200158039
-0.162802621925229,0.212683887053613,0.698624362594323,0,0,"2","2",-3.50256809409407
0.0471331217501666,0.057132027484534,-1.00363227034005,1,0,"2","1",-1.55087428224348
1.12816537207765,2.04185156162872,-0.706613529396022,1,0,"2","1",0.784820649254182
-1.00130873730033,-1.99987435483047,0.473416803560172,1,0,"3","1",-1.73626862086588
1.0650199512802,2.47896244948767,2.15733234484679,0,0,"1","2",-1.69721926324409
0.432339719035387,1.29522744126222,-1.02110746436671,1,0,"2","1",-0.899101931608701
1.34365893906985,1.86848657014783,3.89426122318736,0,0,"1","1",0.634679621850232
-0.437044297955961,0.935776562968216,1.98448580694812,1,0,"2","1",-0.218381711345402
-2.06914043154145,-0.645802448720424,-1.15276336407899,1,1,"1","3",-5.02430507130585
0.85093084867992,-1.2239416745126,-2.28688787343799,1,0,"1","2",-4.78109087546057
0.34843843199615,-0.35298534842458,-0.25463405007319,1,0,"3","3",-4.27845379380847
0.695946108164144,0.39459985060877,1.60575071889312,0,0,"1","1",-0.663343871340726
1.23345225080113,-0.443495381710954,-0.393771656542369,0,0,"2","1",-1.04580358320035
-1.0751650965758,-1.69418979060217,-2.30775483469244,0,0,"3","1",-3.71266893777418
-0.225165281723439,-0.682300869250818,-0.788442894978298,1,1,"2","3",-3.71762179947069
-0.731035336484269,-1.45221299343085,-0.439506251427127,1,0,"3","3",-3.22423606161524
-0.504201187086333,0.120220417455253,-1.48959362237677,0,0,"3","2",-4.26797533857746
0.321574404534878,1.67790306627293,1.0981010905775,1,0,"3","3",-1.77277583876506
-1.0859290387293,1.11886602103199,2.02039849939535,1,0,"2","1",-1.12770531822179
-0.0617008440722226,0.981549566405024,1.39543528703265,1,0,"2","1",0.736946695669166
1.138862674947,0.308395761987184,0.876990014664726,1,0,"1","2",-2.7255990580388
-0.367200703656607,-0.266896019162566,-1.35108936898094,1,0,"2","1",-2.69332693570735
-0.632038534076703,-0.80763068146011,-0.654291015639719,0,0,"3","3",-4.2552712606902
-1.29553475424456,-0.438949954155083,-2.20085399901249,0,1,"1","1",-3.04156282419547
-0.336711226212227,1.43703790445393,2.05750767532382,1,0,"2","2",-3.16720786651976
-0.116186174282876,0.661949702773259,-0.669732632767449,1,0,"3","3",-2.51807619377083
0.889050779390619,-0.744723609446675,-0.16944574589907,1,0,"1","3",-3.04538971901307
0.196694975008521,1.40838684594798,-1.33560563491534,1,0,"3","1",-0.872289454783111
0.511573675615895,1.75067996715635,0.171969925262548,1,1,"3","1",1.01940979718532
0.980270237928779,0.161499383033166,-1.15975868732416,1,1,"1","2",-3.5379506853585
-0.68075690473709,2.00841219512782,1.1644508080463,1,1,"3","2",-1.43529711205789
-0.694860356290814,0.504943151946898,1.17073087499698,1,0,"1","1",-0.621494611065194
-2.13060480657507,-1.41643383100949,-0.761251954384426,0,1,"3","3",-4.18276458135708
-0.73062226017217,-1.31882654413374,1.49388433364608,1,0,"1","1",-1.41217620438559
0.619786101767489,0.69866709328834,1.03836031459921,0,0,"3","2",-2.88909897222344
0.719416562957433,2.06279334812192,-3.05735850070273,1,0,"2","2",-2.39590795099124
-0.0431289322507541,-1.33761777474727,-0.0270796056129688,1,1,"3","1",-0.258387998691356
0.419498051841381,0.634880989760047,-0.00911422769930087,0,0,"3","3",-2.64601204592387
-1.49458791996786,0.0162016592062361,-0.226323425999956,0,1,"2","1",-1.60455091842137
0.726335437195958,-0.178232158490632,-1.1327318696234,1,1,"3","2",-3.31133534645767
-1.10253445362304,1.35814907281283,2.26517345916567,1,0,"1","2",-2.61343815807324
0.6838734337135,0.800728017179018,0.177408114381414,1,0,"2","1",-0.438171053110574
-0.483321343691721,-0.431303107010346,2.89870764309363,1,0,"2","1",-0.605333263689472
-1.71264691899719,-0.494563358581723,-0.281099949260428,1,0,"3","1",-1.9225106942483
-0.958579450598263,-3.09713690226073,-2.31313667544698,0,0,"3","1",-2.59626033868507
0.588092519911434,-0.261700695724907,-0.197191244466782,1,0,"2","2",-2.87124262892008
0.596938790654091,-1.37744838822504,-1.2343413470406,0,1,"2","3",-3.59968003912461
0.2747537261406,0.263087969638165,-1.17246938843312,1,1,"3","1",-1.07586644631819
0.432131808994617,-1.34762609349152,0.934546377162231,1,0,"1","3",-3.80792834812243
1.04723786119692,-0.708116072166907,-1.15665507746218,1,1,"2","2",-3.82520660949853
-0.204622765498327,-1.66877722638715,-0.435934292359164,1,0,"3","1",-1.14123792070942
2.70714089977296,1.58255732522,-1.98637228310529,1,1,"1","3",-2.67975478932309
1.95430412989634,0.528108998065051,-0.950116709259522,1,1,"2","1",0.609065195552752
-0.347955486335394,-0.709348756350669,-0.0285386959008588,1,1,"3","1",0.0252299702430208
-1.37236913554559,0.368241645929036,-1.58403229351502,0,0,"3","3",-4.48620844771115
-0.206876527371325,1.34586951450357,2.09583684924824,1,0,"3","1",-1.0952137000842
0.474653132577675,-0.347184635719209,-2.0052686504335,0,0,"3","2",-3.62264138142364
0.0710195534696627,-0.222012684185657,-0.928671151066837,1,0,"3","1",-1.52814306330854
0.645893729684614,-2.24087267033595,-0.689751821491875,1,0,"3","2",-3.60442847653103
-1.2442119919313,1.17593888148522,-0.582491366524873,1,0,"2","1",-1.48667622977622
0.284454743091903,1.57983702857317,-1.35582448457513,1,0,"2","3",-3.03977213128646
0.0622597902183035,1.66576584644444,1.74951222149564,1,0,"3","3",-3.4093807495709
0.154654478942855,-0.682096057085108,-2.17455214408257,1,0,"3","2",-3.84515478525358
1.03245875475675,0.109864515275835,0.311374611620646,1,0,"3","1",0.740975118119081
-0.825734396097185,-0.165449793624352,1.197501270948,1,0,"1","1",-1.58290874180163
0.302572353295084,1.80553544237741,1.71225907185576,1,1,"2","3",-2.40056742589212
-0.640255163007451,-0.960661719331612,0.780787476389799,1,0,"3","3",-2.68276722425708
-0.00720024219699273,1.95024852484513,-0.052368390477223,1,1,"1","1",-1.11558044450621
-0.965376401511588,-0.538030505392939,2.22871608358375,1,0,"3","1",-0.727337068693594
1.25195015841156,0.127981019623925,-0.860620765301188,1,1,"2","1",0.431620939916732
-1.63335091608977,-1.88663679199751,0.399099295289713,0,0,"3","1",-2.60776101152563
-0.820054493379806,-0.361945896588545,0.132512519335492,1,0,"2","2",-2.83555246677899
1.50969898092297,-1.55880125522936,0.0926319455754112,1,1,"2","3",-2.35675303654645
-0.150275538710832,2.7751332644065,2.85037042195076,1,1,"3","1",0.176729328318028
0.286334266150809,-0.662846042709528,-1.99669319678467,0,0,"1","1",-2.93565944964618
0.225408609791221,0.214583107026793,2.19767110170528,1,0,"1","1",-0.942903089106219
0.0642233065257967,0.47784813336488,-1.43836867011121,1,0,"1","2",-3.50135400400651
0.651004090331648,-0.791052826242025,0.215566595569513,1,0,"3","1",0.425763681091257
0.00162344398686691,-0.893506930742701,0.749254365877645,0,0,"2","2",-3.93111651345665
-0.343242793318939,-0.16912015859847,-0.80271501575762,1,0,"3","1",-1.08190987003331
0.968752799648101,0.991867873070895,0.620786923742656,0,0,"3","1",-0.371048495748934
1.55471516981091,-1.42011081254251,1.23691938903784,1,0,"3","3",-1.3620937870868
1.03930490685663,-1.22532742927343,-0.946059915142403,1,0,"3","1",-0.169685325407935
0.140602065578093,0.933962579312719,-0.585758821973444,1,0,"1","3",-2.53662331765251
0.213569816730196,1.72258119293252,-0.467183871292818,1,0,"2","1",-1.39125513938241
-0.50474064668748,-0.615936258893297,-1.27823058665971,1,1,"3","3",-3.28611897281384
-0.584663124104776,1.17159272663422,1.97300308662601,1,0,"2","2",-2.48008443367927
0.715748047834869,1.94224693113799,0.355770033500718,1,0,"1","1",-0.855821304553772
-1.96386437080487,1.45862076424565,0.965127442468173,1,1,"1","3",-4.02199254131723
-0.241099003680534,1.28487383446791,1.09191411819477,1,0,"2","3",-4.51837755067375
-0.188241558969726,-0.715364420786949,-0.417611723633484,1,0,"1","3",-3.42879519475328
0.26784494954388,-1.83749839036709,-0.857989937973655,1,0,"1","1",-1.6527628394103
0.950345861916883,-2.46924859277678,-3.7707099652667,1,1,"1","2",-3.72262823423585
-0.175074701487946,1.27518018217522,0.167673223451995,1,1,"2","2",-2.62804514803699
2.78067487502752,-0.688259343723199,1.23470287005919,1,0,"1","3",-1.74892918963261
-0.00886191767541302,-0.91715150853958,-1.09346300566808,1,0,"1","1",-2.69426716609823
1.0389373086419,0.216341399997246,-1.80945515995282,1,0,"3","3",-3.09923976338798
-0.115138598627811,1.07836514236534,1.77799500179515,1,0,"1","1",-0.780007550548349
-0.565360309257793,-3.46468649606592,0.331947026061089,1,0,"1","1",-0.853625051186927
0.150384103876582,0.150025365538849,0.946737854421864,1,0,"1","1",-1.60082964075647
1.2524528961509,-1.5613171511992,-3.25502766116224,1,1,"1","1",-1.34893604971937
-1.03378646577587,-1.04602038017024,0.223658628403416,1,0,"2","2",-3.92649045170703
1.7576926979807,0.711373966651868,-0.486330450822073,1,1,"1","1",-0.220050447636994
0.358285287992956,-0.99974201877563,-0.770634874180727,1,0,"1","3",-3.66517084776248
-1.48521839776165,1.53614432148118,2.46116708496423,1,0,"1","1",-0.753831100334373
1.04403650170573,0.26093192365358,0.521073494522578,1,0,"2","2",-2.33538301080786
0.766440713960823,1.18622533839504,0.283630835449,0,0,"2","2",-2.16271440204145
-0.129926734265742,-0.228805302602333,-0.117179475213518,1,1,"2","1",-0.217597479620337
0.609348877923598,-0.294653850629462,0.949140754680102,1,0,"3","1",0.196501579726949
0.0588982191055986,-1.2250432112177,-2.0087790922995,1,0,"3","2",-3.02906913857405
0.308890235919065,2.17623306150177,2.50710705338884,0,0,"2","1",0.0696705649914406
-0.546177043443859,0.429881104276814,0.626535662627585,0,0,"1","3",-4.79737671476886
0.567972106453607,1.976846673893,2.93478137699759,1,1,"1","1",0.474162045235742
-1.2614561807836,0.982485877269933,3.30125040892714,1,0,"3","1",-0.886009083827274
-1.16844672309744,0.116340147252359,1.5028777676126,0,0,"1","3",-5.40994315687582
0.0402419606941012,1.16552198698842,-0.545202109203686,0,1,"1","1",-0.335066925141807
-1.69980929750235,0.526280332017572,0.953032948402257,1,0,"1","2",-2.77264278865068
-0.753501496024477,0.474761268585672,0.840719330709644,1,1,"2","3",-2.56088984641864
-0.17507534003653,-0.00772591657523689,-1.10182207820574,1,0,"3","2",-2.08343704661338
-0.571302847193964,1.91020260007574,3.15239126747058,1,0,"2","1",-0.345709746696479
-0.237929617122916,1.53161908361963,0.161387996743448,0,1,"2","1",-1.21095060950624
0.351837114161162,-1.01643447776144,0.231921556792388,0,0,"1","1",-1.87252106724431
-2.72403603193963,1.99164799383493,1.43045131824773,1,1,"1","1",-1.52297734898465
0.282030606010388,1.51169540597086,-0.721927292567823,1,0,"3","2",-2.01347833706454
-1.03806172522359,-2.49042732866145,0.369079411321179,0,0,"2","1",-2.08120531017926
-0.721492147879327,1.46614675230659,-0.138721351233389,1,0,"2","1",-1.67992628194746
-0.69631069238604,4.0371883656964,1.15431154144199,1,0,"1","3",-2.88957042210971
0.563913740701859,1.17292199289133,-1.80188494556565,0,0,"1","3",-5.38759289147089
-2.65936172524406,0.842177992275219,1.92486831605041,1,0,"1","1",-1.9597546459748
0.183972176876975,0.105628970332887,0.738866508677923,1,1,"3","3",-3.12210028796269
0.53661612230841,-0.202299718942118,-1.18160932958866,1,0,"2","1",-1.93238103421222
0.398796640580348,0.586942297497191,0.171000933995935,1,0,"2","1",-0.480097757372037
-1.16927626919111,-0.418588747428603,-0.133304865468087,1,0,"1","1",-1.98713550913448
-1.24920235360646,0.516135190518812,2.60374065883873,0,0,"3","2",-3.25284364976133
-1.45456149036279,1.12591524977616,2.13459570008895,0,1,"3","1",-1.15147800704817
-1.27661400539977,0.145448176734285,1.51672377253745,1,1,"1","1",-0.342476874779738
-0.875138440118221,-2.00711105964307,-1.43496251946186,1,0,"1","2",-5.20394988966986
-1.10119716856633,-1.38762439726885,0.0784577493462863,1,0,"1","1",-2.41289489431429
0.349215753261517,1.15453147462337,0.473566530863094,1,0,"1","1",-0.927517267890808
-1.74418621864533,-1.07712979670662,0.719680227432733,1,1,"3","1",-0.859402201162304
2.36058848466833,0.83202933370304,1.42931776642937,1,0,"2","1",0.306431217011197
1.12849189734539,1.97628873915902,2.9489731673552,1,0,"3","2",-0.579413618334714
1.34730268209243,-1.88192036843755,-0.952131375104995,1,0,"2","1",-1.58256935153606
2.63903666581454,1.80436421045907,1.34929668580007,1,0,"2","1",1.06721115934708
-0.947791111546885,1.005807171781,1.30279249178312,1,1,"2","1",0.179606346782056
-1.29329079683564,-2.26486776920723,-1.57674602870583,1,0,"1","1",-1.97926736326042
0.140883521023933,-0.966030559569742,0.760330255695637,1,0,"3","1",-0.36740904321348
0.643325271626938,0.85637088933492,0.0516893298707179,0,1,"1","1",-0.234547196406657
-1.41088087812432,-2.77415492136975,0.817991041657019,1,0,"2","2",-3.49036211546219
-1.06910218777609,0.695860983604869,-1.73645657140941,0,1,"1","3",-4.65690027553324
-1.58494051532718,-1.18279329679386,-0.914246195822782,1,1,"2","1",-1.41796825817318
1.01524373886674,-1.1909450068869,0.408228887980973,0,1,"1","3",-3.60765882095465
0.720474056469653,-0.438698315387726,1.40205221935389,1,0,"3","1",-0.0946093145503222
-0.72141180926974,-0.4417658762013,1.00323145127015,0,0,"2","1",-1.96015695701499
0.932757831338769,-0.253248678346635,-1.59822906020097,1,0,"3","1",-0.924839776653275
-0.321133396455391,-2.79617941434145,-1.48890885246242,1,1,"1","1",-1.50650615663566
0.574189666511814,0.115731908234525,-0.709701964159764,1,0,"1","3",-2.95996897164788
-0.33667180876072,0.818768688605467,0.678424877109301,1,0,"1","3",-4.19124807165999
0.384841517935428,-1.74211183948112,-2.15568874202519,0,0,"3","2",-4.44811077594217
1.76368926188265,-1.95140058945266,-2.3701049442201,1,0,"2","1",-0.629034349946814
-1.63681774463236,-0.23423905707423,1.46830658844388,1,0,"2","1",-0.729183571368119
1.42610932332234,1.55505309078864,1.52849260252827,1,1,"3","3",-1.45271067684491
-1.724151352012,-1.30155179811142,-0.894346820508538,0,1,"1","2",-4.4096295369542
1.14982778498799,-1.56277606098983,-1.21693947506187,1,1,"3","1",-0.500887912365113
-0.0452151717717392,0.818766271021313,-3.51397809646367,0,0,"1","2",-4.94622171227353
-0.212126025734408,-1.99412351902783,0.83575492399184,1,1,"3","1",-0.586634033186797
0.438655413871702,1.88200926263157,1.55328884553288,1,0,"2","1",-0.264248390744773
0.233173135161485,-0.101472050892644,0.00428863570017,1,0,"1","1",-1.56277585520136
0.486282795176378,0.567570179699187,2.98129786373858,1,0,"1","1",0.709684104061592
0.297458652819106,-0.311936689508146,-0.764562067930262,1,0,"2","2",-2.5804918671125
-0.355035413885164,0.259955104682479,-1.98820631708236,1,0,"1","1",-2.04456410707652
-0.224715778096529,0.092749243936283,0.431166413906091,0,0,"1","1",-1.95895580025266
0.5591558942722,1.52150098075518,1.64000262030694,1,0,"1","3",-3.08282653895023
2.02492289084303,-2.14288274234715,-2.49118861395406,1,0,"3","2",-2.92099157694633
-0.170671336178798,-1.66158819169774,0.72600802870864,1,0,"1","1",-1.87903703302126
-1.68393722805898,-0.0471129021059584,0.732625086095342,0,0,"2","1",-2.63776426702551
-0.660692559477884,-1.91141472315767,-1.6686640058514,1,0,"1","3",-3.94993961785769
1.57189979430902,1.3060472009482,0.984518320256031,1,1,"2","3",-2.27875308587764
-0.212262381636985,1.76401738935981,0.828666880270943,1,1,"3","1",0.743617968440538
0.486973029879752,0.819912302919467,-0.0581736548822324,1,0,"3","3",-3.12717411228759
0.583208841358345,0.443754192536506,-0.69599975595613,0,0,"1","3",-4.28095727918567
-0.424850146017479,-1.40968075883453,-2.35725438930574,0,0,"1","1",-2.85052356906404
-0.844273044653675,-0.815697723302888,2.5515754845525,0,0,"1","1",-2.28543834769657
-0.187764777955167,-0.306473397926158,-0.986804164326998,0,0,"1","1",-1.13196617581136
0.109092894111809,-0.301253121139838,-1.31139503494544,1,0,"1","3",-5.09613621477445
0.223011698013824,-1.9752297904097,-0.14213958220864,1,0,"1","1",-0.99694874500621
-0.285765888593217,-0.917386132495036,-3.1521065533276,1,1,"3","1",-1.44424194828636
2.04176656303536,2.47652971113429,-1.34822239307392,1,0,"2","1",0.346233488422135
-1.62517868575073,-1.95349232732038,-0.846551660480005,1,0,"1","1",-2.02473905273998
-0.833761981723634,0.555958770472189,2.17138067351484,1,0,"1","1",-0.890088315063227
-2.27882216310951,2.21067223323188,2.38456678585457,1,0,"3","1",-1.67778101779362
2.32438570814798,-0.494769959991879,-0.301096596378876,1,0,"1","1",-0.747562051655613
-1.74255167415281,-1.9333810960891,-2.27374408228525,1,1,"3","1",-1.40117793952894
-0.00172687556138488,0.559522044641563,1.60304547593028,1,0,"3","2",-2.41121315034833
-0.257651492174023,-1.01356446315727,-0.177278171434149,0,0,"2","1",-1.88006559814198
-0.715376488906191,0.299862527576612,-0.517379338804312,1,0,"2","3",-3.60737117337388
-0.616131000288524,0.776853354606366,0.183090372907188,1,1,"2","2",-2.83273377446163
2.12188100313016,3.20653671820515,1.40626759906161,1,1,"1","1",1.04221178446767
1.30428661795755,-1.57880772625824,-1.92501982442135,1,1,"3","3",-2.84005236874704
0.654969832594183,1.20575221513701,0.153285085632989,1,1,"1","3",-2.63605181855662
-1.78279490504234,-1.60203491436052,-0.176354977022114,0,1,"1","3",-5.54252826593816
0.953691214081725,0.477432076878154,-1.09920736605117,0,0,"2","3",-3.57031115183849
1.88616599305206,-0.265274576934535,-0.517605987725298,1,1,"2","1",0.00623863665039437
-1.70980444194662,1.91085402593491,3.24659788541559,0,0,"2","1",-1.36343875351206
0.216420902939681,2.26152760446255,0.516126653115214,1,0,"3","1",1.12921393755278
-1.19647297837997,0.0699205688756189,0.20041488737949,0,0,"2","1",-1.78021312219698
0.196494716381196,0.501583350150117,2.72760358353257,1,0,"1","1",-0.653591698145314
-0.786505467350837,0.452076193678943,-0.537919698341741,1,0,"1","3",-5.18220492740596
-0.714940286102794,-0.298598201344185,2.48758442214927,0,0,"2","1",0.544399057233338
-0.971814061224601,-0.876272093764379,0.514377581752698,1,0,"1","1",-1.44754897430787
0.239632323089354,2.09219346872863,-0.244555614361166,1,0,"3","3",-2.5513316480358
-0.660547342845885,-2.11302095837417,1.7575720837867,0,1,"3","1",-0.435325497992532
-0.384961366815444,0.604690197264533,-0.81626461466719,1,0,"1","3",-5.04203614850074
0.639158474047774,1.29764373068685,-4.35636492797879,1,1,"1","3",-3.32624862412882
2.83880752936198,-0.565712775733223,-3.32262030730305,1,1,"1","2",-2.18414065374358
-0.30210710017128,-1.2531742119629,-2.05720909478784,1,0,"2","1",-2.4153083826549
0.000203025608621645,0.916937182590897,-0.32569147873861,1,0,"1","1",-1.35926039796764
-0.127763586357801,-0.685173324104273,-1.85569796600853,1,0,"1","2",-4.14028923909635
0.160611257293897,0.162863115118867,-0.919452942466826,1,1,"2","3",-2.75727353518088
0.380263205262262,-2.77644455951538,-0.981795642291593,1,0,"3","1",-0.418704830211595
-0.466250824930403,1.25366547130521,0.170467895116406,1,1,"1","1",-0.447589078314271
-1.25351164086766,1.68179221029618,1.1311822881851,0,0,"1","2",-4.17168023340505
-0.582325275313394,0.559172801060142,0.524311675654094,1,0,"3","1",-0.631397747682738
0.0132741568551698,1.12634987468498,1.74783109501753,1,0,"3","1",-0.341018382017954
1.10598000152603,-0.0866722973332168,1.89944346799988,1,0,"2","1",-0.234380689097351
0.243341120447211,-1.94116180380165,3.34024248870488,1,0,"2","1",-0.271958251978282
0.470004713559987,-0.281889622904463,-1.75128205323406,0,1,"2","1",-0.258308988358997
-0.648000885614087,4.2151816361752,1.92991291645349,1,0,"3","3",-2.46131115756887
-0.834904602365636,-1.19511349824133,-0.775339828524391,0,0,"3","3",-4.13377143108664
1.62172113027018,1.19278060037764,-0.218086875365953,1,0,"2","2",-1.99757064546796
1.15442991295319,-0.397394432434259,-0.0656220321986793,1,0,"3","1",-1.30044602971713
1.3620037853264,1.37150553166212,2.37718960718656,1,0,"2","1",1.59427508627395
0.705163498097985,0.396735645379295,0.326682412539972,0,0,"3","2",-2.454127258023
1.39028968478705,-0.736234188558425,-3.77446591046871,0,1,"3","3",-2.96538125855858
-1.19641594941857,0.0870209544894356,-0.530657390745196,1,0,"1","1",-2.17991901270461
-0.619869439316827,0.468199492441879,0.233736522173844,1,1,"1","1",-1.58611899488217
-0.0544227361671008,0.433075959266271,-1.06910921119904,0,0,"2","2",-4.88679044891192
-0.311740511167595,-0.0235913150605877,1.7702823140965,1,0,"1","1",-1.49678158956238
-0.859421281895703,2.49655260617825,2.06353174914478,1,0,"3","1",-0.0783456196669677
-0.986261327562994,1.13408723412825,0.29555206760389,0,0,"1","1",-2.03692800746861
-0.528996350812887,-1.52706538336517,-1.88205666183951,1,0,"2","2",-4.2632676344306
-0.0430212148949224,-0.519270442570403,-1.56041045292108,0,0,"1","1",-2.0697906826157
0.513981470854983,3.16306881875628,1.13960340992147,1,0,"2","1",0.455217236930744
-0.731960237490508,-2.86601220155735,-0.810559167971546,1,1,"1","3",-4.77747403584908
-0.37076872303807,1.97589260846913,4.27088536636858,1,0,"2","2",-2.26412648710702
-0.616507738850238,-0.104469902940054,-0.511548239049223,1,1,"3","2",-2.59102107799718
0.0230478129157068,1.17259245620158,1.01187896286893,1,1,"3","2",-2.71438743291689
0.41313066847042,1.97577670362995,-1.47656838093514,0,0,"3","3",-3.57753009944533
-0.420676658549376,-0.321791354607878,1.01180393977268,0,0,"1","1",-2.73389929939062
0.113471004084371,0.892997269078715,0.0532486475800928,1,1,"3","1",-0.666406903755199
-0.318307313493007,2.76420818918468,1.66984703734581,1,0,"3","1",-0.570585174827934
-0.543025921310807,0.258915643114071,-0.985350029015211,1,0,"3","3",-4.8454899870882
-0.366256263874309,1.62559675223727,0.770471794541975,1,0,"1","1",-0.44649451621238
0.634744170117528,2.05354103770046,0.852160936977292,1,0,"3","2",-2.10418383509151
0.00837428756754901,-1.10429899095292,-3.3955415712427,1,0,"1","3",-4.84114805314659
-1.52763209901557,-0.909864856015322,-0.144560343254431,1,0,"1","1",-2.55771824931801
-0.127836136317832,-2.3680779188871,0.94117915311942,1,0,"1","1",-1.60765259917414
-0.230620173703486,0.431040232895935,2.05790866927947,1,1,"2","3",-2.46119340781173
-2.23186589080435,0.0703079153669129,-1.12060835744533,1,1,"1","1",-2.68294980565772
-1.36887770878627,0.0158510698443712,1.17263817193551,0,0,"3","1",-1.23457220291372
1.12812983225302,1.92411727604246,0.739691664457783,1,0,"3","2",-2.66327037879122
-0.132481229802671,-1.15372366683075,-0.534514890928837,1,0,"2","1",-1.77750792420612
1.03319222597464,1.57145137674229,-2.02939965206778,0,1,"3","2",-1.95731418993294
0.174618093354749,1.20481328804581,0.375143354547845,1,0,"3","1",-1.32327071641909
-1.18336495975633,-2.18463397625295,-1.92714473167201,1,1,"1","1",-2.37446055638725
-1.27599692410108,-1.43237621285482,-0.149295362484703,1,1,"1","3",-4.58083959126328
1.53963146213239,2.00101186575184,2.36129748705128,0,0,"3","3",-1.79006690527986
-0.316764605132044,-1.41738437278067,-1.66004862588163,0,0,"1","2",-4.74473136133367
0.0178035525496983,-2.55580380907325,-1.55352345583758,1,1,"2","1",-0.854115592200395
-0.117031513902293,1.81180109816841,4.57748908090993,1,0,"1","1",1.28423948033613
-1.00649898922367,0.605328283785774,1.15232471414565,1,0,"1","3",-3.85729352298965
0.449498479476553,-1.5070442554531,-2.84500736829508,1,0,"2","1",-2.44943930461222
1.1854057698747,-2.49924373808439,-1.12806795180158,1,0,"2","2",-2.8345615771249
1.70203428732077,-1.0373613769114,-2.92668508286657,0,1,"3","3",-4.0266934951955
1.43119144142811,-0.211618237459932,-1.91776157948604,1,1,"3","3",-3.28709944036159
-1.78647924185838,-0.889186210820173,0.545327023320388,1,1,"1","1",-0.883755068923021
0.869513844624334,0.19450350654826,-1.67351307108598,1,1,"1","2",-2.37830559749572
1.13168562836012,1.21638913441462,0.755907227487868,1,0,"3","2",-1.04422678355909
0.488371971699458,0.318786781922941,0.525389482040633,1,0,"1","1",-1.32866687892151
-0.334992769462388,-0.234806644238148,-1.46555775044865,1,0,"3","2",-2.42101355331791
0.195021209782225,1.07160774365918,1.01140111973286,1,1,"2","1",0.373419054461781
-1.43370074726618,-2.04649904163073,-3.18849542329853,1,0,"1","1",-2.886564081679
1.4207052271477,-2.2912208973934,-1.71730383409581,0,1,"2","3",-4.03133261273702
1.59634538914745,3.26243230516793,0.0634902659799066,1,0,"1","1",-0.216916962309249
0.671059009559338,-1.39066923729799,-2.53523867035639,0,0,"3","1",-1.44789685598351
0.879404748843262,1.23479420053399,1.71959071617976,1,0,"1","2",-0.951512549704708
-0.437104698991957,1.67075228387683,3.87248610093909,1,1,"1","1",0.650143687503646
0.492986043338141,1.18831573828637,3.03320583825087,1,0,"1","3",-1.42487030570895
0.478917997201375,-2.38043703435341,-1.00678513629633,0,0,"1","2",-4.15401660240675
-0.964530563874498,1.1749551441242,3.84843875930154,0,0,"1","1",-1.74248619392633
-0.470630741721381,0.0193580299219562,1.1710702606741,0,0,"3","1",-1.58898165573847
-0.47182954589013,0.356946476260591,0.959273567582063,1,0,"3","1",-1.27366619253046
-1.46393996863957,-1.53401166820595,-1.90140715425772,1,0,"3","1",-2.24006744617425
0.419789727001046,0.771300945245291,1.7371039636092,1,0,"1","3",-4.05510639717083
1.09017515007497,-0.98604736685103,-0.77627006538439,0,0,"1","1",-0.337468558911593
-0.830059127166168,-0.746772878621264,-0.206640304323453,1,0,"1","1",-2.40252620624409
-0.506377228231319,0.485441627270923,-0.89830830082771,0,0,"1","1",-2.40921626232605
-1.30803535757462,-0.91250981428275,-1.10131205957044,1,1,"2","1",-1.58227469128791
0.229567605167434,1.28627279679742,-1.43885280815007,1,0,"2","1",-1.56314413372684
-1.60017077333701,1.53526651390837,1.56144811210573,1,0,"2","3",-3.71938282576514
0.0853367664031492,-2.3429919194104,-0.849255618570484,1,0,"1","1",-1.95046557733521
0.645091495437587,0.00319548162419518,0.640791867551873,0,1,"3","1",-0.149456556226972
-0.674074571758099,0.791030398032897,-0.0962990535893656,1,0,"2","1",-1.10464503804527
0.609680087302808,-1.1169637429611,-3.73670434000491,0,0,"2","2",-4.48458998972394
1.93880447325532,-1.1911648965645,-1.94028043388073,1,0,"1","2",-3.06969510563158
0.913263283695616,-0.0869411555698124,-0.592433925527399,0,1,"2","1",-1.00468961036121
1.12302005923082,0.439167315941033,-1.91611373583504,1,1,"1","1",-0.494368084325577
0.996506647514418,1.93465667611492,0.261994375451224,0,1,"3","3",-2.49959282358323
0.67994149805946,-0.40352151535433,-0.67070266679055,1,1,"3","3",-2.63447991010415
0.781499530173571,0.226763400028587,2.08617613645884,0,1,"3","2",-0.930824303607165
-1.72421309727597,-1.08700922357619,-1.38825375306146,1,1,"3","1",-1.76890521463595
0.102011817590705,0.748760251117803,3.20010834975829,1,0,"3","1",0.132828709400937
-0.568229880222027,-1.42423973543404,-0.135230616855224,1,0,"1","1",-2.43094638242159
-0.0277673545001807,0.309986468592833,1.51344164100835,1,1,"1","1",-0.280743312119598
-0.0599148091347718,0.2991339692733,-0.268542569971947,1,0,"3","2",-3.00605341735938
-0.389842262609436,3.20782759522355,0.137501328548775,1,1,"3","2",-1.59129448305891
0.74240809194739,1.50280531264415,-1.4522927996674,1,1,"1","1",-0.995381441016764
-0.363871772212167,0.101811748276714,-0.83732831216037,0,1,"3","3",-3.71538877223575
-1.50541784090155,-0.247417509667514,0.988743874575109,1,0,"2","1",-1.30440464852413
-0.786516563265491,-1.76522627845962,-1.29733881555755,1,0,"1","3",-4.32910585542271
0.215217191805574,0.181993068498576,-0.971023435204556,1,1,"1","1",-0.5935787750284
-0.291560892683884,0.300339748483567,0.86774226609981,0,0,"3","1",-1.30299310902243
-1.23198236476109,-1.40460275197672,-0.529214209316628,1,1,"2","3",-3.85647638012257
-0.945658969161302,0.695818795953416,-1.60467746160495,1,1,"2","1",-1.99207873625965
0.205074070747999,-1.22211372543003,0.0443657674092224,1,0,"1","1",-1.00389999743896
-0.0575006414249955,-3.75642819865552,-0.49742282380784,0,1,"3","2",-3.37465208010959
-0.831637992651589,1.59790871097349,-0.0164892224872581,1,0,"1","3",-4.43177305898436
-0.822159374168534,2.70898236959466,0.69556407596645,1,0,"1","1",-1.57841129207187
0.910891744871945,-0.615696549388637,-1.02235756689144,1,1,"3","1",-0.185017958714647
-1.13252685435726,1.1165756284919,2.39035644015642,1,0,"3","1",-1.05671479745541
-0.846153614446823,-0.39611601350723,0.58696915368331,0,0,"1","3",-4.21021238376753
-0.661370179556393,0.511250590745044,1.87862126264888,1,0,"1","1",-1.13879171681724
-1.87122310954555,-0.73983072275811,1.05147646430531,0,0,"1","2",-4.33188414812521
2.13903281903265,-2.55831458058682,-2.20289674022809,0,1,"1","2",-3.19768513682302
-1.150848273166,-0.892170856693494,2.35352583840514,1,0,"2","1",-1.35325131586659
0.212375167903482,0.999178604389906,-0.533816012050309,0,0,"3","1",-1.15508915067409
-1.37851354277405,0.583794167173139,-1.96218633839594,0,0,"3","2",-4.90503709804944
-0.700683077939772,0.118319356505165,-0.430344376138508,0,0,"1","1",-1.7548806137866
0.21665536409677,-0.0917153240728612,0.475321319995825,1,0,"1","2",-3.07528423105532
-1.72956646496875,2.01388696339499,2.07161189105201,1,1,"2","1",0.71427219510823
-0.761793387292554,-0.527467448156124,0.335270567630319,0,0,"1","1",-2.91828543259762
-0.231635940370672,-0.714002355790216,1.81465408792581,1,0,"3","1",-0.133175935031504
-0.855513285935903,-0.805505059927057,0.348653043881411,1,1,"1","1",-1.4454611412685
-2.32674979267856,-0.610580729547403,-0.731965761393599,1,0,"3","3",-3.94031808299794
-0.469912582851196,-1.13211836438369,-2.33684195709878,1,1,"1","1",-1.52041955321758
0.0490959339991815,0.131113747817361,-1.3443357192603,1,1,"1","2",-3.00370251514249
-0.406443113850345,0.239711219777339,0.623496366011799,1,1,"2","2",-1.85546776753711
0.824945940131319,-0.600269293331388,-2.40574911917847,1,0,"1","1",-1.07186701131986
-0.375391922887699,-1.03986416892124,-1.80551226340272,0,1,"1","1",-1.40845433927052
-1.65611906122499,-2.55203975849589,-0.68076035389634,1,0,"1","3",-5.89416934497978
0.219748519030412,0.901162660109547,1.75138355188108,0,0,"2","3",-3.31283432761897
-0.474695221228944,-0.501433457832998,0.245344517657935,1,0,"3","2",-3.47010774619408
-1.10602459798334,-0.710436935847357,0.485776113282824,1,1,"2","1",-0.35317404263473
1.01714659763306,0.892990851733849,0.111573893985557,1,0,"3","1",0.447841633078703
1.02620607196675,0.370762771544916,2.41138134837524,1,0,"2","2",-1.63101687094616
0.4359788095703,-0.761266417403644,2.30924522313616,1,0,"2","1",0.14995191338026
0.549188431103142,-0.299159699767397,-0.35031900873783,1,1,"3","1",-0.263087218980827
-1.47952648818554,-0.408383501574966,-0.332875831679727,1,0,"2","1",-2.15930582834794
-0.416352613426351,-0.0394611995490041,-1.27280631851875,1,0,"1","1",-2.81089920300656
0.627263407764852,0.79394498825235,-0.985263239402475,1,0,"3","3",-4.15518835619436
-0.553746032888297,-2.05857943345113,-0.874857551481298,0,0,"1","1",-2.23517571295574
-0.91959382383614,-0.832408414012356,-1.65396188146042,1,0,"2","1",-1.59949147760074
1.13714286046691,2.74385145491031,0.591225307225413,1,0,"1","3",-2.11838408624485
-1.11779849742776,0.0707267071675304,2.23301543806153,1,0,"1","1",-1.07925864779953
0.731162238304433,0.0719437991508165,0.928209044893206,0,1,"2","3",-3.16156026734833
0.410846430091718,0.858154864377736,-0.354182708291006,1,1,"1","1",-0.279762233080369
1.18837193071051,1.72127083708721,-1.27532649470232,1,0,"1","3",-2.71151226911297
0.508721411859678,-0.931338089758772,0.33735618759156,0,0,"3","3",-3.90705019221592
0.714258938917986,1.18229096285568,0.816278182835837,1,1,"3","1",1.15037757794903
0.122837923021336,0.0646759933025065,-2.16220408708899,0,0,"2","1",-3.00422735862673
0.443297537996487,-2.71645956919557,-1.26043472484799,1,0,"1","1",-1.56525014318952
-1.79768104161183,2.45675576847545,2.49119786191415,1,0,"2","1",-0.185020294326996
-2.57982031583375,-1.00288043925221,-2.55721098855071,1,1,"1","1",-3.72089171657475
-0.0083121335095111,4.06838229201448,2.57476155584734,1,1,"1","2",-1.65296678149855
0.0732661625747582,0.564723875486446,-0.918385547401705,0,0,"1","1",-1.49780748447367
1.88398416580789,-1.01376936213296,-1.4166978715852,1,1,"1","1",-1.39328353411724
-0.902561145841843,-0.255216743749694,-0.955033322047989,1,1,"2","3",-3.92271893618937
-1.04296917381481,-1.82793900600406,-2.46936628684382,1,1,"2","2",-3.69028334957559
0.516985591255719,-1.08107341823605,-2.56018978877767,0,1,"2","3",-3.75195759502695
-0.230887840958391,-1.47781801125427,-1.37042936007928,1,0,"3","2",-3.79036734363932
-1.05853962218435,-0.975631125233302,-1.14010709077421,1,0,"2","2",-2.83371499910461
-0.111964122381163,1.49440463825553,1.25324143359508,1,0,"2","1",-1.22188189157208
-1.2639685169983,-0.360269387526143,1.20894100975231,1,0,"3","1",-1.33401735156494
0.541929883437481,-0.383671505925209,3.69227122007344,0,0,"3","1",0.298185712997422
-0.938395592726628,-2.44619822982068,0.176042377381861,0,0,"3","1",-2.45648191732498
0.788285161172255,0.475210923556262,-2.42500291803257,1,1,"3","1",-0.438601434665844
1.38066342924132,3.0177238906633,1.56626049474174,1,0,"1","2",-1.36122300259003
-0.208258768820462,-2.03681182787813,-0.357209516786545,0,0,"3","3",-4.62433093944648
-0.650878236619808,-0.906776322566744,-0.33081770536237,0,1,"3","1",-1.06093372653892
2.31857386325699,-0.400528851961206,0.300659421154112,0,0,"2","1",-0.729638416380142
-1.27024727036405,1.63001596910305,3.40965018795376,1,0,"3","1",-0.896318958850319
0.374988505546181,2.14622757172896,2.62979995756174,1,1,"2","2",0.543179439294913
-1.94144416061689,-2.08789444875454,-1.89927204836944,0,0,"3","1",-3.49431747949656
0.16710468844779,-0.056953008241369,0.637200484566078,1,0,"1","3",-3.85622729255113
2.28639603480081,-0.311223695699836,1.25891475285833,1,0,"1","2",-0.804674740746666
-1.49137406013997,0.824826833387825,-0.542211806492423,1,1,"2","1",-0.328441425050617
-1.26351631204343,2.06035659446243,1.88656598402318,1,0,"2","1",-1.27920684110168
1.29147430094273,-1.3714763093889,-0.882264651900586,0,1,"3","1",-0.779271583676176
0.114384901885932,0.471066032631053,3.01527346504966,0,0,"3","2",-1.98546819731748
-1.15960050503118,-0.626145014133439,-0.597342711237281,1,0,"3","1",-1.59141003188146
-1.52142978209606,-0.112957280959021,-0.154424087745579,1,0,"1","1",-1.83857944930704
0.385560394482323,1.03049634858892,-3.42348008746985,1,1,"2","2",-2.52977512679528
-0.668275652661808,-0.195208726512677,0.112846401692289,1,0,"1","1",-1.597615196437
-0.647220370489342,0.33888954035446,1.32622276697506,1,0,"3","1",-0.0669323704597405
0.267802328456548,1.6306494792759,1.22296651621967,1,1,"1","1",-0.327079156548988
0.107791149702868,1.05255842143807,-0.746823776470862,1,0,"1","1",-1.4833467410698
0.429359294109735,-0.0584399064778665,-0.702629785007801,1,1,"2","1",-0.63504290809653
2.27836139313912,-1.47326448750235,-0.940515393871424,0,1,"3","3",-1.57768085436905
-0.454512728100535,-0.296643022725699,-0.378985887778359,0,0,"2","3",-4.37835666441467
-0.436544702038141,-0.149254633189458,-1.01909701410512,1,0,"1","3",-5.08957454848414
-0.443811897504521,-0.41891982460078,-0.474247115655807,0,1,"3","2",-3.12296146338298
0.426775200984695,-1.25926275869261,-1.97164449060957,1,0,"1","2",-2.77256880624503
-0.924424178533731,-1.70078748326702,1.56285085984596,1,1,"3","1",0.0307181031392596
0.251627637128654,1.07227036896326,0.0490966282664423,1,0,"1","2",-2.88166874323448
-0.402706601168909,-1.35178476829602,-0.605938888229009,0,1,"3","2",-4.53325295240283
0.35659802318538,0.0819841858011244,1.72943262322445,0,0,"1","1",-0.806671622754644
-1.72806971250426,2.40614494804156,1.85409840225597,1,0,"3","1",-1.26744356419959
-1.04815838459367,-1.46076759106141,2.31256200862271,1,0,"3","1",-1.50281930283088
-1.36100154838807,-0.842364127765225,0.108637960897255,0,1,"1","1",-1.43711952895534
-0.455983757644009,0.362902243680044,1.44680704025583,1,1,"2","3",-3.19992209864011
0.628205216147757,0.116935406491849,0.182885202565565,0,0,"2","2",-2.17889234879969
1.08239740082837,0.214515921400596,-3.58713797838661,1,1,"3","2",-2.66498773549422
1.69057927527256,1.32868767781174,1.93076228642869,1,0,"2","1",0.741013334926066
1.06245349564843,2.44702207923894,0.00745614466557198,1,0,"1","2",-2.43466885734308
-1.02917556001328,1.70682667981939,1.81629801034999,1,0,"2","1",-0.857541130529258
-0.629449223970881,0.570127744826295,0.545021055441644,1,1,"3","3",-2.89594812599467
0.268284813666709,0.880442109456712,-1.39308774188473,1,1,"3","1",0.327689670274661
1.4130527258212,-3.14775589610939,-0.731657087953523,0,0,"1","2",-2.56988228068625
-0.690523838142636,0.464383295064791,1.328577905835,1,0,"2","3",-3.11271021598855
-1.24420144621649,-1.59259428569215,0.500249474116938,1,0,"3","1",-1.54233506962044
1.11228163356516,0.485307124585333,-0.312429296526676,1,1,"1","1",-0.744567558392039
0.603935195453723,-3.07409923159097,-0.157136693420769,1,0,"2","3",-3.32952176482124
0.736017637142797,3.78632856322968,3.09463557204167,1,0,"1","2",-1.4299515186876
-0.530552905884846,-0.313812994021527,0.663294149281156,1,0,"1","1",-0.462980323726441
-0.202294332280994,0.110678757274486,0.613905592464328,1,0,"3","3",-2.93446259330283
0.884852986142012,-1.10936500527041,-1.40562379276335,0,1,"3","3",-3.3036368517739
0.520771611027714,0.119282177542049,-0.521503117045158,1,0,"3","1",-0.010062467056803
0.872477461089301,0.146131354149709,0.684017549638847,1,0,"3","1",0.425748965759662
-1.11494895536682,-1.43351461646347,-1.56492798122634,1,0,"2","1",-1.53367066773562
-0.293985647540461,-0.993778424475945,0.0023322030832697,0,0,"1","3",-4.72642197068924
-1.81952251445448,1.96495884463902,1.49523415243596,1,1,"1","1",-1.07687020355898
-0.597970291538149,0.682902246499766,0.299591441156993,1,0,"3","1",-1.54984830332499
0.996264250423512,3.05725577198611,-1.47582527792895,1,0,"1","1",-1.63516249364471
0.111435901286486,-0.455780601117897,-2.08540480766949,1,0,"3","2",-3.28440843985755
1.17419819730701,2.26299848274255,-0.271755215082502,1,1,"3","1",0.171905318975882
1.92433945812922,0.604169857142417,-0.63161928393556,1,1,"1","2",-2.18908298782341
0.564542373095662,-0.834111795009654,-0.300330101125107,1,1,"3","3",-1.83019780464644
-0.845241723461759,0.742228218221606,3.22465732421199,1,0,"1","1",-1.29025973227534
0.15723844934961,2.37688437830842,-1.02683316424007,1,0,"2","3",-4.09849354691984
0.848591550324313,2.72966888743046,3.35908710555422,1,0,"1","3",-1.85523766688274
1.05705166512931,0.664221972376782,0.678620448007198,1,0,"2","1",0.98835270373386
-0.263009286313316,1.07707106556872,-0.0242678507516971,0,1,"1","1",-1.37780235141321
-0.497633709580474,-0.69036475173946,-1.21709226788896,1,1,"1","3",-2.90670056762497
0.882257023422095,-0.425768689835941,-2.78327659933076,1,0,"2","1",-1.41846168076121
-0.456076212728354,-0.974236192359145,-1.56676354816742,1,0,"3","3",-4.41175952429521
-2.089314423432,0.69833639295469,0.921152136245238,1,0,"1","1",-1.67809714724994
0.209181777199479,-0.17883831805789,-0.190448690096202,1,0,"1","3",-3.0644510090123
-0.844313806740675,0.286682672854107,-0.836522720111623,1,1,"1","1",-1.28224972146307
-0.0403370071602756,2.3454306957662,1.65435326173114,1,0,"1","1",-0.951190113877367
0.525540892749687,1.42553803875223,1.37770956308132,1,0,"2","1",-0.274367993730992
-0.60399089589632,2.09436691518694,1.62174788847395,1,1,"1","1",-0.418909072871112
0.138950615970461,1.51977341022189,0.884974715729302,1,0,"3","2",-1.88270747531453
1.24124725034499,0.496008850072439,-0.0368896789706785,1,0,"2","2",-1.35999117989717
1.2626767962628,0.662867471917447,-1.17603267744408,1,0,"1","1",0.135775388214032
1.31364544708031,-0.988570284999808,-0.280346079090155,0,0,"1","2",-2.54550684978082
-0.841505054823048,0.0665325324078737,2.45903130845824,1,1,"3","3",-2.22718194907645
-0.117785416297671,1.42146823267939,1.8669925446879,1,0,"1","3",-2.87632725128418
-1.67414663299243,-0.80192867775401,-0.322971175652052,0,0,"3","3",-4.57046015208394
-0.934334314543808,3.57392487350945,2.44644571299369,0,0,"2","1",-1.09846580412532
-0.27334797177285,0.317513340150953,-2.15499157926568,1,1,"2","1",-1.66917369335201
-0.186238190812663,1.04198817746266,-0.463862412481248,1,1,"2","3",-3.39191840307851
-0.711329636893382,-0.571714396630388,-1.00397302673267,1,0,"2","1",-2.41896546595613
-0.806317817827095,0.00635313692551486,0.59412739288617,0,0,"2","1",-1.35214815796814
0.901441937448986,2.11836464515806,-0.126055742619186,0,0,"3","1",-0.597232957845289
-0.50709507471395,1.15831019192084,0.248624803400824,1,0,"3","1",0.136381581049192
0.109164898617448,-0.238920936970202,0.165944801276726,1,0,"2","2",-3.27696743350555
0.229573286813951,1.50612856512754,2.54584821193956,1,0,"3","1",0.861371003435052
-0.247054768738414,0.183156414027254,0.900581809991694,0,1,"3","1",-0.72433320192561
-0.377355375638231,-0.0207490047139634,-1.88535895055338,1,1,"3","3",-3.48429290234833
-1.79754174306464,-1.79530484731314,-1.43339474232801,1,1,"2","2",-4.27744170426812
-1.05564632331056,0.0492602124472045,1.19594673846319,1,0,"3","1",-1.22081599305426
0.631784245834369,0.0187253589311134,0.605993986365658,1,0,"1","1",0.491389703286134
-1.14329818466186,-0.202790425303898,2.34041309362179,1,0,"3","1",-1.18295234159324
0.564716479903787,-0.165058762486119,0.857207370355397,1,1,"2","1",-1.2163313755308
-1.36078768701454,1.04453255879885,0.712837322853509,1,0,"3","3",-3.57271955205492
0.655426124459315,0.529302411244259,2.12241293306407,1,0,"3","1",-0.357874873094938
0.875593926382071,0.988049609438086,1.37822823324272,1,0,"1","2",-1.69113082209172
1.08503704644521,-0.484854808954766,-1.70661066734008,1,0,"3","1",-0.870682170737713
-1.72550589815429,-1.55958350770244,-0.932886175323587,1,0,"2","1",-1.51910580938652
-1.87656215346233,0.793137837939338,0.0636622602799746,0,0,"1","1",-1.60436223128967
-2.37969929571884,-0.777043621116273,1.79265439634328,0,0,"3","1",-1.65264153564767
0.150110893680344,-0.0274504264943731,-0.458610065936351,1,1,"2","2",-2.06922957201022
1.21565771353011,0.705651554713489,-0.59586190047224,1,0,"1","2",-2.05847961937266
-0.262791578055096,2.50926238140214,2.11788725538934,0,0,"3","3",-3.14200765370125
-1.02522733939504,0.0611754084129409,2.15949988777776,1,0,"3","1",-1.59814977479965
0.908746066621652,0.87370482634403,-1.35532680070751,0,0,"1","2",-4.09749543203876
-2.12701652003129,-0.605353606439166,0.829318075458334,1,1,"1","1",-1.28330182752642
1.38470536803778,-0.278115733718876,-2.83436185168742,0,1,"1","3",-3.27761632947746
-1.43614461634599,-0.930165574432151,0.763232118188579,1,0,"1","1",-1.97582226473818
-0.328417368826779,-0.092889641380243,-0.342453001751723,1,0,"2","2",-3.75051551794882
2.01968102999758,-0.304809019456721,-0.383839326553548,1,0,"1","1",-0.856720241320625
0.0085167599709186,0.832384725113199,-0.962361714962609,1,1,"2","1",-0.118711740105077
-0.726671494519427,-1.57090341909969,-2.36119673412303,0,0,"3","1",-3.51465710251113
0.118047585325626,-1.58947197110157,1.04851987139429,1,0,"3","2",-3.52560446983375
-1.01165489792199,-0.943690364614859,0.700546733610533,0,0,"2","1",-1.47719171804299
-0.348178104466378,-2.01283951112219,-1.19709146509376,1,0,"3","1",-1.17944337293112
-1.62985629723974,-0.130550059799258,0.9437305326538,1,0,"2","1",-1.27565789696612
-0.760926517139334,-3.01123814553923,-0.488719617655514,1,0,"2","1",-1.74300470528676
0.974523946149133,-0.0934554981442521,0.382705340960262,0,0,"2","2",-2.89118702642847
1.11310261010038,0.399902143195753,0.384315227938974,1,0,"1","1",-1.15092236036295
2.3289558599213,-1.55348754543051,-0.0300557986393071,1,0,"2","2",-2.85999809217153
0.449335204471446,-1.67468216690219,-1.07529519795254,0,1,"1","1",-2.1266208678509
-0.478544571596818,-0.723613478236622,-2.30806605429872,1,1,"2","3",-3.89671143523488
0.107605069181317,-1.66505130456807,-0.376740682579318,1,1,"1","1",-0.6461053886854
-1.38499354716751,0.0823109640901164,-0.94440494000054,1,1,"3","1",-2.13118567281487
-0.808413889665851,-1.36668972083137,1.48514407830513,0,0,"3","1",-1.43756660825842
0.594902034881697,0.835045397650123,-2.43973722930531,1,1,"3","3",-3.22887228858975
0.891903028985243,2.89976264001529,1.7642619754446,1,0,"1","1",0.488535397095322
2.0344110284485,-1.49378777939552,-3.42124304798598,0,1,"1","1",-1.31107713513868
-0.22675898503519,1.36664240436888,2.83324781827358,1,0,"2","1",0.136005894819907
-0.478970840035288,-2.99435634355901,-2.56169729174739,0,0,"3","1",-2.40584798914174
0.988539854632347,0.377391204980025,-1.94457345736602,1,0,"3","2",-4.19870492991883
0.779056347311558,2.70425349918033,-0.0938050583427872,1,0,"2","1",-1.17612515304678
1.29266001004953,-0.268588696964358,-0.368459162962421,1,1,"3","1",0.240799584851561
0.5643562086269,0.94617652286816,-0.0449033096423725,1,1,"3","2",-1.78465748687556
0.476305992436071,-0.154451720880928,-0.063895449238281,1,0,"3","1",-1.42741856388194
0.159621744699699,-0.618970580263068,-1.63174224731898,1,0,"3","1",-1.87724121697117
-0.21169686413182,0.294153556052011,-0.0696557368374829,1,0,"1","1",-1.27118343093173
-0.569202730696489,1.52620876090898,0.276870244248619,1,0,"1","3",-2.93417209071939
-0.585825459140078,-0.0122905532067653,0.861706181118388,1,0,"1","1",-1.56271106255709
1.52933585126063,-1.13030410210901,-2.08283727432361,0,0,"1","3",-4.51200345572039
0.76372095286508,2.80445272793601,1.53365739985486,1,1,"2","3",-2.41664141829343
0.497958267120439,3.31614066272925,1.89536181547609,1,0,"3","2",-1.4415144988506
-1.95998156567992,-0.395883541222864,-0.0148072530212513,1,0,"2","1",-2.30188960121748
-1.56072698967263,-1.04429369215399,-1.83753886992662,1,0,"2","1",-2.51847650075806
0.132719272161543,1.76011981826764,2.70116754956363,1,0,"1","1",-0.792161077933074
1.56273460895954,-0.545680839683635,0.408350929701025,1,0,"2","2",-1.75093669673656
-0.492132953114955,-0.967244233378563,1.09129716276158,1,0,"2","1",-1.02531526008095
0.780007516534037,-0.319347090611065,-1.4859038133735,1,1,"3","3",-3.00414900070062
-2.67506973374167,-0.850749637676929,1.07626032791588,1,1,"2","1",-2.17050774494086
-0.0886727584848597,0.0651801903683721,1.21948420954561,1,0,"3","3",-2.92869354609866
-1.75165910297122,-0.623289729471844,0.387446878214619,1,0,"3","2",-4.02739787359482
0.0055282326570115,1.4998986142553,1.21570296386426,1,1,"3","2",-1.59771188795412
0.185401459093357,-0.126513442428048,0.387557369457123,0,1,"3","1",-0.893530555190498
-2.01735727620534,-2.28216930235459,1.31812430318573,0,0,"1","1",-3.31562333624842
-0.32432831375198,1.78361970538404,-1.76485656590041,1,1,"2","3",-3.90321386523749
-1.32882877203801,1.34764186969109,-0.321957685968137,0,0,"1","1",-2.32961668904358
-0.0451840293338392,1.99714053661703,0.520123435080298,1,0,"3","1",0.391811172641616
-1.37941846721334,-0.276705235209139,0.646397776061857,1,0,"2","1",-1.29214547180641
-0.156132553294195,0.537252043177574,-0.613343319701996,0,0,"2","3",-3.98621294261678
-2.21049131300504,-0.25548480639531,0.282071199799631,1,0,"1","3",-4.5798347567002
0.632184141446161,3.03142506004614,-0.0476380672878247,1,1,"3","3",-2.25416750863474
-1.34540783620762,0.411456481861631,1.57417974080733,1,0,"3","1",-1.05554723784605
0.563388785230308,-0.0867836493529931,-0.564882284480141,1,0,"2","1",-0.0345898674110775
-0.691208831381967,0.345572399299345,-0.801378425522613,1,1,"3","3",-2.89321356434671
1.73008430221542,-0.547205300324883,0.494051122436205,1,1,"1","3",-2.46535811773929
0.124300279497928,-0.826025545235951,-0.646187662580568,0,1,"3","1",-0.891189360830421
0.315974783679027,-0.26205905404074,-1.91848295256873,1,1,"1","1",-1.87945674889443
-0.761638038575006,3.40964880826423,1.54027423399926,1,0,"1","1",-1.14376259045993
0.96575958169315,0.724049892987075,0.804088444099564,1,0,"1","1",1.42006504168374
-0.0832104391695994,-0.186579223246423,-0.48822790587514,0,1,"3","2",-3.32032965740055
0.534287342254505,-1.41135929689443,-1.09047213246674,1,0,"1","2",-3.76648332971133
1.40758803328659,-0.438378170055712,-1.08072667235185,1,1,"2","2",-3.06015577532519
-0.0670541526773495,1.58513030778598,-1.00075974105515,1,1,"2","1",-0.584563307415273
-0.894060665381491,-1.66638348755805,-3.77438022680762,0,1,"3","3",-4.46429762154176
0.698293512650068,1.48674965512869,0.0449164274503474,1,0,"3","3",-3.38529794673888
1.37271258055952,0.797079399659856,1.77832256639243,1,1,"3","1",1.62208224475419
-1.71672237055071,0.59096758885395,-1.67403568829579,1,1,"2","2",-3.93989604710095
-0.702730894537409,0.425199087716227,1.1182221872495,1,0,"1","1",-1.12437020691116
0.789258872509812,-2.46253846194336,1.09151342904843,0,0,"3","2",-2.49158805608461
-0.972760030647858,-1.54779233292038,-0.849969792520363,1,0,"1","1",-1.95416886314569
0.18616998796755,0.274067014362701,-0.675129379876377,1,0,"2","1",-1.80600881048167
1.67022947520974,-0.0385408323106866,-0.73182220351409,1,0,"1","1",-0.200311134027106
0.815908695863423,0.90051861291538,1.67720650518595,0,0,"2","3",-3.61870003452463
-1.29221036760212,-1.72157916785812,1.08752474275169,1,0,"1","1",-1.55102386830754
-0.725104607867427,0.49843994882096,2.67833317247864,1,1,"2","1",0.585537668958205
-0.486534512044344,2.67536540370887,1.64903045557564,1,0,"2","1",-0.567886541942919
0.272931270753314,-0.816458780473767,1.71443209644437,1,0,"2","3",-2.61685724133871
0.959900671917222,1.0261708247701,-1.579451992029,1,1,"1","1",-0.646163500621794
0.832454377656493,2.19292441202982,2.19890677205253,1,0,"2","2",-2.36839849941989
1.17323012125152,0.810955863999421,-0.767362457738848,1,0,"1","1",-0.509184990727297
0.938500603351348,0.332316266922601,0.195182690009768,1,1,"1","2",-1.26626017333699
1.30511227884959,-0.370389917728847,-1.5496375489266,1,1,"1","2",-2.0619385699973
1.99752112571553,1.55725606264185,1.93229154765375,1,1,"1","1",1.60940687017638
1.39137054130793,-0.923303308043843,-3.75809309790052,1,0,"2","2",-3.13628165083182
0.0749776940389445,-2.33042729399338,-1.68680547525598,1,1,"3","2",-3.2376571443059
0.106526046268615,1.87450337192065,1.34477172421391,1,0,"1","2",-3.19447670564616
-0.614501617182885,-0.310262734488913,1.83443264351464,1,0,"1","1",-1.74044767698577
0.182871130585255,0.00858890750526838,-0.719790733101724,1,0,"1","2",-3.86543875220416
-0.866462781826745,-2.79256741079419,-1.65654808259867,1,1,"1","1",-2.47947007809687
0.922578645110845,0.150343904817673,1.71249781941937,1,0,"1","1",-1.44001863974366
-0.430957614575702,-0.204721666148112,1.2207160078197,1,0,"1","1",-0.223351092631604
-1.62164632705019,0.394597184358702,2.00081992593862,1,0,"3","1",-0.89159512947852
1.62846514429512,-2.28452027932876,0.564447674247698,0,0,"1","1",-0.593436604676865
-0.473556356761303,-2.27149460056419,-0.709861190424228,1,1,"3","1",-0.676223574960294
1.28078755686114,-1.1982884662486,-1.66306990599602,0,0,"3","1",-1.59700462732839
-1.09361316413951,0.932555491150657,-1.46059011092917,1,1,"3","1",-1.94517428613047
-0.320155680298881,-1.31980854190148,1.82556910427965,1,0,"3","2",-2.18555942421899
1.15724556323338,-0.689354283367886,-2.37615086607816,0,0,"1","1",-2.50806464751617
0.364412351425107,1.49029557986739,0.554096701358825,1,0,"1","2",-2.36033052686241
-0.0520763896881549,2.00296614850322,1.24864143816265,1,1,"2","3",-2.29034231958772
-0.238481044891191,-1.46562966755367,1.12839723556852,0,1,"3","1",-2.05547536358117
-1.64024492268878,-1.02768924153301,-0.92166824038032,1,1,"1","2",-3.96842921831143
-0.940131253453549,0.88313511416689,1.43227002755362,1,0,"2","1",-1.20506164893704
-0.0805971275764351,-1.10831012341828,-0.0664996586350411,1,0,"3","1",0.333409557634046
0.473448425340812,3.24325146104585,1.22924806298952,1,0,"2","1",-0.421544687805304
-0.328901122381138,1.53655187910166,2.34923171690376,1,0,"1","2",-2.81053258982268
-0.527184891105242,0.845627474577038,1.76028506035529,1,0,"1","3",-3.72367082904016
0.0464192232714473,-2.37463785356274,0.976445314552004,1,0,"3","1",-0.632870061608832
1.74356179218379,-0.413347748111521,-0.892682053655959,1,0,"3","1",-0.372105519185541
0.284211833406219,0.889644520852638,-0.159429263880171,0,1,"1","3",-3.14321393088146
0.847577395471157,-0.135590947361842,0.163533072400841,1,0,"3","1",0.435097244124397
0.0469472765463508,-1.52363686231818,-1.56610851304889,0,1,"2","1",-1.1440957507465
-0.0980652123487519,0.0450531287999951,0.475503909531071,1,0,"2","2",-2.6648768126729
-0.212681513165539,0.431561636676866,0.703620371901882,1,0,"1","3",-3.4259704940331
0.193447443610949,0.688103696374321,4.61452376627792,1,0,"3","1",-0.143930834373276
-2.49443862769121,0.0997573752730017,1.7065613667709,1,0,"1","1",-2.1909354269819
0.241454029341106,0.380859009488456,-2.23536744068776,1,1,"1","2",-3.18196521769975
-0.046842784947576,-0.322900872593337,0.943262284646227,1,0,"1","3",-3.63873416045729
1.09476089034851,-2.30371484204237,0.263296832092813,0,0,"2","2",-2.61426582080556
-1.2914346163937,0.723895078899517,0.579817522330111,1,0,"3","1",-1.8899032613396
0.967526032610285,-0.432088365811519,-1.94390448410678,1,1,"3","1",-0.404870946395939
-0.904030323818632,-2.51043871792958,0.824079560238243,1,0,"2","1",-1.75834579257194
-0.488648121260188,-0.155682179689772,0.560490144588904,0,0,"1","1",-1.89351508089858
0.75321562380135,1.19402218927528,1.00101747814074,1,1,"3","2",-1.49241204462576
0.289266925784176,1.53587653603928,-0.6998685468477,1,0,"2","3",-3.54789560798773
-0.222694874377481,-0.0799319112660011,-0.685849944352147,0,0,"1","1",-2.49817646819971
0.532562955034259,1.06324274092147,0.076733937277337,1,0,"2","1",-0.41531656186774
0.885515834182771,1.75539308344552,-1.34353458450493,1,1,"2","2",-1.90423322028752
0.333883462140793,0.765609795405005,0.91705791825648,1,0,"3","2",-2.64487876232041
-0.7306069557756,-0.484751708776033,0.132760089973829,0,1,"3","3",-4.51191370792531
0.223253233244911,2.47390878124921,-0.143533544797304,1,0,"1","1",-1.44617653955304
-0.526935099676761,-2.03392083350659,-0.154607864857896,1,0,"1","1",-1.24822174542815
-0.304185410976847,-0.181363007750758,0.0202874009766512,1,0,"1","2",-3.47390202330775
-0.953456988494982,2.47100270889604,0.979769836012871,1,1,"1","1",0.0901803426275978
-1.69553952432557,-1.82175646604907,-0.921035997069716,1,0,"1","1",-2.22573487120394
-0.677449499936845,-1.53812503862011,-4.16408455945767,1,0,"1","3",-5.18686450740903
1.01543734073582,-0.5809771750112,-1.73951450628581,0,0,"3","2",-3.8841444172977
-0.0964559216387622,0.696589297102242,-2.02428766020813,1,1,"3","2",-2.50271546841404
0.933654315797391,0.483372932173078,0.375903759772721,1,1,"1","3",-2.3442434490403
0.550630127769556,0.225140049551103,0.348154347390839,1,0,"2","1",-0.601574915170293
-0.725054744947456,-0.216896876097491,0.794295084181468,1,0,"2","3",-3.11040073361666
1.56532614806719,0.954455468480952,-0.785293247918548,1,1,"1","3",-3.59732938588821
-1.06776248746737,-2.24947617435971,-2.59525867853182,0,0,"3","1",-3.28701806116323
0.60401408167219,-1.91444395425151,-0.0342511168851294,1,1,"2","1",-0.166990657581553
0.357253125924692,-0.645860366240301,1.03299495283932,1,1,"3","3",-2.3512568295996
-0.190677449683096,-0.608340625879252,-2.27050825990102,1,1,"2","2",-3.58185206353887
-1.1135233912033,-0.370941231554675,1.02954845566065,1,0,"1","2",-3.45051251066291
-0.797281899710176,-0.159107526606427,-0.561678221633592,0,1,"2","1",-1.50598069877704
0.417379297568974,-0.655052346454257,-0.972461021184437,1,1,"2","3",-2.74948054469148
0.848681258163005,-1.79710396671163,0.800395403063463,1,1,"3","1",0.780686505528397
0.0820639358238907,-0.923551086802128,-1.12065146923698,0,1,"2","1",-1.40502384309063
0.51227941450402,1.73567981550221,0.210252485234168,1,1,"2","3",-2.94082066020738
-0.541705530894141,0.117451203170124,1.18469248882466,1,0,"3","2",-1.39995418916133
-1.30229185920647,0.0632952562933872,0.918460526010209,1,1,"3","1",0.325141711102083
1.02770049290098,1.18928900406337,0.130348149433774,1,0,"1","3",-3.6138670341941
-0.897921455885308,1.15882114375926,0.823662069894228,1,0,"2","3",-4.40475574401324
0.243589408955492,-0.642592945375686,0.849528882558136,0,1,"3","2",-2.38031531725435
-0.841792227785248,-1.83533733945301,-0.021141808437075,0,1,"2","3",-3.65097649698574
-0.748246873684395,2.44436965151334,-1.28934127190514,0,1,"3","1",-1.34147608226564
-1.35571617211996,-0.946464125891177,-0.299552898889115,1,0,"1","3",-4.86124952862159
1.56697122146979,0.242497412366318,1.61974819148155,0,0,"3","1",-0.00975061900759067
0.570781449698379,2.70607447041481,-0.498004752696987,0,1,"3","1",-0.267106141235305
0.49559053742149,-0.206926352637421,0.106042507286518,0,1,"3","3",-3.52411540821005
0.543855490375942,1.11673947360417,1.06316798929051,1,1,"3","3",-1.67041435848675
-1.34146402630461,0.190753850035942,1.04238582229069,1,1,"1","2",-3.26259365351113
-1.6296735706074,-1.99960298256052,-2.55584384541246,1,0,"3","2",-3.38327151385699
0.425993563024934,1.1561432214355,-1.06206295703302,1,0,"1","3",-2.32975525847698
-0.0254870323449561,0.197779509410564,1.2670741227875,1,0,"1","2",-2.9311962628049
-0.100808729093275,-0.978911608071832,0.672630031709442,1,0,"1","1",-0.380068158885087
-1.58367585889489,-1.90976122563477,0.157837918115855,0,1,"2","2",-3.17920008771672
-0.773337356793953,0.348831933404046,-0.14752599432858,1,0,"1","1",-1.77247261839323
-0.744649333323331,1.31463751952812,1.92130690496856,1,0,"3","2",-2.43403280635216
-1.7027954800656,2.66219656785198,3.08789785038031,0,0,"1","3",-4.21161719042133
0.010126772691828,-0.103332577678799,0.653093036691136,1,0,"1","2",-3.24740962736568
1.10284499903179,0.283295531819087,-1.0488222605677,1,0,"1","1",-0.861596015918408
-1.07135911614443,-0.314299344160019,1.38587407659556,1,0,"2","1",-1.06533965406319
0.654255060800419,-1.31464992573467,-3.10579004454591,0,0,"1","2",-3.60187844797384
-0.315935538954494,2.06284049458563,0.944960630130145,1,0,"3","1",-0.474283950933851
0.0732479273260689,0.334043920622648,2.48384698830632,1,0,"2","1",-0.600189260533561
-1.31745121464252,0.193289431311387,2.24910877766661,1,0,"2","1",-0.881963705670782
0.124885240546542,-0.382541692828756,-1.39931002496738,1,1,"2","1",-0.65376675151828
1.27524034924358,-0.24385240643557,-0.829902353163194,1,1,"1","1",-0.650038900330057
-0.0476268149235617,-2.66202793116946,0.106130619559697,1,0,"3","2",-3.12927987774411
0.210104763114622,0.852652878939618,-1.14211974570222,1,0,"2","1",-1.06365628777184
0.0499374946912202,0.221849963889722,1.07216952279984,1,1,"3","1",0.423992688039593
-0.35009270028601,1.45803762836744,1.27045666012874,1,0,"3","3",-2.02556159588804
-0.994075736442826,2.50240958627111,1.79268335613715,1,1,"1","1",-0.239376216199691
0.263914971217929,0.969247692105117,0.867535045237791,1,1,"3","3",-2.72578186669356
1.05724096750287,0.440144423478766,3.98549475518418,1,0,"1","1",0.764656341075883
-0.337876664156924,2.13123037686034,3.0442401580623,1,0,"2","1",-0.400910344899323
-0.288349499114044,1.52968751154336,2.97829792532272,1,0,"1","1",-0.374081736312421
2.38732973699527,0.0971199341547179,-2.67972867587701,0,1,"1","1",-0.572765186402535
-0.402650418822199,-0.00830679254227102,1.5742240794412,1,0,"3","1",-1.52402682019206
0.736210339223643,1.59025282949491,1.60557607340551,1,1,"3","3",-2.17135374305106
0.105932088160233,-0.0834061985117739,-0.789302310655958,1,1,"2","1",-0.378156592305526
0.75152433501705,-1.62122063351931,-0.252174939329962,1,0,"3","2",-2.18747122006342
0.233442207415299,1.53436399616798,0.827169980514359,1,0,"1","1",-1.28097119963889
0.510765686771608,0.110588047301721,1.65566171356315,1,0,"2","2",-2.6335834886892
-0.11994951316063,-1.99470453162262,-0.178580847739152,0,0,"2","1",-2.43434319193924
0.431277972426913,1.16024967821598,-0.177062969983791,1,0,"2","1",-0.632143564490938
-0.0795733275022093,1.61610051941407,2.75563407142686,1,0,"3","3",-2.65623249363126
-0.185324255749109,-0.820226309462864,-1.9320110422395,1,0,"3","2",-2.68568444702538
-1.12091688395356,1.68667744036121,2.14940273782862,1,1,"3","3",-2.69610431900622
1.55242716991642,1.74993025246515,-0.637654288881156,1,1,"2","3",-3.0317502071052
0.177697717389557,-1.78209812052199,0.414152805888299,0,0,"3","2",-2.47483174633563
0.802404456051621,-0.293653747676,-1.6177038195161,1,0,"1","1",-1.77661360658528
-0.428786628022448,0.458025146709176,0.494432438935247,0,0,"3","1",-1.04440257162255
-0.804647015247291,3.25636924443415,2.99807187127001,1,0,"1","3",-2.81984845413801
0.927400063657959,2.2950959973334,0.851792274750666,1,0,"3","2",-0.912201452089707
0.414749641527554,0.319917483431411,0.434406154197084,1,0,"1","1",-0.416168410407123
0.4426759294306,-0.37358055156688,1.25379815322835,1,0,"1","2",-2.3240624099975
0.544534941993373,-0.215684278487334,-1.1655741655896,1,1,"1","1",-0.447020823246519
-0.0609357539251659,-1.08110921222058,1.00569103899128,1,0,"1","3",-4.75658053751504
0.920109374108419,-2.21996332535444,0.537820233531563,1,0,"3","3",-2.02702844612282
-0.778335742211437,1.53425691140112,3.32837490791841,1,0,"1","2",-0.934239267341729
-2.2684854880931,0.182390924453365,2.7612149232916,1,0,"1","3",-3.96031470045745
-0.0324259028966473,1.57192705297022,2.07468100358373,1,0,"1","1",-0.406727391261291
-1.95900887372415,-1.45411181916132,-0.641365714795807,1,0,"1","1",-2.1743603394324
-0.200408154958745,-0.504097693262332,-0.25846119777797,1,0,"2","1",-1.58735657312649
0.616907733674643,-1.9220966209862,-2.22695410454613,1,0,"1","1",-2.20764112885475
0.153831932704475,-1.93385180695263,0.127839414092273,1,0,"2","2",-3.87077962805815
1.41194588915297,-2.75147178564805,-3.44843045940724,1,0,"2","2",-3.59445360760683
-0.18423265720149,-1.30846770344607,-2.18676204098639,1,1,"1","2",-3.47212439740018
0.787047536454373,1.03102790666584,-1.07398488987833,1,0,"3","1",-0.727433267196433
0.293804355009425,-2.26006337764573,-0.92743605989483,0,0,"3","3",-4.13522599939395
-0.729741253320783,0.101643413622877,2.25851811840039,0,0,"3","1",-1.65958429748952
-0.55353869305746,1.20016305606716,2.46309776871415,0,1,"3","1",-0.707360475922428
0.254958464730324,-0.971523918314096,-2.65594964641218,1,1,"3","1",-1.35074630479918
-0.596203384861057,1.14972545647122,1.07671893595807,1,0,"1","1",0.295422099388936
1.22571477482726,0.827006506975407,-0.105598618279505,1,0,"2","3",-2.97394950980456
-0.00551016904409177,0.808362060951798,-0.057393115166895,1,0,"2","1",-0.679733113979337
-0.263777768105489,-1.41663954543878,-2.15386932737596,1,0,"1","1",-2.26587101106881
0.928342730586631,-0.213087766465445,-1.4573611994137,1,0,"1","2",-4.04992890048516
-1.25248819508058,0.30755395716249,0.683447269557867,1,0,"3","3",-4.8379425034199
-1.58190253593884,-0.0405342152321307,0.988143545344909,1,0,"1","3",-4.81869093731808
-0.188712282347366,0.572572073886998,1.1260077530421,1,0,"3","3",-2.61816444641115
2.73157698998267,-0.973129344336596,-4.10285705074766,1,1,"1","3",-2.88209772424438
0.818883291851801,0.00925010643373643,-1.35254375477577,1,1,"3","2",-2.62174703335374
-0.136054783982084,2.48037275101429,0.466966820763185,0,0,"1","1",-1.18098908346709
0.0487748008107162,-0.563736426929951,0.294880066463101,0,0,"1","1",-2.34152431154717
0.0912762804270776,-2.81512531663001,-1.10553247243489,1,0,"1","1",-1.32104992459756
-0.445500419357658,0.55980085867148,-0.933062393239974,1,1,"3","3",-3.01692106448656
-0.115378632184847,2.05571265942447,4.27792617352985,1,0,"2","3",-2.56693877989329
2.31673624102692,1.86672204161841,0.134757953058582,1,0,"2","2",-2.92474640418102
-0.753343977408084,1.09249891862518,3.22659261109005,1,1,"2","1",-0.40511255433651
1.51614871459853,-0.324375316536898,-2.92538924402954,1,1,"1","2",-1.25780674722121
0.0207822843255621,-1.45452245754283,0.798312214225878,1,1,"2","3",-2.70956394905784
-0.341753452752705,-0.0783855735345808,0.290685229125092,1,0,"1","2",-2.92966763430676
0.0143850386351961,0.0197911449383564,-1.61352367873837,1,1,"3","3",-3.56303209300861
-0.680216191731146,-0.939795371898259,0.254917066778124,1,0,"2","2",-3.58181952980683
1.44657364586207,0.154970494169315,-0.173307798688655,0,0,"2","1",-0.699688785938416
-0.211389743576132,-1.4686382539182,-1.28681237656887,1,1,"1","1",-0.136541630719112
2.04306882955417,0.179851386766518,0.826605517306717,1,0,"2","1",-1.09538786895121
-0.552511465993539,0.590669282364178,2.11533504517926,1,1,"1","3",-2.23571388100232
0.76021210482063,-1.31134181395048,1.30970923789849,1,0,"3","1",-0.820266500661627
-1.02140674115268,-0.123075717994735,-1.69817452729368,1,1,"1","1",-1.76863080346697
0.75243827984332,2.24049316678285,0.171069280989983,1,0,"1","1",-0.556530292355192
-0.124737402116346,-0.362447685072803,0.138065552274298,1,1,"3","3",-2.94452164792174
1.8249965566847,-1.12848942709726,0.0870496280738196,1,1,"3","1",0.190703125704756
0.353327792057549,-0.45949305942036,-0.922558180207969,1,0,"2","3",-4.03921452159519
-0.0539692900269079,-0.168504683818884,0.985659163710884,1,0,"3","1",0.136732118466521
2.06573605820256,1.30412180749111,0.768101171293541,1,0,"1","3",-1.34389889584023
-0.795191250255386,0.116048150754124,-2.44767875724098,0,0,"3","1",-1.84807003665708
-0.957334136455838,-0.23211182572898,-2.53370477331128,1,0,"3","3",-4.28096257542308
1.05280135932617,-0.902867981646233,0.427375458585387,1,0,"3","3",-2.83161084024951
-0.660535140372797,-0.323368923310836,-0.0681568059571563,1,0,"3","3",-3.51673919949675
0.734449600915827,-0.146130234325988,1.99244374789483,1,0,"1","3",-2.17251930530821
1.12631206454658,-1.11684316844081,-1.70669539946371,1,0,"3","3",-3.13626694579917
0.0460890266200892,3.04264494943264,1.0469702736737,1,1,"2","3",-2.02584873414545
-2.21836331108616,-1.48663395238582,0.782942954507403,1,0,"3","3",-3.64001745543325
-1.9878543621424,-1.32256200973563,2.06030620095072,1,0,"3","2",-4.11929462076484
-0.180736153341845,-0.316833406738094,-1.8428079991862,1,1,"3","1",-0.518284768584652
-1.1874272001153,0.870885946675727,1.09187184376543,0,0,"3","1",-0.450307933836357
0.717643618012091,0.637327277216914,-0.676683089048062,1,0,"2","2",-3.91041797177582
-1.38619592863788,0.478904664607881,1.27024771971915,1,0,"1","2",-4.5019178654043
-0.188383226128097,0.0270772993551843,0.629264929328769,0,0,"3","1",-1.2991370080197
-0.696998225056207,-0.196706148926366,0.912286639032507,1,1,"1","1",-0.687197154021221
-0.513476045563642,1.24981016672292,2.54221769565297,1,1,"3","1",0.744050234350679
-0.796218152621493,2.33730550427325,1.52173404810503,0,0,"2","3",-3.7385427704998
0.218735712371907,1.00578714751325,0.60029318313021,1,0,"2","1",-0.394670148420761
-0.194734576506329,-1.88072588634734,1.70129541042953,1,0,"2","2",-2.70261360365569
0.182934256194898,0.642949657399057,-1.84828983373405,1,1,"3","2",-2.08572119206288
0.583735090591223,0.835038432909471,-0.180105578183825,0,0,"3","1",-0.488102771529763
1.84085758671372,-1.58180335471325,-0.896215726777604,1,1,"3","2",-2.15203244521908
-1.2496348163891,-0.355425265849307,1.51930751967909,1,1,"3","3",-2.23966886616404
0.537621757122397,-1.18779398854012,0.102649023448738,1,0,"1","1",-1.06257910701136
-0.441344142199958,-1.45501456196477,-0.590653265765509,0,1,"1","2",-3.08070374109925
0.045684098357699,0.255082956276345,1.00205490561082,1,1,"3","3",-2.88605492165926
-0.412953020555252,0.119221761921485,1.84996837262931,1,0,"3","3",-3.61687783706864
0.517860696294635,-0.566740667480253,0.0616600108142444,1,0,"1","1",-1.29292449108537
-0.0565901085162687,-0.382819008051639,-1.18832027451569,0,1,"2","1",-0.480075821199841
1.05765446384368,-0.334257045682596,0.712655832709596,1,0,"1","3",-3.33108069751237
0.183316549104477,-1.61787028407191,-1.34495712341054,1,1,"3","1",0.827913133345384
-0.113572970000247,1.6049054491511,0.774059495206138,0,0,"3","2",-2.69211605996466
1.00112561711801,-0.799909883579084,-1.08849995119551,1,0,"2","1",-1.30860889676416
-0.106050312287727,0.377342317324648,1.10397233384756,1,0,"2","2",-2.38308335885596
-0.296126235728353,-2.2490218425836,-0.212013411627058,1,0,"3","2",-2.60004686383719
1.88141375572088,2.82243470899182,1.66648889968034,1,1,"1","2",-0.880609795356567
0.759179830988726,-0.527105538435725,0.572705047951504,1,0,"2","3",-2.55220763302585
-0.576319977044079,0.678901108893686,-0.981759416371043,1,0,"1","1",-2.46818183338464
1.30844106666186,1.04719203610912,0.499467499530755,0,0,"2","2",-2.18837759998905
0.780373507595788,2.27243370073278,2.24829696904645,1,0,"2","2",-1.20980910481584
0.128761697430932,-0.419597454588792,-1.02658007451031,1,0,"1","1",-1.80402004691232
-0.932511925844374,1.62382551616327,0.224041668264515,1,0,"3","2",-2.90985016520627
-0.77149454251718,1.59242560973026,3.72534698759681,1,0,"3","1",-0.184786978859137
-0.567832393617379,2.03532079112766,-0.188014390057405,1,0,"2","1",-1.81038673567414
-0.0632206209924224,0.631247313623426,0.612850775703992,1,0,"1","1",-1.68148186884898
-1.58185564026872,-0.0819851726290217,0.516752236512561,0,1,"2","3",-4.14568232238263
2.7338398235843,-0.799941697756107,-0.227822659683556,1,1,"1","3",-1.38251066697509
-1.46161935246857,0.568658805720105,3.3363396231274,0,0,"2","1",-1.19946356550061
-0.0171712130130851,2.85218394404749,2.93969356729941,0,0,"1","3",-4.32062816144477
0.450556082176295,-1.08272155259057,-2.99624650002551,0,1,"2","3",-4.82414082048139
-1.91146019859498,1.67516411936468,3.49016138356853,1,0,"2","1",-0.825445010858856
0.0703998122657409,0.685918168648192,-0.279412264332447,0,0,"3","1",-0.734733855198544
-0.135267713310664,2.49940639829575,0.253925950592519,1,1,"2","2",-1.85546699631823
-2.45565781775764,-0.906646138356441,0.526766394059174,1,0,"1","1",-2.29414797391208
-1.02928636744727,-0.512950845693437,1.24880505049845,0,0,"1","3",-4.97071885580575
-0.68817746657832,0.163340526712176,2.50065172285045,1,0,"2","1",0.555401788877071
-1.3365326421023,2.25346318013807,3.13968251213114,1,1,"3","1",0.594697042338407
-0.791993128674444,-2.02318798084975,0.0135652558966115,0,0,"2","1",-2.16443012756684
-0.520396462372227,1.53786765602979,0.721113655073252,1,0,"3","1",-0.669921620034588
1.49902464215607,-1.23151022496747,-0.0648519468294344,0,0,"3","3",-2.42323710000028
0.615802185322236,-1.01038802703609,-0.341546035315435,1,1,"1","2",-2.23486542593867
0.804199320155725,-0.158117224884901,0.452653790579255,0,1,"1","1",-0.310827959610298
1.43306303250856,0.682122840996572,0.58189216437509,0,0,"2","3",-2.70992703926356
0.41390935475355,1.80844749120762,0.910710476174204,1,0,"2","3",-3.32879242734531
0.613456198005913,-1.30184771753075,-0.999257779964632,1,1,"2","2",-2.65163283034616
1.91624679774973,-1.31329739407474,-0.31173630583156,1,0,"2","2",-2.08546105313804
0.165643603318865,-0.0884288323519945,-0.752531122779861,1,0,"1","1",-2.63208527598187
-0.00651850540494242,-1.74904693288498,-0.738141033859709,0,0,"1","3",-3.98212498466952
-1.21655586868802,0.858585762139005,0.530354152818389,1,0,"2","1",-1.5235867205125
0.726029731367883,2.29722013878257,1.53096951582256,1,0,"1","1",-0.360766868549796
-1.31857119219045,-2.70300461484287,-0.739369290909075,0,1,"1","1",-2.74825568267456
-0.677331521046536,-1.78929053836101,-2.49426525927195,0,0,"3","3",-5.24987641003817
0.568881719427332,0.999309374859485,-0.145212242501871,0,0,"1","3",-4.72570293330169
1.08392489169033,1.45878796239095,-2.29982777508137,1,1,"3","1",-0.856422850766356
-1.08599743429746,0.724176960240193,1.42303833823156,1,0,"1","1",-0.801415478448099
1.36311597370012,-0.797320902138179,-0.13522413660042,1,0,"2","1",-0.880770964837755
-0.928553073666054,0.690027452858538,-0.0178501184670007,1,1,"2","3",-4.09128352713454
1.09575007561662,1.27669130128692,2.34336082362664,0,0,"2","3",-2.51247637393367
0.705802819017671,1.69081212716962,-0.438524000603247,1,0,"2","1",-0.158622261242457
1.4119061578158,1.41803895748896,-0.448981311579183,1,1,"1","1",0.3185055371599
0.846387279905186,-0.529918705123278,-2.09898078332564,1,1,"2","3",-3.84586390706964
0.0611926006754716,-2.05334312200132,-1.2787914108217,0,0,"1","2",-4.34708261755448
0.0137511524224832,0.859040924150132,0.777123047961543,1,0,"1","1",-1.05024842563265
0.759990470536839,-0.0729935778428792,0.802083704655133,1,0,"2","2",-1.74021895308701
1.75335329539175,0.392040651563722,2.79643014384303,1,0,"3","1",0.807398926564291
-0.47276082505892,0.511300053796624,-2.79929652227833,0,0,"1","1",-3.08369947393889
1.56114275079477,0.847935776699814,1.5978153287614,1,0,"1","1",-0.0399832237765259
0.462264991229654,1.3120525435299,1.85517196005338,1,0,"1","1",-0.405871615495255
-0.0370635170153791,-2.46690968414181,-1.25375582806468,1,1,"3","1",-1.13976834035776
-1.95152769536497,1.18063431219861,0.245038046091382,1,1,"1","1",-2.22107297917228
1.23445398807638,1.63039769665817,-1.82727863900912,1,0,"3","3",-2.98463178585965
-0.166936308463573,-0.107651122118483,-0.765404191263344,1,0,"1","3",-3.10721111001209
1.55257550624056,-0.765161850355625,1.54047889054624,0,1,"1","3",-1.60095731106853
1.17797392913632,2.7821099857484,-0.476074538251649,1,0,"3","1",0.810406747537563
1.78470163126906,1.6461273469663,0.596750766456842,0,0,"1","3",-2.67336002936014
0.164172864216476,0.70227020042526,0.195708796861022,1,1,"2","3",-3.46498497262185
-1.32739098078233,0.558716099769892,2.39893157779288,1,0,"3","1",-0.344748776779938
1.60867244499411,-1.5952531035646,0.0365712965531555,1,1,"3","3",-2.67145780203869
1.16652829346573,-3.1984496239256,-2.16212108992652,1,0,"3","3",-3.02719661051117
1.23028049603363,-2.48606294611848,-0.573413887972323,1,0,"2","1",-0.10504537071406
-0.554421893804573,0.788993585438978,-0.1985610774815,1,1,"2","3",-3.39708262571236
-0.551750643274757,-0.336002736332886,-3.1299574613501,0,0,"3","1",-2.24123063002695
-0.312745087368242,0.254494817619062,-1.55075914103291,1,0,"3","1",-1.18617079317763
0.965423514490805,-0.0719600069654883,-0.0936575528543881,1,1,"3","3",-2.52330883499887
-0.19133256148816,3.57657649801442,-1.28997035600544,1,0,"3","2",-3.02498334791048
-0.443392385118458,-0.37510407972686,0.503642853152555,1,0,"1","3",-4.2812471187475
-0.112992564962835,1.01831999292955,-0.820857719000141,0,1,"2","2",-2.61308358348556
-0.0363614654184117,-0.59492084243974,0.547552957916807,1,0,"3","1",-0.0406846654163381
-1.14183187227851,0.591775847753195,-0.393610353071142,1,0,"1","2",-3.17941045038144
-0.227855185619638,0.500127683375588,0.381804249254184,1,1,"2","3",-2.582802638286
1.09874011612211,1.12481049901322,-1.78977951263773,1,0,"2","3",-3.56228663342318
-2.09723342004598,0.529150654060966,3.05420696727257,0,0,"1","1",-1.38813014746047
-0.445989978136026,2.26638771846043,2.22928344859599,1,0,"3","1",-0.740334803410948
0.534003491165038,-0.520913927424426,-1.21879855985854,0,0,"1","2",-3.00605891829604
-2.01851992445529,-1.12648958971645,-1.20175718406719,0,1,"1","1",-3.00437450879586
0.182555484118923,1.3562598342775,-3.23060626079889,0,1,"3","2",-3.2907617656451
-0.0260922462932139,0.869852938057531,0.99978863509263,1,0,"2","3",-2.71335007075129
-0.177431615599573,-1.92807891425731,-0.182946346747798,1,0,"1","3",-3.35420826775905
-0.451954574198624,0.414671503459835,3.31172278526347,1,0,"1","1",0.63886344901746
0.519970464228208,-0.182829701915381,1.73010921055217,1,1,"2","2",-1.55533648021963
-1.67565635483778,1.56959162812271,2.30008007700099,1,0,"2","1",-0.823044708538296
-1.45148435101358,0.350300804139659,-2.79368909698611,1,1,"1","2",-4.13345349945477
-0.683693405424576,1.70632110958533,3.90130293189856,1,0,"1","2",-2.62631420152557
-2.29016642829903,0.614216639317036,1.62619752050548,1,0,"3","2",-3.68677365709837
-0.000140186245816129,1.86008939386534,1.49086145274058,1,1,"2","1",-0.662182571214159
-0.886993275583819,2.1312321304649,1.22323501897193,1,0,"2","3",-3.00235750819732
-1.21848432263797,1.56486242700503,3.22301733603609,1,0,"1","1",-0.799479850570117
-0.342125366543731,0.460445079026237,2.86527117543271,1,0,"3","2",-2.24739629841712
1.14074284360213,1.57990298617772,0.961048557277711,0,1,"1","1",0.0866695451125579
0.0758452059046943,-2.81164778487854,1.06935241966513,1,0,"3","2",-2.75871937979446
0.837767153814222,-0.335730665631688,-0.934342412606058,1,1,"1","1",-0.65841777860395
-0.701671280505116,0.0778693376908503,1.68170558632906,1,0,"1","1",-2.39197096150397
-1.06209894774101,-1.36126892093635,-0.198057632842362,0,1,"2","1",-2.13247014778547
0.318341717258138,-0.81432492317828,1.39145643175714,1,0,"1","3",-3.46500398915516
0.56005091193661,-1.2546349116797,0.784431466895277,0,1,"3","1",-0.265970929809833
0.451831321158578,-2.39632980675915,-2.33556386142923,1,0,"3","1",-1.70229980069827
1.63161979677317,1.03050839857355,-0.311945834320697,1,0,"2","1",0.0494678248815652
-0.381606549508821,-0.883736451371677,-0.759941929189969,0,0,"2","3",-3.68300373805977
1.05612691875068,-3.87536343253083,-3.16357341709741,0,1,"2","2",-3.45802394577788
0.377117098379654,1.29524014724654,0.680986385998977,1,0,"2","2",-1.58668577746184
-1.54083578948969,-1.9391832792556,-1.41343371798811,1,1,"1","3",-6.16637832317706
-0.699580577315809,-0.881527385229863,-1.03849031090328,1,0,"1","1",-2.41108914469538
0.013393001516212,2.23782515509085,0.0872481044268503,1,0,"2","2",-2.96991191323384
0.699859744638871,-2.05153536690485,-0.0207177024343455,0,0,"3","1",-1.09485413430078
-1.96059811470308,-1.19145147526368,-2.51526839089972,0,1,"3","1",-2.14640114624918
0.642025952352518,-0.888839978688193,0.274466125349154,1,0,"3","2",-2.03124217846048
-2.28583465909577,1.57889292637206,2.45296085360762,1,0,"3","1",-0.5420877058829
-0.188627694167385,0.442142549944297,0.0103066634418974,1,0,"1","3",-3.96224859806563
2.62670824273299,0.49570903207277,-2.45174974121425,1,0,"3","2",-1.83674985883707
-0.340649806035949,-3.71391299879345,-2.60949828485439,0,1,"2","1",-2.40238115270988
1.00885966926598,0.255991544352457,-1.1326151593575,1,0,"2","3",-3.6532272631339
-2.15000144588758,-1.78129176636911,0.666679860752569,0,0,"3","3",-4.08083878773809
-0.468688896013418,0.0145178045396543,1.03380639978643,1,0,"2","3",-3.23632191273623
-0.206831682595195,-1.18561579863689,-0.261286533087511,0,1,"3","2",-2.66699452027367
0.0756184290652621,-2.70854813747771,-1.81884222537633,1,0,"2","1",-1.38990921323104
1.1626275291361,2.37323854055278,-1.95818490899448,1,0,"2","2",-2.8594563803194
1.76171454631926,0.0110299171355107,0.236263616615687,1,1,"2","2",-2.24010593736737
-0.94800358263155,-2.92057356522813,-2.86635366588851,0,1,"2","1",-3.63429510270526
-1.37123477194462,0.646688250670716,1.80867493254615,1,1,"3","1",-0.45726764836879
-0.944517875940318,1.13186318355424,-0.0531992449566859,1,1,"3","1",-1.08064737609815
0.602977850759129,-0.450237142917717,0.182142776046843,1,1,"2","3",-2.24579963195551
-0.292200876929004,1.47743193425401,3.38829665092806,1,0,"1","3",-4.57881971927997
-0.0862331243257474,1.12896681785254,0.326438865182356,1,0,"2","3",-2.78751452246356
0.659885512817655,1.61669785360383,1.58881832958288,1,0,"2","1",-0.604460820130086
0.702114108613741,-2.53348413028065,-2.64488948092768,1,0,"3","2",-2.52508601252251
1.58007995447311,0.471798610146457,2.0158151069398,1,0,"2","1",1.11582412835441
0.694013764101538,-0.0813383827240623,-0.0499665502884736,1,0,"2","1",-0.99278097331166
1.97937741617265,0.329459336443496,-0.115775208950995,1,0,"2","1",0.177714711700758
0.0788989652244637,-1.30120578296721,-1.67692584615213,0,0,"2","1",-1.98448605875686
-0.832186574171209,0.783128042658116,0.905643815864914,0,1,"2","1",-1.39095397985485
1.93577558486975,2.17078050647668,-0.0783242226237757,1,1,"2","2",-0.768776477514045
-1.3157282424216,0.329371280798085,1.08682309130802,0,0,"2","1",-1.53981297010604
1.1166311626248,2.99357083515204,-1.84794460099796,1,0,"3","2",-2.72648971230197
0.195912768781488,0.330803355662029,-0.964354341130061,1,0,"1","1",-1.0607932043865
1.33263813682681,1.00588915419277,-2.95783239614905,1,1,"3","3",-3.31230828522968
-0.0191964366076516,1.42481915067213,0.761048824152183,0,0,"2","1",-1.46338037670678
0.111706393267082,1.79441518345217,1.4460895059468,1,0,"3","1",-0.55567853640466
-0.0341973638058377,0.284103501463554,-2.66570402988449,1,1,"1","1",-1.7155508304501
1.46689679050005,0.520275996118238,-0.68384380873177,0,0,"1","3",-3.69477066626075
-0.0379723609565882,0.0661654291722742,-1.13119618994067,1,0,"3","2",-3.36815921618851
0.595500479769725,-1.45634867491582,0.26886481239328,1,0,"2","1",-0.822291208231984
0.253838592156177,-0.0355153535555524,-1.70104276256215,1,0,"1","2",-3.90853309313498
-1.81128055312696,1.52003495994108,1.00390018229338,1,0,"1","1",-1.97029130886095
0.903708516470494,-0.85071458263995,-1.27399139490113,1,0,"3","1",-1.47648609010718
-1.3043664248343,-0.430330588961375,1.57952936280743,1,0,"1","1",-0.805596986966942
0.0224213850736059,0.792745170442163,3.59731578528079,0,0,"2","2",-1.86918674149767
1.30124821861281,-1.15537046596377,0.696587596604793,1,0,"3","1",-0.293927194841451
0.386733480073934,2.29188880822422,3.47890342082484,1,0,"1","1",-0.910726413801202
-0.55698175854838,-1.42395388642532,-1.88838020545077,1,0,"3","1",-1.2963104987754
-0.1192077586325,-0.831322377117475,-0.559036190281144,1,1,"3","2",-2.88197657466731
1.63702514358901,0.0375781393971326,0.17313283146941,0,1,"1","3",-2.44681447997944
-0.0678868114986239,1.85864032725904,1.02643211318698,1,0,"3","3",-1.93559693648661
-1.25251600118093,-1.57185395516545,1.281469989248,0,0,"1","1",-2.09588354096239
-0.170805201332569,-0.565517820461138,0.955117487287845,1,1,"3","1",0.178764348231329
0.83190471960851,-0.780603371327424,-1.26307236440292,0,1,"1","2",-2.94633986402374
-0.864013347470964,3.29746489968125,1.7592640769198,1,1,"3","1",0.0620363052592581
-0.353161458907256,1.70047039486014,2.44697063035247,1,1,"2","1",0.22414197927758
-1.2137327747395,0.520316972325488,2.97976540225772,0,0,"2","3",-3.55944226248639
-0.125519300580669,-0.405656753806165,0.453593739382914,1,0,"2","1",-1.8792589975097
-0.327142761410757,-2.78660551820562,0.220088906052458,0,1,"1","2",-4.06905453413382
0.332510971042335,0.0808092225311089,-0.391941616741863,1,1,"1","1",-0.979610942674325
-0.171785714778476,0.740190203170211,0.510994975813499,1,1,"3","3",-2.37048677083148
0.167368807406302,-1.22694617463824,-2.90041487922838,1,1,"2","1",-2.20870306098128
0.577822236455764,1.7650061181102,2.39478432167927,1,0,"1","1",0.316887130893101
-1.38579979767897,0.137570098453741,-0.827658571037922,1,0,"2","1",-1.61375355846099
-0.751640314743556,0.529600151055286,1.81172371270809,1,0,"3","2",-2.78119924730738
-0.641410339972138,-2.20654833818802,0.460839580470722,1,0,"1","3",-4.09746661437497
0.378262458386238,0.491261575067427,0.115621570672944,1,0,"1","1",-1.04360583654209
0.0347144477475739,0.372019080157521,-1.26043216706674,1,1,"1","2",-2.74842752384196
-0.647718649649968,1.98690403182634,4.08513316016359,1,0,"3","1",0.134532936201357
0.297418652579094,-0.277393349572855,0.55428887508557,1,1,"3","3",-2.12226440710543
-0.942919711508998,0.549087712800078,0.276912435089837,1,0,"3","2",-2.94569111479448
-0.537919744412473,-0.704797881498315,0.683884731608516,1,1,"3","2",-3.55870245425074
-0.197790353527192,2.08602440180841,1.08694034344069,1,0,"3","2",-3.76751362591447
2.13119625292497,1.96228503551132,-0.76644086498041,0,1,"3","2",-1.95249597863953
0.0335856450037892,-1.23652137509055,-2.89006091339983,0,1,"1","1",-1.6397408367874
-1.35814579427042,-0.59573647713248,-1.27862467882232,1,0,"3","2",-3.46834815052093
-0.175167086986626,1.71491825138961,-1.48615708690695,1,1,"3","1",0.365808844448664
-0.966366196325674,0.501734442378936,0.00949303441533733,1,0,"1","3",-6.18079340127399
-0.339990670461674,-2.22447892794304,-1.21924539312808,0,0,"2","2",-3.535676736976
0.0262579083117761,-0.470553988482158,-0.465206926026488,1,0,"1","1",-1.39388480115583
-1.09373469917238,-0.801050340280498,1.78279627405524,1,0,"2","1",-1.06263275250529
1.68316444387845,-1.02270496655609,2.4700128597671,0,0,"3","1",0.626221380234964
0.527587021323771,1.81403939975901,2.05443323337756,1,0,"2","3",-1.60377868544546
-1.96283691161765,-0.644038421003129,-1.05158761972154,1,0,"2","2",-2.91726226379577
0.16841244390048,0.081836791690611,-0.470281641296259,1,0,"3","2",-3.43192340902021
-1.38690789308853,-0.19140589316022,0.10136983766447,1,0,"1","1",-1.32726131900035
0.198641053854808,-1.04230641449204,-1.83148145198074,0,0,"1","1",-2.69916235079132
-1.22743878048147,0.35642449714641,-0.768859403529425,0,0,"3","1",-1.74069733477075
0.263185360350084,1.1499550266179,0.454823958828558,1,0,"1","3",-3.85856717880843
0.24856205283435,2.92333015544719,1.5894896875849,0,0,"1","1",-1.19743410039829
-1.10352295243679,-3.4434036539603,-1.21803901627292,1,1,"2","2",-3.56311186770851
1.69692635780729,2.92875627413988,1.04867739757375,1,0,"1","2",-1.5541901315194
-0.989962638645621,-0.65421615723652,0.102008959537884,1,1,"1","3",-3.60493585212177
-0.684477332533257,-2.49150563035872,-2.08603125834231,1,1,"1","1",-2.81617217164884
0.67947300115013,-0.921877563274326,-0.885534297439182,1,0,"1","1",-0.728543039572607
-0.859670536809771,-1.14802379760025,-2.45634156872516,1,1,"3","1",-1.54399509337983
0.219124110212163,0.347003640429061,-1.20213643565742,1,0,"2","1",-1.22156889657901
-1.18738401320267,-1.80738434912694,-2.84067717787063,0,0,"1","1",-3.72502511656826
-0.428535215436775,-2.93285294920821,1.01809063376815,1,0,"1","1",-1.82299716108822
-1.84762925330424,0.737491992403386,2.7394487864742,1,0,"3","2",-4.0066968686268
0.666818355285187,0.907420678969048,1.99579768096724,1,0,"3","2",-2.59647111072858
-0.999631778013128,1.7330713011036,0.647228162004081,0,1,"2","2",-2.95868160256083
0.261685991165782,4.79013621283065,3.97609617803492,1,0,"1","2",-1.1255483681154
1.16121831207541,-0.0987501143158561,-0.874725724586652,1,1,"2","3",-2.8186711924086
-0.562210394159444,-0.809936365859279,-0.946746720269502,1,1,"3","2",-3.05890525702261
-0.186360841719022,-0.830899936378851,-0.978322538230839,1,0,"1","1",-1.06499014808173
0.553320892253462,-1.0492182751419,-2.47079868182983,1,1,"2","2",-3.25840059568575
-0.813773986371018,0.231897553180861,0.298495259731617,1,0,"2","1",-2.26937581366514
0.56130917353793,-1.59152400180429,-0.942351991491546,1,1,"2","2",-3.24021240153369
1.303456856518,-2.27734065262149,-1.16884073650692,1,0,"2","1",-0.0232633338890667
0.686858756732948,-1.34918471445662,-0.535047739168778,0,0,"3","1",-1.13594344112457
-1.96936563002627,1.79893744448372,2.28177179827516,1,0,"3","2",-3.19307117416058
0.6731433935276,0.0142479298049221,0.605985387674961,1,0,"3","1",0.125942266091577
0.525547833527661,-0.795940917926242,-0.691326022419909,0,0,"3","1",-0.0381472740445631
-1.01323809000911,-1.59625733475609,-1.49576621147704,0,1,"2","1",-2.73449211652042
1.0493408553221,2.19335889850223,0.40783381565183,1,0,"1","2",-1.76938740770141
0.842611107714182,-1.44343722148073,-1.35494920901388,1,0,"3","3",-3.3635079605631
-0.103954150677947,1.58616181110274,0.69715724275012,1,0,"2","1",-0.401406904514233
1.4057275346633,1.46800341010977,1.83756558613652,1,1,"3","3",-0.48114672755916
-0.93680121589254,-1.28685861599332,0.273049912243949,1,0,"3","1",-1.55541491881331
-0.891436434484914,1.38377100882601,-0.233125219033959,0,1,"1","1",-1.68725879585885
0.0752872083520781,1.14004656944795,-0.220189036726904,0,0,"1","2",-3.00017663041037
0.565709984705921,-1.81863192072448,-1.73310120406655,1,0,"3","2",-3.90617180693444
0.416640584143096,-0.45907557233526,-0.754221832757921,1,0,"2","1",-1.91247792059111
-1.54968660160409,-1.26703884601933,0.568266215530245,1,0,"1","2",-4.47012359398531
-0.881059154155849,-3.01579825969922,-3.10185124270596,1,0,"2","2",-5.65169220113923
0.667143539904054,-2.12906369776727,1.40904042777576,0,0,"2","1",-2.16202064997789
0.129134172946347,0.429910649545704,0.450650316063072,1,0,"3","1",0.574602517677796
1.28238626416395,0.896705831511114,-1.16461157262183,1,0,"1","1",0.309784415697817
-0.849225584383358,0.365474868233245,2.88389667624012,1,0,"3","1",-0.763643265091294
0.819828692866739,1.78910022992196,0.265502329940355,1,0,"1","2",-2.11433037526483
-1.49845703597671,-0.223866108109539,-0.86242227441933,0,0,"1","1",-3.17232460172377
-0.821290965697502,0.701160100334715,0.614999583689559,1,0,"2","1",0.0772330040418474
1.4908244336559,-1.08730385456987,-1.20219910394322,1,0,"2","1",-1.01712217670149
-0.636763450970521,-1.91422162530641,-1.91211727632722,1,0,"3","3",-4.16845840306627
0.164487921105721,-0.421337122855755,1.06199966756102,0,0,"1","3",-3.66063328291768
-0.102197058483697,-0.247693328688146,3.00654778999921,0,0,"2","1",-0.43764761252399
-0.13228145884198,-1.41422222915104,-1.78751863584195,1,0,"2","1",-1.79030431238514
0.112982730870467,-0.135851753311817,0.0500025336901183,1,0,"3","1",-0.834515200141903
-1.12077183441695,-0.306094200169307,-2.01233905831556,1,0,"1","2",-4.35969443694957
-0.306278219663734,2.39097214381047,-0.33558819981165,1,1,"2","1",0.407329807543251
1.10573434260382,0.337387750575521,-0.943057892810795,1,0,"1","1",-1.51809499429365
2.2117550621189,-1.57497968993774,0.00588698693062861,1,1,"2","2",-0.738228801802505
1.80366539883255,2.27472624140341,1.36322168369957,1,0,"1","1",1.62977575724023
0.0922138432528297,-0.15258171056085,-1.00864208899451,1,0,"2","3",-3.65773814603507
3.06378850149052,-1.25336794494024,1.01754394574121,1,0,"1","1",0.086061110867633
1.40622823643615,3.3607513866114,2.13865320988603,1,0,"2","1",0.26810130183923
-0.238982616974473,0.133554001893591,1.00550045764702,1,0,"3","1",-1.17468711646696
0.249424618609203,-0.878359517231106,-1.27254990002533,1,0,"2","1",-1.37576169226047
-0.747476958327037,1.2679401284265,1.84332845611368,1,0,"1","3",-3.31560804740201
0.649686084482468,0.255457153733577,1.55186883568397,1,1,"3","1",1.13357494125988
0.656867693931361,-0.458848905069838,-1.23911781494821,1,0,"3","3",-3.36732872658737
-1.50312609189658,-0.943653830857699,-3.45992432076992,0,0,"1","3",-6.48802264112471
-0.888197639732747,-1.44924714360701,-0.515277223074041,1,1,"3","1",-2.2375809209164
0.0378753553846627,0.467725894123332,1.51248274899631,1,1,"3","1",0.498068981949028
0.198861855231599,3.25962719923915,2.22299696482033,0,1,"1","2",-2.45789209546279
-1.72227149378578,0.904319748729081,0.838450341589737,1,0,"3","3",-3.23625605370309
1.85080835305542,3.34666474369518,0.249580415347674,1,1,"1","1",0.0140803807785392
-1.01786821090099,0.169989689625603,0.63839641438889,0,0,"2","1",-2.4894736319239
-0.19849292800514,0.892515637701163,-0.0254194953925798,1,0,"3","1",-1.21699977457816
-0.469370210415017,-1.24729099452183,1.64415208195171,1,0,"2","1",-0.830179359340168
-0.987205897530074,0.54200621845213,0.963695524467858,1,0,"3","1",-0.753890786131261
-1.90334627337565,1.34579712037204,1.50485919857742,1,1,"3","1",-0.966804241869543
0.244652217611964,0.991577801710749,1.69494558082841,0,0,"2","1",-0.460533846225673
0.257835139721024,0.449657999250933,0.243209695042021,0,0,"3","1",-1.17844738159672
-0.0877345963415936,-0.397237717106333,0.31648495895617,1,0,"1","1",-1.59520954995473
-0.678030441747853,1.67979240131035,1.0755138052854,1,1,"1","1",-0.333657578389556
0.592332795388103,1.29883877237161,-0.535069257295803,1,1,"3","1",0.0464506109091742
0.953299295293881,-1.49003137651445,2.5158640215504,0,0,"3","1",-0.444107355269677
-2.1487269983977,4.10362607221346,1.9957567666021,1,0,"1","1",-1.13678533151205
0.51261243045539,1.18064427815485,-3.96853034832221,1,0,"1","3",-3.83988475639203
0.0946551981486178,1.35723015636487,0.638672780625834,1,0,"2","1",-0.826529799115811
-0.0463059086881424,-0.225863572539418,-1.17787569142933,0,0,"1","1",-2.03439303509208
-0.242969408980883,-1.72079292199294,-0.867502365325664,0,0,"1","1",-1.95222123437942
-0.335795252030568,0.217477171319847,1.23079162914299,1,0,"1","1",-0.861579974712918
0.67660929862154,0.857956722124703,2.40365651457731,1,0,"2","1",0.352140710689147
-2.33514910841628,0.733358681387539,1.67991612993278,1,1,"3","1",-0.751842679813335
0.0865320110545036,0.0628180196309184,2.17754666389098,1,1,"3","1",-0.0825391778681954
-0.226004632224888,-2.72819180225803,-0.92712811911033,1,0,"2","1",-1.76710836267978
-0.909509535729669,0.64004436960061,4.00522469925727,1,0,"2","1",-0.781896833524698
-0.0896327684791012,-1.04400864941314,-1.70837116429125,0,0,"2","1",-3.38675792297804
1.49926315333063,3.07986463258668,-0.445604234390204,1,0,"1","1",-0.271630592483099
0.643604670771521,3.38144275988681,0.747518704865243,1,0,"1","3",-2.27639719080049
-0.66933283911303,-2.23516012858503,-3.338784201526,0,1,"1","1",-3.19363586927465
0.156834484177836,0.278416203720484,0.178164974945254,1,0,"1","2",-3.75275015476457
-0.855192280340874,0.442009873608538,1.96109572668225,1,0,"2","1",-1.57470675697946
-2.44738211394524,0.294129457185687,1.03477866305952,1,0,"2","1",-1.42525798324808
-1.66287628284074,-1.46006704160666,-1.16599769882737,0,1,"1","1",-2.76343931100003
0.00778156757893904,-0.828468927476194,-1.47937880289276,1,0,"1","2",-3.65855548924767
1.7997999447889,0.0742306267770275,-1.29109612258873,1,0,"3","2",-2.37224745760231
0.353510466141668,-0.691538625444043,-0.770374966002026,1,0,"1","1",-1.51651526210669
-0.497827778145354,2.81628474399855,0.756463133010915,1,0,"2","1",-0.387706988361888
-1.40193917342663,1.26913046098588,-0.268230896863735,1,0,"2","3",-4.07796220868009
0.071982841622187,1.36869820034501,0.869507435135127,1,0,"3","2",-3.13608932141941
0.738635577236604,2.01052491510451,2.06770856015184,1,0,"1","1",0.336060510935846
1.36382764740861,1.45771049375301,0.213336421178557,1,0,"3","2",-1.69575750136472
-0.408972098627907,-2.08965846757141,-2.32912467739514,0,1,"2","3",-4.89680256823647
-1.58277491028554,-0.219344160942967,1.87714022377747,1,0,"2","1",-0.240141056290007
-0.786016286750763,-0.14105630433213,-0.023646865317749,1,0,"3","2",-2.7040027423889
0.817035914387069,-1.8237526939508,-1.24953032293128,1,0,"1","3",-4.02800160301634
0.142414160213372,-2.71976779625005,-0.0312087154258538,1,0,"1","3",-4.59220097805973
-0.535933411118749,-0.755990339903706,0.67611427904662,1,1,"3","3",-2.66163650413256
0.459010356290043,0.0166189310927087,1.68467342329784,1,1,"2","1",0.392349829340799
0.515594559725053,1.25483674271252,0.717085972936452,1,1,"3","1",0.485733959259942
-0.53781064380436,-0.665493161357545,0.127493857079194,0,0,"3","1",-2.25942971525083
2.75077644665686,-0.506406752782072,-0.652571644761146,1,0,"2","1",-1.30168528349573
0.816956107589308,0.996231360064227,-1.89194024247142,1,0,"3","2",-3.17701548933621
1.13782632507607,2.91443782268061,0.0862408467165159,1,0,"1","3",-3.16502016585748
-0.744693732594676,-4.24819861597252,-0.838929523976757,1,0,"3","1",-1.84697220305968
0.233388756394086,-0.490810792778316,-0.464986846817413,1,1,"1","2",-3.21025780165045
-0.47898722511594,-1.22377952740461,-0.812547029965459,1,0,"1","1",-1.49345422381897
1.3919671797092,-1.00499601437129,-2.51135206481146,1,1,"1","1",-1.00867494613546
-0.931965706529572,-2.61610450382529,2.04502561026476,0,0,"3","1",-1.48032298738743
0.0105516151110623,-0.88250630259649,-1.14214042280252,1,0,"3","2",-3.40725329625567
0.39624396460411,-1.56574386302751,-0.227824829093257,1,0,"1","1",0.0447674654629755
0.328717830336439,-1.69313858530576,-3.12146098461706,1,1,"1","1",-1.42613325730189
-1.45165366985685,2.84639928594054,4.04154730513607,0,0,"3","3",-2.81626869256493
1.48623141529081,-1.09365840793982,0.467023435228629,1,0,"2","2",-2.85444129339617
-1.81275873845451,1.40861063868585,-1.80388892564017,1,0,"1","2",-5.05892342664756
-1.95694703641291,-0.635761681758508,-0.690667700052704,0,0,"1","1",-3.08401936956774
-0.527595578598005,0.353817976556401,-1.54280077157617,1,0,"2","3",-4.69896761306704
-0.255440516818898,-0.616822395195466,0.675719436943561,1,0,"1","3",-3.18773080106801
-1.31414840865673,-1.42341228984075,1.31389623442672,1,0,"1","2",-4.39255435958461
0.201979999570555,0.753287263375183,-0.756789085965796,0,0,"2","2",-3.9273925331832
0.310237093423525,1.77857010806709,-0.54329575608434,1,1,"1","2",-2.59820250581961
-1.0312536127399,0.417835151997302,0.156299998498012,1,1,"3","1",-0.380985063117479
-1.50883914103457,-0.806882136501057,1.53712465873193,1,0,"1","2",-2.84472330442163
1.00442359235861,0.679502253499054,-0.978658443675065,1,0,"1","2",-2.64787029133078
0.14909967210856,-0.00201304037488299,0.111185929005843,1,1,"1","2",-2.2062304830505
0.251075828499048,0.703792023420949,0.0575019268099325,1,0,"1","1",-1.09917563899951
-1.41600777052591,-0.85057506285364,1.53494984908404,1,0,"1","1",-2.34512196413993
0.0260772753316078,-1.5758894269905,0.262859510035014,1,1,"2","1",-0.444207482276076
-1.1987670666163,-0.636696736982731,0.953880519728537,1,0,"2","1",-1.84545018416225
0.123446148185746,0.122638923548146,2.51774516648684,1,1,"1","2",-1.98100717388707
-0.693415104496596,-0.879459128471376,-0.187695769410217,1,0,"3","1",-2.17839871061358
-0.64436779353673,0.0243408010667208,1.89968470664188,1,0,"2","1",0.0105971242204581
0.052808579816357,0.336360263493047,-0.796699854015719,1,0,"2","3",-3.61247830634901
0.125349100116646,-2.73364121453283,-1.31386708942828,0,0,"2","3",-3.9566506539187
-0.481509055195707,-0.452011952670169,1.21243043715668,1,0,"1","2",-3.53848024385676
0.135188412682641,3.31653127573551,0.209088462334294,1,0,"1","1",-1.3682344950123
-1.50747395458135,-3.40690726669948,-1.67152307151617,1,1,"2","1",-1.90582164449629
0.767306367386392,0.0618533905682802,1.37880213686047,1,0,"3","2",-2.06984334234961
-2.0156223560705,-1.09942738583363,-2.54355596197484,0,0,"3","1",-3.92740920893685
0.45421896356366,0.2310408185232,1.41155105904114,1,1,"1","3",-1.85632230549283
-0.752852727615224,0.657279680928175,3.39475766221665,1,0,"3","1",0.0779813818149229
-1.75437048715432,0.120075710787097,0.145442505397855,1,1,"2","1",-1.10857604903198
2.48107803053251,2.63788398410999,2.80303366566613,1,0,"2","2",-1.3432986802558
2.04656804971058,-0.131888569807225,-0.709677823832592,1,1,"2","1",0.44554911274731
2.0259601062221,1.11445697188274,0.843315575548716,1,0,"3","1",0.737344692966273
-0.77963709536244,2.49217229280171,3.99494649883084,1,0,"3","1",0.302948301134003
0.530387379841758,2.07707989115849,1.67574784317714,1,0,"1","2",-2.65874300376142
0.581243721482789,-0.362658300364866,0.576518881719441,1,0,"1","3",-3.16048456859926
-0.725718329204619,2.59181332498665,2.62621268799619,1,0,"2","1",-0.323496065804098
0.899840654577631,-0.539255643084138,-1.41523681728503,1,1,"3","1",-0.04381762303208
-0.702196091173578,-2.24605376038897,-2.19519947077017,1,0,"1","1",-2.96193963334796
0.798147853728714,-0.187615366728162,1.10137056202332,1,1,"2","2",-1.58815960408176
0.27578862686619,-1.11718495439518,-0.688178986706788,1,0,"3","1",-1.57015526588645
-1.13307941307914,-1.33875108455214,-2.46334553150564,1,0,"1","3",-5.26852242690395
-0.534908625789251,-2.25030759448887,-2.44377506482153,0,1,"3","1",-1.44921578723558
0.652135872594043,0.232426114198616,2.19829553199421,1,0,"3","1",0.325376047246923
2.4620514491943,1.00344973772875,1.96871183537105,1,0,"1","2",-0.321624202639012
1.4247204262142,2.67284906393994,-1.30217511467377,0,0,"1","2",-2.99550795387891
-2.30543237764803,0.232434491419368,1.88329089780964,1,0,"1","1",-1.76316832009814
0.463376020654524,-1.69037206750383,-1.07903993032304,1,0,"1","2",-3.54229253654617
0.492703859213058,0.458629323140344,0.758980337629092,1,0,"1","3",-2.48900600353013
0.820138939394062,-0.214290806998369,1.23605505352113,1,1,"2","2",-1.67518191687035
0.619963501136719,-1.26915168419725,-2.52954829564328,1,1,"1","1",-0.983267004645636
0.832457674445374,0.245523878378896,-0.213492707474099,1,0,"1","3",-2.88663722270573
1.282978784338,0.433550137297411,1.98053308217451,1,0,"1","3",-2.02511112651787
-2.88355408242784,-1.99762363635382,-3.55550614310056,1,1,"1","2",-5.28930382393429
0.665770072949186,1.32046604795873,4.06970807006313,1,0,"3","2",0.128565160080608
0.0593588315111017,1.89088642221985,4.38180532541675,1,0,"2","1",0.97603326482615
-1.03275390213711,-0.567039830865816,0.127910689313971,0,0,"1","1",-3.25441950528616
-0.284136323041484,0.191628950595241,0.426675292438688,0,0,"3","2",-3.24412907020294
0.0492420145068641,0.723958189116982,-0.6570866896936,0,0,"3","2",-3.43305776847371
-1.78387570521629,0.0384497396553224,2.24708510239935,1,0,"1","3",-3.81111792381295
0.612989248087656,-0.190926886800931,-0.122899859602176,1,0,"1","2",-4.50988594177752
0.783883195622553,-0.20393194952861,-0.634988702370622,1,0,"1","2",-3.18988027989405
0.231608279292525,0.610293481266184,1.89329866260338,1,0,"3","1",-0.692653991471863
-0.0345808893619466,1.01312304941752,2.23364962234514,1,0,"2","2",-2.53563984863206
1.11778164217682,1.53940491992847,2.84050695325871,1,0,"3","1",1.23830393412999
0.380381956184772,-1.80988800475091,-3.19801192707219,0,0,"1","2",-4.21849428374472
0.574890470412277,-2.57453597139299,-3.24634996470141,1,0,"3","3",-5.45977813069449
-1.1016162807457,0.823197196189182,2.92778521812112,1,0,"3","1",-0.712106375601289
0.973510104901497,0.656798989193094,2.1414104687436,0,0,"1","1",-0.991705026018963
0.549536784421402,-0.140452386779326,-1.27659987103965,1,1,"1","2",-2.68057554567937
-0.0142371699564849,-0.548653233144681,-0.899434950748757,1,1,"1","3",-3.96770047566301
1.0727638445076,-2.42042353758702,-1.3831517282327,1,0,"3","1",-0.649385980220571
0.761952190390426,1.68994434922519,1.96726429618782,1,0,"1","1",0.185204558960715
1.32196514903605,0.270572568421377,-1.22347423130236,1,1,"1","3",-3.08582912278691
0.104706159730598,0.384119832349404,0.276702690470285,1,1,"3","1",0.0130117955101967
0.386396697976897,-1.07411757556265,-0.407952049695241,1,1,"2","1",-0.662547738638107
0.288513298875277,-0.440649491957796,1.63996669563693,1,0,"1","3",-2.92691337268163
0.139208492912248,2.1562671378152,0.495562355078198,0,0,"1","1",-0.848137270052963
1.24723207007632,0.0203357883346118,-1.51708602859191,1,0,"1","1",-0.380728468368502
1.06736389643898,-0.768571205036114,-2.97496738949202,1,0,"1","3",-3.70118393631748
0.544627867425157,0.168504064909753,-0.632085254226489,0,1,"2","1",-1.35598219005497
1.39207441877965,-1.77817385605348,-0.898153116151471,0,1,"1","2",-3.00084832410633
-0.253335966741642,2.90581919765554,0.7796973197192,1,1,"3","1",0.287205534310377
1.06184251302041,-0.227446906501703,0.293628300594545,1,0,"1","3",-3.84957328859394
-0.106785058558222,0.940304432449509,-0.0743094337765866,1,0,"3","1",-1.47866467687901
-0.334906275025962,-0.719663960487997,0.982206190884835,1,0,"2","1",-1.21603727490453
0.553689186378571,1.69112299510529,-1.85716261692639,1,1,"2","3",-2.76513087291869
-0.744652036863283,0.811675580757334,0.831405092500921,1,1,"2","3",-2.23411068921775
-0.249192004679882,1.39759045020474,1.37088785289341,0,0,"2","1",-1.90642406957556
-1.27218121620561,0.562389289131304,0.773049652053824,1,0,"3","1",-1.51994586141402
1.27000688543906,-3.14567421407415,-3.18625446795888,0,1,"3","3",-4.56699370004493
0.224440349940263,0.974134896933502,0.913932104609281,0,1,"3","1",-0.334506615077963
-0.87513808766325,-0.502865084274165,0.219164772363902,0,0,"1","1",-2.21714933367337
0.155054126148997,0.495901765179494,-0.165560481310447,1,0,"2","3",-3.48066268221454
-1.05208972388524,-1.57810140090371,-0.250857926243044,1,1,"3","1",-1.01036598633436
0.238472543973616,-2.77299466726987,-2.75592879423406,0,1,"2","3",-4.62761928951893
-1.21428729988426,-1.63873029672772,1.21342990364274,1,0,"1","2",-2.8377294329275
0.210095906814939,1.1636680221461,0.878321682888056,1,0,"1","2",-2.61545409501609
0.673265463023092,0.414234126723048,0.22585569396317,1,1,"2","3",-2.66023395583438
0.128050944758319,0.45618741567334,1.27324583043882,1,0,"1","1",-1.27826430750942
-0.11203477738861,0.734926931712387,1.90040414037717,0,0,"1","3",-3.6606178494454
-0.0970568525568579,0.0770797596667368,0.260447203235733,1,0,"3","1",-1.65009234395304
-1.88518802163567,0.0215759008852823,1.86556309924499,0,0,"1","3",-4.85374785668525
1.29142110230209,-0.482680247017612,-0.371496376605781,1,0,"1","1",-1.08324787398432
-0.851846595595437,0.305308854389534,1.62533832373794,1,0,"1","1",-2.32591021378921
1.32552498523454,-0.732736318589536,0.868883075201232,1,1,"1","1",-0.789073999865182
-1.33361273659635,-1.62015006712734,0.288099685915422,1,1,"2","3",-3.9776948501506
0.451290974907924,-1.57278597446382,2.18867102848246,1,1,"1","1",1.25604485209047
-0.333524355377994,-0.543017141408819,0.172657452935226,0,0,"1","1",-1.65808005412366
0.65916299290607,-1.46624957746239,0.863870393364849,1,1,"2","3",-2.38667491510393
0.189504638214934,-0.844912775438717,-1.47786418431715,0,0,"3","1",-1.32295202083024
-0.974761875462299,0.0552395158385667,-1.56343851791186,0,0,"3","1",-2.16138943117897
1.15371641484584,0.00186182305664628,0.161841170307141,1,0,"2","1",-0.756096756315166
1.91644719084148,-0.700753287372357,-1.71709237912411,0,0,"3","1",-0.0777544317602274
-0.072180981773236,-0.546916888368733,0.725578874620616,1,0,"1","3",-4.50682259512312
0.0567776881446412,0.366715490027261,1.38353646113239,1,0,"3","1",0.445897568688111
0.987649016782804,2.85252948079661,2.02681933553196,1,0,"1","1",0.540212864871989
0.821027108918247,0.937311435294821,1.46205547742313,1,0,"3","2",-1.17572405957625
0.621646146837704,1.51910440027239,0.433393271864111,1,1,"1","3",-2.71880700926467
0.0780926941329277,-0.914749665983795,-0.302842033398781,1,0,"1","1",-1.23791445056779
-1.90655386097717,1.39653118222697,1.56981981252265,1,0,"1","1",-1.24947339325017
0.109250803791612,1.57299795569516,1.02088845492674,1,1,"2","2",-1.84084134631127
0.742797089285238,-0.664189308965438,1.06207234428075,1,0,"3","1",0.647846299844035
0.925635430912754,-0.911475434851295,1.07415620188671,0,0,"1","1",-1.98486855299685
-0.514361500750405,-0.974000601948838,1.80898023910727,0,0,"3","1",-0.27168498630072
1.12043313301539,-1.0743877559842,-3.81454837049194,0,1,"2","2",-3.6637931928971
2.68515687080846,0.349147578969094,-1.10264742248378,0,1,"3","1",0.0154994897144145
-1.27620408300236,0.351384158743455,-0.654547213147496,0,0,"3","3",-5.133770459764
0.773435960225136,-0.8113800246518,0.677226836011358,1,0,"1","3",-3.33104125173513
0.133683661542954,-1.17999688668785,-0.925846812879129,0,0,"3","1",-1.40114360301238
0.500045850327022,-1.03103942196035,1.41821547730334,0,0,"2","1",0.386719306615692
-1.37094058595969,-0.737209684550497,-1.40059933382857,1,0,"1","1",-2.05894197425345
-1.00090453135654,-0.984576927251183,1.47971566141097,0,0,"3","1",-0.770706395766682
0.538208723553225,-1.25858643279492,-1.19229738231252,0,1,"1","1",-1.15932768297316
-0.732549281619073,-0.315454097438608,-0.426088036375829,0,0,"3","1",-1.20032529181878
0.0607461975351864,-0.136527607119033,-1.25485863763517,1,0,"1","1",-2.59503269478035
0.126826273876412,2.65466414574089,-0.204646941735416,1,1,"2","2",-1.80196816505028
1.78059675248206,0.428125487708561,-0.0534326252155605,1,0,"3","3",-2.78856826447513
1.90059779499583,0.316828299060324,-0.113616779412353,1,0,"2","2",-1.38082617820334
0.561262428590379,0.0952765290012034,-1.94108022271472,1,0,"2","3",-3.82100261602108
1.52061835154044,1.1793506627851,1.42863882140849,1,0,"3","2",-2.48837876340663
-0.627604388021294,-0.496361814308258,-1.30120842695493,1,0,"3","1",-0.765555467025216
-1.37096695230163,-0.139709251317105,-0.0286263390446547,1,1,"1","1",-1.48675219020449
0.214198107599552,-1.56004391080424,-0.728677879077807,1,0,"1","1",-1.77213456646339
0.656677421440455,1.26112583757189,1.51687482548931,1,0,"2","2",-2.34467347943463
0.174879764432531,1.23005388263384,1.76502548509063,1,0,"2","2",-1.41674045584027
0.951383722755615,0.914441068627304,-1.2660080183642,1,0,"2","2",-2.22777856593667
-0.57511588705584,1.77514733053992,1.38858766493514,1,0,"2","3",-3.49650126679932
0.808418669887966,0.255604979580565,-2.2469393251094,1,0,"3","1",-0.206286669492383
-1.06196475097796,-2.14984849392341,-2.35530782404919,0,0,"1","1",-3.28350100880593
0.0457570466232148,-0.349609989033348,0.157442969086217,0,0,"1","1",-2.42922995080811
-0.625509047347079,-1.38342087430469,1.27338837699052,1,0,"3","1",-1.34222327205039
0.00352827388514021,1.06447255138127,0.00765337537012822,1,1,"2","1",0.793283474472262
-0.780133586209861,-0.903994851626314,0.759068662653353,0,1,"2","1",-0.741740573915225
-0.35646816273623,-1.89586118962493,-2.38583956373619,1,1,"2","3",-4.99325094303394
0.192460908918858,-0.362129036834854,-0.933116046938822,1,1,"2","1",-0.344578832635966
-0.301630157737864,1.35920294329101,-1.41241064326021,1,1,"1","1",-1.13890799350442
0.118625644298616,0.398095910457351,1.39927862971085,1,0,"3","1",0.856364647486608
-1.20083366505003,0.358386715235554,0.239461570544438,1,1,"3","3",-4.356507799459
-0.571529930564181,0.137678164547519,-1.35683139739481,1,0,"1","3",-4.5901809653577
-0.0727220658900088,1.27565187025419,1.20077472766679,1,0,"3","2",-3.10804104984275
2.52736292798127,0.574083799811989,1.36771003229038,1,1,"2","3",-1.63096464608876
0.642338302415568,-0.640806418190197,0.303173512331351,0,0,"2","1",-0.697060085211347
-0.09204038084551,0.316449608881871,-2.5121346622983,1,0,"1","2",-4.37464045284166
0.182651834495045,-0.0246969820987162,0.668020760413206,0,1,"2","1",-1.12338714166064
-0.591717805329679,1.54032935887343,-2.05489102396463,1,1,"2","3",-3.58245583536943
0.152754177333665,-0.691498909004025,-0.929999949238102,1,0,"1","2",-3.76121761271264
0.536282028451707,1.33813845029479,-0.856593903991882,1,1,"3","1",1.29617769166633
0.854377665641748,1.24264999971746,0.253695249972039,0,0,"2","1",-0.568225555737086
0.438301484708856,-1.70666506049719,0.19968050563823,0,0,"1","3",-4.159707068111
0.0811676066093405,0.903644963417451,0.142761095517987,0,0,"3","1",-1.7887011540332
0.244764790599819,0.493284175839884,-0.842262029227821,1,0,"3","3",-2.77843623036191
-0.0763641500418665,1.75542440239847,-0.648672438260709,1,0,"3","1",-0.7021379176011
-0.502986194806016,-1.12384359304366,2.46490480151472,0,0,"1","1",-2.37354853490905
-0.0557864617582838,0.210179722841415,-1.88924482624403,1,1,"2","3",-1.86187535589009
-0.0063831468056802,-1.23924397004927,-0.903836563605083,1,1,"1","2",-3.54136209683623
1.52047943250876,1.01569953593498,-0.950448852762482,1,0,"1","1",-0.445220204509928
0.632827761405461,0.342760384055677,-0.308169144124168,0,0,"2","1",-0.689972102766556
-0.524556489421097,-0.92488159284211,-0.0402606569878468,1,1,"1","1",-1.29321960199838
1.04529203777954,0.921488533713496,1.33125945167532,1,0,"1","3",-2.59257377550462
0.262570571116647,0.927424220866797,1.11710422376879,1,0,"1","3",-3.00476066152475
-1.56178496973783,-0.422577256923514,-1.1846936268357,0,0,"1","2",-4.96878239221158
-0.129287296183615,2.24455618050847,1.41770715601302,1,0,"1","1",-0.00518336317487045
0.391137729413122,2.04510390903791,-0.355368154240292,1,0,"2","3",-3.6075858177622
-0.739259359424809,1.8597985669393,0.891414558415885,0,0,"1","2",-4.84430331386445
-0.372795032321016,0.324837646937207,1.61666534864482,1,0,"2","1",-0.76968123483703
-0.587000532057086,-1.60703331922126,-0.0883478609174615,1,1,"3","2",-2.92969333636641
-0.529536928879769,1.56935068790609,1.6429365117593,1,0,"2","1",-0.0215048002503957
0.594619671902193,-0.0877156273707795,-1.44544114574504,1,1,"3","2",-2.53521524234477
-1.07669011624548,1.14666044136357,0.35527736455804,1,0,"1","1",-1.64571174900412
-0.0696476811937927,0.973228383144389,-0.377364827265498,1,0,"1","3",-4.22002414117663
0.234405205204573,-1.03653918294244,-0.297653934404057,0,0,"1","3",-4.75273679020923
-0.630451590492775,1.68210518682994,2.27825000031196,1,0,"1","3",-2.32936149160326
-1.21264387500466,0.676341465960707,1.55565866093927,1,0,"1","3",-4.47368096378453
-2.40490887553489,-2.1117044844082,0.41699074397951,1,0,"2","1",-2.12626716235251
-0.720951580744366,-0.597996071435313,-0.291433248906625,1,0,"1","1",-1.12627522327503
0.944346069594078,0.560011631894708,-0.179726977354062,0,1,"2","2",-2.54500233362726
-0.0118158951704553,0.237156152577032,-0.847373284541878,0,0,"3","1",-1.58694849179853
0.986104235115545,2.58787521727464,0.377854901840496,1,1,"3","1",0.810011810743384
-0.417601407419616,0.664644631113856,2.93607789653035,1,0,"3","1",0.37568045616916
2.245467023644,1.71394175124708,-0.446958345153325,0,0,"1","1",-0.765061862045603
-0.89824786215638,-0.551329515498204,1.20369944155253,1,1,"2","2",-2.74416525297721
-1.98395613127706,0.911958105412554,1.20773722312171,0,0,"3","1",-1.69527877256112
0.259725701584585,0.837024825703649,1.63209601090185,1,0,"2","1",-0.199090991026226
0.47306746165334,-1.1376179661697,-2.06452038222367,0,1,"2","3",-4.14992958615573
0.639487090708479,0.918485256099189,-0.189766203881939,1,0,"1","1",-1.14709684888035
-0.436935920710806,-0.932964444655545,1.75328759735057,1,0,"1","2",-3.39287907147317
-1.63917032867963,0.869434221391559,2.34709831741564,1,0,"1","2",-2.99484325867306
0.999206402274067,0.544729812165337,-2.14353947822939,1,1,"3","2",-2.18635309847613
-1.52045324179668,0.68182301724907,0.490407031478617,1,1,"1","2",-3.15623431202337
1.11190736696839,1.47685193251611,2.51409440210178,1,0,"2","1",0.197273543433867
1.5828031531588,-1.29781388763241,0.0492691613676277,0,0,"3","1",-0.251448432915845
0.502449101131527,-3.20840368266582,-3.52716158142278,1,0,"3","3",-5.07857007029263
-0.542231252078561,-1.57242205418094,-0.67006847799808,1,0,"2","1",-1.8112985111824
-0.209424980768533,2.07967293028423,-1.75501449167734,1,1,"3","1",-1.06298293361517
-0.319667673162596,1.39444471879785,1.65931257158996,1,1,"2","1",-0.393795166294818
1.07550195331073,2.02960006201386,-0.146117846314719,1,0,"3","1",1.28814175965643
-0.293283618838322,-1.59071869442675,-3.06827381849069,1,1,"2","2",-4.46032465448057
0.473847174714086,-2.32567079550877,-1.40326323014435,1,1,"2","1",-1.47966903904607
1.30008542385279,0.511427682439283,-0.508141565648506,1,0,"1","1",-0.952963946871464
-1.21299331596595,1.60856698542259,0.455423694571872,0,0,"2","3",-4.20850732589254
0.25348150292106,-1.1272837915665,-0.192998726691499,0,0,"2","1",-1.66108002161451
0.27870567714197,0.501659751230043,0.274917703265941,1,0,"2","1",-0.27605381916374
-0.748047839677718,-0.946218861487715,-0.527036853364009,0,0,"1","1",-2.15230256325669
-1.54991376318406,-0.150491441102543,1.53946909004819,1,1,"1","2",-2.84232492426715
0.396692273964371,0.699882241925285,-2.30211387631974,0,1,"1","1",-2.06836462663198
-0.451317748518312,2.03291087579625,0.794918663310671,1,0,"1","1",-1.52029762699359
0.74928630966884,-1.86339052111742,-1.46518572676063,0,0,"2","2",-3.54452336052581
0.668446674329347,1.54590359976975,-0.546248462634594,1,0,"3","1",0.32444454135428
1.55352588731249,-0.236328287231775,-3.65976747848703,1,1,"1","3",-4.01924169600791
1.53659799504913,2.24858971970845,-0.324464089542212,1,0,"2","1",-1.09297559432681
1.68460804753554,0.701479797869933,-2.33505921245008,1,0,"2","2",-2.96028183400408
0.171888446361181,-0.417858088578027,0.992714350807561,0,1,"1","1",-1.22263824619195
1.0513516093573,1.17045120066187,0.580062035696139,0,0,"2","1",-1.20448903884462
-0.136929716665387,-0.693942382713974,1.37724137662953,1,0,"1","2",-3.33138976288403
-0.86653344424044,-2.03897305827436,0.237808258075253,0,1,"3","3",-3.69741756301932
-0.274090303441439,1.05827331849751,0.612819671273344,0,0,"1","3",-4.1324649888181
0.0654251937311165,-0.646326723136239,-1.59078521021791,1,1,"1","3",-5.29010808423502
0.511433643294248,0.889421342154664,0.841782378854276,1,1,"2","1",0.673998347259069
0.146828897184285,0.139818208206767,-2.35885250205348,1,0,"2","1",-1.40040963174757
0.896429595965437,0.489420722785962,-1.23949577778985,1,0,"3","3",-2.54813496726382
-1.03702919094306,0.519707665478798,1.47637642107705,1,0,"1","3",-4.41191412266744
0.271703694954734,3.24871533203241,1.95615818321474,1,0,"3","3",-2.74010540478344
-0.466077690129425,0.26759939614442,-0.0623990353833066,0,1,"3","3",-3.14741629043562
-0.67920488573895,1.1236572684294,0.467026476314265,1,0,"1","2",-3.51746396543898
-1.12579806853403,1.40451417540261,1.86555372071541,1,1,"1","1",-0.5791028266561
-1.1579521954528,-1.04547320602223,1.02851301526555,1,0,"3","1",-1.18129196863022
-0.785172241542826,-0.508521202859245,-3.12587092888878,1,0,"3","1",-3.02456856443066
-0.777609549079903,-1.15787106144838,1.18207125148649,0,0,"1","1",-3.24940747754571
0.00587417194014891,-0.315553864030073,0.462246249854308,1,1,"3","3",-1.99850217907094
-0.874884029045099,0.688029787186937,0.371033442913013,1,1,"2","1",0.10749155221411
0.442549976152392,-0.304779331743273,0.669876405185696,0,0,"2","2",-2.73926726628065
-0.876273398834366,-0.498795537865874,2.20046026722286,0,0,"3","2",-3.73317046292029
-0.397269662415268,0.512105545684309,-0.955487213058978,1,1,"1","2",-3.59225286048434
0.268875376483291,-1.01939604498706,1.26908907705752,1,0,"1","3",-2.92374763002043
0.687608533149293,2.20790401366009,-1.81986205187015,1,0,"1","1",-0.993104035795068
0.201071075797009,1.17320325447564,-0.294134648291351,1,1,"1","1",-0.567476084621618
-1.08082699915932,0.468800104342973,0.355327121562223,1,0,"2","1",-0.717046277684299
0.741408412253051,-1.93979770694796,-1.11458394516565,1,1,"1","1",-0.853482450220795
0.324156491967463,-0.0459998708906511,-0.336603574695569,1,0,"3","2",-2.8828156822422
0.65244343033243,1.04326012178825,-0.772969506187439,1,1,"2","3",-2.54157278243375
0.688439118925122,-0.88443579964991,1.72690428231699,1,0,"1","1",-0.312360442076711
0.644062076739013,1.31632123537681,1.83126100257853,1,1,"1","3",-1.70905135883007
-0.0421612997317752,1.78453636805661,1.7554197618754,0,0,"1","1",-1.10313915956029
-0.416738368970765,-1.18833173519207,-2.360251149754,1,0,"3","1",-1.86522120565541
0.0650857345556954,0.173323097411161,0.17357573717911,1,0,"1","1",-0.618497858261597
1.24880262857303,1.88375108963519,1.30504106609738,1,0,"2","3",-1.91136367542074
0.783203926298681,3.04502750609709,-0.17203248285276,0,0,"1","1",-0.0793178156342548
2.26130601167406,-1.12352637661596,-3.20257111820049,1,0,"2","2",-3.49995987425382
0.145851924233323,-1.26604516283233,1.14292650922415,1,0,"1","1",-2.39738275426005
-0.442521159796777,-0.261923051115277,1.88410927366158,1,0,"2","2",-2.55074378246791
0.128503137544067,0.931617764612634,-0.756220303455621,1,1,"3","1",-0.14731482245974
0.156210900263225,-0.290717300511006,0.715668301090129,0,0,"2","1",-2.32614426330236
1.89236462199892,-1.00926401091322,-2.4920409757951,1,1,"2","2",-2.2927080625572
0.241593833173492,2.04609505972104,3.11343327927558,1,0,"1","1",0.219352385418302
0.728402447949809,-0.188204652986148,-0.237826039150391,0,1,"2","1",-1.39526001990953
0.720207642845836,0.108111813143479,-0.62797313179044,1,1,"1","3",-3.21552905379798
2.53683982065216,2.91528959759578,-0.0234741942509755,1,1,"3","2",0.0856126840891633
0.681952417057463,0.937934700423343,-0.208603125620196,0,0,"2","1",-0.560485758917302
1.54351787198781,-0.319934486256917,0.694418177235255,1,0,"3","2",-1.84201193078763
-0.914076388706292,2.04465595526788,1.41895958511145,0,1,"1","1",-0.463651461225719
-1.05266380057827,-1.2076783966553,-0.537528170532771,1,0,"3","3",-4.05132167323289
1.19872169164711,-0.0279092030881601,-0.332089206743791,1,0,"3","1",-0.181208772293092
0.783336615514248,-0.864023333423492,-2.48890462104793,0,1,"1","2",-3.55214328666692
-0.947209716260727,-1.4854392763525,-2.41866065063566,1,1,"2","1",-2.64117921153782
0.34882327211816,2.19084792510234,0.858549447940718,1,0,"1","1",-0.0397270623522588
0.233875008974349,0.272466516019831,0.193295090203299,1,1,"2","3",-3.07179057611543
0.389235711583776,0.823977435803869,2.48035244048465,0,0,"1","3",-2.87395386354768
0.0534537707755803,1.27300875336014,-0.523090910062641,1,0,"1","1",-0.885862307526588
-0.0627920679226771,-0.676709001893642,-2.87513294317345,1,0,"3","1",-1.87740195676731
-1.23082383634167,-0.237780243050582,-0.40252319623045,0,1,"3","1",-0.476555597120897
-0.572883803555665,-0.188908008715212,0.698650717323901,1,0,"1","1",-0.829796571060155
-0.926329887591702,0.898441865191872,0.831832155029143,1,0,"2","1",-0.145394462636002
-1.26070409786011,-0.341431270355506,0.124307768568449,1,0,"2","1",-2.16244121173862
-0.0511152685666236,-1.83009346070853,-1.67863669385549,1,1,"3","1",-0.636544681886957
0.703670782457354,-0.638849341946396,-1.27025525288366,0,1,"3","3",-4.30829456812344
-0.227278780060449,-0.587914653742857,1.90898568432904,0,0,"3","1",-1.05831082005705
1.17698370514476,1.05548250404394,0.975235264007418,1,1,"3","1",1.11234611106823
1.23534496142739,0.442192790451318,-1.17335078442153,0,1,"2","2",-2.48384600065135
-2.06598399432141,0.194516118482433,0.115715854478649,1,0,"1","3",-4.39917565328444
-0.294949290985019,-0.416528184370727,0.991973742967159,1,0,"3","3",-3.67315094207727
0.00909926809433127,1.16148395488348,3.76815192242118,0,0,"3","2",-1.55898319957932
0.554709748802264,-0.382762859589304,0.323968047709161,1,0,"1","2",-3.01713701036757
1.27452844387632,0.900585152523961,-0.313447423877972,1,0,"2","1",-1.73008509530114
-1.79139236230139,0.100293273210018,1.92304968610786,0,0,"1","2",-4.02917458142023
1.45931669109671,0.00342555494164712,-0.267649243093832,0,1,"1","3",-3.46383775746638
-1.08635281140725,-0.121028700892966,1.05026091669786,1,0,"1","1",-2.58677727234149
-0.0470937393903267,0.840778700188982,0.665782464214464,0,0,"1","1",-1.61627301721388
-0.320102635732871,-0.50288090070276,-0.534527258740696,0,0,"1","1",-2.25671710391497
-1.80542250101314,0.639860508963966,3.2715094125049,0,0,"3","1",-1.19691492860153
2.42805582354764,2.44182608723284,-0.781620431788458,1,0,"3","2",-0.988780759754224
0.735513129097636,-2.36506801481893,-1.05168127772076,1,1,"3","3",-2.70672837119296
-1.30441851444912,0.813331277327807,2.27834993284574,0,0,"2","2",-2.89942699822852
0.391958474916289,0.142426138842867,-1.85783008935556,1,1,"1","3",-3.58576100334256
-0.69347038064544,-0.710773888787003,1.4088849595193,1,1,"1","1",-0.710347841995637
0.286825229320724,0.132074734107909,1.56461033578779,0,0,"1","3",-3.06191775782737
0.20677624137548,2.2640417433307,2.43356871336195,0,1,"1","1",0.160800625739722
-0.972631853528661,2.21562308014566,3.19370415619354,1,0,"1","1",-0.192125973350803
-0.395700567689435,-1.54269802577833,-0.275012434770862,0,0,"3","3",-4.76142189732863
-0.343984514077054,1.12447732954472,0.863099374149046,1,0,"2","1",-0.900769828690816
0.216047406964853,3.17112283220445,0.655137511281348,1,0,"3","1",0.986627717583024
-2.54065470704159,-2.38537963028733,-2.26515431476523,0,1,"1","3",-5.11769063988223
-0.0562011588953012,-0.793259497670195,-2.20639028813279,0,1,"1","1",-1.74851370119119
0.84058206633438,-1.20619817779688,-0.604961588332799,0,0,"2","1",-2.22803326707858
0.220015787142618,0.0927552941020514,1.18404435605118,1,1,"2","1",0.251341286634778
0.648485791610464,0.816959107886479,0.00633148331863528,1,0,"3","3",-2.68156369303848
0.0540704977746639,-0.397585922098867,-0.85640950356129,0,0,"2","2",-3.4538777627564
-0.170630407669754,-0.0105862921232387,1.08660154912535,0,0,"1","3",-3.75888303512069
-0.868752991769402,0.809281597365933,0.782440680895994,1,0,"3","1",-2.13618084321953
1.681568932222,2.11812294386475,0.979180556767108,1,0,"1","3",-2.69331125771091
-1.45490950557139,0.883943102011203,0.511221607373194,0,0,"2","3",-4.77505376409232
-0.553311556838358,0.346299630454542,0.212929294349006,1,1,"1","1",-2.00726458734545
-0.371202251108122,0.47844188623619,-3.23262086782152,1,1,"1","1",-1.33013199321344
0.603346297894326,-0.424023995303617,0.569350044738172,0,1,"3","1",-0.364311761465189
-0.30556891770386,-0.935907597498309,0.151600755997237,1,0,"3","1",-0.979141483284299
1.74422249609875,2.59933412473784,-0.0343075252798146,0,0,"1","1",-0.598221374886548
-0.243304238870911,-1.621233253796,-1.52325751166153,0,1,"2","3",-3.87901322526243
1.50970284856866,-0.135239999980064,0.000508052296931072,1,1,"1","2",-1.18762302725414
-1.89143039436047,0.835537279335888,1.60482101495617,1,0,"1","1",-1.2397596682418
0.0299449388762963,-1.26703221181907,-0.96161897119861,0,0,"3","1",-1.92585121084086
0.465349413394295,0.200460024463645,-1.02250700756057,1,0,"3","1",-1.67031679669476
0.193934136159253,-1.04008937378504,0.543164906094844,0,0,"3","1",-0.82872016936042
-2.66101074718165,2.09273468414527,0.91012053889495,1,0,"3","1",-2.26456336104519
-0.457770671196462,-0.938495770645659,1.52584633537476,1,0,"2","3",-3.27684470622332
0.931322426996346,1.80464984152838,-0.0579538949785893,0,1,"2","1",-0.561778747446671
-0.122195987176898,-1.04844892578042,0.858022079395583,1,1,"3","1",-0.0862625097026193
0.351704441134285,0.935727026014026,0.420587581230067,1,0,"3","1",-1.15717209714218
-0.703843237891,-2.40296051580237,-0.0231863831619235,0,1,"1","2",-3.69206736739831
1.08010616376006,-3.06061088635056,-3.07291607971081,0,0,"1","2",-4.45674961371419
-1.94360223834859,-0.863688260978454,2.0799862141971,0,1,"2","1",-2.3895280934534
-0.0384168717261257,-0.487096443490992,2.49520524771255,1,0,"3","1",-0.243485970264458
-1.33214303064123,0.361781564918823,0.0911450187400202,1,0,"3","1",-1.05508414737534
0.451396431591658,0.380545701911616,0.140956800194888,1,0,"2","1",0.664949001629374
-0.717761111927163,0.744319427028209,1.49505552635603,1,0,"3","1",-1.34258447685744
-0.263010680971753,-0.542608112535928,-1.89842053370864,1,1,"1","1",-0.796156932461853
-0.87047631341596,0.457141559623862,2.15774848379196,1,0,"1","1",-2.22422913885142
-1.40184508538282,-0.388389596365855,-0.271127917622546,1,0,"1","1",-1.34295748015381
-2.44152277775334,-1.04880256131655,3.00470989843884,1,0,"1","3",-4.56299590811194
1.2797109760764,-1.06702198656515,-1.74811549323762,0,0,"2","3",-3.09923006995974
0.547675813868887,-1.66452398285504,-1.06008074730947,1,0,"1","1",-1.32844845169078
-1.35464110931239,-1.11192793244171,-0.170554000377478,1,1,"2","3",-4.51149214509309
-1.37440665867934,0.342386264497262,1.34650754785643,1,0,"2","3",-3.23976120210007
2.20955581090083,-1.96813857814595,-2.60805968111654,1,0,"2","2",-1.95738443377907
1.30935581935764,0.306237449191187,-0.634852027647732,1,0,"1","3",-3.0337698927608
0.695908707355589,-0.0452261498232993,-1.82649526409255,1,0,"1","2",-2.78009133992506
-0.356604658817063,0.171666358467349,-0.583322788332177,1,0,"1","1",-1.32063245797716
-1.72255216677565,-0.370860229329873,0.123031185300099,1,0,"3","1",0.146194493064635
0.802578952394922,2.37746796591498,1.50309164388034,1,0,"1","3",-2.69058818438461
0.449859463325871,-0.00731823652382488,1.65768970112548,1,0,"3","3",-3.11776740054107
0.729970292473726,-1.71943276111773,-2.20992995853593,0,1,"1","1",-2.05626914620214
0.576366607967383,0.843647541280532,1.25171009322746,1,0,"1","1",-0.184278309234529
-0.338708460346528,-0.496987493207507,2.47915548055972,1,1,"2","1",-0.784517058437081
0.396786892140426,0.683063015890451,-0.512756926830656,0,1,"3","1",-1.10166324909145
0.938823050661068,-0.114074064919334,0.248726986765283,1,0,"2","1",-1.41272825281139
0.706788841212736,2.32098515802699,2.38970831113545,1,0,"1","1",0.132314238095811
-0.526996124267687,0.430600497012004,0.239218175367422,1,0,"2","3",-4.17242370729952
2.09035589972339,2.0513779075496,0.889573369440266,1,1,"2","3",-1.75452257763047
-0.307777676078005,-0.906357791664589,-1.27444299453311,1,1,"3","3",-2.6588388149077
0.269774271605425,2.1293020476918,-0.454976401253936,1,0,"1","1",-1.71880758871191
-0.444553057304543,-0.885282290397202,-2.27331553565513,1,0,"2","3",-4.05763622297342
-0.329890203392532,-2.6251050089626,-2.88289596988032,0,1,"2","2",-4.48477199616198
1.934918004068,1.61587939206198,0.686183785454848,1,1,"3","2",-0.560765156402469
-1.3891199616236,1.66980563380094,1.81936962875585,1,0,"3","2",-2.69768997025106
1.25530266274546,-0.762886652840966,-2.66418487802076,1,0,"2","1",-1.29360072946339
-0.350316208998024,2.28438602904421,3.76881219887196,1,0,"1","3",-2.59448864355618
-0.158626095986951,-0.595474643650079,0.394650814723118,1,0,"1","1",-1.85037135484405
-0.404137362403986,1.11485359946633,0.744245344534853,1,0,"1","1",-1.50754242084272
0.547924226443184,-1.12492919050001,-3.03586734390247,0,0,"1","2",-3.79540560535274
0.812609907892115,0.722285379038354,-0.418104473715249,0,0,"3","3",-3.956136564025
-0.676348231894825,-2.40649694340452,-2.03858115224109,1,0,"3","3",-3.60838072646604
0.0794435152749512,-1.22207961393144,-0.716449768226446,0,0,"1","1",-3.35391535947243
0.915638292022363,-0.615579151998522,-0.613201792724986,1,0,"1","3",-3.18810073767791
-1.30131120354188,-2.82562515278947,-1.12837903973072,1,0,"2","2",-4.82218144193128
-0.370278933581469,-1.7417424287059,-1.96290078729713,1,0,"1","2",-4.3496809780506
1.44707531874486,1.38206358311273,1.3130515885725,1,0,"2","2",-0.969002376967984
-0.70720851409624,-1.31537978257786,-1.12886146298019,1,0,"2","1",-2.48384353251311
0.360229702105967,-2.72233560050856,0.288387436741156,0,0,"3","1",-1.26946643912103
1.3873474676341,0.379515371411278,-1.86418751065355,1,0,"3","3",-3.19165687637344
0.403226096857787,-1.22504795477305,-0.29300246838537,1,0,"2","2",-3.1491504660348
-0.190218647865949,1.60311351519826,0.640204057734096,1,0,"2","3",-3.89135292639427
-0.284490848705625,-1.6284533039999,-0.622727518248463,1,1,"3","3",-3.1719647400735
0.126353379957036,0.986184295497318,0.207609130895322,1,1,"1","1",-0.35595013403098
1.93054161729669,0.528063198686371,-1.00114158247926,0,0,"3","2",-2.56650059051719
1.03406131472855,-3.92008160300911,-3.33678606744289,1,1,"3","2",-4.35938266039313
-3.22878796391529,-1.75541181045464,0.670393607383654,0,0,"3","1",-2.60767536282557
0.572493004310006,0.765808679169167,1.44476665092367,1,1,"3","1",0.559158782180354
-0.135525972976741,-0.274427720224058,2.32797423261023,1,0,"1","1",-0.759700449231772
0.493242191856396,1.45862684283753,-0.543444532753118,1,0,"3","3",-2.94899923424467
-0.94290196563318,-1.87379705345257,-0.94502510541329,0,0,"1","3",-5.42608872686856
0.0907972448304595,0.540731249282511,-0.903746067812479,1,1,"2","2",-2.53961742377671
0.824252765663238,0.657175137796165,0.39587987175816,1,0,"2","1",-0.450786835086797
1.17855606227709,0.578923306776721,0.0142980436392422,1,1,"2","2",-1.11091246710641
0.524322973167276,0.618075906302988,-0.724729200695763,1,1,"2","2",-4.05456612664145
0.0246676043771457,-1.16218528288409,0.232819842332627,1,1,"3","1",-0.798987093608272
0.341798459880575,-1.14831334273884,-2.60419701206459,1,0,"3","2",-3.7331624232453
-1.75164563718545,1.48705687665818,1.91297816718044,1,0,"1","2",-3.26464866036231
-0.41924508985685,2.79890732620301,3.21396622118841,0,0,"1","1",0.818028256257044
0.843094334970845,1.7927728991614,1.1176152986668,1,1,"2","1",0.604826607157803
-1.29681299189442,-1.13565723403458,-1.42560830028946,1,0,"3","2",-4.20356020855625
-0.0730246998265913,2.22538871208473,0.80101388765945,1,0,"1","3",-2.71175122267696
0.688827614585059,-0.378480997456886,-1.91183005830509,1,1,"3","2",-2.77945251917528
-1.05287766510099,0.998259697689405,0.242121307267719,1,0,"3","1",-0.316622560061036
1.50158034552088,1.12447257381395,1.57714892330863,1,0,"1","1",1.1193181978624
0.118585656494588,0.318023452189065,-1.05084820176181,1,1,"3","1",0.460402275520903
0.738393458195665,-0.527679923487975,1.24349401115313,0,0,"1","2",-2.27221389097852
-0.563253415788686,1.69805490935444,-0.0264926772303349,0,1,"3","1",-0.0157552442844894
-0.212964534130147,0.70252555611304,0.211519704078316,0,0,"2","2",-3.09498482715949
-1.39244458974327,-2.75306445363119,0.489057191103043,0,0,"2","3",-4.88652141096908
-0.791661217851524,1.0629654388442,1.4764668048465,1,1,"1","2",-2.53782146657989
-2.00713098631178,1.21279441602808,2.46759506500043,0,1,"3","1",-1.3736974914795
-0.59483295233998,-0.421206002194978,-1.2249446119705,0,0,"1","1",-2.51121861520383
0.567471787926123,0.934820354284509,1.44378300022762,1,0,"1","2",-1.85432943160619
-0.525375256871811,1.09919867886892,3.44952839520619,1,0,"1","1",0.188190832026401
0.489910805585129,0.642955849615044,0.684352162675113,1,1,"3","3",-1.72315543866297
-1.42961435299524,0.0814191025623941,1.34712472696225,0,1,"1","1",-2.27326058447132
0.898652475429857,1.9486578403622,1.11235351922979,1,0,"1","2",-2.38558375794515
-0.114393143909038,-2.43758168255779,-1.5035168923256,0,0,"3","1",-2.10730016564333
0.307447666902779,0.790073736719787,0.796858572903678,0,1,"2","2",-2.32443362359073
-0.606891407603905,1.08049587802829,1.3160482897056,0,0,"2","3",-3.61764591174614
0.445508572328445,0.530743841803122,0.929281623037353,1,0,"3","2",-2.26597902528905
0.897393138248069,0.251942113426502,-0.0109059589481314,0,0,"3","1",-1.05597312295126
0.254498475352765,1.20209441415163,0.228063003599228,1,1,"1","2",-2.79914889690296
1.05428969351615,1.12986730303929,0.144912279349391,0,1,"2","1",0.165984589984043
0.223828529835861,-0.502098701005048,1.78156620275969,1,1,"2","1",0.0196605201685283
0.240679924161674,0.865646162356406,-1.94617685256305,0,1,"2","1",-1.44612519309077
-0.507312495172,2.18697562466801,1.29264958977638,1,1,"1","3",-3.29408754268907
-0.202380311046512,1.95259318180078,1.31152715853146,0,0,"1","1",-1.40315929752213
-1.25437288789692,-1.56323924651078,1.45212496056938,1,0,"1","1",-1.64913215053681
0.856159811812902,-0.494840601810156,0.179604538502883,1,0,"2","2",-2.71918536085674
-1.42353542446415,-0.327957529909948,1.05862713063428,1,0,"1","1",-1.16729604924579
0.102046288667915,2.32128859152176,2.38971388188801,1,0,"3","1",-0.0866655373775971
-0.585296136035777,0.0756204017219197,-0.33111164829628,1,1,"2","1",-1.00702380239634
1.23085827918493,1.40019964622908,1.84139033422005,1,0,"1","1",0.0870882734355929
-0.54545293304905,-2.52054693159038,-0.937719127896793,1,0,"2","1",-0.993193131910129
-0.596275315840025,-2.66197411060675,-0.296174471633332,1,0,"3","1",-0.93014268328791
1.59860359057502,1.20951771828411,0.859464904816117,1,1,"2","3",-1.4115266085638
1.32851841531161,1.83791667268368,-2.05679677607669,1,1,"2","3",-2.4235425231706
0.67942602574914,0.115878309917945,-0.222250447292282,0,1,"3","1",-0.382163090687227
0.279473578958785,-0.191056829358079,-3.85966249811147,1,1,"1","2",-3.82734525901361
0.34097122380909,-2.69240631646835,-3.04652831980579,0,1,"2","1",-2.21493521211589
0.54065404550604,-0.760939980513936,-2.19646572071442,0,0,"1","3",-4.14525491033393
-0.388597434361056,-0.222417878639127,3.1521098952136,1,0,"2","1",-1.43122795201875
-1.18730258280559,0.321890574238522,-3.95329427604164,0,1,"1","1",-3.49547139495494
0.991598346130095,1.20386646390988,0.786737528355542,1,1,"1","3",-2.64695430233913
-0.265325256329998,0.852722775672526,3.77684117441062,1,0,"1","1",-1.25075948301541
-0.737695362216725,0.23689847990208,-0.705557394473922,0,1,"2","1",-1.66624972186666
-0.997214738653414,1.0132382938855,-0.497192122669619,1,1,"2","3",-2.83940167632481
-1.00751986833464,-1.32645610274042,1.10056027217144,1,0,"3","1",-0.881848599856884
1.13721786008751,0.429086672697411,-0.956353244854673,1,0,"3","1",-1.73218757639058
0.0247228559256168,0.61427465300448,-0.802091222646665,1,0,"3","1",-0.587019374802237
-0.422421178620036,0.793584963333813,0.509087414454352,1,1,"3","3",-2.57813158587678
-0.625306145538674,1.32701146027289,0.110409538636031,1,0,"3","3",-3.4811809044897
-1.54626368394586,0.781122415239981,2.63757402142946,1,0,"1","3",-3.32686812791269
1.62727524347555,0.0648154810439407,0.41083402848361,1,0,"3","2",-2.78158407647482
-0.150243491503702,-0.0124958870278324,0.673259722532671,1,0,"2","2",-2.0107646294539
0.145879618956427,1.51057419063082,-0.777698397043834,1,0,"2","1",-1.02485360157737
-0.251703416184004,-1.62738951023829,-1.40121341954369,0,0,"2","3",-4.64493406650969
0.837372803840867,0.620567644037245,0.707876608321218,1,0,"1","2",-3.21070849584773
-0.521871857467837,-2.08966551029114,-2.30362505907293,1,0,"3","1",-1.91941363800948
-0.186562155874181,-1.10905215438837,-0.253755522999427,0,1,"3","1",-0.740738835867951
-1.74852873849781,-0.928286045561457,-1.0309608682951,1,0,"2","1",-2.80118368969573
-0.269055657189365,0.443091518879546,0.221574044098635,1,1,"3","2",-2.4426702059659
1.02403298878126,0.872789829806007,-1.50884203796532,1,1,"1","1",-0.979748198789453
-0.362280236995912,-1.28251125649288,0.152611827696317,0,1,"3","1",-1.12851446597128
-0.494256476128257,1.30684300520618,1.22731794665327,0,0,"1","2",-3.57966068231995
-1.20357479891811,0.348263208293092,1.99842914594671,0,0,"2","1",-1.95712769881966
-0.689069477189566,-0.137457854132746,3.16891382702951,1,0,"3","1",0.226882438234063
1.03956142870409,2.01295713842398,-0.931113042402414,1,0,"2","2",-2.88486256237846
0.377864719767918,-0.988705081394915,0.686949661715034,1,0,"2","1",-1.4710284399073
-1.14812321338613,-0.101196587293227,1.5068863703522,0,0,"1","1",-2.20760886460108
0.0355279524558681,0.125901897185011,-2.04539316880155,1,1,"3","1",-1.65873305325629
0.96283193937971,3.57574501601392,0.502261224615728,1,0,"2","1",-0.254475565482373
-0.82284760717772,-0.591781283024837,-0.150390427777429,0,0,"3","1",-0.248387386672094
-0.127229174921928,1.7961540590608,-0.603038536640551,0,1,"3","1",-0.153718515901634
-1.35191512141901,-0.00515573962632293,0.983494225915293,1,0,"3","1",-0.815987761400832
-0.265665601470533,-2.41750224801736,1.12721078473662,0,0,"1","1",-2.89420568701228
1.09504994443719,0.946421677815629,1.23349886405458,0,0,"2","2",-1.90510398479843
0.780605692356217,1.38470096370666,-0.2564896458545,0,1,"1","3",-3.47236755319151
2.11950565455584,0.735108797103694,-0.446924313654251,1,0,"1","2",-3.25684227455222
-1.50942632391379,0.526230338391043,-2.18415890673243,1,0,"2","1",-2.26015749096599
0.378671615160031,0.07337697654227,-0.32943000690464,0,0,"3","1",-0.78849747463301
0.336566080059372,-1.70390829066434,-1.56575277852792,1,0,"2","3",-4.51932375915379
-0.544165787755506,0.0590092907601997,2.14202588495279,1,0,"2","1",-0.742674504261711
0.05161110216244,-1.10427303939055,-0.512695131336259,1,0,"2","2",-3.707782091595
-0.428320538278538,-0.251414038096182,-4.00822878482078,0,1,"3","1",-2.15168636496847
-0.35193838257241,0.138407967854688,1.02153873746857,1,0,"1","1",-1.91117398993186
-1.84300927001266,-2.44934746747351,-1.06646112566571,1,1,"3","1",-2.83596454447882
0.090464962278397,1.35593253012393,-0.0385520840053838,0,1,"1","3",-4.16123642140224
-0.565338893731339,-0.588985697990804,-1.13639453058423,1,0,"2","1",-1.85578005542357
0.285885607518061,-1.59170730433588,0.0351086232821715,0,0,"2","2",-4.03258382538711
0.754065105191456,-0.246847989264844,-0.411130001603695,1,1,"1","1",-0.34368903273814
0.360590412411059,0.618859362762699,-0.663907414163119,0,0,"2","2",-3.12878326872842
-0.440192721673411,-1.43396018229442,0.00320572471441272,1,1,"1","1",0.442047758235762
-0.324789580193163,-1.29154523385319,-2.28285847944108,0,0,"1","1",-3.66403946884866
1.50864288703398,-0.422648609679335,0.442739456801309,1,0,"3","1",0.739646389564857
0.699887285230321,0.538609638626949,0.337994919668658,0,1,"2","1",-0.61097713168435
-1.2339231411496,0.199540228643127,0.685443790329274,0,0,"1","1",-2.19307351029334
-1.06604494089971,1.72393974374724,1.39045809486017,1,0,"3","1",-0.180432022566055
1.41878751746579,0.145858019071572,-1.45785685077646,0,0,"1","1",-1.8918307673659
0.671963162538804,2.63608740905521,2.10505113365833,1,0,"3","2",-1.67866419664634
0.480109811085534,3.10660845553132,0.249332318405109,1,0,"1","1",-0.297409423279939
-0.162707766737723,1.57667366480234,0.732079308015148,1,0,"3","1",0.261774706242602
-0.969510290788286,0.347889698820572,-0.120112753203214,1,0,"2","2",-3.38304269364439
0.320502594213409,-0.360257589160665,-0.0405846508510906,0,1,"3","2",-2.74552119129532
-2.08934171157525,0.697680721227426,2.21127581916971,0,0,"3","3",-3.91724522080153
-0.921894207932969,1.96561275008312,1.76493009769538,1,1,"3","1",-0.756757634305714
-0.587376126113087,-0.914125604166811,0.79657420150137,1,0,"1","1",-1.64210340865663
-0.212952842041091,-0.13893589243522,0.836893058569662,0,1,"2","3",-3.02962560067071
1.19205913586365,-0.202461225394643,0.225499384449662,0,0,"1","1",-0.857278566030252
-0.756488999481384,-1.15459870801638,0.73522370644279,0,0,"2","3",-4.24129923331118
-0.274597002066865,0.58453029481188,-0.87260073882119,0,1,"1","2",-3.55353542651629
0.0483133842215037,-0.925570156616683,-2.99697612102304,1,0,"3","3",-3.99615008984163
-1.45743450793603,0.451161782905604,0.377222272863688,0,0,"2","1",-1.71989735096677
-0.43533340564526,-1.80674689571663,-0.291356605961191,0,0,"3","1",-1.78187382862659
-1.61485855833319,0.401636833825437,-0.201816214209586,1,0,"2","1",-1.69680623279546
1.57360192894862,0.0890568351852091,-0.337273753554984,1,0,"2","1",-0.237861777128751
-1.92139464049323,-0.0862959322118645,1.32879429535035,1,0,"1","1",-2.12206385051033
-1.64095625186455,2.1467352101635,-1.26909435011551,1,0,"2","1",-1.44291291078627
-0.343065336210054,0.678868774432739,-0.848824089028157,1,0,"2","1",-1.27845578346272
-0.0177907261722916,0.70666537030656,0.024376331937574,1,0,"2","2",-3.49985338947263
-0.883882825404172,-0.577626494343903,-0.0465179777811182,1,1,"3","3",-3.82258600858238
0.469408685663794,0.100515443990641,0.36434681579017,1,1,"1","3",-3.32538992463516
0.160459198770319,0.342809772129796,-0.172478141869949,1,1,"3","3",-1.96333777847467
